:0200000400807A
:1000000010108000EC138000EC138000EC138000D3
:10001000EC138000EC138000EC138000EC138000E4
:10002000EC138000EC138000EC138000EC138000D4
:10003000EC138000EC138000EC138000EC138000C4
:10004000EC138000EC138000EC138000EC138000B4
:10005000EC138000EC138000EC138000EC138000A4
:10006000EC138000EC138000EC138000EC13800094
:10007000EC138000EC138000EC138000EC13800084
:10008000EC138000EC138000EC138000EC13800074
:10009000EC138000EC138000EC138000EC13800064
:1000A000EC138000EC138000EC138000EC13800054
:1000B000EC138000EC138000EC138000EC13800044
:1000C000EC138000EC138000EC138000EC13800034
:1000D000EC1380003C138000EC138000EC138000D4
:1000E000EC138000A0138000EC138000EC13800060
:1000F000EC138000EC138000EC138000EC13800004
:10010000EC138000EC138000EC138000EC138000F3
:10011000EC138000EC138000EC138000EC138000E3
:10012000EC138000EC138000EC138000EC138000D3
:10013000EC138000EC138000EC138000EC138000C3
:10014000EC138000EC138000EC138000EC138000B3
:10015000EC138000EC138000EC138000EC138000A3
:10016000EC138000EC138000EC138000EC13800093
:10017000EC138000EC138000EC138000EC13800083
:10018000EC138000EC138000EC138000EC13800073
:10019000EC138000EC138000EC138000EC13800063
:1001A000EC138000EC138000EC138000EC13800053
:1001B000EC138000EC138000EC138000EC13800043
:1001C000EC138000EC138000EC138000EC13800033
:1001D000EC138000EC138000EC138000EC13800023
:1001E000EC138000EC138000EC138000EC13800013
:1001F000EC138000EC138000EC138000EC13800003
:10020000EC138000EC138000EC138000EC138000F2
:10021000EC138000EC138000EC138000EC138000E2
:10022000EC138000EC138000EC138000EC138000D2
:10023000EC138000EC138000EC138000EC138000C2
:10024000EC138000EC138000EC138000EC138000B2
:10025000EC138000EC138000EC138000EC138000A2
:10026000EC138000EC138000EC138000EC13800092
:10027000EC138000EC138000EC138000EC13800082
:10028000EC138000D8108000EC138000EC13800089
:10029000EC138000EC138000EC138000EC13800062
:1002A000EC138000EC138000EC138000EC13800052
:1002B000EC138000EC138000EC138000EC13800042
:1002C000EC138000EC138000EC138000EC13800032
:1002D000EC138000EC138000EC138000EC13800022
:1002E000EC138000EC138000EC138000EC13800012
:1002F000EC138000EC138000EC138000EC13800002
:10030000EC138000EC138000EC138000EC138000F1
:10031000EC138000EC138000EC138000EC138000E1
:10032000EC138000EC138000EC138000EC138000D1
:10033000EC138000EC138000EC138000EC138000C1
:10034000EC138000EC138000EC138000EC138000B1
:10035000EC138000EC138000EC138000EC138000A1
:10036000EC138000EC138000EC138000EC13800091
:10037000EC138000EC138000EC138000EC13800081
:10038000EC138000EC138000EC138000EC13800071
:10039000EC138000EC138000EC138000EC13800061
:1003A000EC138000EC138000EC138000EC13800051
:1003B000EC138000EC138000EC138000EC13800041
:1003C000EC138000EC138000EC138000EC13800031
:1003D000EC138000EC138000EC138000EC13800021
:1003E000EC138000EC138000EC138000EC13800011
:1003F000EC138000EC138000EC138000EC13800001
:10040000EC138000EC138000EC138000EC138000F0
:10041000EC138000EC138000EC138000EC138000E0
:10042000EC138000EC138000EC138000EC138000D0
:10043000EC138000EC138000EC138000EC138000C0
:10044000EC138000EC138000EC138000EC138000B0
:10045000EC138000EC138000EC138000EC138000A0
:10046000EC138000EC138000EC138000EC13800090
:10047000EC138000EC138000EC138000EC13800080
:10048000FFFFFFFFFFFFFFFFFFFFFFFFFFFFFFFF7C
:10049000FFFFFFFFFFFFFFFFFFFFFFFFFFFFFFFF6C
:1004A000FFFFFFFFFFFFFFFFFFFFFFFFFFFFFFFF5C
:1004B000FFFFFFFFFFFFFFFFFFFFFFFFFFFFFFFF4C
:1004C000FFFFFFFFFFFFFFFFFFFFFFFFFFFFFFFF3C
:1004D000FFFFFFFFFFFFFFFFFFFFFFFFFFFFFFFF2C
:1004E000FFFFFFFFFFFFFFFFFFFFFFFFFFFFFFFF1C
:1004F000FFFFFFFFFFFFFFFFFFFFFFFFFFFFFFFF0C
:10050000FFFFFFFFFFFFFFFFFFFFFFFFFFFFFFFFFB
:10051000FFFFFFFFFFFFFFFFFFFFFFFFFFFFFFFFEB
:10052000FFFFFFFFFFFFFFFFFFFFFFFFFFFFFFFFDB
:10053000FFFFFFFFFFFFFFFFFFFFFFFFFFFFFFFFCB
:10054000FFFFFFFFFFFFFFFFFFFFFFFFFFFFFFFFBB
:10055000FFFFFFFFFFFFFFFFFFFFFFFFFFFFFFFFAB
:10056000FFFFFFFFFFFFFFFFFFFFFFFFFFFFFFFF9B
:10057000FFFFFFFFFFFFFFFFFFFFFFFFFFFFFFFF8B
:10058000FFFFFFFFFFFFFFFFFFFFFFFFFFFFFFFF7B
:10059000FFFFFFFFFFFFFFFFFFFFFFFFFFFFFFFF6B
:1005A000FFFFFFFFFFFFFFFFFFFFFFFFFFFFFFFF5B
:1005B000FFFFFFFFFFFFFFFFFFFFFFFFFFFFFFFF4B
:1005C000FFFFFFFFFFFFFFFFFFFFFFFFFFFFFFFF3B
:1005D000FFFFFFFFFFFFFFFFFFFFFFFFFFFFFFFF2B
:1005E000FFFFFFFFFFFFFFFFFFFFFFFFFFFFFFFF1B
:1005F000FFFFFFFFFFFFFFFFFFFFFFFFFFFFFFFF0B
:10060000FFFFFFFFFFFFFFFFFFFFFFFFFFFFFFFFFA
:10061000FFFFFFFFFFFFFFFFFFFFFFFFFFFFFFFFEA
:10062000FFFFFFFFFFFFFFFFFFFFFFFFFFFFFFFFDA
:10063000FFFFFFFFFFFFFFFFFFFFFFFFFFFFFFFFCA
:10064000FFFFFFFFFFFFFFFFFFFFFFFFFFFFFFFFBA
:10065000FFFFFFFFFFFFFFFFFFFFFFFFFFFFFFFFAA
:10066000FFFFFFFFFFFFFFFFFFFFFFFFFFFFFFFF9A
:10067000FFFFFFFFFFFFFFFFFFFFFFFFFFFFFFFF8A
:10068000FFFFFFFFFFFFFFFFFFFFFFFFFFFFFFFF7A
:10069000FFFFFFFFFFFFFFFFFFFFFFFFFFFFFFFF6A
:1006A000FFFFFFFFFFFFFFFFFFFFFFFFFFFFFFFF5A
:1006B000FFFFFFFFFFFFFFFFFFFFFFFFFFFFFFFF4A
:1006C000FFFFFFFFFFFFFFFFFFFFFFFFFFFFFFFF3A
:1006D000FFFFFFFFFFFFFFFFFFFFFFFFFFFFFFFF2A
:1006E000FFFFFFFFFFFFFFFFFFFFFFFFFFFFFFFF1A
:1006F000FFFFFFFFFFFFFFFFFFFFFFFFFFFFFFFF0A
:10070000FFFFFFFFFFFFFFFFFFFFFFFFFFFFFFFFF9
:10071000FFFFFFFFFFFFFFFFFFFFFFFFFFFFFFFFE9
:10072000FFFFFFFFFFFFFFFFFFFFFFFFFFFFFFFFD9
:10073000FFFFFFFFFFFFFFFFFFFFFFFFFFFFFFFFC9
:10074000FFFFFFFFFFFFFFFFFFFFFFFFFFFFFFFFB9
:10075000FFFFFFFFFFFFFFFFFFFFFFFFFFFFFFFFA9
:10076000FFFFFFFFFFFFFFFFFFFFFFFFFFFFFFFF99
:10077000FFFFFFFFFFFFFFFFFFFFFFFFFFFFFFFF89
:10078000FFFFFFFFFFFFFFFFFFFFFFFFFFFFFFFF79
:10079000FFFFFFFFFFFFFFFFFFFFFFFFFFFFFFFF69
:1007A000FFFFFFFFFFFFFFFFFFFFFFFFFFFFFFFF59
:1007B000FFFFFFFFFFFFFFFFFFFFFFFFFFFFFFFF49
:1007C000FFFFFFFFFFFFFFFFFFFFFFFFFFFFFFFF39
:1007D000FFFFFFFFFFFFFFFFFFFFFFFFFFFFFFFF29
:1007E000FFFFFFFFFFFFFFFFFFFFFFFFFFFFFFFF19
:1007F000FFFFFFFFFFFFFFFFFFFFFFFFFFFFFFFF09
:10080000FFFFFFFFFFFFFFFFFFFFFFFFFFFFFFFFF8
:10081000FFFFFFFFFFFFFFFFFFFFFFFFFFFFFFFFE8
:10082000FFFFFFFFFFFFFFFFFFFFFFFFFFFFFFFFD8
:10083000FFFFFFFFFFFFFFFFFFFFFFFFFFFFFFFFC8
:10084000FFFFFFFFFFFFFFFFFFFFFFFFFFFFFFFFB8
:10085000FFFFFFFFFFFFFFFFFFFFFFFFFFFFFFFFA8
:10086000FFFFFFFFFFFFFFFFFFFFFFFFFFFFFFFF98
:10087000FFFFFFFFFFFFFFFFFFFFFFFFFFFFFFFF88
:10088000FFFFFFFFFFFFFFFFFFFFFFFFFFFFFFFF78
:10089000FFFFFFFFFFFFFFFFFFFFFFFFFFFFFFFF68
:1008A000FFFFFFFFFFFFFFFFFFFFFFFFFFFFFFFF58
:1008B000FFFFFFFFFFFFFFFFFFFFFFFFFFFFFFFF48
:1008C000FFFFFFFFFFFFFFFFFFFFFFFFFFFFFFFF38
:1008D000FFFFFFFFFFFFFFFFFFFFFFFFFFFFFFFF28
:1008E000FFFFFFFFFFFFFFFFFFFFFFFFFFFFFFFF18
:1008F000FFFFFFFFFFFFFFFFFFFFFFFFFFFFFFFF08
:10090000FFFFFFFFFFFFFFFFFFFFFFFFFFFFFFFFF7
:10091000FFFFFFFFFFFFFFFFFFFFFFFFFFFFFFFFE7
:10092000FFFFFFFFFFFFFFFFFFFFFFFFFFFFFFFFD7
:10093000FFFFFFFFFFFFFFFFFFFFFFFFFFFFFFFFC7
:10094000FFFFFFFFFFFFFFFFFFFFFFFFFFFFFFFFB7
:10095000FFFFFFFFFFFFFFFFFFFFFFFFFFFFFFFFA7
:10096000FFFFFFFFFFFFFFFFFFFFFFFFFFFFFFFF97
:10097000FFFFFFFFFFFFFFFFFFFFFFFFFFFFFFFF87
:10098000FFFFFFFFFFFFFFFFFFFFFFFFFFFFFFFF77
:10099000FFFFFFFFFFFFFFFFFFFFFFFFFFFFFFFF67
:1009A000FFFFFFFFFFFFFFFFFFFFFFFFFFFFFFFF57
:1009B000FFFFFFFFFFFFFFFFFFFFFFFFFFFFFFFF47
:1009C000FFFFFFFFFFFFFFFFFFFFFFFFFFFFFFFF37
:1009D000FFFFFFFFFFFFFFFFFFFFFFFFFFFFFFFF27
:1009E000FFFFFFFFFFFFFFFFFFFFFFFFFFFFFFFF17
:1009F000FFFFFFFFFFFFFFFFFFFFFFFFFFFFFFFF07
:100A0000FFFFFFFFFFFFFFFFFFFFFFFFFFFFFFFFF6
:100A1000FFFFFFFFFFFFFFFFFFFFFFFFFFFFFFFFE6
:100A2000FFFFFFFFFFFFFFFFFFFFFFFFFFFFFFFFD6
:100A3000FFFFFFFFFFFFFFFFFFFFFFFFFFFFFFFFC6
:100A4000FFFFFFFFFFFFFFFFFFFFFFFFFFFFFFFFB6
:100A5000FFFFFFFFFFFFFFFFFFFFFFFFFFFFFFFFA6
:100A6000FFFFFFFFFFFFFFFFFFFFFFFFFFFFFFFF96
:100A7000FFFFFFFFFFFFFFFFFFFFFFFFFFFFFFFF86
:100A8000FFFFFFFFFFFFFFFFFFFFFFFFFFFFFFFF76
:100A9000FFFFFFFFFFFFFFFFFFFFFFFFFFFFFFFF66
:100AA000FFFFFFFFFFFFFFFFFFFFFFFFFFFFFFFF56
:100AB000FFFFFFFFFFFFFFFFFFFFFFFFFFFFFFFF46
:100AC000FFFFFFFFFFFFFFFFFFFFFFFFFFFFFFFF36
:100AD000FFFFFFFFFFFFFFFFFFFFFFFFFFFFFFFF26
:100AE000FFFFFFFFFFFFFFFFFFFFFFFFFFFFFFFF16
:100AF000FFFFFFFFFFFFFFFFFFFFFFFFFFFFFFFF06
:100B0000FFFFFFFFFFFFFFFFFFFFFFFFFFFFFFFFF5
:100B1000FFFFFFFFFFFFFFFFFFFFFFFFFFFFFFFFE5
:100B2000FFFFFFFFFFFFFFFFFFFFFFFFFFFFFFFFD5
:100B3000FFFFFFFFFFFFFFFFFFFFFFFFFFFFFFFFC5
:100B4000FFFFFFFFFFFFFFFFFFFFFFFFFFFFFFFFB5
:100B5000FFFFFFFFFFFFFFFFFFFFFFFFFFFFFFFFA5
:100B6000FFFFFFFFFFFFFFFFFFFFFFFFFFFFFFFF95
:100B7000FFFFFFFFFFFFFFFFFFFFFFFFFFFFFFFF85
:100B8000FFFFFFFFFFFFFFFFFFFFFFFFFFFFFFFF75
:100B9000FFFFFFFFFFFFFFFFFFFFFFFFFFFFFFFF65
:100BA000FFFFFFFFFFFFFFFFFFFFFFFFFFFFFFFF55
:100BB000FFFFFFFFFFFFFFFFFFFFFFFFFFFFFFFF45
:100BC000FFFFFFFFFFFFFFFFFFFFFFFFFFFFFFFF35
:100BD000FFFFFFFFFFFFFFFFFFFFFFFFFFFFFFFF25
:100BE000FFFFFFFFFFFFFFFFFFFFFFFFFFFFFFFF15
:100BF000FFFFFFFFFFFFFFFFFFFFFFFFFFFFFFFF05
:100C0000FFFFFFFFFFFFFFFFFFFFFFFFFFFFFFFFF4
:100C1000FFFFFFFFFFFFFFFFFFFFFFFFFFFFFFFFE4
:100C2000FFFFFFFFFFFFFFFFFFFFFFFFFFFFFFFFD4
:100C3000FFFFFFFFFFFFFFFFFFFFFFFFFFFFFFFFC4
:100C4000FFFFFFFFFFFFFFFFFFFFFFFFFFFFFFFFB4
:100C5000FFFFFFFFFFFFFFFFFFFFFFFFFFFFFFFFA4
:100C6000FFFFFFFFFFFFFFFFFFFFFFFFFFFFFFFF94
:100C7000FFFFFFFFFFFFFFFFFFFFFFFFFFFFFFFF84
:100C8000FFFFFFFFFFFFFFFFFFFFFFFFFFFFFFFF74
:100C9000FFFFFFFFFFFFFFFFFFFFFFFFFFFFFFFF64
:100CA000FFFFFFFFFFFFFFFFFFFFFFFFFFFFFFFF54
:100CB000FFFFFFFFFFFFFFFFFFFFFFFFFFFFFFFF44
:100CC000FFFFFFFFFFFFFFFFFFFFFFFFFFFFFFFF34
:100CD000FFFFFFFFFFFFFFFFFFFFFFFFFFFFFFFF24
:100CE000FFFFFFFFFFFFFFFFFFFFFFFFFFFFFFFF14
:100CF000FFFFFFFFFFFFFFFFFFFFFFFFFFFFFFFF04
:100D0000FFFFFFFFFFFFFFFFFFFFFFFFFFFFFFFFF3
:100D1000FFFFFFFFFFFFFFFFFFFFFFFFFFFFFFFFE3
:100D2000FFFFFFFFFFFFFFFFFFFFFFFFFFFFFFFFD3
:100D3000FFFFFFFFFFFFFFFFFFFFFFFFFFFFFFFFC3
:100D4000FFFFFFFFFFFFFFFFFFFFFFFFFFFFFFFFB3
:100D5000FFFFFFFFFFFFFFFFFFFFFFFFFFFFFFFFA3
:100D6000FFFFFFFFFFFFFFFFFFFFFFFFFFFFFFFF93
:100D7000FFFFFFFFFFFFFFFFFFFFFFFFFFFFFFFF83
:100D8000FFFFFFFFFFFFFFFFFFFFFFFFFFFFFFFF73
:100D9000FFFFFFFFFFFFFFFFFFFFFFFFFFFFFFFF63
:100DA000FFFFFFFFFFFFFFFFFFFFFFFFFFFFFFFF53
:100DB000FFFFFFFFFFFFFFFFFFFFFFFFFFFFFFFF43
:100DC000FFFFFFFFFFFFFFFFFFFFFFFFFFFFFFFF33
:100DD000FFFFFFFFFFFFFFFFFFFFFFFFFFFFFFFF23
:100DE000FFFFFFFFFFFFFFFFFFFFFFFFFFFFFFFF13
:100DF000FFFFFFFFFFFFFFFFFFFFFFFFFFFFFFFF03
:100E0000FFFFFFFFFFFFFFFFFFFFFFFFFFFFFFFFF2
:100E1000FFFFFFFFFFFFFFFFFFFFFFFFFFFFFFFFE2
:100E2000FFFFFFFFFFFFFFFFFFFFFFFFFFFFFFFFD2
:100E3000FFFFFFFFFFFFFFFFFFFFFFFFFFFFFFFFC2
:100E4000FFFFFFFFFFFFFFFFFFFFFFFFFFFFFFFFB2
:100E5000FFFFFFFFFFFFFFFFFFFFFFFFFFFFFFFFA2
:100E6000FFFFFFFFFFFFFFFFFFFFFFFFFFFFFFFF92
:100E7000FFFFFFFFFFFFFFFFFFFFFFFFFFFFFFFF82
:100E8000FFFFFFFFFFFFFFFFFFFFFFFFFFFFFFFF72
:100E9000FFFFFFFFFFFFFFFFFFFFFFFFFFFFFFFF62
:100EA000FFFFFFFFFFFFFFFFFFFFFFFFFFFFFFFF52
:100EB000FFFFFFFFFFFFFFFFFFFFFFFFFFFFFFFF42
:100EC000FFFFFFFFFFFFFFFFFFFFFFFFFFFFFFFF32
:100ED000FFFFFFFFFFFFFFFFFFFFFFFFFFFFFFFF22
:100EE000FFFFFFFFFFFFFFFFFFFFFFFFFFFFFFFF12
:100EF000FFFFFFFFFFFFFFFFFFFFFFFFFFFFFFFF02
:100F0000FFFFFFFFFFFFFFFFFFFFFFFFFFFFFFFFF1
:100F1000FFFFFFFFFFFFFFFFFFFFFFFFFFFFFFFFE1
:100F2000FFFFFFFFFFFFFFFFFFFFFFFFFFFFFFFFD1
:100F3000FFFFFFFFFFFFFFFFFFFFFFFFFFFFFFFFC1
:100F4000FFFFFFFFFFFFFFFFFFFFFFFFFFFFFFFFB1
:100F5000FFFFFFFFFFFFFFFFFFFFFFFFFFFFFFFFA1
:100F6000FFFFFFFFFFFFFFFFFFFFFFFFFFFFFFFF91
:100F7000FFFFFFFFFFFFFFFFFFFFFFFFFFFFFFFF81
:100F8000FFFFFFFFFFFFFFFFFFFFFFFFFFFFFFFF71
:100F9000FFFFFFFFFFFFFFFFFFFFFFFFFFFFFFFF61
:100FA000FFFFFFFFFFFFFFFFFFFFFFFFFFFFFFFF51
:100FB000FFFFFFFFFFFFFFFFFFFFFFFFFFFFFFFF41
:100FC000FFFFFFFFFFFFFFFFFFFFFFFFFFFFFFFF31
:100FD000FFFFFFFFFFFFFFFFFFFFFFFFFFFFFFFF21
:100FE000FFFFFFFFFFFFFFFFFFFFFFFFFFFFFFFF11
:100FF000FFFFFFFFFFFFFFFFFFFFFFFFFFFFFFFF01
:10100000307600003A0000A8020000D8000101720A
:10101000418206800500F08001FF07800500E08026
:101020005900009700010000F2CF2F90221E00D43B
:10103000003800006E0000A68186088085000080D0
:101040004A0000AE01000080050000800039000069
:101050002A0000A6020100D40100008005000080E3
:10106000003900002A0000A6020000DE9AE800DF36
:1010700002720000030000FA900300006A0200AE52
:101080000060B9830060C9833E00C0C54E0000A661
:101090000E000AD6AA0100AE0E00C0C58E0000A642
:1010A0001B76000002000BD80D0CA088EA0000AEF1
:1010B0001E00C0C50A0000A61B76000002000BD867
:1010C000086CA98339740000C60399ED0260A9E594
:1010D0006EFDFFA601720000810000BF02262226DD
:1010E000F01FF11FF21FF31FF41FF51FF61FF71F6C
:1010F000F81F00261026202630264026502660267F
:1011000070261E7201000088E7FFF0FCF7FFF0FC7C
:101110009584009009002C8F12614124B3990180BD
:101120000020008210640000E7FFF1FC11860090AF
:1011300002614024B39901840020118201640000FF
:10114000F7FFF0FC11040490120000E900390000E0
:101150008E0300A60900008851080194C1C30980CC
:1011600005001080150D0194818713800500108003
:10117000550D019451100194D10B01945107019424
:1011800091100194110C01949107019495810090A4
:1011900003200080000011E4117C4124E5660694E0
:1011A00095A100900164007C402400000167069432
:1011B00091840090028000C54024000021670694BD
:1011C0008A0700AEE3FF0FFCE39401A0007C10044B
:1011D0000A10028E0100008035C201802004000048
:1011E00086200284F1001886F3FF0FFC007C0004C7
:1011F0000A00008E06200084010108860803000012
:1012000082D602D4A3960180C1000884000400861F
:10121000D1000884110000867300018442D403D4F5
:1012200033000188B300018473000180A2D103D48C
:10123000426A03D482DD02D4A2FC02D411040490D9
:10124000220000E900390000FA0500A6410004BFB1
:10125000002E00000200028CB300018011001086F5
:101260000600008C0004008693000188B30001840E
:101270005300018042CD03D4D396018493000180B2
:1012800042CA03D4E3940184810004BF002E00000D
:10129000D3960180C29C02D44396018413960180A8
:1012A000822903D411040490120000E900390000DF
:1012B000CAF6FFA633990180429503D40038000096
:1012C0008E0300A633990180428F03D411830090CE
:1012D000C1640694E2D803D4310A00C00372702EB0
:1012E000602E502E402E302E202E102E002E8F1DC0
:1012F0007F1D6F1D5F1D4F1D3F1D2F1D1F1D0F1DCE
:10130000222E022E810000BD00720000D39D0180BC
:101310001100008421011084021000800200028C60
:10132000B3000180110010860600008C00040086C6
:10133000AAF9FFAEA21303D48AFCFFAE810000BF5E
:1013400002262226F01FF11FF21FF31FF41FF51FC4
:10135000F61FF71F0026102620263026402650268E
:1013600060267026E20203D4220403D4C21B03D4F5
:10137000510900C1702E602E502E402E302E202E8E
:10138000102E002E7F1D6F1D5F1D4F1D3F1D2F1D39
:101390001F1D0F1D222E022E810000BD00720000B5
:1013A000F01FF11F11000490960F00C5920000A8D5
:1013B00003000184120410E1610900C01F1D0F1D0C
:1013C00000720000050004A703090080002000FF50
:1013D0001F0450F81E0000C54A0000A6052400C3E3
:1013E000AAFEFFAE052400C16AFEFFAE000002F2B5
:1013F000030000FE020000CC1E720000F1FF0F8609
:10140000010601030100008085E32380400032E9EA
:10141000323D0000CE0000A60200028606000084D5
:1014200082000280F1FF1F86F1FF0F8403720172B8
:1014300001390000A20100A82103F2410239000095
:101440002AFFFFA601390000060100A883A0018041
:101450001902108800040183F1FF2F840621008007
:101460000A000084F1FF0F86EAFDFFAE7121013909
:10147000EE0000A600610000120031E101000080D2
:1014800085002080206902390A0500A6117B000032
:10149000F60311E5F1FFFF807500208002697043BB
:1014A000120021E9023900001A0000A60061112093
:1014B00000610000010000800501308009002088E3
:1014C0000900608899014088C00056E1503D000045
:1014D000420000A8C00065E1056523610061132298
:1014E00021FF4FB8003900005A0100A616000086FF
:1014F00001262480A56100801004000006100480ED
:101500000A01008A720000B8021002808A00008A74
:10151000020100BA227412200100008005E301805C
:101520002061712512610104CAF9FFAE13030000A6
:101530000AFAFFAE12740240DAFEFFAE2E72100AF3
:10154000100E0000F1E31F8F000401820D000088DF
:101550000804E083CA0100AE00201EFF120E000046
:101560001900008801612024026100000900108830
:101570000004018300200EFF110E01610D00108890
:101580004F0201FD08200E821A0000E10804E083EA
:1015900008200E827E0000C5E2FDFFAE100E0000A6
:1015A000034F0184B70001FD120E0000061000F584
:1015B000D70020FDE70021FD120E0000061000F507
:1015C000F70020FD070121FD100E00000900108822
:1015D000170101FD100E00000D0010888F0401FDA1
:1015E000100E000009001088370101FD100E0000E8
:1015F00009001088470101FD100E00000D00108841
:101600004F0501FD100E00000D0010885F0501FD63
:10161000100E000001001088B70201FC100E00003F
:1016200001001088C70201FC100E000001001088A4
:10163000D70201FC100E00000D001088CF0501FD3F
:10164000100E000009001088870101FD100E000037
:1016500009001088970101FD100E00000D00108890
:101660008F0601FD100E000009001088B70101FD72
:10167000100E000009001888C70101FD100E0000BF
:1016800019001088D70101FD100E0000090018880C
:10169000C70001FD91090490110E0000B70001FD83
:1016A00000010372017200004E72300A300E000019
:1016B000330100FD403900000A0200A64039000055
:1016C000E60000AE10390000EA0800A6003900006C
:1016D000EA2300A6203900006A0200A61A2400AE00
:1016E000703900002A1D00A670390000A60500AA66
:1016F000803900004A1900A63A2300AE300E0000DF
:10170000D30200FC120010E0300E0000D70201FCF2
:10171000300E0000C30200FC120010E0300E00008A
:10172000C70201FCDA2100AE300E0000C30200FC4B
:10173000120020E0310E0000C70212FC310E000042
:10174000B30211FC013C0000060200AA300E0000AA
:1017500001001088C70201FC300E0000220401D4F1
:10176000300E0000430110FD300E00004B0500FC60
:10177000007F106109000888103D0000620000AE83
:10178000300E000009001088370101FD300E000006
:10179000D30200FC120010E0300E0000D70201FC62
:1017A000FA1D00AE300E000022FB00D4100A210A00
:1017B000120E230E300E0000A2B800D40E0000C599
:1017C0008A0000A6300E000049001088370101FD94
:1017D0007A1C00AE300E120E230E0000F70002FD40
:1017E000070103FDDA1B00AE300E0000C30200FC4F
:1017F000120020E0310E0000C70212FC310E000082
:10180000B30211FC013C0000460800AA300E0000A3
:1018100001001088C70201FC300E0000430110FDDA
:10182000300E00004B0500FC007F106109000888A5
:10183000103D0000620000AE300E0000090010886C
:10184000470101FD0D0000880804E0830D000088B9
:101850001F00E0FD00201EFF320E0000190000886E
:10186000016120240261000000201083190000881B
:101870000E610000002000FF1061300EB30030FD4B
:10188000300E0000430100FD19002088800040E177
:10189000320E0000470124FD036100000820118280
:1018A000080401831B000EFC1A0000E11F00E0FD8C
:1018B00000201EFF320E0000490200880161000076
:1018C00008E002821B001EFC080010BD26FCFFAAD7
:1018D00008200E821A0000E10804E083300E0000A8
:1018E0005B0500FC08201E82080010BDE6FAFFAA76
:1018F000300E0000430110FD300E0000B30100FD6A
:10190000103D0000660000AA300E000007000084B1
:101910008F0601FD300E0000A2EF00D4100A210A4C
:10192000120E230E300E000022AD00D40E0000C5B2
:10193000AA0600A6300E00008B0600FC0E0000C5B3
:101940002A0600A6300E0000830100FD00390000C9
:10195000660100A8300E0000830110FD300E00006B
:10196000970101FD300E000009001088470101FDBC
:10197000300E000089001088370101FDEA0400AE36
:10198000300E0000430100FD003900004A0200A6AD
:10199000300E0000C30200FC00380000AA0000A6C0
:1019A000300E0000430100FD1003300E970101FDD1
:1019B0002A0200AE300E0000430110FD300E000080
:1019C0004B0500FC007F0000400000E51003300ED6
:1019D000970101FD0A0100AE300E0000C30110FDA9
:1019E000300E00004B0500FC007F0000400000E5C9
:1019F0001003300E970101FD300E000079001088B1
:101A0000370101FDAA0000AE300E120E230E0000B9
:101A1000F70002FD070103FD3A0A00AE1A0A00AE04
:101A2000300E0000C30200FC120020E0310E000066
:101A3000C70212FC310E0000B30211FC013C000091
:101A4000A60800AA300E000001001088C70201FCA1
:101A5000300E0000930110FD300E00004B0500FC1D
:101A6000007F1061300E0000970101FD300E000074
:101A7000930100FD00390000EA0600A8300E0000C6
:101A800029001088370101FD6A0600AE300E000003
:101A9000C30200FC120020E0310E0000C70212FC5D
:101AA000310E0000B30211FC013C0000860500AAC3
:101AB000300E000001001088C70201FC300E00004B
:101AC000430110FD300E00004B0500FC007F10614B
:101AD00009000888103D0000620000AE300E0000D2
:101AE00009001088470101FD300E0000A2E700D474
:101AF000300E0000930100FD310E0000430111FD86
:101B0000000011E5300E0000830100FD103D0000D3
:101B1000620100AE300E0000930100FD310E0000A6
:101B2000430111FD000011E5300E0000C30100FD6E
:101B30001061300E830100FD103D0000060100AE73
:101B4000300E000009001088370101FD8A0000AE48
:101B5000000100005A0000AE000100001A0000AEB3
:101B600000010001037201722E7200000004E08384
:101B7000110A000000200E83330100FD08001082CE
:101B8000100E0000080401834900008800001EE1D7
:101B900019000088002001E100201E835B0511FC74
:101BA0000804018300200E83B30220FC4900008852
:101BB00000001EE129000088002001E108001282D7
:101BC0000804018300200E83B30200FC000082A2FF
:101BD0004900008800001EE139000088002001E172
:101BE000080012820804018300200E83430120FDB7
:101BF0004900008800001EE149000088002001E142
:101C0000080012820804018300200E83430100FDB6
:101C1000080082A24900008800001EE159000088E7
:101C2000002001E1080012820804018300200E83D5
:101C3000430100FD080002A34900008800001EE1E6
:101C400069000088002001E1080012820804018375
:101C500000200E83430100FD080082A34900008894
:101C600000001EE179000088002001E108001282D6
:101C70000804018300200E83B30000FD2003000050
:101C80004900008800001EE189000088002001E171
:101C9000080012820804018300200E83B30000FDB7
:101CA000080082A24900008800001EE19900008817
:101CB000002001E1080012820804018300200E8345
:101CC000B30000FD080002A34900008800001EE1E7
:101CD000A9000088002001E10800128208040183A5
:101CE00000200E83B30000FD080082A34900008895
:101CF00000001EE1B9000088002001E10800128206
:101D00000804018300200E83830120FD4900008820
:101D100000001EE1C9000088002001E108001282D5
:101D20000804018300200E83830100FD080082A0C7
:101D30004900008800001EE1D9000088002001E170
:101D4000080012820804018300200E83830100FD35
:101D5000080002A14900008800001EE1E900008897
:101D6000002001E1080012820804018300200E8394
:101D7000830100FD080082A14900008800001EE1E7
:101D8000F9000088002001E10800128208040183A4
:101D900000200E83930120FD4900008800001EE111
:101DA00009010088002001E1080012820804018373
:101DB00000200E83930100FD080082A049000088E6
:101DC00000001EE119010088002001E108001282D4
:101DD0000804018300200E83930100FD080002A186
:101DE0004900008800001EE129010088002001E16F
:101DF000080012820804018300200E83930100FD75
:101E0000080082A14900008800001EE13901008815
:101E1000002001E1080012820804018300200E83E3
:101E2000C30120FD4900008800001EE1490100882F
:101E3000002001E1080012820804018300200E83C3
:101E4000C30100FD080082A24900008800001EE1D5
:101E500059010088002001E1080012820804018372
:101E600000200E83C30100FD080002A34900008882
:101E700000001EE169010088002001E108001282D3
:101E80000804018300200E83C30100FD080082A323
:101E90004900008800001EE179010088002001E16E
:101EA000080012820804018300200E83C30020FD75
:101EB0004900008800001EE189010088002001E13E
:101EC000080012820804018300200E83C30000FD75
:101ED000080082A24900008800001EE199010088E4
:101EE000002001E1080012820804018300200E8313
:101EF000C30000FD080002A34900008800001EE1A5
:101F0000A9010088002001E1080012820804018371
:101F100000200E83C30000FD080082A34900008852
:101F200000001EE1B9010088002001E108001282D2
:101F3000080401834900008800001EE1C9010088EF
:101F4000002001E10BFEFF87080401837700008079
:101F5000037201729E72F81F600A710A0F02E2FD9D
:101F6000130000802F00E0FD0D0000880804E083CE
:101F70002B001EFC1F00E1FD0B021EFC2B000EFCC3
:101F8000080010BD420000AA070000800A7900AED8
:101F9000C901008800001EE119000088002001E14D
:101FA000082000828E0000C5420000AE07000080BD
:101FB000EA7700AEC901008800001EE11900008820
:101FC000002001E1082000820E0000C54E0000A69E
:101FD00007000080CA7600AE600E0000090010887D
:101FE000370101FD600E00000D0010885F0501FD46
:101FF000600E000001001088D70201FC600E000096
:1020000009001088470101FDC901008800001EE198
:1020100029000088002001E108200082207F0000C4
:10202000C901008800001EE139000088002001E19C
:1020300008200082007F0000000080A4800010E0E3
:10204000600E0000B70201FC600E0000B30210FC3D
:10205000600E0000C70201FC620E0000061000F5D1
:10206000F70020FD070121FD600E00000D00108823
:102070004F0501FD600E00000B000084CF0501FD3F
:10208000600E00000D0010888F0601FD600E00003C
:1020900009001088970101FD0A2600AE190000888A
:1020A0000E610000002000FFC90110881E610000C1
:1020B000002001E1082010823F00E1FD1B000EFC22
:1020C0001A0000E11F00E0FD390000880E610000E9
:1020D000002000FF103900004A0100A6103900005E
:1020E000620000A8003900000A1700A6EA1C00AE32
:1020F00020390000EA0B00A630390000EA1000A6E3
:102100004A1C00AE190000880E610000002000FF8C
:10211000C90110881E610000002001E10820008232
:10212000207F0000190000880E610000002010FFD1
:102130001900008801610000C90110881E610000BB
:10214000002001E108200082007F0000000081A43F
:10215000490000880E610000800401E00020108228
:102160002700E1FC190000880E610000002010FF2C
:102170002900008801610000C90110881E6100006B
:10218000002001E108200082207F00001900008863
:102190000E610000002010FF39000088016100007E
:1021A000C90110881E610000002001E108200082A2
:1021B000007F0000000081A4690000880E6100001B
:1021C000800401E0002010823700E1FC91090490B6
:1021D0000020008333001EFCA2BC00D4200A200E85
:1021E000003900004E0000A6070000800A6600AE1D
:1021F000200E0000002010826700E1FC910904908D
:10220000130000FD63001EFC82B400D4400A400E9F
:10221000003900004E0000A6070000808A6400AE6E
:10222000400E0000530020FD00208EFF23001EFC06
:10223000200E00000E0002D61003620E1900008866
:1022400008612024026100000004018300201EFFB9
:10225000620E000019000088016120240261000064
:1022600000200083003900004E1100A60700008006
:10227000EA6100AE190000880E610000002010FF26
:102280002900008801610000C90110881E6100005A
:10229000002001E108200082207F00001900008852
:1022A0000E610000002010FF39000088016100006D
:1022B000C90110881E610000002001E10820008291
:1022C000007F0000000081A4690000880E6100000A
:1022D000800401E0002010823700E1FC91090490A5
:1022E0000020008333001EFC22B400D4200A200EFC
:1022F000003900004E0000A6070000808A5D00AE95
:1023000000201EFF620E00001900008801612024D9
:102310000261210E00040183EA0B00AE190000885F
:102320000E610000002010FF2900008801610000FC
:10233000C90110881E610000002001E10820008210
:10234000207F0000190000880E610000002010FFAF
:102350003900008801610000C90110881E61000079
:10236000002001E108200082007F0000000081A41D
:10237000690000880E610000800401E000201082E6
:102380003700E1FC910904900020008333001EFC1B
:10239000E2AE00D4200A200E003900004E0000A654
:1023A000070000804A5800AE00201EFF200E0000EB
:1023B00000203083620E0000190000880161202493
:1023C00002610000000403836A0600AE1900008861
:1023D0000E610000002000FFC90110881E6100008E
:1023E000002001E108200082107F00001900008811
:1023F0000E610000002020FF19000088026100002B
:10240000C90120882E610000002002E1082000821E
:10241000007F8024000021E1190000880E61000087
:10242000002010FF2900008801610000C901108808
:102430001E610000002001E108200082007F0025CD
:1024400020610000190000880E610000002010FFCC
:102450003900008801610000C90110881E61000078
:10246000002001E108200082007F80250261000039
:1024700000201EFF2003630E190000880161202444
:1024800003610000000402836A0000AE07000080C0
:10249000EA5000AE00010000190000880E61000043
:1024A000002010FF4900008801610000C901108868
:1024B0001E610000002011E100200EFF0820218293
:1024C000610E01614F0202FD600E00004B0530FC01
:1024D00000201EFF620E000049020088016100001A
:1024E00008E00282C80010E1600E00004F0501FD07
:1024F000600E0000CB0530FC00201EFF620E0000C5
:10250000490200880161000008E00282C80010E171
:10251000600E0000CF0501FD600E00004B0500FCC1
:10252000207F0000090008889F720000030002EA73
:102530000103000009001888400000E51003600E48
:10254000C70101FD1B000EFC5A0000E01F00E0FD6A
:1025500008200E821A0000E10804E083C901008807
:1025600000001EE119000088002001E1082000821F
:1025700008201E82080010BD06D9FFAA1900008895
:102580000E610000002000FFC90110881E610000DC
:10259000002001E108201082600E00008F0401FD80
:1025A0001B000EFC1A0000E11F00E0FD190000886E
:1025B0000E610000002000FFC90110881E610000AC
:1025C000002001E1082010823F00E1FD1B000EFC0D
:1025D0001A0000E11F00E0FD390000880E610000D4
:1025E000002000FF103900004A0100A61039000049
:1025F000620000A8003900000A1500A66A1A00AEA1
:1026000020390000EA0A00A6303900006A0F00A64F
:10261000CA1900AE190000880E610000002000FFFA
:10262000C90110881E610000002001E1082000821D
:10263000207F0000190000880E610000002010FFBC
:102640001900008801610000C90110881E610000A6
:10265000002001E108200082007F0000000081A42A
:10266000490000880E610000800401E00020108213
:102670002700E1FC190000880E610000002010FF17
:102680002900008801610000C90110881E61000056
:10269000002001E108200082207F0000190000884E
:1026A0000E610000002010FF390000880161000069
:1026B000C90110881E610000002001E1082000828D
:1026C000007F0000000081A4690000880E61000006
:1026D000800401E0002010823700E1FC91090490A1
:1026E0000020008333001EFC229400D4200A200E18
:1026F000003900004E0000A6070000808A3D00AEB1
:10270000200E0000002010826700E1FC9109049077
:10271000130000FD63001EFC028C00D4400A400E32
:10272000003900004E0000A6070000800A3C00AE01
:10273000400E0000530020FD23001EFC200E000070
:102740000E0002D61003600E170101FD600E00009E
:10275000130100FD00390000CE0F00A60700008025
:102760006A3A00AE190000880E610000002010FFD8
:102770002900008801610000C90110881E61000065
:10278000002001E108200082207F0000190000885D
:102790000E610000002010FF390000880161000078
:1027A000C90110881E610000002001E1082000829C
:1027B000007F0000000081A4690000880E61000015
:1027C000800401E0002010823700E1FC91090490B0
:1027D0000020008333001EFCA28C00D4200A200EAF
:1027E000003900004E0000A6070000800A3600AE47
:1027F000600E210E170101FDEA0A00AE19000088E3
:102800000E610000002010FF290000880161000017
:10281000C90110881E610000002001E1082000822B
:10282000207F0000190000880E610000002010FFCA
:102830003900008801610000C90110881E61000094
:10284000002001E108200082007F0000000081A438
:10285000690000880E610000800401E00020108201
:102860003700E1FC910904900020008333001EFC36
:10287000E28700D4200A200E003900004E0000A696
:10288000070000804A3100AE200E000000201083B7
:10289000600E0000170101FDEA0500AE1900008876
:1028A0000E610000002000FFC90110881E610000B9
:1028B000002001E108200082107F0000190000883C
:1028C0000E610000002020FF190000880261000056
:1028D000C90120882E610000002002E1082000824A
:1028E000007F8024000021E1190000880E610000B3
:1028F000002010FF2900008801610000C901108834
:102900001E610000002001E108200082007F0025F8
:1029100020610000190000880E610000002010FFF7
:102920003900008801610000C90110881E610000A3
:10293000002001E108200082007F80250261100351
:10294000600E0000170101FD6A0000AE0700008064
:10295000EA2A00AE000100001B000EFC4A0000E065
:102960001F00E0FD600E00008B0400FCFA0000E98F
:102970004F01E0FD600E00008B0410FC03FEFF839E
:10298000480000E95F01E0FD490100880E61000098
:10299000002000FF20390000EA0200A620390000D4
:1029A000620000A810390000CA0000A6AA1900AEF3
:1029B000403900000A0500A6803900008A0A00A6F6
:1029C0000A1900AE190000880E610000002000FF07
:1029D000C90110881E610000002001E1082000826A
:1029E000007F0000121000F5620E0000D70020FDED
:1029F000E70021FDAA1700AE190000880E61000053
:102A0000002000FFC90110881E610000002001E1C4
:102A100008200082107F0000190000880E6100006D
:102A2000002020FF1900008802610000C9012088F1
:102A30002E610000002002E108200082007F802437
:102A4000016100000800F1A1620E0000D70020FD26
:102A5000E70021FDAA1400AE190000880E610000F5
:102A6000002000FFC90110881E610000002001E164
:102A700008200082107F0000190000880E6100000D
:102A8000002020FF1900008802610000C901208891
:102A90002E610000002002E108200082007F8024D7
:102AA000000021E1190000880E610000002010FFE5
:102AB0002900008801610000C90110881E61000022
:102AC000002001E108200082007F00252061000035
:102AD000190000880E610000002010FF39000088F6
:102AE00001610000C90110881E610000002001E1A1
:102AF00008200082007F802502610000121000F58E
:102B0000620E0000D70020FDE70021FDEA0E00AEB6
:102B1000190000880E610000002000FFC901108824
:102B20001E610000002001E108200082007F0000FB
:102B3000121000F5190020882E610000002032FFDD
:102B40001900208823610000C90130883E6100001F
:102B5000802023E108202282227F0000121022F52B
:102B6000832400008B0082E0000042E1400053E338
:102B7000190000880E610000002010FF2900008865
:102B800001610000C90110881E610000002001E100
:102B900008200082007F0000121000F501250000CF
:102BA0000B0000E1000120E1400131E31900008841
:102BB0000E610000002010FF390000880161000054
:102BC000C90110881E610000002001E10820008278
:102BD000007F0000121000F5812500000B0080E14D
:102BE000800040E1C00051E3190000880E61000040
:102BF000002010FF4900008801610000C901108811
:102C00001E610000002001E108200082007F00001A
:102C1000121000F5080001A409000088000120E15D
:102C2000400131E3190000880E610000002010FF10
:102C30005900008801610000C90110881E61000070
:102C4000002001E108200082007F0000121000F542
:102C5000080081A409000088800040E1C00051E321
:102C6000190000880E610000002010FF6900008834
:102C700001610000C90110881E610000002001E10F
:102C800008200082007F0000121000F5080001A556
:102C900009000088000120E1400131E319000088AB
:102CA0000E610000002010FF790000880161000023
:102CB000C90110881E610000002001E10820008287
:102CC000007F0000121000F5080081A509000088AF
:102CD00002611363620E0000D70020FDE70021FDB2
:102CE0004A0000AE070000802A0E00AE5B010EFC19
:102CF0000E0000C52E0100A6600E00008B0400FC33
:102D0000080010825142600E8F0401FD1B000EFC72
:102D10004A0000E01F00E0FDAA0000AE1B001EFC00
:102D2000490100880E610000482000E11F00E0FD1D
:102D3000190000880E610000002000FFC901108802
:102D40001E610000002001E108200082107F0000C9
:102D5000190000880E610000002020FF1900008883
:102D600002610000C90120882E610000002002E1FC
:102D700008200082007F8024000021E119000088E3
:102D80000E610000002010FF290000880161000092
:102D9000C90110881E610000002001E108200082A6
:102DA000007F002520610000190000880E610000EE
:102DB000002010FF3900008801610000C90110885F
:102DC0001E610000002001E108200082007F8025B4
:102DD000000012E1600E0000870101FD600E00009E
:102DE000830100FD427202D41003600EB70101FDA1
:102DF0001B000EFC4A0000E01F00E0FD19000088E7
:102E00000E610000002000FFC90110881E61000053
:102E1000002001E108200082107F600ED70101FD33
:102E20001B000EFC1A0000E11F00E0FD0B021EFC5F
:102E30001B000EFC080010BDE20100AE1900008866
:102E40000E610000002000FFC90110881E61000013
:102E5000002001E1082000821E0000C56E0100A6CE
:102E6000600E0000424500D4620E0000F70020FD15
:102E7000070121FDAA0000AE600E0000824400D4CC
:102E8000620E0000F70020FD070121FD700E00001A
:102E90001B0010FC600E00005F0501FD700E0000BD
:102EA00008200082107F600E370101FD0D000088B0
:102EB0008F1D0372017200003E72100A4700E1FC90
:102EC000090000880004E08300200E830372017271
:102ED0004A0900D42702E0FD3702E2FD4702E3FD84
:102EE00023020EFD8B0400FCFA0000E91F00E0FD48
:102EF00023020EFD8B0400FC0E0000E92F00E0FD14
:102F00000D0000880804E0832B000EFC0E0000C5B5
:102F10000A0F00A6190000880E610000002000FFC3
:102F2000403900006A0000A6803900004A0600A669
:102F30009A3E00AE8940008800001EE1C903008867
:102F4000002001E10020008411000E8689400088E5
:102F500000001EE149030088002001E100201084E8
:102F600021001E86C94000880E61000000200084F8
:102F700031000E8623020EFDD30100FD1039000042
:102F8000CE0100A611001E8421000E848A00008A52
:102F9000E20000B631001E8421000E848A00008AFF
:102FA000620000B8070000800804E0832A0200AE37
:102FB0000D0000880804E0835A3A00AE11001E8418
:102FC00021000E848A00008AE20000BA31001E84CB
:102FD00021000E848A00008A620000B4070000808D
:102FE0000804E0836A0000AE0D0000880804E08356
:102FF0009A3800AE7A3800AE8940008800001EE1A1
:10300000C9030088002001E10060008400401084B2
:1030100041000E8651001E868940008800001EE196
:1030200049030088002001E1006000840040108412
:1030300061000E8671001E86C94000880E61000086
:10304000006000840040108481000E8691001E867E
:1030500023020EFDD30100FD103900004E0200A630
:1030600041002E8451003E8461000E8471001E8454
:103070000A01008B220100B681002E8491003E845B
:1030800061000E8471001E840A01008B620000B88A
:10309000070000800804E0838A0200AE0D0000886B
:1030A0000804E083FA3200AE41002E8451003E84D1
:1030B00061000E8471001E840A01008B220100BA97
:1030C00081002E8491003E8461000E8471001E8474
:1030D0000A01008B620000B4070000800804E0834E
:1030E0004A0000AE0D0000880804E08300010000E3
:1030F0009A3000AE23020EFD8B0400FC0A0200E9A8
:103100008F02E0FD8B020EFC0E0000C5AA1700A680
:10311000190000880E610000002000FF2039000027
:103120006A0600A620390000620000A810390000DD
:10313000CA0000A67A2E00AE40390000AA0A00A6F6
:10314000803900000A0F00A6DA2D00AE23020EFD22
:10315000F30000FD9F02E0FD23020EFDD30000FD01
:10316000AF02E0FD33020EFDBF02E0FD23020EFDC3
:10317000D30100FD10390000CE0100A69B021EFC09
:10318000AB020EFC080010BDE60000A8BB021EFC4E
:10319000AB020EFC080010BD6A0000A8070000800A
:1031A0000804E0832A0200AE0D0000880804E083D2
:1031B0009A2A00AE9B021EFCAB020EFC080010BD5A
:1031C000EE0000A8BB021EFCAB020EFC080010BD06
:1031D000620000A8070000800804E0836A0000AED7
:1031E0000D0000880804E083DA2800AEBA2800AE9B
:1031F00023020EFDF30000FD6701E0FC23020EFD3B
:10320000D30000FD7701E0FC33020EFD8701E0FCF6
:1032100023020EFDD30100FD10390000CE0100A6EF
:1032200063011EFC73010EFC103C0000E60000A8C8
:1032300083011EFC73010EFC103C00006A0000A814
:10324000070000800804E0832A0200AE0D00008819
:103250000804E0837A2500AE63011EFC73010EFCB6
:10326000103C0000EE0000A883011EFC73010EFC60
:10327000103C0000620000A8070000800804E08302
:103280006A0000AE0D0000880804E083BA2300AE97
:103290009A2300AE23020EFDF30000FDD00A0000C9
:1032A00023020EFDD30000FDE00A000033020EFDF4
:1032B000F00A000023020EFDD30100FD10390000CA
:1032C0008E0100A6D10EE00E103D0000C60000A841
:1032D000F10EE00E103D00006A0000A8070000801B
:1032E0000804E083EA0100AE0D0000880804E083D2
:1032F0009A2000AED10EE00E103D0000CE0000A8D6
:10330000F10EE00E103D0000620000A807000080F2
:103310000804E0836A0000AE0D0000880804E08322
:103320001A1F00AEFA1E00AE23020EFD030110FDAF
:10333000F30000FD0701E0FD1701E1FD23020EFD92
:10334000E30010FDD30000FD2701E0FD3701E1FDA2
:1033500033020EFD43021EFD4701E0FD5701E1FD72
:1033600023020EFDD30100FD103900004E0200A61D
:1033700003012EFD13013EFD23010EFD33011EFD51
:10338000203D313F260100A843012EFD53013EFDA3
:1033900023010EFD33011EFD203D313F6A0000A8D0
:1033A000070000800804E0838A0200AE0D00008858
:1033B0000804E0837A1A00AE03012EFD13013EFDDE
:1033C00023010EFD33011EFD203D313F2E0100A8DB
:1033D00043012EFD53013EFD23010EFD33011EFD71
:1033E000203D313F620000A8070000800804E08310
:1033F0004A0000AE0D0000880804E08300010000D0
:103400001A1800AE190000880E610000002000FFAD
:10341000203900006A0600A620390000620000A8DA
:1034200010390000CA0000A6DA1600AE40390000CC
:10343000AA0A00A6803900008A0F00A63A1600AE3C
:1034400023020EFDF30000FD8F05E0FD23020EFDBB
:10345000D30000FD9F05E0FD33020EFDAF05E0FD4A
:1034600023020EFDD30100FD10390000CE0100A69D
:103470008B051EFC9B050EFC080010BDE20000AA97
:10348000AB051EFC9B050EFC080010BD660000AAE3
:10349000070000800804E0832A0200AE0D000088C7
:1034A0000804E083FA1200AE8B051EFC9B050EFC9F
:1034B000080010BDE20000AEAB051EFC9B050EFC33
:1034C000080010BD660000AE070000800804E0831D
:1034D0006A0000AE0D0000880804E0833A1100AED7
:1034E0001A1100AE23020EFDF30000FDE702E0FC1E
:1034F00023020EFDD30000FDF702E0FC33020EFDB7
:103500000703E0FC23020EFDD30100FD103900008B
:10351000CE0100A6E3021EFCF3020EFC103C0000EC
:10352000E20000AA03031EFCF3020EFC103C0000A4
:10353000660000AA070000800804E0832A0200AEAB
:103540000D0000880804E083DA0D00AEE3021EFCE3
:10355000F3020EFC103C0000E20000AE03031EFC70
:10356000F3020EFC103C0000660000AE0700008075
:103570000804E0836A0000AE0D0000880804E083C0
:103580001A0C00AEFA0B00AE23020EFDF30000FD94
:103590009701E0FD23020EFDD30000FDA701E0FD31
:1035A00033020EFDB701E0FD23020EFDD30100FD45
:1035B00010390000CE0100A693011EFDA3010EFDEF
:1035C000103D0000E20000AAB3011EFDA3010EFDA4
:1035D000103D0000660000AA070000800804E08398
:1035E0002A0200AE0D0000880804E083BA0800AE8D
:1035F00093011EFDA3010EFD103D0000E20000AE90
:10360000B3011EFDA3010EFD103D0000660000AEDB
:10361000070000800804E0836A0000AE0D00008807
:103620000804E083FA0600AEDA0600AE23020EFDBF
:10363000F30020FD030130FDC701E2FDD701E3FDEA
:1036400023020EFDD30020FDE30030FDE701E2FD83
:10365000F701E3FD33022EFD43023EFD0702E2FDCA
:103660001702E3FD23020EFDD30100FD1039000017
:103670004E0200A6C3012EFDD3013EFDE3010EFD67
:10368000F3011EFD203D313F220100AA03022EFD61
:1036900013023EFDE3010EFDF3011EFD203D313F0F
:1036A000660000AA070000800804E083AA0200AEBA
:1036B0000D0000880804E0834A0200AEC3012EFD1D
:1036C000D3013EFDE3010EFDF3011EFD203D313F20
:1036D000220100AE03022EFD13023EFDE3010EFDAA
:1036E000F3011EFD203D313F660000AE0700008063
:1036F0000804E0836A0000AE0D0000880804E0833F
:103700000A0000AE0001000008200E820372017260
:103710004E72300A300E00008B0400FCFA0000E903
:103720008F00E0FD890000880E610000002000FF8E
:10373000203900004A0200A620390000620000A8DB
:1037400010390000CA0000A66A0400AE403900002B
:103750006A0200A6803900000A0300A6CA0300AE70
:10376000300E0000130100FD08200082007F0000E1
:10377000121000F5E01F00000008E183CA0200AE4D
:10378000300E0000130100FD00200082007E0000CA
:10379000121000F5E01F00000008E183CA0100AE2E
:1037A000300E0000130100FD00200083121000F510
:1037B000E01F00000008E183EA0000AE300E0000C8
:1037C000130100FD0060208300403083E21F0000F1
:1037D0000008E3830001000000200E83110E037235
:1037E000017200002E72100A0D0000880804E083A8
:1037F0000D0000881F00E0FD00201EFF120E0000DB
:10380000190000880161202402610000002010835B
:10381000190000880E610000002000FF1061100EEA
:10382000B30030FD100E0000430100FD1900208898
:10383000800040E1120E0000470124FD03610000FA
:1038400008201182080401831B000EFC1A0000E10D
:103850001F00E0FD00201EFF120E0000490200883C
:103860000161000008E002821B001EFC080010BD80
:1038700026FCFFAA08200E821A0000E10804E0835B
:10388000100E00005B0500FC08201E82080010BD21
:10389000E6FAFFAA00010372017200004E72200ACC
:1038A0006700E1FC010000880004E0824A0000AEED
:1038B00000200E821204E0E000200E82107E000044
:1038C0008901008801150000890010881E61000030
:1038D000002001E10020008263001EFC103C00007B
:1038E0004A0100A600200E82107E00008901008897
:1038F00001150000890010881E610000002001E110
:1039000000200082003800002EFDFFA600200E825D
:10391000107E0000890100880115000089001088D0
:103920001E610000002001E100200082003800003C
:103930006E0000A609000088100A00005A0100AEBF
:1039400000200E82107E0000890100881015000002
:10395000490000880E610000890020882E61000067
:10396000402402E100201083110A100E037201723C
:103970004E72200A6700E1FC200E00396E0000A69E
:10398000090000880004E0838A0500AE0100008879
:103990002700E0FCCA0000AE23001EFC490000889E
:1039A0000E610000120401E0002010822700E1FCFB
:1039B00023000EFC007E3024890010881E61000068
:1039C000002001E10020008263001EFC103C00008A
:1039D0000A0100A623000EFC007E30248900108816
:1039E0001E610000002001E100200082003800007C
:1039F0002EFDFFA623000EFC007E302489001088D7
:103A00001E610000002001E100200082003800005B
:103A10006E0000A6090000880004E083EA0000AE02
:103A200023000EFC007E3024890010881E610000F7
:103A3000002001E1130010FD0004E18300200E834B
:103A4000037201721E7200000004E08300200E83E6
:103A50000B0000848F0001FD00200E83330010FD59
:103A600019000088016100008700008408040183B8
:103A700000200E83130010FD00200E830E0001D6DF
:103A800000010372017200002E7200000004E08346
:103A90004F00E1FD00200E830B0000848F0001FD2C
:103AA00000200E83330010FD190000880161000022
:103AB0004B001EFC0804018300200E83130010FD40
:103AC00000200E830E0001D6000103720172000077
:103AD0003E72200A200E00009B0000FCDE0200C5A2
:103AE000860000AE57000084200E0000C2FCFFD408
:103AF000AA2D00AE200E0000BB0000848F0001FD47
:103B0000200E0000330010FD190000880161000044
:103B10000D00108808040183200E0000330010FD02
:103B20002900008801610000170000840804018357
:103B3000200E0000330010FD3900008801610000F4
:103B40000D0010880804018391090490230120FCD2
:103B5000200E0000330010FD4900008801610000C4
:103B6000080012820804018391090490230100FCDB
:103B7000000081A2200E0000330020FD59000088C3
:103B8000026100000800118208040183200E000079
:103B9000330010FD690000880161210E9B0011FCBB
:103BA00008040183200E0000330010FD7900008816
:103BB000016100004300008408040183200E00001E
:103BC000330010FD89000088016100000BFEFF87B3
:103BD000080401832B010088200E0000330010FD33
:103BE0009900008801610000080012820804018326
:103BF000D7010088200E0000330010FDA9000088C6
:103C0000016100000800128208040183BB010088E2
:103C1000200E0000330010FDB90000880161000093
:103C20000800128208040183CB000088200E0000E7
:103C3000330010FDC90000880161000008001282F5
:103C400008040183E3000088200E0000330010FD0B
:103C5000D900008801610000080012820804018375
:103C6000CB000088200E0000330010FDE900008822
:103C7000016100000800128208040183C30000886B
:103C8000200E0000330010FDF900008801610000E3
:103C90000800128208040183CB000088200E000077
:103CA000330010FD09010088016100000800128244
:103CB00008040183D3000088200E0000330010FDAB
:103CC00019010088016100000800128208040183C4
:103CD000C7000088200E0000330010FD2901008875
:103CE000016100000800128208040183C7000088F7
:103CF000200E0000330010FD390100880161000032
:103D00000800128208040183CB000088200E000006
:103D1000330010FD49010088016100000800128293
:103D200008040183DF000088200E0000330010FD2E
:103D30005901008801610000080012820804018313
:103D400091090490A30000FD00390000EE0100A6D7
:103D5000330000800804E083200E0000330020FDC3
:103D600000201EFF6901008801610261B700008424
:103D70000804018308200E821A0010E40804E1837D
:103D80000E0000C58EFEFFA60A0D00AE910904903C
:103D9000A30010FD200E0000330020FD6901008803
:103DA0000261000008201182080401839109049037
:103DB000A30010FD200E0000330020FD79010088D3
:103DC000026100001B0011FC0804018391090490AA
:103DD000A30010FD200E0000330020FD89010088A3
:103DE000026100002B0011FC08040183910904907A
:103DF000A30010FD200E0000330020FD9901008873
:103E0000026100004B0011FC080401839109049039
:103E1000A30010FD200E0000330020FDA901008842
:103E2000026100005B0011FC080401839109049009
:103E3000A30010FD200E0000330020FDB901008812
:103E4000026100007B0011FC0804018391090490C9
:103E5000A30010FD200E0000330020FDC9010088E2
:103E6000026100008B0011FC080401839109049099
:103E7000A30010FD200E0000330020FDD9010088B2
:103E8000026100009B0011FC080401839109049069
:103E9000A30010FD200E0000330020FDE901008882
:103EA00002610000AB0011FC080401839109049039
:103EB000A30010FD200E0000330020FDF901008852
:103EC00002610000BB0011FC080401839109049009
:103ED000A30010FD200E0000330020FD0902008821
:103EE00002610000CB0011FC0804018391090490D9
:103EF000A30010FD200E0000330020FD19020088F1
:103F000002610000EB0011FC080401839109049098
:103F1000A30010FD200E0000330020FD29020088C0
:103F200002610000FB0011FC080401839109049068
:103F3000330020FD200E0000330010FD3902008800
:103F400001610000080012820804018391090490B5
:103F5000830020FC200E0000330010FD4902008881
:103F60000161000008001282080401839109049095
:103F7000830000FC000081A2200E0000330020FD21
:103F800059020088026100000800118208040183C0
:103F900091090490530020FD200E0000330010FD15
:103FA0006902008801610000080012820804018390
:103FB00091090490530000FD080081A2200E00002A
:103FC000330020FD790200880261000008001182A0
:103FD0000804018391090490530000FD080001A327
:103FE000200E0000330020FD8902008802610000DD
:103FF000080011820804018391090490530000FD18
:10400000080081A3200E0000330020FD99020088E3
:1040100002610000080011820804018391090490E4
:10402000100A200E330010FDA90200880161110E54
:104030000800118208040183100E0000080081A20C
:10404000200E0000330020FDB9020088026100004C
:104050000800118208040183100E0000080001A36B
:10406000200E0000330020FDC9020088026100001C
:104070000800118208040183100E0000080081A3CB
:10408000200E0000330020FDD902008802610000EC
:104090000800118208040183200E0000130010FDA7
:1040A000200E00000E0001D6037201724E72300A1B
:1040B000300E0000330010FD29000088016100006F
:1040C00008200082007F0000000082A4300E000063
:1040D000330010FD190000880161000008200082F3
:1040E000107F0000290000880E610000800401E0BC
:1040F000002010821700E1FC910904900020308319
:10410000A90000880E61200313001EFC03030000B9
:10411000623100D4100A0000AB000EFC0E0000C596
:10412000AA0000A6AB000EFC08001082300E0000B2
:10413000A2CAFFD47A1100AE91090490230000FDB9
:10414000003900006A0600A6010000880004E08231
:104150004A0000AE00200E821204E0E091090490B3
:10416000230010FD00200E82007E3024016100003B
:104170000020008213001EFC103C00000A0100A673
:1041800091090490230010FD00200E82007E30244F
:10419000016100000020008200380000AEFDFFA693
:1041A00091090490230010FD00200E82007E30242F
:1041B000016100000020008200380000AA0200A671
:1041C00091090490230010FD00200E82007E30240F
:1041D00001610000130030FD300E00008B0000FC78
:1041E0003A0020E4300E0000330010FD3900008852
:1041F00001611003100E00000E0003D60E0000C572
:104200000A0B00A60B010084300E0000C2C3FFD4CD
:104210008A0A00AE91090490130000FD00390000E5
:104220008E0000A613010084300E0000C2C2FFD42D
:104230009A0900AE100E0000002010824700E1FC39
:10424000010000880004E0824A0000AE00200E82D7
:104250001204E0E091090490130020FD00200E827A
:10426000107E000089010088011502610020008293
:1042700043001EFC103C00002A0100A69109049096
:10428000130020FD00200E82107E000089010088AE
:104290000115026100200082003800006EFDFFA6BB
:1042A00091090490130020FD00200E82107E000072
:1042B0008901008801150261002000820038000099
:1042C0008E0000A607010084300E0000C2BDFFD49E
:1042D0009A0400AE91090490130020FD00200E8284
:1042E000107E00008901008801150261430030FD45
:1042F000300E00008B0000FC3A0020E4300E00007D
:10430000330010FD3900008801611003100E000019
:104310000E0003D60E0000C58A0000A653000084DC
:10432000300E000002BBFFD4DA0100AE300E0000F8
:104330000B0000848F0001FD300E0000330010FDE3
:1043400019000088016100000D0010880804018335
:10435000300E0000130010FD300E00000E0001D6DC
:104360001A0000AE00010372017200004E72300AA2
:10437000300E0000330010FD2900008801610000AC
:1043800008200082007F0000000082A4300E0000A0
:10439000330010FD19000088016100000820008230
:1043A000107F0000290000880E610000800401E0F9
:1043B000002010821700E1FC910904900020308356
:1043C000A90000880E61200313001EFC03030000F7
:1043D000621B00D4100A0000AB000EFC0E0000C5EA
:1043E000AA0000A6AB000EFC08001082300E0000F0
:1043F000A2B4FFD44A0900AE91090490130000FD55
:10440000003900008E0000A613010084300E000069
:10441000A2B3FFD44A0800AE100E000000201082A4
:104420004700E1FC010000880004E0824A0000AE81
:1044300000200E821204E0E091090490130020FD98
:1044400000200E82107E00008901008801150261A3
:104450000020008243001EFC103C00002A0100A640
:1044600091090490130020FD00200E82107E0000B0
:1044700089010088011502610020008200380000D7
:104480006EFDFFA691090490130020FD00200E820E
:10449000107E000089010088011502610020008261
:1044A000003800008E0000A607010084300E0000D6
:1044B000A2AEFFD44A0300AE91090490130020FD80
:1044C00000200E82107E0000890100880115026123
:1044D000330020FD300E0000330010FD290000885D
:1044E00001611003100E00000E0002D62A0010E138
:1044F000300E00008F0001FD300E0000330010FD73
:1045000019000088016100000D0010880804018373
:10451000300E0000130010FD300E00000E0001D61A
:10452000037201722E72100A0D0000880804E083E5
:10453000100E0000330010FD19000088016100001A
:1045400008200082007F2039CA0200A6203900001E
:10455000A20000A8003900004A0100A6103900009E
:104560008A0100A6EA0300AE40390000AA0200A6B4
:1045700040390000EA0100A850390000AA0200A654
:104580000A0300AE9109049009001088370001FD6C
:10459000DA0200AE9109049019001088370001FD7D
:1045A0005A0200AE9109049029001088370001FDDD
:1045B000DA0100AE9109049039001088370001FD3E
:1045C0005A0100AE9109049049001088370001FD9E
:1045D000DA0000AE9109049059001088370001FDFF
:1045E0005A0000AE8B0000800804E0830001100E2A
:1045F000330010FD190000880161000008240E83BB
:10460000100E00000B0000848F0001FD100E000052
:10461000130010FD100E00000E0001D60001037201
:10462000017200001E7200000004E08300200E836F
:10463000330010FD19000088016100000D00108892
:104640000804018391090490330020FD00200E83AB
:10465000330010FD2900008801610000080012826B
:104660000804018300200E830F0000848F0001FDE9
:1046700000200E83130010FD00200E830E0001D6D3
:1046800000010372017200002E72100A01000088FE
:104690000004E0822A0100AE00200E82007E0000AD
:1046A000080021A4F39B01800161000013E900864A
:1046B0000004018300200E821204E0E000200E823C
:1046C000A60100C482FEFFAE100E0000F39B018421
:1046D000470001FD00010372017200002E72100AF2
:1046E000100E0000430010FD0004E18300200E8343
:1046F00043EB0086000401834900008800200EE19E
:1047000093180186000401838900008800200EE1CF
:1047100093140186000401838920008800200EE1A3
:10472000B3020186000401834920008800200EE1C5
:10473000B30D0186000401830001037201720000C1
:104740005E72200A6700E1FC420A200E0039000078
:10475000CE0000A6090000880004E083400E00009F
:104760000F010084080401834A0600AE010000889E
:104770002700E0FCCA0000AE23001EFC49000088B0
:104780000E610000120401E0002010822700E1FC0D
:1047900023000EFC007E3024890010881E6100007A
:1047A000002001E10020008263001EFC103C00009C
:1047B0000A0100A623000EFC007E30248900108828
:1047C0001E610000002001E100200082003800008E
:1047D0002EFDFFA623000EFC007E302489001088E9
:1047E0001E610000002001E100200082003800006E
:1047F000CE0000A6090000880004E083400E0000FF
:1048000003010084080401834A0100AE23000EFC6A
:10481000007E3024890010881E610000002001E124
:10482000130010FD0004E183400E00000D0010880D
:104830000804018300200E83037201721E720000BF
:104840000004E08300200E8319001088970001FD0A
:1048500000200E8309001088870001FD000103720B
:10486000017200001E7200000004E08300200E832D
:1048700009001088970001FD00200E8309001088B0
:10488000770001FD00010372017200003E72200AF0
:104890001A1A00AE200E0000830000FD203900002F
:1048A0000A0700A620390000A60000AE003900006B
:1048B0004A0100A6103900002A0300A66A1800AEBB
:1048C000403900008A1200A640390000C60800AA3C
:1048D000503900006A1300A68A1700AE200E0000AF
:1048E000570100848F0201FD200E00000D0010888A
:1048F0009F0201FD200E0000530000FD00202083D8
:10490000200E0000530000FD570100840E0002D667
:10491000200E000019001088870001FDBA1500AEB6
:10492000200E00008B0210FC200E00008B0000FC0B
:10493000480010E1200E00008F0201FD200E000053
:10494000530000FD00202083200E00008B0010FC8F
:10495000200E0000530000FD0E0002D689000088E2
:1049600000001EE109020088002001E1210E000084
:104970008B0011FC290030882003200E822D00D4EA
:104980009A1200AE200E00008B0210FC200E0000D8
:104990008B0100FC480010E1200E00008F0201FD99
:1049A000200E0000530000FD00202083200E000098
:1049B0008B0110FC200E0000530000FD0E0002D6FB
:1049C0008900008800001EE109020088002001E142
:1049D000210E00008B0111FC390030882003200ECD
:1049E000622A00D47A0F00AE200E0000330010FDC2
:1049F000200E00009B0200FC007F1061200E0000D2
:104A0000330020FD200E00009B0200FC007F0261AD
:104A10000820118208040183200E00008B0220FC74
:104A2000200E0000330010FD200E00009B0200FC51
:104A3000007F016108200082880010E1200E000044
:104A40008F0201FD200E0000530000FD0020208396
:104A5000200E0000330010FD200E00009B0200FC21
:104A6000007F016108201082200E0000530000FD2D
:104A70000E0002D6200E00009B0200FC107F0000FA
:104A8000190000881061200E8B0000FC007F103D93
:104A9000CA0100A88900008800001EE10902008800
:104AA000002001E1210E0000330021FD210E000055
:104AB0009B0211FC117F126108201182590030887D
:104AC0002003200E422300D4AA0100AE89000088F2
:104AD00000001EE109020088002001E1210E000013
:104AE000330021FD210E00009B0211FC117F126199
:104AF00008201182390030882003200E822100D442
:104B0000200E00009B0200FC1A0010E1200E0000A5
:104B10009F0201FDFA0500AE200E0000530000FDCB
:104B200000202083200E0000530000FD0D0010889F
:104B30000E0002D6D5080490200E0000870001FD6B
:104B40009A0400AE200E00008B0210FC200E000024
:104B50008F0201FD200E00008B0200FC5E0500C5E7
:104B60008A0000A6200E00008B0200FC2E0000C56B
:104B7000AE0000A6200E00008B0200FC080010F919
:104B8000200E00008F0201FD200E0000530000FDEA
:104B900000202083200E00008B0210FC200E00005D
:104BA000530000FD0E0002D6200E0000530000FD51
:104BB000530010FD200E0000530000FD0E0001D632
:104BC000200E0000E2E4FFD45A0000AE200E0000E8
:104BD00082E4FFD40001200E930000FD1039000094
:104BE0007E1800A6200E0000530000FD330010FDCB
:104BF000200E0000530000FD0E0001D60E0000C57F
:104C00008EE4FFA65A1700AE200E0000530000FDF0
:104C1000130010FD200E0000530000FD0E0001D611
:104C20000804E083200E0000730000FD203900001E
:104C30000A0500A620390000A60000AE00390000D9
:104C40004A0100A6103900004A0200A6AA1400AECC
:104C5000403900002A0C00A640390000A60600AA30
:104C600050390000EA0D00A6CA1300AE08200E82DB
:104C70005E0500C5DE1300A6200E0000570100846B
:104C80008F0201FD200E000019001088770001FD41
:104C9000FA1200AE08201E82200E0000222D00D441
:104CA0000E0000C55A1200A6200E0000730020FD61
:104CB0008900008800001EE1C9010088002001E190
:104CC0003203200308201E82200E0000021300D4AD
:104CD000FA1000AE200E00008B0100FC08201E829E
:104CE000080010BDEE0100A6200E00008B0200FCA3
:104CF00008201EE1200E00008F0201FD89000088BF
:104D000000001EE1C9010088002001E1390030885F
:104D10002003000008201E82200E0000821000D414
:104D20007A0E00AE200E000009001088770001FD09
:104D3000FA0D00AE200E00008B0200FC08201EE1E0
:104D4000200E00008F0201FD200E0000330010FD38
:104D5000200E00009B0200FC007F016108240E83EE
:104D6000200E00009B0200FC1A0010E1200E000043
:104D70009F0201FD200E00009B0210FC200E00008F
:104D80008B0000FC080010BD460100AA89000088C5
:104D900000001EE1C9010088002001E159003088AF
:104DA0002003000008201E82200E0000020C00D408
:104DB000FA0900AE8900008800001EE1C9010088E0
:104DC000002001E1390030882003000008201E8205
:104DD000200E0000C20A00D4BA0800AE08200E82DD
:104DE0000E0000C58E0000A6D5080490200E00001D
:104DF000770001FDDA0700AE010904985E0500C5E1
:104E00008E0000A608201E82200E0000A22100D4E1
:104E1000FA0600AE200E000009001088770001FDA0
:104E20007A0600AE200E00008B0210FC200E00005F
:104E30008F0201FD200E00008B0200FC5E0500C504
:104E40008A0000A6200E00008B0200FC2E0000C588
:104E5000AE0000A6200E00008B0200FC080010F936
:104E6000200E00008F0201FD200E00008B0200FCCE
:104E700008201E82080010BDCE0200A6200E0000F1
:104E8000330000FD08200082AE0100C5A60100AE7F
:104E9000200E0000430010FD110A200E330000FD1B
:104EA00008200082007F2024490010881E61000035
:104EB000002001E100201083200E00000E0001D62A
:104EC0007A0100AE87000084200E0000C25DFFD48E
:104ED000FA0000AE4F000084200E0000425DFFD4B7
:104EE0007A0000AE200E000009001088770001FD56
:104EF0000001200E930000FD003900000E0100A605
:104F0000200E0000530000FD230010FD200E0000C5
:104F1000530000FD0E0001D60E0000C54EE7FFA6AF
:104F2000200E0000020300D4000103720172000091
:104F30004E7200000004E0834F00E1FD220A330AB4
:104F40004B000EFC5E0500C56A0000A64B000EFC7F
:104F50002E0000C50E0100A64B001EFC0509049C96
:104F6000310E0000D5080494200E0000490010887E
:104F7000000401834A0000AE200E310E00040183BC
:104F800000010372017200003E72F81F200A000047
:104F900091090490B30000FD00390000EA1400A656
:104FA00091090490B30000FD330100FD4039000079
:104FB0004E1400A691090490B30000FDCB0500FC3F
:104FC000107F000039000088000081E1200E000001
:104FD000530000FD430010FD200E0000530000FDB3
:104FE0000E0001D6007F803D061200A891090490B2
:104FF000B30000FDC30210FC91090490B30000FD52
:10500000B30200FC103C0000061100AA91090490B4
:10501000B30000FD01001088C70201FC200E000053
:10502000530000FD00202083200E0000530000FDEF
:105030000B0000840E0002D6200E0000530000FD7D
:105040000020208391090490B30000FDCB0510FCE3
:10505000200E0000530000FD0E0002D6200E0000BE
:10506000530000FD00202083200E00008B0110FC67
:10507000200E0000530000FD0E0002D6200E00009E
:10508000530000FD0020208391090490B30000FD2F
:10509000D30200FC08001082200E0000530000FD27
:1050A0000E0002D6200E0000530000FD00202083D9
:1050B00091090490B30000FDD30200FC000080A21F
:1050C00008001082200E0000530000FD0E0002D6E2
:1050D00091090490B30000FDCB0510FC200E0000E8
:1050E0008B0100FC480010E191090490B30000FD21
:1050F000D30200FC08000082480010E191090490EE
:10510000B30000FDD30200FC000080A20800008272
:10511000480000E12A0000E14F00E0FD01000088A6
:105120000004E082010000881700E0FC910904906F
:10513000B30020FD00200E82107E000019000088C0
:1051400001612024026100000020108313000EFC86
:10515000007E0161082010825F00E1FD200E00004A
:10516000530000FD00202083200E0000530000FDAE
:105170005B001EFC0E0002D64B001EFC590000888E
:105180000E610000482000E14F00E0FD13001EFC0E
:10519000290000880E610000120401E00020108246
:1051A0001700E1FC91090490B30020FD00200E825D
:1051B000107E0000490200880161000008E00282C0
:1051C000007F000013001EFC103C0000E6FAFFAA5E
:1051D00000200E821204E0E091090490B30000FD6B
:1051E0005B0500FC007F000000201E82103C0000D8
:1051F00086F9FFAA4B000EFC2E0000C56E0000A62B
:105200004B000EFC080000F94F00E0FD200E0000EE
:10521000530000FD00202083200E0000530000FDFD
:105220004B001EFC0E0002D68A0000AE5509049009
:1052300019000088016100005109049400018F1DCC
:10524000037201723E72100A8F00E1FD0D000088AA
:105250000804E0838B000EFC0E0000C5AA0300A624
:10526000100E00009B0000FC8B001EFC080010BD0F
:10527000020100AE100E000009001088770001FD49
:10528000570000880D001088100E0000C20200D4E4
:105290006A0200AE8B000EFC5E0110E0100E0000F2
:1052A0008F0201FD100E00008B001EFC8F0001FD1F
:1052B000100E00000D0010889F0201FD100E00006E
:1052C00029001088770001FD070000800804E083B2
:1052D0006A0000AE100E000009001088770001FD82
:1052E00008200E82037201722E7200000004E08317
:1052F0004F00E1FD5F00E2FD00200E83330000FD62
:105300004B001EFC080401835B001EFC00200E8382
:10531000A23BFFD400010372017200003E72000044
:105320000004E083110A00008F00E2FD9F00E3FD0E
:1053300000200E83110E0000370001FD00200E83B7
:105340008B001EFC9F0001FD00200E839B001EFCB5
:105350008F0101FD00200E833322018600040183AA
:1053600000200E83F3200186170001FD00200E832C
:1053700082A7FFD400010372017200002E72100A8E
:10538000100E0000430010FD0004E1834902008874
:1053900000200EE1435E018600040183C9010088FC
:1053A00000200EE1237101860004018309020088B8
:1053B00000200EE1436B01860004018300010372AB
:1053C000017200002E72100A100E0000430010FD42
:1053D0000004E1838902008800200EE1B34F0186BA
:1053E0000004018300010372017200008E72700AD2
:1053F000070000800F01E0FD0B010EFC2A0000E118
:105400001F01E0FD1B010EFC1A0000E12F01E0FD71
:10541000700E0000330010FD090100880E610000CD
:10542000002000FF0161000008200082107F700E44
:10543000330030FD090100880E610000002020FFCC
:10544000190000880261036108200082007F802427
:105450000161500A700E00008B0010FC29010088C9
:105460000E610000482000E58F01E0FD700E000095
:10547000330010FD190100880E610000002000FFBC
:1054800001610000082010829F01E1FD8901008870
:105490000E610000002000FF990110881E610000CD
:1054A000002021FF40025F72070042E80403150359
:1054B00001020000080000820E0000C58A0000A65C
:1054C00053000084700E0000E22DFFD4EA1500AEF8
:1054D000990100880E610000002000FF20390000C3
:1054E0002A0400A640390000CA0900A610390000AD
:1054F000AE1200A6550E150A010000880004E082D5
:105500004A0200AE700E0000330020FD2901008821
:105510000E610000002010FF00200E82007E01615D
:105520002061110E490000880E61000019003088CA
:10553000C00401E100203083130A00000820028229
:105540000804108300200E821204E0E08901008824
:105550000E610000002000FF00201E82103C0000B1
:1055600006FDFFAA8A0F00AE540E240A010000882F
:105570000004E0822A0400AE700E0000330020FD1B
:10558000290100880E610000002010FF00200E821B
:10559000007E00610161026108200082407F700E80
:1055A000330020FD290100880E610000002010FF5B
:1055B00000200E82007E0061016110031900008846
:1055C0000161026108200082007F0000000083A4C6
:1055D000210E0000890000880E610000290020884B
:1055E000800401E100205083250A0000000103E04F
:1055F0000004108200200E821204E0E0890100887D
:105600000E610000002000FF002A00000800008258
:10561000007F000000201E82103C0000C6FAFFAA96
:10562000AA0900AE510E310A010000880004E08290
:105630006A0700AE700E0000330020FD29010088CB
:105640000E610000002010FF00200E82007E20244A
:105650000161026108200082107F700E330030FD6E
:10566000290100880E610000002020FF00200E822A
:10567000007E20240261200319000088026103617A
:1056800008200082007F8024000021E1700E0000CD
:10569000330030FD290100880E610000002010FF5A
:1056A00000200E82007E2024016110032900008862
:1056B0000161036108200082007F0025000042E1B3
:1056C000700E0000330020FD290100880E610000EB
:1056D000002010FF00200E82007E202401611003B4
:1056E000390000880161026108200082007F00000B
:1056F000080082A5310E0000C90000880E6100007C
:1057000049003088C00401E100203083330A0000E2
:10571000800004E10004108300200E821204E0E007
:10572000890100880E610000002000FF000020A217
:1057300008000082007F000000201E82103C000054
:1057400086F7FFAA8A0000AE53000084700E0000A6
:10575000A219FFD4AA0100AE700E00000B00008455
:105760008F0001FD700E0000330010FD190000884D
:10577000016100000D00108808040183700E000014
:10578000130010FD700E00000E0001D603720172AE
:105790007E72600A0D0000882F00E0FD0F0000807F
:1057A0000F01E0FD600E0000330010FD09010088CC
:1057B0000E610000002000FF01610000082010823F
:1057C0001F01E1FD600E0000330020FD090100888B
:1057D0000E610000002010FF1900008801610261C5
:1057E000082020822F01E2FD190100880E610000CF
:1057F000002010FF190000881061600E9B0000FC63
:10580000007F103D6A0000A8570000802F00E0FDD7
:105810000A1300AE600E0000330010FD190000886E
:105820000161000008200082107F600E330020FD1F
:10583000290000880261000008200082007F802487
:105840000161500A290100880E610000002000FF5C
:1058500020390000EA0300A6403900008A0800A6AB
:10586000103900000E1000A6510E110A0100008828
:105870000004E0820A0200AE110E00004900008818
:105880000E61000019002088800401E100202083BF
:10589000120A600E330030FD00200E82207E0000D0
:1058A0002900008802610361082011820804018335
:1058B00000200E821204E0E0190100880E61000051
:1058C000002000FF00201E82103C000046FDFFAAC1
:1058D0000A0D00AE510E210A010000880004E0828A
:1058E0008A0300AE200E000000203082600E00000F
:1058F000330020FD00200E82107E00002900008869
:10590000016102610800138208040183210E000076
:10591000890000880E61000029002088800401E1D0
:1059200000202083220A000000200182000082A2C1
:10593000600E0000330030FD00200E82107E00005B
:1059400039000088016103610800128208040183A4
:105950002224EEE0190100880E610000002000FF03
:1059600000201E82103C0000C6FBFFAA2A0800AEE1
:10597000510E310A010000880004E0826A0600AE80
:10598000300E000000203083600E0000330020FD48
:1059900000200E82107E0000290000880161026153
:1059A0000800138208040183300E000000200083E9
:1059B000080082A2600E0000330030FD00200E823D
:1059C000107E000039000088016103610800128226
:1059D00008040183300E000000200083080002A3A9
:1059E000600E0000330030FD00200E82107E0000AB
:1059F00049000088016103610800128208040183E4
:105A0000310E0000C90000880E61000049002088A6
:105A1000800401E100202083320A0000002001837D
:105A2000080082A3600E0000330030FD00200E82CB
:105A3000107E000059000088016103610800128295
:105A400008040183130000844024EEE0190100885B
:105A50000E610000002000FF00201E82103C0000AC
:105A6000E6F8FFAA6A0000AE530000802F00E0FDB8
:105A7000000100002B000EFC0E0000C5EE0100A688
:105A80001B010EFC2A0010E1600E00008F0001FDDA
:105A9000600E0000330010FD190000880161000055
:105AA0002B002EFC08040283600E0000130010FD82
:105AB000600E00000E0001D66A0000AE2B001EFC36
:105AC000600E000002FEFED40001037201720000AD
:105AD0004E72300A0F0000801700E0FC300E00000C
:105AE000330010FD190000880161000008200082C9
:105AF000107F300E330020FD290000880261000075
:105B000008200082007F80240161100A100E00002E
:105B1000002010824700E1FC010000880004E082C0
:105B20004A0000AE00200E821204E0E091090490C9
:105B3000130020FD00200E82107E000089010088E5
:105B4000011502610020008243001EFC103C000091
:105B50002A0100A691090490130020FD00200E8266
:105B6000107E00008901008801150261002000827A
:105B7000003800006EFDFFA691090490130020FD7F
:105B800000200E82107E000089010088011502614C
:105B900000200082003800008E0000A6070100846B
:105BA000300E000002F7FED4AA0400AE9109049062
:105BB000130020FD00200E82107E00008901008865
:105BC00001150261430030FD300E00008B0000FC27
:105BD00013001EFC08001182080021E5300E0000B1
:105BE000330010FD13000EFC007E01611003100E47
:105BF0000E0003D60E0000C58A0000A653000084E4
:105C0000300E000002F4FED4AA0100AE300E0000F7
:105C10000B0000848F0001FD300E0000330010FDEA
:105C200019000088016100000D001088080401833C
:105C3000300E0000130010FD300E00000E0001D6E3
:105C400000010372017200004E72300A300E000033
:105C5000330010FD19000088016100000820008257
:105C6000107F300E330020FD290000880261000003
:105C700008200082007F80240161100A100E0000BD
:105C8000002010824700E1FC010000880004E0824F
:105C90004A0000AE00200E821204E0E09109049058
:105CA000130020FD00200E82107E00008901008874
:105CB000011502610020008243001EFC103C000020
:105CC0002A0100A691090490130020FD00200E82F5
:105CD000107E000089010088011502610020008209
:105CE000003800006EFDFFA691090490130020FD0E
:105CF00000200E82107E00008901008801150261DB
:105D000000200082003800008E0000A607010084F9
:105D1000300E000082EBFED44A0300AE91090490DD
:105D2000130020FD00200E82107E000089010088F3
:105D300001150261330020FD300E0000330010FD1C
:105D40002900008801611003100E00000E0002D629
:105D50002A0010E1300E00008F0001FD300E00001F
:105D6000330010FD19000088016100000D0010884B
:105D700008040183300E0000130010FD300E0000F7
:105D80000E0001D60001037201720000910E01980D
:105D9000010000CA2D0030CA910E019C110A019821
:105DA000010000CA2D0030CA110A019C910501981A
:105DB000010000CA2D0030CA9105019C950E01C357
:105DC000910E01C3150A01C3110A01C3950501C350
:105DD000910501C30900008891100194110C0194F0
:105DE0009107019401720000910E0198010000CA10
:105DF0002D0030CA910E019C110A0198010000CAC1
:105E00002D0030CA110A019C91050198010000CAB9
:105E10002D0030CA9105019C950E01C3150A01C3DE
:105E2000950501C3910E01C3110A01C3910501C378
:105E3000017F25800500008051100194D10B019451
:105E40005107019491100194110C01949107019450
:105E5000910501C1110A01C1910E01C10100208803
:105E6000C98210885341008CF9E34F8F4A0000AE7D
:105E7000200201390A0100A6002003FF170010F8D4
:105E8000023C00005AFFFFA6003800000EFFFFA6EC
:105E900014612002DAFEFFAE09000088511001945F
:105EA000D10B01945107019491100194110C0194AC
:105EB00091070194950E01C1150A01C1950501C113
:105EC0000172000009000088110501941D0501C13F
:105ED00005050198110000CA3D0041CA0505019C55
:105EE00005050198610000CA0D0021CA0505019C45
:105EF000150501980B0021F81505019C3D0501C110
:105F0000390501C3350501C13D0501C235050198BB
:105F10000B0021F83505019C250501982B0471F82B
:105F20002505019C250501980B0031F82505019CEC
:105F300051050194910501949D0501C1990501C187
:105F4000950501C1910501C1950501982B0031F816
:105F50009505019C950501980B0011F89505019C8C
:105F6000850501982B0471F88505019C850501982C
:105F70000B0451F88505019C850501982B0031F82B
:105F80008505019C850501980B0011F88505019C8C
:105F9000B50501980B0461F8B505019CB10501C078
:105FA000A50501980B0451F8A505019CAD0501C29A
:105FB000A90501C2A50501C0A10501C0D105019433
:105FC000D50501983B0071F8D505019CD90501C0A4
:105FD000D50501C0D10501C2C5050198110000CA4F
:105FE0003D0041CAC505019CC50501980B0021F87B
:105FF000C505019CFD0501C3F90501C1F50501C1F8
:10600000F10501C10F000084FD0511EBED0501C193
:10601000E90501C1E50501C1E50501980B0041F85D
:10602000E505019C110601941D0601C115060198A4
:10603000110000CA0D0461CA1506019C1D0601C0AD
:10604000150601980B0021F81506019C090601C1EF
:10605000050601C305060198910000CA0D0041CA5A
:106060000506019C3D0601C1350601980B0461F847
:106070003506019C3D0601C035060198310000CA75
:106080000D0021CA3506019C210601C12D0601C063
:1060900025060198310000CA0D0021CA2506019C81
:1060A0005106019491060194D106019411070194BF
:1060B0005107019491070194D107019411080194AB
:1060C0000300FE872D090190400023E8029021CAB9
:1060D00029090194010911E8029011CA05090194E6
:1060E0005108019491080194D108019401720000B3
:1060F00009000088910901949D0901C18509019851
:10610000110000CA3D0041CA8509019C850901981A
:10611000610000CA0D0021CA8509019C95090198FA
:106120000B0021F89509019CBD0901C1B90901C302
:10613000B50901C1BD0901C0B5090198210000CA16
:106140000D0021CAB509019CA50901982B0471F81D
:10615000A509019CA5090198110000CA0D0031CACA
:10616000A509019CD1090194110A01941D0A01C1DC
:10617000190A01C1150A01C1110A01C1150A0198C4
:106180002B0031F8150A019C150A01980B0011F833
:10619000150A019C050A01982B0471F8050A019C57
:1061A000050A01980B0451F8050A019C050A01989B
:1061B0002B0031F8050A019C050A01980B0011F823
:1061C000050A019C350A01980B0461F8350A019C07
:1061D000310A01C0250A01980B0451F8250A019CD7
:1061E0002D0A01C2290A01C2250A01C0210A01C0E3
:1061F000510A0194550A01983B0071F8550A019C17
:10620000590A01C0550A01C2510A01C0450A019844
:106210003B0041F8450A019C450A01980B0021F812
:10622000450A019C7D0A01C1790A01C1750A01C1B3
:10623000710A01C10F0000847D0A11EB6D0A01C3D0
:10624000690A01C1650A01C1650A01980B0041F89C
:10625000650A019C910A01949D0A01C1950A019861
:10626000110000CA0D0461CA950A019C9D0A01C073
:10627000950A01980B0021F8950A019C890A01C131
:10628000850A01C3850A0198910000CA0D0041CA20
:10629000850A019CBD0A01C1B50A01980B0461F889
:1062A000B50A019CBD0A01C0B50A0198310000CAB7
:1062B0000D0021CAB50A019CA10A01C1AD0A01C0A5
:1062C000A50A0198310000CA0D0021CAA50A019C47
:1062D000D10A0194110B0194510B0194910B01947B
:1062E000D10B0194110C0194510C0194910C019467
:1062F0000300FE87AD0D0190400023E8029021CA03
:10630000A90D0194810D11E8029011CA850D019427
:10631000D10C0194C1C3098005000080110D0194C6
:1063200081871380050030805D0D019401720000AB
:1063300009000088110E01941D0E01C1050E01987F
:10634000110000CA3D0041CA050E019C050E0198CE
:10635000610000CA0D0021CA050E019C150E0198AE
:106360000B0021F8150E019C3D0E01C1390E01C331
:10637000350E01C13D0E01C0350E0198210000CA45
:106380000D0021CA350E019C250E01982B0471F8D1
:10639000250E019C250E0198110000CA0D0031CA7E
:1063A000250E019C510E0194910E01949D0E01C188
:1063B000990E01C1950E01C1910E01C1950E019872
:1063C0002B0031F8950E019C950E01980B0011F8E9
:1063D000950E019C850E01982B0471F8850E019C89
:1063E000850E01980B0451F8850E019C850E0198CD
:1063F0002B0031F8850E019C850E01980B0011F8D9
:10640000850E019CB50E01980B0461F8B50E019C38
:10641000B10E01C0A50E01980B0451F8A50E019C08
:10642000AD0E01C2A90E01C2A50E01C0A10E01C090
:10643000D10E0194D50E01983B0071F8D50E019C48
:10644000D90E01C0D50E01C0D10E01C0C50E0198F4
:106450003B0041F8C50E019CC50E01980B0021F8C8
:10646000C50E019CFD0E01C1F90E01C1F50E01C161
:10647000F10E01C10F000084FD0E11EBED0E01C104
:10648000E90E01C1E50E01C1E50E01980B0041F8CE
:10649000E50E019C110F01941D0F01C1150F01980C
:1064A000110000CA0D0461CA150F019C1D0F01C027
:1064B000150F01980B0021F8150F019C090F01C160
:1064C000050F01C3050F0198910000CA0D0041CAD4
:1064D000050F019C3D0F01C1350F01980B0461F8B8
:1064E000350F019C3D0F01C0350F0198310000CAE6
:1064F0000D0021CA350F019C210F01C12D0F01C0D4
:10650000250F0198310000CA0D0021CA250F019CFA
:10651000510F0194910F0194D10F01941110019426
:106520005110019491100194D11001941111019412
:106530000300FE872D120190400023E8029021CA3B
:1065400029120194011211E8029011CA0512019456
:106550005111019491110194D11101940172000023
:106560000900008811000194050001980B0451F8FE
:106570000500019C010001C2110001C0D10001947D
:1065800011010194010F278005001080550101942D
:10659000510001949100019491010194D101019461
:1065A000110201945102019491020194D1020194CB
:1065B000110301945103019491030194D1030194B7
:1065C000110401945104019491040194D1040194A3
:1065D00082C7FFD4C2D8FFD4A2EAFFD462BDFFD4E1
:1065E000510900C1910B00C11F000080ED0E00EBAE
:1065F0009D0901C31D0E01C31D0501C342BFFFD488
:10660000017200001E72000001006080952212805D
:10661000A70001FD09001088B70001FD170101FD69
:10662000270101FDF70001FD070101FD0372017261
:10663000010100BF210E0080050020801901009497
:1066400066010286002020840A11008A821B00B89D
:10665000110020840A11008A620600B621002084FD
:10666000660102860A11008AA21200B8170000888B
:10667000270112FC210010840004118600202084D0
:1066800011002186E394018000201084061002840A
:106690000004108611003084063006841100308614
:1066A00006100480063104800100008005E321808B
:1066B000420400000641048421002086A100408499
:1066C0008A40008AE20D00BA71002086810020868F
:1066D00082200280E39401805100108661001086C0
:1066E0008A41008AC20D00BA8211028031001086F0
:1066F000410010867100118431011186310021841E
:10670000410121865100318451013186810011847B
:10671000610111864100218471012186610031846B
:1067200081013186AA0500AE0F000088270112FC06
:10673000002410831100108411001186E39401805D
:1067400000201084061002840004108611002084AA
:10675000062004841100208606100680862106800B
:106760000100008005E32180420400008641068488
:1067700021003086A10040848A40008A320600BA97
:10678000710030868100308682300280E39401807F
:1067900051001086610010860A41008A220600BA64
:1067A00002110280310010864100108631001184F0
:1067B000310111865100218441012186710031840B
:1067C00051013186410011846101118661002184EB
:1067D000710121868100318481013186B1001184EB
:1067E00002100080510021843100118402110280C6
:1067F0000100008005E3018030040000863002843F
:1068000006100280110111867100118402110480AA
:10681000063104840620008021010186E39401886A
:10682000110102845600048E20063106110D0194D8
:10683000210102845600048E20063106510D019478
:10684000010100BD0172000006120A80E39401807C
:1068500086510C807100608682510A8081005086CA
:106860002AF9FFAEE39401800212068031003086DF
:106870000211028082200280864002804100108640
:106880004AF9FFAE06120A80E394018006510C809B
:106890007100608602510A80810050868AF1FFAE45
:1068A000E39401800212048031002086821102806C
:1068B000823002808640028041001086AAF1FFAE3D
:1068C00007000088270112FC2100108406100288AE
:1068D0000004118611001084061002881100118630
:1068E000E3940180002010840610028400041086C6
:1068F00011003084063006841100308606100480B2
:10690000063104800100008005E32180420400007C
:106910000641048421002086A10040848A40008A28
:10692000020300BA71002086810020868220028046
:10693000E394018051001086610010868A41008A2C
:10694000E20200BA821102803100108641001086F6
:1069500051001184310111863100218441012186C9
:106960007100318451013186610011846101118609
:1069700041002184710121868100318481013186A9
:10698000CAF2FFAE06120A80E394018006510C8021
:106990007100608602510A80810050866AFCFFAE59
:1069A000E39401800212048031002086821102806B
:1069B0008230028086400280410010868AFCFFAE51
:1069C00011002084660102860A11008A221000B894
:1069D000210020840A11008AC20700B81B00008829
:1069E000270112FC1100108400041186210020846C
:1069F00011002186E3940180002010840610028497
:106A000000041086110020840620048411002086D2
:106A100006100680862106800100008005E32180A3
:106A2000420400008641068421003086A100408493
:106A30008A40008A020300BA7100308681003086E5
:106A400082300280E394018051001086610010863C
:106A50000A41008AE20200BA021102803100108667
:106A6000410010865100118431011186710021848A
:106A70004101218631003184510131866100118448
:106A800061011186810021847101218641003184D8
:106A9000810131862AEAFFAE06120A80E394018062
:106AA00086510C807100608682510A808100508678
:106AB0006AFCFFAEE394018002120680310030864A
:106AC00002110280822002808640028041001086EE
:106AD0008AFCFFAE0B000088270112FC0020108406
:106AE0000610028800041186210010840610028816
:106AF00011001186E39401800020108406100284A6
:106B0000000410861100308406300684110030869F
:106B100006100480063104800100008005E3218016
:106B2000420400000641048421002086A100408424
:106B30008A40008A020300BA710020868100208604
:106B400082200280E394018051001086610010864B
:106B50008A41008AE20200BA821102803100108666
:106B600041001086310011843101118671002184A9
:106B70004101218651003184510131864100118447
:106B800061011186810021847101218661003184B7
:106B9000810131862AE2FFAE06120A80E394018069
:106BA00006510C807100608602510A808100508677
:106BB0006AFCFFAEE394018002120480310020865B
:106BC000821102808230028086400280410010865D
:106BD0008AFCFFAE13000088270112FC110010840C
:106BE0000610028800041186002010840610028816
:106BF00011001186E39401800020108406100284A5
:106C000000041086110020840620048411002086D0
:106C100006100680862106800100008005E32180A1
:106C2000420400008641068421003086A100408491
:106C30008A40008A020300BA7100308681003086E3
:106C400082300280E394018051001086610010863A
:106C50000A41008AE20200BA021102803100108665
:106C60004100108671001184310111865100218488
:106C70004101218631003184510131868100118426
:106C800061011186610021847101218641003184F6
:106C9000810131862ADAFFAE06120A80E394018070
:106CA00086510C807100608682510A808100508676
:106CB0006AFCFFAEE3940180021206803100308648
:106CC00002110280822002808640028041001086EC
:106CD0008AFCFFAE1E720000230110FC3138000058
:106CE0008A0400A631380000CE0100A85138000007
:106CF0000A0600A651380000CA0400A86138000046
:106D00008E0600A6F1001084E100108601010084C7
:106D100006000488D100208606100080C10000868D
:106D20006A0200AE113800004A0100A621380000B6
:106D30000E0500A6F1001084C10010860101008438
:106D400006000488D100208606100080E10000863D
:106D5000EA0000AEF1001084D10010860101008429
:106D600006000488E100208606100080C10000862D
:106D700003720172F1001084C100108601010084C9
:106D800006000488E100208606100080D1000086FD
:106D9000EAFEFFAEF1001084E100108601010084DC
:106DA00006000488C100208606100080D1000086FD
:106DB000EAFDFFAEF1001084D100108601010084CD
:106DC00006000488C100208606100080E1000086CD
:106DD000EAFCFFAE09001088E70001FDD70001FDC5
:106DE000C70001FD4AFCFFAE1E72F81F802600009E
:106DF00011040490220010E901390000CA0700A61E
:106E0000420000E9003900000A0100A6090404C09C
:106E100009000088D00900049163069483980180DA
:106E200001001088270001FC00040086090010887A
:106E3000D1091104556306948397018001000080F5
:106E4000B501128021040000C10004BF002E000023
:106E50000A2000847100008661001086E30001882A
:106E60001003000042FF00D4810304BF002E00265F
:106E7000410104BD060000840171AC8045E301803E
:106E800010040000860000800A0010886601028657
:106E90000A10008A220000B9AA0200AE03980180FD
:106EA00041008086C1E8A28035E11180D10911043A
:106EB0009563069401000080B50112802104000052
:106EC000010104BF002E00000A200084710000862A
:106ED00061001086F30001881003000082FB00D4DB
:106EE000C10304BF810104BD802E8F1D0372017296
:106EF0002228FDD42AFDFFAE820000E900390000FF
:106F00008A0F00A63399018000200082007C0004D3
:106F10000A00008E01081780D503028010040000CB
:106F2000061000840100008085C11180110400005A
:106F30000610008431652E80852002801004000038
:106F40000210008000260000416406BD816406BF77
:106F5000002E0000060002860A10008A420F00B6CA
:106F6000160002860210008000260000816406BD23
:106F700011040490420000E9003900008A0100A6D3
:106F8000090404C0C398018021000084010000802E
:106F9000B5011280110400000A10008400260000D0
:106FA000015C06BD4108178055031280000401836F
:106FB00003970180817A06BF002E000071000086D1
:106FC000C39801A00020088461000086D3000188D6
:106FD00010030000C2F300D401000080B50102805C
:106FE00080040000410304BF102E00008A80028448
:106FF000210018860020088442CE00D411000886A3
:10700000060000840680008406800084513EE880EB
:10701000B501128011040000860000800A0010886B
:10702000660102860A10008A220000B98A0C00AEAE
:1070300080260000015D06BD83970180010000806D
:10704000B501128011040000C10004BF002E000031
:107050000A10008471000086416306BF002E000004
:1070600061000086E30001881003000002EF00D4F5
:10707000810304BF002E0026410104BD06000084E8
:107080000171AC8045E3018010040000860000809F
:107090000A001088660102860A10008A220000B9E0
:1070A0002A0900AE0398018041008086068010887E
:1070B0005100808601000080B5011280110400009B
:1070C000010104BF002E00000A1000847100008638
:1070D000816306BF002E000061000086F300018876
:1070E0001003000042EB00D4C10304BF810104BDC2
:1070F000AAEFFFAEC398018433990180002000827B
:10710000007C00040A00008E510817805520028080
:1071100010040000061000840100008085C1018079
:1071200010040000061000844108178055030280F7
:107130001004000002100080510001860900008840
:10714000170010FD2AF0FFAEC398018000201084C4
:10715000510020848620008041000086660106865A
:107160000A30008A420200B8C16306BF302E000018
:1071700086300280C39801800004108602000088D7
:10718000310010840100008005E31180310400000B
:10719000863002840A10008A420000B620260000D1
:1071A000016306BD09000088916406940AEEFFAEF3
:1071B000C16306BF302E000082300280AAFDFFAE00
:1071C000A211FDD44AF3FFAE6211FDD4AAF6FFAEC0
:1071D00011040490220000E9003900008A0500A68D
:1071E0009398018000200082107C0000F6F910C501
:1071F000060200AE93980184120410E08398018087
:1072000000201182270001FC016206BF002E000051
:10721000410004BF102E00000210008046000286CC
:107220000A10008A820200B600260000410004BD58
:1072300001720000016206BF002E0000612AB980C1
:1072400025E00180100400000A10008AE20000B46A
:1072500031ACB780D5A2018010040000021000807C
:1072600000260000016206BDEAFCFFAE090404C26C
:10727000050404C08AFCFFAE4600028606100080AA
:107280000610008000260000410004BD01720000CD
:10729000C17B06BF002E0000D1169180C5C00180C1
:1072A000100400000A10008A620000BA0610008074
:1072B00000260000C17B06BD017200001E72802600
:1072C0009026A026B0260000C3980180010000800F
:1072D00085E3118031040000370001FD01000080CA
:1072E00025011280670001FD01C0C38015400280A6
:1072F00091000494839701800100008005001280B2
:10730000A1040000170001FDA199998095E1118069
:1073100091040000270001FD71E7FB8075E31180F7
:1073200081040000370001FDA1703D8065E31180FC
:1073300071040000470001FDA1703D8065E31580E8
:10734000570001FD09001088B109B1040004018350
:10735000B0260000810304BD039801801100A086BF
:107360002100908631008086410070865100B086F1
:107370000004B086B0260000C10304BD039701805D
:10738000C1270F80B5C31180170001FDF1CB2D80FF
:1073900005A31180270001FD31003086618FC28076
:1073A00095001280470001FD5100B0860004B086B0
:1073B000B0260000410304BDB02EA02E902E802EDA
:1073C000037201721E720000010404C009000088EB
:1073D00011630694050404C20D0404C0090404C228
:1073E000C2F6FFD4626800D482AD00D40372017289
:1073F000710C00C0E39401804290FFD4C1C30980A6
:1074000005000080110D0194818713800500008024
:10741000510D01940900008851100194D10B019481
:10742000510701945108019491100194110C019499
:1074300091070194421200D433990180628200D4F2
:10744000310A00C0710C00C201720000F81F000078
:10745000E22100D4427A00D4052400C322FBFFD4E9
:10746000E2CD00D4E20C00D4420D00D402FCFFD4E3
:10747000574100A00A0200AE42FAFFD482FBFFD4BB
:10748000A20800D40E0000C58A0000A611040490D2
:10749000320010E911390000EA0200A6030101845C
:1074A0001A2001E9080000E1D5220098DE0311ED61
:1074B000480000EBD122009C82C900D4220800D4ED
:1074C000020600D40E0000C5AAFDFFA61104049018
:1074D000120000E900390000EEFCFFA6002008FFC2
:1074E0002F0020F81E0000C56AFCFFA6E20E00D4A3
:1074F000010404C24AFCFFAE304400003F0030F8F3
:10750000302400001504049031400000400020EBBE
:10751000190404942AFCFFAE0E0010C50A0100A64F
:10752000230010FCD60110C4660100AE420020E129
:10753000120421E429001088000401830172000074
:10754000230010FCD60110C4860000AE0904008898
:1075500001001088270001FC01720000190010884A
:10756000000401837F0001FD2AFFFFAE09000088AF
:107570005106049481060494D1050494050604A6DA
:1075800001720000B10604980E0000C52A0000A692
:10759000BD0604A701720000310604980E0000C564
:1075A0002A0000A63D0604A7017200008105049090
:1075B000360100C4460000AE63010184120410E0ED
:1075C00001720000F81F000081050490460100C40C
:1075D0002A0000A68F1D0172F70800A0002018FFE6
:1075E0005F0011F89301018062F9FFD4002018FFB9
:1075F0006F0021F873010180E2F8FFD4850504A62D
:107600008AFEFFAE22FBFFD4530000808105049464
:1076100001720000626E00D4A27E00D401404B8053
:10762000C5200080C2CEFCD4A279FFD4510900C18C
:10763000910B00C382C600D409E001C005E001C07F
:1076400001E00198110000CA0D0450CA01E0019C3C
:10765000310D03800500008091E00194010F009836
:10766000510000CA0D0020CA010F009C610900C032
:10767000A10B00C21DE001C3710C00C0017200002B
:10768000910E0198010000CA2D0030CA910E019C94
:10769000110A0198010000CA2D0030CA110A019C8C
:1076A00091050198010000CA2D0030CA9105019C86
:1076B000950E01C3910E01C3150A01C3110A01C33E
:1076C000950501C3910501C301720000950E01C12A
:1076D000910E01C1150A01C1110A01C1950501C12F
:1076E000910501C1017200000D0601C38D0A01C39D
:1076F0000D0F01C30172000000201084121041F52B
:10770000240435040E20008E8A00008A420100B64F
:1077100000040086110010840A10008AA20100BA39
:1077200011000086210010840A10008A020200BAAB
:107730002100008601720000121042F54404550435
:107740000E40048E8A20008A42FEFFBA0004208682
:107750000AFEFFAE121042F5440455040E40048E9A
:107760008A20008AE2FDFFBA11002086AAFDFFAE42
:10777000121022F5220433040E20008E8A00008AA3
:10778000220000BA2100008601720000F81F800369
:10779000014726800500208009401688C2FAFFD4E0
:1077A000210008845600048E2006310691100194B1
:1077B000110008845600048E20063106110C019435
:1077C000002008845600048E20063106910701949B
:1077D0008F1D0172F81FF91F80269003810300009E
:1077E00001472680050020800940168842F8FFD412
:1077F000210009840100808045210280800400006E
:10780000028000805600048E20063106511001943B
:1078100011000984028000805600048E2006310683
:10782000D10B019400200984028000805600048E50
:10783000200631065107019401472680050020806B
:10784000094016880803000062F5FFD4210008846F
:10785000068000805600048E2006310691100194A7
:1078600011000884068000805600048E2006310630
:10787000110C019400200884068010805680008E30
:107880000006110691070194802E9F1D8F1D017225
:107890000900008811100394011003C2091003C0ED
:1078A0005110039441100398010000CA0D0010CA42
:1078B0004110039C451003C1930100805118039CA3
:1078C00071180398110000CA0D0030CA7118039C8A
:1078D00041180398410000CA3D0050CA4118039C5A
:1078E00041180398110000CA0D0020CA4118039CDA
:1078F000091003C311180398110000CA0D0030CA03
:107900001118039C1D1803C3111803C12D1803C3BC
:1079100010100000911803940BC60084002001FF92
:107920003F04E0F80E0000C58EFFFFA6391803C320
:107930000FC60084002001FF2F0460F81E0000C560
:107940008AFFFFA6311803C30FC60084002001FF81
:107950002F0460F81E0000C58AFFFFA60FC6008432
:10796000002001FF3F04E0F80E0000C58AFFFFA6DB
:10797000E1110390010000CA0D00E0CAE111039477
:10798000911103C39D1103C391110398510000CAC3
:107990000D0030CA9111039CAD1103C36BC4008468
:1079A000002001FF3F04E0F80E0000C58EFFFFA697
:1079B000A91103C36BC40084002001FF2F0460F8E9
:1079C0000E0000C58EFFFFA6E1130390110000CA50
:1079D0000D00E0CAE1130394911303C39D1303C385
:1079E00091130398710000CA0D0030CA9113039CD3
:1079F000AD1303C3EBC40084002001FF3F04E0F893
:107A00000E0000C58EFFFFA6A91303C3EBC40084BC
:107A1000002001FF2F0460F80E0000C58EFFFFA6B6
:107A200061140390410000CA0D00E0CA6114039480
:107A3000111403C31D1403C311140398510000CA89
:107A40000D0030CA1114039C2D1403C30BC5008410
:107A5000002001FF3F04E0F80E0000C58EFFFFA6E6
:107A6000291403C30BC50084002001FF2F0460F814
:107A70000E0000C58EFFFFA661150390110000CA1D
:107A80000D00E0CA61150394111503C31D1503C34E
:107A900011150398510000CA0D0030CA1115039C3E
:107AA0002D1503C34BC50084002001FF3F04E0F8FF
:107AB0000E0000C58EFFFFA6291503C34BC5008429
:107AC000002001FF2F0460F80E0000C58EFFFFA606
:107AD0000300FE83611703E802FA00CA61170394EA
:107AE000111703C31D1703C311170398510000CAD0
:107AF0000D0030CA1117039C2D1703C3CBC500849A
:107B0000002001FF3F04E0F80E0000C58EFFFFA635
:107B1000291703C3CBC50084002001FF2F0460F8A0
:107B20000E0000C58EFFFFA6017200001E7200004D
:107B30000004E08300010372017200001E72000065
:107B40000004E08300010372017200002E72000045
:107B50000004E083110A0000010000880372017232
:107B60004E72100A210A0000CF00E2FDCB000EFC8D
:107B70000E0000C56A0000A6070000800004E08235
:107B80004A0000AE010000880004E08200200E825E
:107B9000037201722E7200000004E0832700E1FCF2
:107BA00009000088037201721E7200000804E0835D
:107BB00003FEFF8308201E82080010BD6E0000A691
:107BC000FF0100800804E083CA0000AE08200E8296
:107BD0000E0000C5660000A808200E82080000FB09
:107BE0000804E08308200E82037201721E720000F6
:107BF0000004E0820300FE8300201E82103C00008F
:107C00006E0000A6FFFF01800004E082CA0000AE03
:107C100000200E8200380000660000A800200E82BE
:107C2000007A00000004E08200200E8203720172DC
:107C30001E7200000004E083010000800500048043
:107C400000201E83103D00008E0000A6F1FFFF8083
:107C5000F5E303800004E083CA0000AE00200E8339
:107C600000390000660000A800200E83007B0000A1
:107C70000004E08300200E83037201722E72E01F65
:107C80000008E183090000880100008005001480DD
:107C900000602E8300403E83203D313FCE0000A691
:107CA000F9E30F8FF1FFFF80F5E31380E01F000081
:107CB0000008E1834A0100AE00600E8300401E838D
:107CC0000039013BC60000A800600E8300401E83FF
:107CD000007B0000020011EFE01F00000008E183BC
:107CE00000200E83110E0372017200001E7200004C
:107CF00000040E866601008600201E848A00008A29
:107D0000620000B600200E840600008800040E8683
:107D100000200E84037201722E720000000C0E8689
:107D200000081E866601008700602E8400403E84A5
:107D30000A01008BA20000B600600E8400401E8481
:107D400006000089000C0E8600081E8600600E8466
:107D500000401E8403720172410504BF102E000012
:107D60000610028410260000410504BD010504BF71
:107D7000202E00000620048420260000010504BDFA
:107D800006100080062000800100008005E30180CD
:107D9000300400000630008400260000410404BDC9
:107DA0008200008000260000810404BD02010080E2
:107DB00000260000C10404BD01720000F81F810309
:107DC00000201084660104868A20008AC20200B85E
:107DD00011002084660106860A31008A220B00B653
:107DE00021003084660108868A41008AA20800B812
:107DF00010260000010504BD30260000410504BD29
:107E0000A2FAFFD4410404BF00848F83C10404BFDD
:107E1000002E000011000886810404BF002E00001F
:107E2000210008868A0A00AE1100208466010686B9
:107E30000A31008A420200B82100108466010686D9
:107E40008A30008AC20300B810260000010504BD74
:107E500020260000410504BDE2F7FFD4810404BFE1
:107E600000848F83410404BF002E000011000886A7
:107E7000C10404BF002E000021000886CA0700AE1E
:107E80000610028810260000010504BD06200488A3
:107E900020260000410504BDE2F5FFD4410404BFE3
:107EA00000848F83810404BF002E00001100088627
:107EB000C10404BF002E000021000886CA0500AEE0
:107EC0000610028810260000010504BD0020108461
:107ED0000610028810260000410504BDC2F3FFD43D
:107EE000C10404BF00848F83410404BF002E00003E
:107EF00011000886810404BF002E000021000886BE
:107F0000AA0300AE0620048820260000010504BD57
:107F10000630068830260000410504BDC2F1FFD4BA
:107F2000810404BF00848F83C10404BF002E0000BD
:107F300011000886410404BF002E000021000886BD
:107F4000AA0100AE20260000010504BD002CF0832C
:107F5000410504BD02F0FFD4C10404BF00848F8337
:107F6000810404BF002E000011000886410404BFF4
:107F7000002E0000210008868F1D0172F81FF91FD6
:107F80007300018400205184D39D01A04100288406
:107F90008622048061002886A39D01801100308420
:107FA0000631048481002886110041845100088430
:107FB00006020080710008868601068491003886DA
:107FC000410058865100488600206084D30101801A
:107FD0009300018400201184A14B948055012280DC
:107FE000720400008670028486620A8486500280D1
:107FF000862002800004108611000184067000842F
:108000000662088406400080063000801100008669
:10801000110008840200028CB30001841100118653
:108020000600008C00040186B3010188A26100D41F
:10803000B30101A4739E0180C1001884002009844B
:10804000627500D4839E0180C100188411000984E8
:10805000E27400D4B1000884660102860A10008A26
:10806000E20200BAC17906BF102E0000061000809F
:10807000017706BF102E000006100084D39D0180FA
:108080003100008600201084061002841100208434
:1080900082200280460004868A20008AE20100B61F
:1080A00010260000817706BDA39E0180C17A06BF1D
:1080B000102E0000C27100D49F1D8F1D01720000A0
:1080C000C17906BF102E000002100080017706BFA4
:1080D000102E0000061000840AFDFFAE4600048644
:1080E000862002808620028010260000817706BD4F
:1080F000AAFDFFAE1E720000A39D0180A199998088
:10810000D5001280170001FD414F618075E211809A
:1081100000040183415C6C80C5021280270001FDD0
:10812000D39D018009001088F1091104270001FD89
:1081300031001086C112608015E11180C70001FD79
:10814000211C1080E5E01180E70001FD71711B80AA
:1081500055C0118000040183210110860372017251
:108160000E720000624A00D4D38F0180425B00D4BB
:108170000700008CFDE32F8FE39001843390018092
:10818000C28CFED433900180E227FED4339001806C
:10819000422AFED433900180028FFED433900180B6
:1081A0000291FED433900180C24E00D4D38F01845B
:1081B00033900180C25B00D49109049019001088AB
:1081C000370001FD9109049007000084A26B00D4E0
:1081D00091090490039F0184170001FD9109049007
:1081E000C39F018400040183D38F0180620600D401
:1081F000E26B00D400010372017200000E720000F5
:108200003390018000201083339001800E0001D64E
:1082100000010372017200000E720000226B00D494
:1082200000010372017200004E7200000004E0833E
:10823000110A220A330A000000201E83D507049485
:10824000110E000015080494210E00005508049436
:10825000310E0000950804940001037201720000C1
:108260002E7200000004E0834F00E1FDD50704906A
:108270004B000EFC0E0001D60001037201720000DB
:108280001E7200000004E083110804900E0000D666
:10829000037201721E7200000004E0835108049012
:1082A0000E0000D6037201721E7200000004E0830B
:1082B000910804900E0000D6037201721E72000035
:1082C0000004E08300200E838309028600040183FA
:1082D00000200E83030A0286170001FD00200E8392
:1082E000530A0286270001FD00200E83A30A02869E
:1082F000370001FD0001037201720000016403C335
:10830000812000C30D6403C28D2000C2096403C232
:10831000496603C2C92100C2456603C2C52100C225
:10832000416603C2456603C3C52100C3096403C394
:10833000892000C3056403C3892000C2C12100C293
:10834000852000C31D6403C29D2000C20D6403C3C9
:108350008D2000C34D2400C0492400C0452400C026
:10836000412400C0012300C10D2300C0452400C1E9
:10837000152300C0552400C2592400C27300008098
:10838000D191039CB30000808192039CA19A039831
:10839000910000CA0D0060CAA19A039C01720000FE
:1083A000F1FF0F80050010809520009409000088DF
:1083B0005120009411640394D521009491210094DC
:1083C0005166039415230094D1220094916803947C
:1083D0005524009411240094D16A0394E2F8FFD448
:1083E000017200000900008811AB03941DAB03C1AA
:1083F00019AB03C115AB03C115AB03983B0041F8A2
:1084000015AB039C15AB03C011AB03C291AB039436
:108410009DAB03C199AB03C195AB03C195AB039869
:108420003B0041F895AB039C95AB03C091AB03C2F5
:1084300091AB03949DAB03C199AB03C195AB03C151
:1084400095AB03983B0041F895AB039C95AB03C0FB
:1084500091AB03C211AC03941DAC03C119AC03C1B1
:1084600015AC03C111AC0398010000CA3D0040CA1D
:1084700011AC039C15AC03C011AC03C21DAB03C30C
:108480009DAB03C31DAC03C3017200000100108843
:10849000E70001FCF70001FC470101FC090010881E
:1084A000B70001FDC70001FDD70001FD570101FC28
:1084B00001720000130130FCB30010FD237C0000AA
:1084C000800031E1B70003FD230120FCC30040FD23
:1084D000527C0000400124E1C70002FD330110FC82
:1084E000D30040FD517C0000400114E1D70001FDA4
:1084F000820240E1122044E0470104FCF63F40C400
:10850000CE0100A8A3200000E70003FCA220000089
:10851000F70002FCA1200000070101FC0100108807
:10852000470101FC09001088B70001FDC70001FDEB
:10853000D70001FD07000084570101FC0172000013
:10854000130110FCC20120E1402012E4170101FCDC
:10855000230110FCE20120E1402012E4270101FC8C
:1085600001720000530100FC01720000370001FCA1
:10857000117E000019002088840011AD270001FC45
:1085800001001088170001FC09001088370001FD68
:10859000870001FC0172000000201082330020FDE2
:1085A000317C0000C00012E1370001FD130020FC07
:1085B000230030FC233C0000820000AA220010E1CE
:1085C000120412E0430000FC01720000330020FCA2
:1085D000440021A9470001FC09001088370001FD73
:1085E000170001FC07000084870001FCAAFEFFAE13
:1085F00051810098010000CA3D0060CA5181009C71
:1086000041810098310000CA1D0470CA4181009C5C
:10861000598100C05D8100C151A10098110000CABC
:108620003D0060CA51A1009C41A10098310000CAE0
:108630001D0470CA41A1009C59A100C05DA100C1E8
:1086400051840098310000CA3D0060CA5184009CEA
:1086500041840098110000CA1D0470CA4184009C26
:10866000598400C05D8400C1D1850098310000CAE2
:108670003D0060CAD185009CC1850098110000CAE8
:108680001D0470CAC185009CD98500C0DD8500C16C
:10869000D1820098A10000CA3D0060CAD182009C2E
:1086A000C1820098210000CA1D0470CAC182009CCA
:1086B000D98200C0DD8200C11D8000C30F2000846C
:1086C000002001FF3F04E0F80E0000C58AFFFFA66E
:1086D0001DA000C30F280084002001FF3F04E0F824
:1086E0000E0000C58AFFFFA61F0000804D1200EBA0
:1086F000310A00C0710C00C041840098610000CABA
:108700000D0040CA4184009CC1850098710000CAD8
:108710000D0040CAC185009CC1820098410000CA7A
:108720000D0040CAC182009C01720000090000884F
:10873000117001941D7001C1157001C1117001C14A
:108740001D7001C0157001C0117001C00D7001C114
:10875000097001C1057001C3017001C30570019862
:108760000B0031F80570019C3D7001C1397001C1E9
:1087700035700198110000CA1D0021CA3570019C96
:10878000317001C02D7001C1297001C1257001989F
:108790000B0451F82570019C2D7001C0297001C097
:1087A000257001980B0011F82570019C51700194FF
:1087B0005D7001C1597001C1557001C1517001C195
:1087C0005D7001C0597001C0557001C0517001C089
:1087D000657001C1497001C1457001C1417001C19D
:1087E0004D7001C0497001C0457001C0417001C0A9
:1087F000C30100847D7011EB757001980B0021F8A6
:108800007570019C6D7001C1697001C1657001C313
:10881000617001C16D7001C0697001C0657001C2F5
:10882000617001C091700194D1700194C170019C7C
:10883000117101941D7101C10171019C517101946B
:1088400091710194D171019411720194517201944A
:108850004D7201C1497201C1497201C0397001C133
:108860001D7001C10172000068670000580000001F
:10887000000000006C40000010000000000000003C
:10888000146800000C0000000000000044400000DC
:108890001400000000000000584000001400000018
:1088A000000000009C4000002413000000000000B5
:1088B000386500004C01000000000000004000008E
:1088C0004400000000000000C063000078010000C8
:1088D00000000000984000000400000004000000B8
:1088E000C06300007C400000100000000000000099
:1088F0008C4000000C00000000000000FC6600003E
:108900006C0000000000000000680000140000007F
:10891000040000004A756E20323820323032343183
:10892000313A32373A303900C06700004000000069
:1089300004000000FFFF0000A81680003C15800026
:10894000681B8000541F8000B82E800000000000CB
:108950000000000000000000000000000000000017
:10896000000000000100000084660000000000001C
:108970000000000084660000780000000000000095
:10898000C05300000010000000000000206800003C
:108990000400000000000000000000001E72000043
:1089A00053A0018009001088F1090104000401832B
:1089B000110000860100008085E31180270001FD81
:1089C000037201721E72F81F802690260210108614
:1089D0004108178055030280100400000A10008A25
:1089E000C20000B40900008851810694418106BF8D
:1089F000002E902E802E8F1D03720172310B558038
:108A000045010280100400008A000084C22600D4C0
:108A10000200128671202480B5C10180000400008C
:108A20000604108401000080B501028000040000EB
:108A300006040084822500D4860400800A00108881
:108A4000660102860A10008A220000B9EA0200AE1E
:108A500053A001A011008886D1A04D8025E001809F
:108A6000000400000604108071202480B5C101803C
:108A7000000400000A04108400048886660102864F
:108A8000618FC2809500068000040803A22100D4F3
:108A90000020088401000080B5010280100400005D
:108AA0000A100084000408860AFAFFAE424AFCD489
:108AB000EAFCFFAE1E7200009109049009001088C4
:108AC000000401839109049009001088170001FD3A
:108AD0009109049009001088270001FD9109049074
:108AE00009001088370001FD9109049001001088E9
:108AF000870001FC9109049009001088570001FDCE
:108B00009109049001001088C70001FC0D00008845
:108B10000804E0834A0100AE9909049000201EFF7A
:108B2000790000880161202402610000090010889A
:108B30000004018308200E821A0000E10804E0838B
:108B400008200E821E0000C562FEFFAE910904904F
:108B500001001088270101FC910904900900108888
:108B6000A70001FD9109049009001088B70001FDDC
:108B70009109049009001088C70001FD00010372EB
:108B8000017200001E7200000004E083910904904D
:108B9000C30000FC10380000460100AE99090490A3
:108BA00091090490C30010FC120031E0C70003FCDF
:108BB000117E00007900008801612024026100001C
:108BC00000240E8300010372017200001100108462
:108BD000000411860100008005E3218042040000AA
:108BE0008640048400201084713DDB8055E32180A1
:108BF0003204000086300284862002801100118633
:108C000011000084060000880640008400201084C3
:108C10008630028406100080210001860172000067
:108C200000200084002011840610008411001084AC
:108C30001100218486200284061000800004028630
:108C4000002000841100118406100084110010849B
:108C500000202184862002840210008011000286F8
:108C6000017200000020008400201184061000849E
:108C700011001084110021848620028402100080DB
:108C80000004028600200084110011840610028472
:108C9000110000840020218406200084061000803A
:108CA0001100028601720000002010840004118669
:108CB0001100008402000080A1D33C8015E30180F4
:108CC0002004000006200084862002840210008018
:108CD00011000186017200001E7200000004E08392
:108CE00000200E83433502860004018300200E839A
:108CF00093350286170001FD00200E83D3350286CE
:108D0000270001FD00200E8313360286370001FD87
:108D100000200E8353360286470001FD00200E839B
:108D200093360286570001FD0001037201720000B4
:108D30002E7200000004E083110A000000200E8360
:108D4000110E0000570001FD0001037201720000C6
:108D50002E7200000004E0834F00E1FD0001037269
:108D6000017200001E7200000004E0830D00008804
:108D7000037201721E7200000004E0830D0000887F
:108D8000037201721E7200000004E0830D0000886F
:108D9000037201721E7200000004E0830D0000885F
:108DA000037201721E7200000004E083000103726E
:108DB000017200000171019C01720000D1700190EC
:108DC000017200001B5C0080002000FF1F0010F8F3
:108DD0001A0000D1017200001B5C0080002000FF1F
:108DE0000F0440F81A0000D10172000062A0FFD405
:108DF0000172000002A1FFD4017200006337028EED
:108E00001337028AF3360286D3360282C2A0FFD419
:108E10004982198873020180229AFFD401720000EE
:108E2000F50B00C0B50900C0F90B00C0B90900C0BE
:108E3000C2C7FFD4610300800500008091700194D7
:108E40000D7001C11D7001C382FDFFD401720000CD
:108E5000610010847100008486000280110001848A
:108E600086000084002021840220008041002184AB
:108E70000A01008A820100B60004228621002184B2
:108E80008620028400202184822002800020228407
:108E900006200080310021840620008486000080A6
:108EA0000004018601720000510021840A01008A39
:108EB000420000BA000422860AFEFFAE00040286C9
:108EC000CAFDFFAE002020840A11008A420000BAC9
:108ED00000041086017200000A01008A220000B618
:108EE0000004008601720000060000840172000088
:108EF00000202084062000800610008402200080CC
:108F000000040086017200000900008811E001944D
:108F10001DE001C115E001C10DE001C105E00198AE
:108F20000B0451F805E0019C05E001C009E001C017
:108F300091E0019451E00194A10B00C0610900C0CF
:108F4000017200002E7200000004E0832700E1FCA3
:108F500000200E8323001EFC270101FC00200E834D
:108F600003A00184A70001FD00010372017200004B
:108F70000E720000139A0180022EFCD400010372CD
:108F8000017200000E720000139A0180C238FCD4F6
:108F90000001037201720000FFFFFFFFFFFFFFFFF0
:108FA000FFFFFFFFFFFFFFFFFFFFFFFFFFFFFFFFD1
:108FB000FFFFFFFFFFFFFFFFFFFFFFFFFFFFFFFFC1
:108FC000FFFFFFFFFFFFFFFFFFFFFFFFFFFFFFFFB1
:108FD000FFFFFFFFFFFFFFFFFFFFFFFFFFFFFFFFA1
:108FE000FFFFFFFFFFFFFFFFFFFFFFFFFFFFFFFF91
:108FF000FFFFFFFFFFFFFFFFFFFFFFFFFFFFFFFF81
:10900000FFFFFFFFFFFFFFFFFFFFFFFFFFFFFFFF70
:10901000FFFFFFFFFFFFFFFFFFFFFFFFFFFFFFFF60
:10902000FFFFFFFFFFFFFFFFFFFFFFFFFFFFFFFF50
:10903000FFFFFFFFFFFFFFFFFFFFFFFFFFFFFFFF40
:10904000FFFFFFFFFFFFFFFFFFFFFFFFFFFFFFFF30
:10905000FFFFFFFFFFFFFFFFFFFFFFFFFFFFFFFF20
:10906000FFFFFFFFFFFFFFFFFFFFFFFFFFFFFFFF10
:10907000FFFFFFFFFFFFFFFFFFFFFFFFFFFFFFFF00
:10908000FFFFFFFFFFFFFFFFFFFFFFFFFFFFFFFFF0
:10909000FFFFFFFFFFFFFFFFFFFFFFFFFFFFFFFFE0
:1090A000FFFFFFFFFFFFFFFFFFFFFFFFFFFFFFFFD0
:1090B000FFFFFFFFFFFFFFFFFFFFFFFFFFFFFFFFC0
:1090C000FFFFFFFFFFFFFFFFFFFFFFFFFFFFFFFFB0
:1090D000FFFFFFFFFFFFFFFFFFFFFFFFFFFFFFFFA0
:1090E000FFFFFFFFFFFFFFFFFFFFFFFFFFFFFFFF90
:1090F000FFFFFFFFFFFFFFFFFFFFFFFFFFFFFFFF80
:10910000FFFFFFFFFFFFFFFFFFFFFFFFFFFFFFFF6F
:10911000FFFFFFFFFFFFFFFFFFFFFFFFFFFFFFFF5F
:10912000FFFFFFFFFFFFFFFFFFFFFFFFFFFFFFFF4F
:10913000FFFFFFFFFFFFFFFFFFFFFFFFFFFFFFFF3F
:10914000FFFFFFFFFFFFFFFFFFFFFFFFFFFFFFFF2F
:10915000FFFFFFFFFFFFFFFFFFFFFFFFFFFFFFFF1F
:10916000FFFFFFFFFFFFFFFFFFFFFFFFFFFFFFFF0F
:10917000FFFFFFFFFFFFFFFFFFFFFFFFFFFFFFFFFF
:10918000FFFFFFFFFFFFFFFFFFFFFFFFFFFFFFFFEF
:10919000FFFFFFFFFFFFFFFFFFFFFFFFFFFFFFFFDF
:1091A000FFFFFFFFFFFFFFFFFFFFFFFFFFFFFFFFCF
:1091B000FFFFFFFFFFFFFFFFFFFFFFFFFFFFFFFFBF
:1091C000FFFFFFFFFFFFFFFFFFFFFFFFFFFFFFFFAF
:1091D000FFFFFFFFFFFFFFFFFFFFFFFFFFFFFFFF9F
:1091E000FFFFFFFFFFFFFFFFFFFFFFFFFFFFFFFF8F
:1091F000FFFFFFFFFFFFFFFFFFFFFFFFFFFFFFFF7F
:10920000FFFFFFFFFFFFFFFFFFFFFFFFFFFFFFFF6E
:10921000FFFFFFFFFFFFFFFFFFFFFFFFFFFFFFFF5E
:10922000FFFFFFFFFFFFFFFFFFFFFFFFFFFFFFFF4E
:10923000FFFFFFFFFFFFFFFFFFFFFFFFFFFFFFFF3E
:10924000FFFFFFFFFFFFFFFFFFFFFFFFFFFFFFFF2E
:10925000FFFFFFFFFFFFFFFFFFFFFFFFFFFFFFFF1E
:10926000FFFFFFFFFFFFFFFFFFFFFFFFFFFFFFFF0E
:10927000FFFFFFFFFFFFFFFFFFFFFFFFFFFFFFFFFE
:10928000FFFFFFFFFFFFFFFFFFFFFFFFFFFFFFFFEE
:10929000FFFFFFFFFFFFFFFFFFFFFFFFFFFFFFFFDE
:1092A000FFFFFFFFFFFFFFFFFFFFFFFFFFFFFFFFCE
:1092B000FFFFFFFFFFFFFFFFFFFFFFFFFFFFFFFFBE
:1092C000FFFFFFFFFFFFFFFFFFFFFFFFFFFFFFFFAE
:1092D000FFFFFFFFFFFFFFFFFFFFFFFFFFFFFFFF9E
:1092E000FFFFFFFFFFFFFFFFFFFFFFFFFFFFFFFF8E
:1092F000FFFFFFFFFFFFFFFFFFFFFFFFFFFFFFFF7E
:10930000FFFFFFFFFFFFFFFFFFFFFFFFFFFFFFFF6D
:10931000FFFFFFFFFFFFFFFFFFFFFFFFFFFFFFFF5D
:10932000FFFFFFFFFFFFFFFFFFFFFFFFFFFFFFFF4D
:10933000FFFFFFFFFFFFFFFFFFFFFFFFFFFFFFFF3D
:10934000FFFFFFFFFFFFFFFFFFFFFFFFFFFFFFFF2D
:10935000FFFFFFFFFFFFFFFFFFFFFFFFFFFFFFFF1D
:10936000FFFFFFFFFFFFFFFFFFFFFFFFFFFFFFFF0D
:10937000FFFFFFFFFFFFFFFFFFFFFFFFFFFFFFFFFD
:10938000FFFFFFFFFFFFFFFFFFFFFFFFFFFFFFFFED
:10939000FFFFFFFFFFFFFFFFFFFFFFFFFFFFFFFFDD
:1093A000FFFFFFFFFFFFFFFFFFFFFFFFFFFFFFFFCD
:1093B000FFFFFFFFFFFFFFFFFFFFFFFFFFFFFFFFBD
:1093C000FFFFFFFFFFFFFFFFFFFFFFFFFFFFFFFFAD
:1093D000FFFFFFFFFFFFFFFFFFFFFFFFFFFFFFFF9D
:1093E000FFFFFFFFFFFFFFFFFFFFFFFFFFFFFFFF8D
:1093F000FFFFFFFFFFFFFFFFFFFFFFFFFFFFFFFF7D
:10940000FFFFFFFFFFFFFFFFFFFFFFFFFFFFFFFF6C
:10941000FFFFFFFFFFFFFFFFFFFFFFFFFFFFFFFF5C
:10942000FFFFFFFFFFFFFFFFFFFFFFFFFFFFFFFF4C
:10943000FFFFFFFFFFFFFFFFFFFFFFFFFFFFFFFF3C
:10944000FFFFFFFFFFFFFFFFFFFFFFFFFFFFFFFF2C
:10945000FFFFFFFFFFFFFFFFFFFFFFFFFFFFFFFF1C
:10946000FFFFFFFFFFFFFFFFFFFFFFFFFFFFFFFF0C
:10947000FFFFFFFFFFFFFFFFFFFFFFFFFFFFFFFFFC
:10948000FFFFFFFFFFFFFFFFFFFFFFFFFFFFFFFFEC
:10949000FFFFFFFFFFFFFFFFFFFFFFFFFFFFFFFFDC
:1094A000FFFFFFFFFFFFFFFFFFFFFFFFFFFFFFFFCC
:1094B000FFFFFFFFFFFFFFFFFFFFFFFFFFFFFFFFBC
:1094C000FFFFFFFFFFFFFFFFFFFFFFFFFFFFFFFFAC
:1094D000FFFFFFFFFFFFFFFFFFFFFFFFFFFFFFFF9C
:1094E000FFFFFFFFFFFFFFFFFFFFFFFFFFFFFFFF8C
:1094F000FFFFFFFFFFFFFFFFFFFFFFFFFFFFFFFF7C
:10950000FFFFFFFFFFFFFFFFFFFFFFFFFFFFFFFF6B
:10951000FFFFFFFFFFFFFFFFFFFFFFFFFFFFFFFF5B
:10952000FFFFFFFFFFFFFFFFFFFFFFFFFFFFFFFF4B
:10953000FFFFFFFFFFFFFFFFFFFFFFFFFFFFFFFF3B
:10954000FFFFFFFFFFFFFFFFFFFFFFFFFFFFFFFF2B
:10955000FFFFFFFFFFFFFFFFFFFFFFFFFFFFFFFF1B
:10956000FFFFFFFFFFFFFFFFFFFFFFFFFFFFFFFF0B
:10957000FFFFFFFFFFFFFFFFFFFFFFFFFFFFFFFFFB
:10958000FFFFFFFFFFFFFFFFFFFFFFFFFFFFFFFFEB
:10959000FFFFFFFFFFFFFFFFFFFFFFFFFFFFFFFFDB
:1095A000FFFFFFFFFFFFFFFFFFFFFFFFFFFFFFFFCB
:1095B000FFFFFFFFFFFFFFFFFFFFFFFFFFFFFFFFBB
:1095C000FFFFFFFFFFFFFFFFFFFFFFFFFFFFFFFFAB
:1095D000FFFFFFFFFFFFFFFFFFFFFFFFFFFFFFFF9B
:1095E000FFFFFFFFFFFFFFFFFFFFFFFFFFFFFFFF8B
:1095F000FFFFFFFFFFFFFFFFFFFFFFFFFFFFFFFF7B
:10960000FFFFFFFFFFFFFFFFFFFFFFFFFFFFFFFF6A
:10961000FFFFFFFFFFFFFFFFFFFFFFFFFFFFFFFF5A
:10962000FFFFFFFFFFFFFFFFFFFFFFFFFFFFFFFF4A
:10963000FFFFFFFFFFFFFFFFFFFFFFFFFFFFFFFF3A
:10964000FFFFFFFFFFFFFFFFFFFFFFFFFFFFFFFF2A
:10965000FFFFFFFFFFFFFFFFFFFFFFFFFFFFFFFF1A
:10966000FFFFFFFFFFFFFFFFFFFFFFFFFFFFFFFF0A
:10967000FFFFFFFFFFFFFFFFFFFFFFFFFFFFFFFFFA
:10968000FFFFFFFFFFFFFFFFFFFFFFFFFFFFFFFFEA
:10969000FFFFFFFFFFFFFFFFFFFFFFFFFFFFFFFFDA
:1096A000FFFFFFFFFFFFFFFFFFFFFFFFFFFFFFFFCA
:1096B000FFFFFFFFFFFFFFFFFFFFFFFFFFFFFFFFBA
:1096C000FFFFFFFFFFFFFFFFFFFFFFFFFFFFFFFFAA
:1096D000FFFFFFFFFFFFFFFFFFFFFFFFFFFFFFFF9A
:1096E000FFFFFFFFFFFFFFFFFFFFFFFFFFFFFFFF8A
:1096F000FFFFFFFFFFFFFFFFFFFFFFFFFFFFFFFF7A
:10970000FFFFFFFFFFFFFFFFFFFFFFFFFFFFFFFF69
:10971000FFFFFFFFFFFFFFFFFFFFFFFFFFFFFFFF59
:10972000FFFFFFFFFFFFFFFFFFFFFFFFFFFFFFFF49
:10973000FFFFFFFFFFFFFFFFFFFFFFFFFFFFFFFF39
:10974000FFFFFFFFFFFFFFFFFFFFFFFFFFFFFFFF29
:10975000FFFFFFFFFFFFFFFFFFFFFFFFFFFFFFFF19
:10976000FFFFFFFFFFFFFFFFFFFFFFFFFFFFFFFF09
:10977000FFFFFFFFFFFFFFFFFFFFFFFFFFFFFFFFF9
:10978000FFFFFFFFFFFFFFFFFFFFFFFFFFFFFFFFE9
:10979000FFFFFFFFFFFFFFFFFFFFFFFFFFFFFFFFD9
:1097A000FFFFFFFFFFFFFFFFFFFFFFFFFFFFFFFFC9
:1097B000FFFFFFFFFFFFFFFFFFFFFFFFFFFFFFFFB9
:1097C000FFFFFFFFFFFFFFFFFFFFFFFFFFFFFFFFA9
:1097D000FFFFFFFFFFFFFFFFFFFFFFFFFFFFFFFF99
:1097E000FFFFFFFFFFFFFFFFFFFFFFFFFFFFFFFF89
:1097F000FFFFFFFFFFFFFFFFFFFFFFFFFFFFFFFF79
:10980000FFFFFFFFFFFFFFFFFFFFFFFFFFFFFFFF68
:10981000FFFFFFFFFFFFFFFFFFFFFFFFFFFFFFFF58
:10982000FFFFFFFFFFFFFFFFFFFFFFFFFFFFFFFF48
:10983000FFFFFFFFFFFFFFFFFFFFFFFFFFFFFFFF38
:10984000FFFFFFFFFFFFFFFFFFFFFFFFFFFFFFFF28
:10985000FFFFFFFFFFFFFFFFFFFFFFFFFFFFFFFF18
:10986000FFFFFFFFFFFFFFFFFFFFFFFFFFFFFFFF08
:10987000FFFFFFFFFFFFFFFFFFFFFFFFFFFFFFFFF8
:10988000FFFFFFFFFFFFFFFFFFFFFFFFFFFFFFFFE8
:10989000FFFFFFFFFFFFFFFFFFFFFFFFFFFFFFFFD8
:1098A000FFFFFFFFFFFFFFFFFFFFFFFFFFFFFFFFC8
:1098B000FFFFFFFFFFFFFFFFFFFFFFFFFFFFFFFFB8
:1098C000FFFFFFFFFFFFFFFFFFFFFFFFFFFFFFFFA8
:1098D000FFFFFFFFFFFFFFFFFFFFFFFFFFFFFFFF98
:1098E000FFFFFFFFFFFFFFFFFFFFFFFFFFFFFFFF88
:1098F000FFFFFFFFFFFFFFFFFFFFFFFFFFFFFFFF78
:10990000FFFFFFFFFFFFFFFFFFFFFFFFFFFFFFFF67
:10991000FFFFFFFFFFFFFFFFFFFFFFFFFFFFFFFF57
:10992000FFFFFFFFFFFFFFFFFFFFFFFFFFFFFFFF47
:10993000FFFFFFFFFFFFFFFFFFFFFFFFFFFFFFFF37
:10994000FFFFFFFFFFFFFFFFFFFFFFFFFFFFFFFF27
:10995000FFFFFFFFFFFFFFFFFFFFFFFFFFFFFFFF17
:10996000FFFFFFFFFFFFFFFFFFFFFFFFFFFFFFFF07
:10997000FFFFFFFFFFFFFFFFFFFFFFFFFFFFFFFFF7
:10998000FFFFFFFFFFFFFFFFFFFFFFFFFFFFFFFFE7
:10999000FFFFFFFFFFFFFFFFFFFFFFFFFFFFFFFFD7
:1099A000FFFFFFFFFFFFFFFFFFFFFFFFFFFFFFFFC7
:1099B000FFFFFFFFFFFFFFFFFFFFFFFFFFFFFFFFB7
:1099C000FFFFFFFFFFFFFFFFFFFFFFFFFFFFFFFFA7
:1099D000FFFFFFFFFFFFFFFFFFFFFFFFFFFFFFFF97
:1099E000FFFFFFFFFFFFFFFFFFFFFFFFFFFFFFFF87
:1099F000FFFFFFFFFFFFFFFFFFFFFFFFFFFFFFFF77
:109A0000FFFFFFFFFFFFFFFFFFFFFFFFFFFFFFFF66
:109A1000FFFFFFFFFFFFFFFFFFFFFFFFFFFFFFFF56
:109A2000FFFFFFFFFFFFFFFFFFFFFFFFFFFFFFFF46
:109A3000FFFFFFFFFFFFFFFFFFFFFFFFFFFFFFFF36
:109A4000FFFFFFFFFFFFFFFFFFFFFFFFFFFFFFFF26
:109A5000FFFFFFFFFFFFFFFFFFFFFFFFFFFFFFFF16
:109A6000FFFFFFFFFFFFFFFFFFFFFFFFFFFFFFFF06
:109A7000FFFFFFFFFFFFFFFFFFFFFFFFFFFFFFFFF6
:109A8000FFFFFFFFFFFFFFFFFFFFFFFFFFFFFFFFE6
:109A9000FFFFFFFFFFFFFFFFFFFFFFFFFFFFFFFFD6
:109AA000FFFFFFFFFFFFFFFFFFFFFFFFFFFFFFFFC6
:109AB000FFFFFFFFFFFFFFFFFFFFFFFFFFFFFFFFB6
:109AC000FFFFFFFFFFFFFFFFFFFFFFFFFFFFFFFFA6
:109AD000FFFFFFFFFFFFFFFFFFFFFFFFFFFFFFFF96
:109AE000FFFFFFFFFFFFFFFFFFFFFFFFFFFFFFFF86
:109AF000FFFFFFFFFFFFFFFFFFFFFFFFFFFFFFFF76
:109B0000FFFFFFFFFFFFFFFFFFFFFFFFFFFFFFFF65
:109B1000FFFFFFFFFFFFFFFFFFFFFFFFFFFFFFFF55
:109B2000FFFFFFFFFFFFFFFFFFFFFFFFFFFFFFFF45
:109B3000FFFFFFFFFFFFFFFFFFFFFFFFFFFFFFFF35
:109B4000FFFFFFFFFFFFFFFFFFFFFFFFFFFFFFFF25
:109B5000FFFFFFFFFFFFFFFFFFFFFFFFFFFFFFFF15
:109B6000FFFFFFFFFFFFFFFFFFFFFFFFFFFFFFFF05
:109B7000FFFFFFFFFFFFFFFFFFFFFFFFFFFFFFFFF5
:109B8000FFFFFFFFFFFFFFFFFFFFFFFFFFFFFFFFE5
:109B9000FFFFFFFFFFFFFFFFFFFFFFFFFFFFFFFFD5
:109BA000FFFFFFFFFFFFFFFFFFFFFFFFFFFFFFFFC5
:109BB000FFFFFFFFFFFFFFFFFFFFFFFFFFFFFFFFB5
:109BC000FFFFFFFFFFFFFFFFFFFFFFFFFFFFFFFFA5
:109BD000FFFFFFFFFFFFFFFFFFFFFFFFFFFFFFFF95
:109BE000FFFFFFFFFFFFFFFFFFFFFFFFFFFFFFFF85
:109BF000FFFFFFFFFFFFFFFFFFFFFFFFFFFFFFFF75
:109C0000FFFFFFFFFFFFFFFFFFFFFFFFFFFFFFFF64
:109C1000FFFFFFFFFFFFFFFFFFFFFFFFFFFFFFFF54
:109C2000FFFFFFFFFFFFFFFFFFFFFFFFFFFFFFFF44
:109C3000FFFFFFFFFFFFFFFFFFFFFFFFFFFFFFFF34
:109C4000FFFFFFFFFFFFFFFFFFFFFFFFFFFFFFFF24
:109C5000FFFFFFFFFFFFFFFFFFFFFFFFFFFFFFFF14
:109C6000FFFFFFFFFFFFFFFFFFFFFFFFFFFFFFFF04
:109C7000FFFFFFFFFFFFFFFFFFFFFFFFFFFFFFFFF4
:109C8000FFFFFFFFFFFFFFFFFFFFFFFFFFFFFFFFE4
:109C9000FFFFFFFFFFFFFFFFFFFFFFFFFFFFFFFFD4
:109CA000FFFFFFFFFFFFFFFFFFFFFFFFFFFFFFFFC4
:109CB000FFFFFFFFFFFFFFFFFFFFFFFFFFFFFFFFB4
:109CC000FFFFFFFFFFFFFFFFFFFFFFFFFFFFFFFFA4
:109CD000FFFFFFFFFFFFFFFFFFFFFFFFFFFFFFFF94
:109CE000FFFFFFFFFFFFFFFFFFFFFFFFFFFFFFFF84
:109CF000FFFFFFFFFFFFFFFFFFFFFFFFFFFFFFFF74
:109D0000FFFFFFFFFFFFFFFFFFFFFFFFFFFFFFFF63
:109D1000FFFFFFFFFFFFFFFFFFFFFFFFFFFFFFFF53
:109D2000FFFFFFFFFFFFFFFFFFFFFFFFFFFFFFFF43
:109D3000FFFFFFFFFFFFFFFFFFFFFFFFFFFFFFFF33
:109D4000FFFFFFFFFFFFFFFFFFFFFFFFFFFFFFFF23
:109D5000FFFFFFFFFFFFFFFFFFFFFFFFFFFFFFFF13
:109D6000FFFFFFFFFFFFFFFFFFFFFFFFFFFFFFFF03
:109D7000FFFFFFFFFFFFFFFFFFFFFFFFFFFFFFFFF3
:109D8000FFFFFFFFFFFFFFFFFFFFFFFFFFFFFFFFE3
:109D9000FFFFFFFFFFFFFFFFFFFFFFFFFFFFFFFFD3
:109DA000FFFFFFFFFFFFFFFFFFFFFFFFFFFFFFFFC3
:109DB000FFFFFFFFFFFFFFFFFFFFFFFFFFFFFFFFB3
:109DC000FFFFFFFFFFFFFFFFFFFFFFFFFFFFFFFFA3
:109DD000FFFFFFFFFFFFFFFFFFFFFFFFFFFFFFFF93
:109DE000FFFFFFFFFFFFFFFFFFFFFFFFFFFFFFFF83
:109DF000FFFFFFFFFFFFFFFFFFFFFFFFFFFFFFFF73
:109E0000FFFFFFFFFFFFFFFFFFFFFFFFFFFFFFFF62
:109E1000FFFFFFFFFFFFFFFFFFFFFFFFFFFFFFFF52
:109E2000FFFFFFFFFFFFFFFFFFFFFFFFFFFFFFFF42
:109E3000FFFFFFFFFFFFFFFFFFFFFFFFFFFFFFFF32
:109E4000FFFFFFFFFFFFFFFFFFFFFFFFFFFFFFFF22
:109E5000FFFFFFFFFFFFFFFFFFFFFFFFFFFFFFFF12
:109E6000FFFFFFFFFFFFFFFFFFFFFFFFFFFFFFFF02
:109E7000FFFFFFFFFFFFFFFFFFFFFFFFFFFFFFFFF2
:109E8000FFFFFFFFFFFFFFFFFFFFFFFFFFFFFFFFE2
:109E9000FFFFFFFFFFFFFFFFFFFFFFFFFFFFFFFFD2
:109EA000FFFFFFFFFFFFFFFFFFFFFFFFFFFFFFFFC2
:109EB000FFFFFFFFFFFFFFFFFFFFFFFFFFFFFFFFB2
:109EC000FFFFFFFFFFFFFFFFFFFFFFFFFFFFFFFFA2
:109ED000FFFFFFFFFFFFFFFFFFFFFFFFFFFFFFFF92
:109EE000FFFFFFFFFFFFFFFFFFFFFFFFFFFFFFFF82
:109EF000FFFFFFFFFFFFFFFFFFFFFFFFFFFFFFFF72
:109F0000FFFFFFFFFFFFFFFFFFFFFFFFFFFFFFFF61
:109F1000FFFFFFFFFFFFFFFFFFFFFFFFFFFFFFFF51
:109F2000FFFFFFFFFFFFFFFFFFFFFFFFFFFFFFFF41
:109F3000FFFFFFFFFFFFFFFFFFFFFFFFFFFFFFFF31
:109F4000FFFFFFFFFFFFFFFFFFFFFFFFFFFFFFFF21
:109F5000FFFFFFFFFFFFFFFFFFFFFFFFFFFFFFFF11
:109F6000FFFFFFFFFFFFFFFFFFFFFFFFFFFFFFFF01
:109F7000FFFFFFFFFFFFFFFFFFFFFFFFFFFFFFFFF1
:109F8000FFFFFFFFFFFFFFFFFFFFFFFFFFFFFFFFE1
:109F9000FFFFFFFFFFFFFFFFFFFFFFFFFFFFFFFFD1
:109FA000FFFFFFFFFFFFFFFFFFFFFFFFFFFFFFFFC1
:109FB000FFFFFFFFFFFFFFFFFFFFFFFFFFFFFFFFB1
:109FC000FFFFFFFFFFFFFFFFFFFFFFFFFFFFFFFFA1
:109FD000FFFFFFFFFFFFFFFFFFFFFFFFFFFFFFFF91
:109FE000FFFFFFFFFFFFFFFFFFFFFFFFFFFFFFFF81
:109FF000FFFFFFFFFFFFFFFFFFFFFFFFFFFFFFFF71
:10A00000FFFFFFFFFFFFFFFFFFFFFFFFFFFFFFFF60
:10A01000FFFFFFFFFFFFFFFFFFFFFFFFFFFFFFFF50
:10A02000FFFFFFFFFFFFFFFFFFFFFFFFFFFFFFFF40
:10A03000FFFFFFFFFFFFFFFFFFFFFFFFFFFFFFFF30
:10A04000FFFFFFFFFFFFFFFFFFFFFFFFFFFFFFFF20
:10A05000FFFFFFFFFFFFFFFFFFFFFFFFFFFFFFFF10
:10A06000FFFFFFFFFFFFFFFFFFFFFFFFFFFFFFFF00
:10A07000FFFFFFFFFFFFFFFFFFFFFFFFFFFFFFFFF0
:10A08000FFFFFFFFFFFFFFFFFFFFFFFFFFFFFFFFE0
:10A09000FFFFFFFFFFFFFFFFFFFFFFFFFFFFFFFFD0
:10A0A000FFFFFFFFFFFFFFFFFFFFFFFFFFFFFFFFC0
:10A0B000FFFFFFFFFFFFFFFFFFFFFFFFFFFFFFFFB0
:10A0C000FFFFFFFFFFFFFFFFFFFFFFFFFFFFFFFFA0
:10A0D000FFFFFFFFFFFFFFFFFFFFFFFFFFFFFFFF90
:10A0E000FFFFFFFFFFFFFFFFFFFFFFFFFFFFFFFF80
:10A0F000FFFFFFFFFFFFFFFFFFFFFFFFFFFFFFFF70
:10A10000FFFFFFFFFFFFFFFFFFFFFFFFFFFFFFFF5F
:10A11000FFFFFFFFFFFFFFFFFFFFFFFFFFFFFFFF4F
:10A12000FFFFFFFFFFFFFFFFFFFFFFFFFFFFFFFF3F
:10A13000FFFFFFFFFFFFFFFFFFFFFFFFFFFFFFFF2F
:10A14000FFFFFFFFFFFFFFFFFFFFFFFFFFFFFFFF1F
:10A15000FFFFFFFFFFFFFFFFFFFFFFFFFFFFFFFF0F
:10A16000FFFFFFFFFFFFFFFFFFFFFFFFFFFFFFFFFF
:10A17000FFFFFFFFFFFFFFFFFFFFFFFFFFFFFFFFEF
:10A18000FFFFFFFFFFFFFFFFFFFFFFFFFFFFFFFFDF
:10A19000FFFFFFFFFFFFFFFFFFFFFFFFFFFFFFFFCF
:10A1A000FFFFFFFFFFFFFFFFFFFFFFFFFFFFFFFFBF
:10A1B000FFFFFFFFFFFFFFFFFFFFFFFFFFFFFFFFAF
:10A1C000FFFFFFFFFFFFFFFFFFFFFFFFFFFFFFFF9F
:10A1D000FFFFFFFFFFFFFFFFFFFFFFFFFFFFFFFF8F
:10A1E000FFFFFFFFFFFFFFFFFFFFFFFFFFFFFFFF7F
:10A1F000FFFFFFFFFFFFFFFFFFFFFFFFFFFFFFFF6F
:10A20000FFFFFFFFFFFFFFFFFFFFFFFFFFFFFFFF5E
:10A21000FFFFFFFFFFFFFFFFFFFFFFFFFFFFFFFF4E
:10A22000FFFFFFFFFFFFFFFFFFFFFFFFFFFFFFFF3E
:10A23000FFFFFFFFFFFFFFFFFFFFFFFFFFFFFFFF2E
:10A24000FFFFFFFFFFFFFFFFFFFFFFFFFFFFFFFF1E
:10A25000FFFFFFFFFFFFFFFFFFFFFFFFFFFFFFFF0E
:10A26000FFFFFFFFFFFFFFFFFFFFFFFFFFFFFFFFFE
:10A27000FFFFFFFFFFFFFFFFFFFFFFFFFFFFFFFFEE
:10A28000FFFFFFFFFFFFFFFFFFFFFFFFFFFFFFFFDE
:10A29000FFFFFFFFFFFFFFFFFFFFFFFFFFFFFFFFCE
:10A2A000FFFFFFFFFFFFFFFFFFFFFFFFFFFFFFFFBE
:10A2B000FFFFFFFFFFFFFFFFFFFFFFFFFFFFFFFFAE
:10A2C000FFFFFFFFFFFFFFFFFFFFFFFFFFFFFFFF9E
:10A2D000FFFFFFFFFFFFFFFFFFFFFFFFFFFFFFFF8E
:10A2E000FFFFFFFFFFFFFFFFFFFFFFFFFFFFFFFF7E
:10A2F000FFFFFFFFFFFFFFFFFFFFFFFFFFFFFFFF6E
:10A30000FFFFFFFFFFFFFFFFFFFFFFFFFFFFFFFF5D
:10A31000FFFFFFFFFFFFFFFFFFFFFFFFFFFFFFFF4D
:10A32000FFFFFFFFFFFFFFFFFFFFFFFFFFFFFFFF3D
:10A33000FFFFFFFFFFFFFFFFFFFFFFFFFFFFFFFF2D
:10A34000FFFFFFFFFFFFFFFFFFFFFFFFFFFFFFFF1D
:10A35000FFFFFFFFFFFFFFFFFFFFFFFFFFFFFFFF0D
:10A36000FFFFFFFFFFFFFFFFFFFFFFFFFFFFFFFFFD
:10A37000FFFFFFFFFFFFFFFFFFFFFFFFFFFFFFFFED
:10A38000FFFFFFFFFFFFFFFFFFFFFFFFFFFFFFFFDD
:10A39000FFFFFFFFFFFFFFFFFFFFFFFFFFFFFFFFCD
:10A3A000FFFFFFFFFFFFFFFFFFFFFFFFFFFFFFFFBD
:10A3B000FFFFFFFFFFFFFFFFFFFFFFFFFFFFFFFFAD
:10A3C000FFFFFFFFFFFFFFFFFFFFFFFFFFFFFFFF9D
:10A3D000FFFFFFFFFFFFFFFFFFFFFFFFFFFFFFFF8D
:10A3E000FFFFFFFFFFFFFFFFFFFFFFFFFFFFFFFF7D
:10A3F000FFFFFFFFFFFFFFFFFFFFFFFFFFFFFFFF6D
:10A40000FFFFFFFFFFFFFFFFFFFFFFFFFFFFFFFF5C
:10A41000FFFFFFFFFFFFFFFFFFFFFFFFFFFFFFFF4C
:10A42000FFFFFFFFFFFFFFFFFFFFFFFFFFFFFFFF3C
:10A43000FFFFFFFFFFFFFFFFFFFFFFFFFFFFFFFF2C
:10A44000FFFFFFFFFFFFFFFFFFFFFFFFFFFFFFFF1C
:10A45000FFFFFFFFFFFFFFFFFFFFFFFFFFFFFFFF0C
:10A46000FFFFFFFFFFFFFFFFFFFFFFFFFFFFFFFFFC
:10A47000FFFFFFFFFFFFFFFFFFFFFFFFFFFFFFFFEC
:10A48000FFFFFFFFFFFFFFFFFFFFFFFFFFFFFFFFDC
:10A49000FFFFFFFFFFFFFFFFFFFFFFFFFFFFFFFFCC
:10A4A000FFFFFFFFFFFFFFFFFFFFFFFFFFFFFFFFBC
:10A4B000FFFFFFFFFFFFFFFFFFFFFFFFFFFFFFFFAC
:10A4C000FFFFFFFFFFFFFFFFFFFFFFFFFFFFFFFF9C
:10A4D000FFFFFFFFFFFFFFFFFFFFFFFFFFFFFFFF8C
:10A4E000FFFFFFFFFFFFFFFFFFFFFFFFFFFFFFFF7C
:10A4F000FFFFFFFFFFFFFFFFFFFFFFFFFFFFFFFF6C
:10A50000FFFFFFFFFFFFFFFFFFFFFFFFFFFFFFFF5B
:10A51000FFFFFFFFFFFFFFFFFFFFFFFFFFFFFFFF4B
:10A52000FFFFFFFFFFFFFFFFFFFFFFFFFFFFFFFF3B
:10A53000FFFFFFFFFFFFFFFFFFFFFFFFFFFFFFFF2B
:10A54000FFFFFFFFFFFFFFFFFFFFFFFFFFFFFFFF1B
:10A55000FFFFFFFFFFFFFFFFFFFFFFFFFFFFFFFF0B
:10A56000FFFFFFFFFFFFFFFFFFFFFFFFFFFFFFFFFB
:10A57000FFFFFFFFFFFFFFFFFFFFFFFFFFFFFFFFEB
:10A58000FFFFFFFFFFFFFFFFFFFFFFFFFFFFFFFFDB
:10A59000FFFFFFFFFFFFFFFFFFFFFFFFFFFFFFFFCB
:10A5A000FFFFFFFFFFFFFFFFFFFFFFFFFFFFFFFFBB
:10A5B000FFFFFFFFFFFFFFFFFFFFFFFFFFFFFFFFAB
:10A5C000FFFFFFFFFFFFFFFFFFFFFFFFFFFFFFFF9B
:10A5D000FFFFFFFFFFFFFFFFFFFFFFFFFFFFFFFF8B
:10A5E000FFFFFFFFFFFFFFFFFFFFFFFFFFFFFFFF7B
:10A5F000FFFFFFFFFFFFFFFFFFFFFFFFFFFFFFFF6B
:10A60000FFFFFFFFFFFFFFFFFFFFFFFFFFFFFFFF5A
:10A61000FFFFFFFFFFFFFFFFFFFFFFFFFFFFFFFF4A
:10A62000FFFFFFFFFFFFFFFFFFFFFFFFFFFFFFFF3A
:10A63000FFFFFFFFFFFFFFFFFFFFFFFFFFFFFFFF2A
:10A64000FFFFFFFFFFFFFFFFFFFFFFFFFFFFFFFF1A
:10A65000FFFFFFFFFFFFFFFFFFFFFFFFFFFFFFFF0A
:10A66000FFFFFFFFFFFFFFFFFFFFFFFFFFFFFFFFFA
:10A67000FFFFFFFFFFFFFFFFFFFFFFFFFFFFFFFFEA
:10A68000FFFFFFFFFFFFFFFFFFFFFFFFFFFFFFFFDA
:10A69000FFFFFFFFFFFFFFFFFFFFFFFFFFFFFFFFCA
:10A6A000FFFFFFFFFFFFFFFFFFFFFFFFFFFFFFFFBA
:10A6B000FFFFFFFFFFFFFFFFFFFFFFFFFFFFFFFFAA
:10A6C000FFFFFFFFFFFFFFFFFFFFFFFFFFFFFFFF9A
:10A6D000FFFFFFFFFFFFFFFFFFFFFFFFFFFFFFFF8A
:10A6E000FFFFFFFFFFFFFFFFFFFFFFFFFFFFFFFF7A
:10A6F000FFFFFFFFFFFFFFFFFFFFFFFFFFFFFFFF6A
:10A70000FFFFFFFFFFFFFFFFFFFFFFFFFFFFFFFF59
:10A71000FFFFFFFFFFFFFFFFFFFFFFFFFFFFFFFF49
:10A72000FFFFFFFFFFFFFFFFFFFFFFFFFFFFFFFF39
:10A73000FFFFFFFFFFFFFFFFFFFFFFFFFFFFFFFF29
:10A74000FFFFFFFFFFFFFFFFFFFFFFFFFFFFFFFF19
:10A75000FFFFFFFFFFFFFFFFFFFFFFFFFFFFFFFF09
:10A76000FFFFFFFFFFFFFFFFFFFFFFFFFFFFFFFFF9
:10A77000FFFFFFFFFFFFFFFFFFFFFFFFFFFFFFFFE9
:10A78000FFFFFFFFFFFFFFFFFFFFFFFFFFFFFFFFD9
:10A79000FFFFFFFFFFFFFFFFFFFFFFFFFFFFFFFFC9
:10A7A000FFFFFFFFFFFFFFFFFFFFFFFFFFFFFFFFB9
:10A7B000FFFFFFFFFFFFFFFFFFFFFFFFFFFFFFFFA9
:10A7C000FFFFFFFFFFFFFFFFFFFFFFFFFFFFFFFF99
:10A7D000FFFFFFFFFFFFFFFFFFFFFFFFFFFFFFFF89
:10A7E000FFFFFFFFFFFFFFFFFFFFFFFFFFFFFFFF79
:10A7F000FFFFFFFFFFFFFFFFFFFFFFFFFFFFFFFF69
:10A80000FFFFFFFFFFFFFFFFFFFFFFFFFFFFFFFF58
:10A81000FFFFFFFFFFFFFFFFFFFFFFFFFFFFFFFF48
:10A82000FFFFFFFFFFFFFFFFFFFFFFFFFFFFFFFF38
:10A83000FFFFFFFFFFFFFFFFFFFFFFFFFFFFFFFF28
:10A84000FFFFFFFFFFFFFFFFFFFFFFFFFFFFFFFF18
:10A85000FFFFFFFFFFFFFFFFFFFFFFFFFFFFFFFF08
:10A86000FFFFFFFFFFFFFFFFFFFFFFFFFFFFFFFFF8
:10A87000FFFFFFFFFFFFFFFFFFFFFFFFFFFFFFFFE8
:10A88000FFFFFFFFFFFFFFFFFFFFFFFFFFFFFFFFD8
:10A89000FFFFFFFFFFFFFFFFFFFFFFFFFFFFFFFFC8
:10A8A000FFFFFFFFFFFFFFFFFFFFFFFFFFFFFFFFB8
:10A8B000FFFFFFFFFFFFFFFFFFFFFFFFFFFFFFFFA8
:10A8C000FFFFFFFFFFFFFFFFFFFFFFFFFFFFFFFF98
:10A8D000FFFFFFFFFFFFFFFFFFFFFFFFFFFFFFFF88
:10A8E000FFFFFFFFFFFFFFFFFFFFFFFFFFFFFFFF78
:10A8F000FFFFFFFFFFFFFFFFFFFFFFFFFFFFFFFF68
:10A90000FFFFFFFFFFFFFFFFFFFFFFFFFFFFFFFF57
:10A91000FFFFFFFFFFFFFFFFFFFFFFFFFFFFFFFF47
:10A92000FFFFFFFFFFFFFFFFFFFFFFFFFFFFFFFF37
:10A93000FFFFFFFFFFFFFFFFFFFFFFFFFFFFFFFF27
:10A94000FFFFFFFFFFFFFFFFFFFFFFFFFFFFFFFF17
:10A95000FFFFFFFFFFFFFFFFFFFFFFFFFFFFFFFF07
:10A96000FFFFFFFFFFFFFFFFFFFFFFFFFFFFFFFFF7
:10A97000FFFFFFFFFFFFFFFFFFFFFFFFFFFFFFFFE7
:10A98000FFFFFFFFFFFFFFFFFFFFFFFFFFFFFFFFD7
:10A99000FFFFFFFFFFFFFFFFFFFFFFFFFFFFFFFFC7
:10A9A000FFFFFFFFFFFFFFFFFFFFFFFFFFFFFFFFB7
:10A9B000FFFFFFFFFFFFFFFFFFFFFFFFFFFFFFFFA7
:10A9C000FFFFFFFFFFFFFFFFFFFFFFFFFFFFFFFF97
:10A9D000FFFFFFFFFFFFFFFFFFFFFFFFFFFFFFFF87
:10A9E000FFFFFFFFFFFFFFFFFFFFFFFFFFFFFFFF77
:10A9F000FFFFFFFFFFFFFFFFFFFFFFFFFFFFFFFF67
:10AA0000FFFFFFFFFFFFFFFFFFFFFFFFFFFFFFFF56
:10AA1000FFFFFFFFFFFFFFFFFFFFFFFFFFFFFFFF46
:10AA2000FFFFFFFFFFFFFFFFFFFFFFFFFFFFFFFF36
:10AA3000FFFFFFFFFFFFFFFFFFFFFFFFFFFFFFFF26
:10AA4000FFFFFFFFFFFFFFFFFFFFFFFFFFFFFFFF16
:10AA5000FFFFFFFFFFFFFFFFFFFFFFFFFFFFFFFF06
:10AA6000FFFFFFFFFFFFFFFFFFFFFFFFFFFFFFFFF6
:10AA7000FFFFFFFFFFFFFFFFFFFFFFFFFFFFFFFFE6
:10AA8000FFFFFFFFFFFFFFFFFFFFFFFFFFFFFFFFD6
:10AA9000FFFFFFFFFFFFFFFFFFFFFFFFFFFFFFFFC6
:10AAA000FFFFFFFFFFFFFFFFFFFFFFFFFFFFFFFFB6
:10AAB000FFFFFFFFFFFFFFFFFFFFFFFFFFFFFFFFA6
:10AAC000FFFFFFFFFFFFFFFFFFFFFFFFFFFFFFFF96
:10AAD000FFFFFFFFFFFFFFFFFFFFFFFFFFFFFFFF86
:10AAE000FFFFFFFFFFFFFFFFFFFFFFFFFFFFFFFF76
:10AAF000FFFFFFFFFFFFFFFFFFFFFFFFFFFFFFFF66
:10AB0000FFFFFFFFFFFFFFFFFFFFFFFFFFFFFFFF55
:10AB1000FFFFFFFFFFFFFFFFFFFFFFFFFFFFFFFF45
:10AB2000FFFFFFFFFFFFFFFFFFFFFFFFFFFFFFFF35
:10AB3000FFFFFFFFFFFFFFFFFFFFFFFFFFFFFFFF25
:10AB4000FFFFFFFFFFFFFFFFFFFFFFFFFFFFFFFF15
:10AB5000FFFFFFFFFFFFFFFFFFFFFFFFFFFFFFFF05
:10AB6000FFFFFFFFFFFFFFFFFFFFFFFFFFFFFFFFF5
:10AB7000FFFFFFFFFFFFFFFFFFFFFFFFFFFFFFFFE5
:10AB8000FFFFFFFFFFFFFFFFFFFFFFFFFFFFFFFFD5
:10AB9000FFFFFFFFFFFFFFFFFFFFFFFFFFFFFFFFC5
:10ABA000FFFFFFFFFFFFFFFFFFFFFFFFFFFFFFFFB5
:10ABB000FFFFFFFFFFFFFFFFFFFFFFFFFFFFFFFFA5
:10ABC000FFFFFFFFFFFFFFFFFFFFFFFFFFFFFFFF95
:10ABD000FFFFFFFFFFFFFFFFFFFFFFFFFFFFFFFF85
:10ABE000FFFFFFFFFFFFFFFFFFFFFFFFFFFFFFFF75
:10ABF000FFFFFFFFFFFFFFFFFFFFFFFFFFFFFFFF65
:10AC0000FFFFFFFFFFFFFFFFFFFFFFFFFFFFFFFF54
:10AC1000FFFFFFFFFFFFFFFFFFFFFFFFFFFFFFFF44
:10AC2000FFFFFFFFFFFFFFFFFFFFFFFFFFFFFFFF34
:10AC3000FFFFFFFFFFFFFFFFFFFFFFFFFFFFFFFF24
:10AC4000FFFFFFFFFFFFFFFFFFFFFFFFFFFFFFFF14
:10AC5000FFFFFFFFFFFFFFFFFFFFFFFFFFFFFFFF04
:10AC6000FFFFFFFFFFFFFFFFFFFFFFFFFFFFFFFFF4
:10AC7000FFFFFFFFFFFFFFFFFFFFFFFFFFFFFFFFE4
:10AC8000FFFFFFFFFFFFFFFFFFFFFFFFFFFFFFFFD4
:10AC9000FFFFFFFFFFFFFFFFFFFFFFFFFFFFFFFFC4
:10ACA000FFFFFFFFFFFFFFFFFFFFFFFFFFFFFFFFB4
:10ACB000FFFFFFFFFFFFFFFFFFFFFFFFFFFFFFFFA4
:10ACC000FFFFFFFFFFFFFFFFFFFFFFFFFFFFFFFF94
:10ACD000FFFFFFFFFFFFFFFFFFFFFFFFFFFFFFFF84
:10ACE000FFFFFFFFFFFFFFFFFFFFFFFFFFFFFFFF74
:10ACF000FFFFFFFFFFFFFFFFFFFFFFFFFFFFFFFF64
:10AD0000FFFFFFFFFFFFFFFFFFFFFFFFFFFFFFFF53
:10AD1000FFFFFFFFFFFFFFFFFFFFFFFFFFFFFFFF43
:10AD2000FFFFFFFFFFFFFFFFFFFFFFFFFFFFFFFF33
:10AD3000FFFFFFFFFFFFFFFFFFFFFFFFFFFFFFFF23
:10AD4000FFFFFFFFFFFFFFFFFFFFFFFFFFFFFFFF13
:10AD5000FFFFFFFFFFFFFFFFFFFFFFFFFFFFFFFF03
:10AD6000FFFFFFFFFFFFFFFFFFFFFFFFFFFFFFFFF3
:10AD7000FFFFFFFFFFFFFFFFFFFFFFFFFFFFFFFFE3
:10AD8000FFFFFFFFFFFFFFFFFFFFFFFFFFFFFFFFD3
:10AD9000FFFFFFFFFFFFFFFFFFFFFFFFFFFFFFFFC3
:10ADA000FFFFFFFFFFFFFFFFFFFFFFFFFFFFFFFFB3
:10ADB000FFFFFFFFFFFFFFFFFFFFFFFFFFFFFFFFA3
:10ADC000FFFFFFFFFFFFFFFFFFFFFFFFFFFFFFFF93
:10ADD000FFFFFFFFFFFFFFFFFFFFFFFFFFFFFFFF83
:10ADE000FFFFFFFFFFFFFFFFFFFFFFFFFFFFFFFF73
:10ADF000FFFFFFFFFFFFFFFFFFFFFFFFFFFFFFFF63
:10AE0000FFFFFFFFFFFFFFFFFFFFFFFFFFFFFFFF52
:10AE1000FFFFFFFFFFFFFFFFFFFFFFFFFFFFFFFF42
:10AE2000FFFFFFFFFFFFFFFFFFFFFFFFFFFFFFFF32
:10AE3000FFFFFFFFFFFFFFFFFFFFFFFFFFFFFFFF22
:10AE4000FFFFFFFFFFFFFFFFFFFFFFFFFFFFFFFF12
:10AE5000FFFFFFFFFFFFFFFFFFFFFFFFFFFFFFFF02
:10AE6000FFFFFFFFFFFFFFFFFFFFFFFFFFFFFFFFF2
:10AE7000FFFFFFFFFFFFFFFFFFFFFFFFFFFFFFFFE2
:10AE8000FFFFFFFFFFFFFFFFFFFFFFFFFFFFFFFFD2
:10AE9000FFFFFFFFFFFFFFFFFFFFFFFFFFFFFFFFC2
:10AEA000FFFFFFFFFFFFFFFFFFFFFFFFFFFFFFFFB2
:10AEB000FFFFFFFFFFFFFFFFFFFFFFFFFFFFFFFFA2
:10AEC000FFFFFFFFFFFFFFFFFFFFFFFFFFFFFFFF92
:10AED000FFFFFFFFFFFFFFFFFFFFFFFFFFFFFFFF82
:10AEE000FFFFFFFFFFFFFFFFFFFFFFFFFFFFFFFF72
:10AEF000FFFFFFFFFFFFFFFFFFFFFFFFFFFFFFFF62
:10AF0000FFFFFFFFFFFFFFFFFFFFFFFFFFFFFFFF51
:10AF1000FFFFFFFFFFFFFFFFFFFFFFFFFFFFFFFF41
:10AF2000FFFFFFFFFFFFFFFFFFFFFFFFFFFFFFFF31
:10AF3000FFFFFFFFFFFFFFFFFFFFFFFFFFFFFFFF21
:10AF4000FFFFFFFFFFFFFFFFFFFFFFFFFFFFFFFF11
:10AF5000FFFFFFFFFFFFFFFFFFFFFFFFFFFFFFFF01
:10AF6000FFFFFFFFFFFFFFFFFFFFFFFFFFFFFFFFF1
:10AF7000FFFFFFFFFFFFFFFFFFFFFFFFFFFFFFFFE1
:10AF8000FFFFFFFFFFFFFFFFFFFFFFFFFFFFFFFFD1
:10AF9000FFFFFFFFFFFFFFFFFFFFFFFFFFFFFFFFC1
:10AFA000FFFFFFFFFFFFFFFFFFFFFFFFFFFFFFFFB1
:10AFB000FFFFFFFFFFFFFFFFFFFFFFFFFFFFFFFFA1
:10AFC000FFFFFFFFFFFFFFFFFFFFFFFFFFFFFFFF91
:10AFD000FFFFFFFFFFFFFFFFFFFFFFFFFFFFFFFF81
:10AFE000FFFFFFFFFFFFFFFFFFFFFFFFFFFFFFFF71
:10AFF000FFFFFFFFFFFFFFFFFFFFFFFFFFFFFFFF61
:10B00000FFFFFFFFFFFFFFFFFFFFFFFFFFFFFFFF50
:10B01000FFFFFFFFFFFFFFFFFFFFFFFFFFFFFFFF40
:10B02000FFFFFFFFFFFFFFFFFFFFFFFFFFFFFFFF30
:10B03000FFFFFFFFFFFFFFFFFFFFFFFFFFFFFFFF20
:10B04000FFFFFFFFFFFFFFFFFFFFFFFFFFFFFFFF10
:10B05000FFFFFFFFFFFFFFFFFFFFFFFFFFFFFFFF00
:10B06000FFFFFFFFFFFFFFFFFFFFFFFFFFFFFFFFF0
:10B07000FFFFFFFFFFFFFFFFFFFFFFFFFFFFFFFFE0
:10B08000FFFFFFFFFFFFFFFFFFFFFFFFFFFFFFFFD0
:10B09000FFFFFFFFFFFFFFFFFFFFFFFFFFFFFFFFC0
:10B0A000FFFFFFFFFFFFFFFFFFFFFFFFFFFFFFFFB0
:10B0B000FFFFFFFFFFFFFFFFFFFFFFFFFFFFFFFFA0
:10B0C000FFFFFFFFFFFFFFFFFFFFFFFFFFFFFFFF90
:10B0D000FFFFFFFFFFFFFFFFFFFFFFFFFFFFFFFF80
:10B0E000FFFFFFFFFFFFFFFFFFFFFFFFFFFFFFFF70
:10B0F000FFFFFFFFFFFFFFFFFFFFFFFFFFFFFFFF60
:10B10000FFFFFFFFFFFFFFFFFFFFFFFFFFFFFFFF4F
:10B11000FFFFFFFFFFFFFFFFFFFFFFFFFFFFFFFF3F
:10B12000FFFFFFFFFFFFFFFFFFFFFFFFFFFFFFFF2F
:10B13000FFFFFFFFFFFFFFFFFFFFFFFFFFFFFFFF1F
:10B14000FFFFFFFFFFFFFFFFFFFFFFFFFFFFFFFF0F
:10B15000FFFFFFFFFFFFFFFFFFFFFFFFFFFFFFFFFF
:10B16000FFFFFFFFFFFFFFFFFFFFFFFFFFFFFFFFEF
:10B17000FFFFFFFFFFFFFFFFFFFFFFFFFFFFFFFFDF
:10B18000FFFFFFFFFFFFFFFFFFFFFFFFFFFFFFFFCF
:10B19000FFFFFFFFFFFFFFFFFFFFFFFFFFFFFFFFBF
:10B1A000FFFFFFFFFFFFFFFFFFFFFFFFFFFFFFFFAF
:10B1B000FFFFFFFFFFFFFFFFFFFFFFFFFFFFFFFF9F
:10B1C000FFFFFFFFFFFFFFFFFFFFFFFFFFFFFFFF8F
:10B1D000FFFFFFFFFFFFFFFFFFFFFFFFFFFFFFFF7F
:10B1E000FFFFFFFFFFFFFFFFFFFFFFFFFFFFFFFF6F
:10B1F000FFFFFFFFFFFFFFFFFFFFFFFFFFFFFFFF5F
:10B20000FFFFFFFFFFFFFFFFFFFFFFFFFFFFFFFF4E
:10B21000FFFFFFFFFFFFFFFFFFFFFFFFFFFFFFFF3E
:10B22000FFFFFFFFFFFFFFFFFFFFFFFFFFFFFFFF2E
:10B23000FFFFFFFFFFFFFFFFFFFFFFFFFFFFFFFF1E
:10B24000FFFFFFFFFFFFFFFFFFFFFFFFFFFFFFFF0E
:10B25000FFFFFFFFFFFFFFFFFFFFFFFFFFFFFFFFFE
:10B26000FFFFFFFFFFFFFFFFFFFFFFFFFFFFFFFFEE
:10B27000FFFFFFFFFFFFFFFFFFFFFFFFFFFFFFFFDE
:10B28000FFFFFFFFFFFFFFFFFFFFFFFFFFFFFFFFCE
:10B29000FFFFFFFFFFFFFFFFFFFFFFFFFFFFFFFFBE
:10B2A000FFFFFFFFFFFFFFFFFFFFFFFFFFFFFFFFAE
:10B2B000FFFFFFFFFFFFFFFFFFFFFFFFFFFFFFFF9E
:10B2C000FFFFFFFFFFFFFFFFFFFFFFFFFFFFFFFF8E
:10B2D000FFFFFFFFFFFFFFFFFFFFFFFFFFFFFFFF7E
:10B2E000FFFFFFFFFFFFFFFFFFFFFFFFFFFFFFFF6E
:10B2F000FFFFFFFFFFFFFFFFFFFFFFFFFFFFFFFF5E
:10B30000FFFFFFFFFFFFFFFFFFFFFFFFFFFFFFFF4D
:10B31000FFFFFFFFFFFFFFFFFFFFFFFFFFFFFFFF3D
:10B32000FFFFFFFFFFFFFFFFFFFFFFFFFFFFFFFF2D
:10B33000FFFFFFFFFFFFFFFFFFFFFFFFFFFFFFFF1D
:10B34000FFFFFFFFFFFFFFFFFFFFFFFFFFFFFFFF0D
:10B35000FFFFFFFFFFFFFFFFFFFFFFFFFFFFFFFFFD
:10B36000FFFFFFFFFFFFFFFFFFFFFFFFFFFFFFFFED
:10B37000FFFFFFFFFFFFFFFFFFFFFFFFFFFFFFFFDD
:10B38000FFFFFFFFFFFFFFFFFFFFFFFFFFFFFFFFCD
:10B39000FFFFFFFFFFFFFFFFFFFFFFFFFFFFFFFFBD
:10B3A000FFFFFFFFFFFFFFFFFFFFFFFFFFFFFFFFAD
:10B3B000FFFFFFFFFFFFFFFFFFFFFFFFFFFFFFFF9D
:10B3C000FFFFFFFFFFFFFFFFFFFFFFFFFFFFFFFF8D
:10B3D000FFFFFFFFFFFFFFFFFFFFFFFFFFFFFFFF7D
:10B3E000FFFFFFFFFFFFFFFFFFFFFFFFFFFFFFFF6D
:10B3F000FFFFFFFFFFFFFFFFFFFFFFFFFFFFFFFF5D
:10B40000FFFFFFFFFFFFFFFFFFFFFFFFFFFFFFFF4C
:10B41000FFFFFFFFFFFFFFFFFFFFFFFFFFFFFFFF3C
:10B42000FFFFFFFFFFFFFFFFFFFFFFFFFFFFFFFF2C
:10B43000FFFFFFFFFFFFFFFFFFFFFFFFFFFFFFFF1C
:10B44000FFFFFFFFFFFFFFFFFFFFFFFFFFFFFFFF0C
:10B45000FFFFFFFFFFFFFFFFFFFFFFFFFFFFFFFFFC
:10B46000FFFFFFFFFFFFFFFFFFFFFFFFFFFFFFFFEC
:10B47000FFFFFFFFFFFFFFFFFFFFFFFFFFFFFFFFDC
:10B48000FFFFFFFFFFFFFFFFFFFFFFFFFFFFFFFFCC
:10B49000FFFFFFFFFFFFFFFFFFFFFFFFFFFFFFFFBC
:10B4A000FFFFFFFFFFFFFFFFFFFFFFFFFFFFFFFFAC
:10B4B000FFFFFFFFFFFFFFFFFFFFFFFFFFFFFFFF9C
:10B4C000FFFFFFFFFFFFFFFFFFFFFFFFFFFFFFFF8C
:10B4D000FFFFFFFFFFFFFFFFFFFFFFFFFFFFFFFF7C
:10B4E000FFFFFFFFFFFFFFFFFFFFFFFFFFFFFFFF6C
:10B4F000FFFFFFFFFFFFFFFFFFFFFFFFFFFFFFFF5C
:10B50000FFFFFFFFFFFFFFFFFFFFFFFFFFFFFFFF4B
:10B51000FFFFFFFFFFFFFFFFFFFFFFFFFFFFFFFF3B
:10B52000FFFFFFFFFFFFFFFFFFFFFFFFFFFFFFFF2B
:10B53000FFFFFFFFFFFFFFFFFFFFFFFFFFFFFFFF1B
:10B54000FFFFFFFFFFFFFFFFFFFFFFFFFFFFFFFF0B
:10B55000FFFFFFFFFFFFFFFFFFFFFFFFFFFFFFFFFB
:10B56000FFFFFFFFFFFFFFFFFFFFFFFFFFFFFFFFEB
:10B57000FFFFFFFFFFFFFFFFFFFFFFFFFFFFFFFFDB
:10B58000FFFFFFFFFFFFFFFFFFFFFFFFFFFFFFFFCB
:10B59000FFFFFFFFFFFFFFFFFFFFFFFFFFFFFFFFBB
:10B5A000FFFFFFFFFFFFFFFFFFFFFFFFFFFFFFFFAB
:10B5B000FFFFFFFFFFFFFFFFFFFFFFFFFFFFFFFF9B
:10B5C000FFFFFFFFFFFFFFFFFFFFFFFFFFFFFFFF8B
:10B5D000FFFFFFFFFFFFFFFFFFFFFFFFFFFFFFFF7B
:10B5E000FFFFFFFFFFFFFFFFFFFFFFFFFFFFFFFF6B
:10B5F000FFFFFFFFFFFFFFFFFFFFFFFFFFFFFFFF5B
:10B60000FFFFFFFFFFFFFFFFFFFFFFFFFFFFFFFF4A
:10B61000FFFFFFFFFFFFFFFFFFFFFFFFFFFFFFFF3A
:10B62000FFFFFFFFFFFFFFFFFFFFFFFFFFFFFFFF2A
:10B63000FFFFFFFFFFFFFFFFFFFFFFFFFFFFFFFF1A
:10B64000FFFFFFFFFFFFFFFFFFFFFFFFFFFFFFFF0A
:10B65000FFFFFFFFFFFFFFFFFFFFFFFFFFFFFFFFFA
:10B66000FFFFFFFFFFFFFFFFFFFFFFFFFFFFFFFFEA
:10B67000FFFFFFFFFFFFFFFFFFFFFFFFFFFFFFFFDA
:10B68000FFFFFFFFFFFFFFFFFFFFFFFFFFFFFFFFCA
:10B69000FFFFFFFFFFFFFFFFFFFFFFFFFFFFFFFFBA
:10B6A000FFFFFFFFFFFFFFFFFFFFFFFFFFFFFFFFAA
:10B6B000FFFFFFFFFFFFFFFFFFFFFFFFFFFFFFFF9A
:10B6C000FFFFFFFFFFFFFFFFFFFFFFFFFFFFFFFF8A
:10B6D000FFFFFFFFFFFFFFFFFFFFFFFFFFFFFFFF7A
:10B6E000FFFFFFFFFFFFFFFFFFFFFFFFFFFFFFFF6A
:10B6F000FFFFFFFFFFFFFFFFFFFFFFFFFFFFFFFF5A
:10B70000FFFFFFFFFFFFFFFFFFFFFFFFFFFFFFFF49
:10B71000FFFFFFFFFFFFFFFFFFFFFFFFFFFFFFFF39
:10B72000FFFFFFFFFFFFFFFFFFFFFFFFFFFFFFFF29
:10B73000FFFFFFFFFFFFFFFFFFFFFFFFFFFFFFFF19
:10B74000FFFFFFFFFFFFFFFFFFFFFFFFFFFFFFFF09
:10B75000FFFFFFFFFFFFFFFFFFFFFFFFFFFFFFFFF9
:10B76000FFFFFFFFFFFFFFFFFFFFFFFFFFFFFFFFE9
:10B77000FFFFFFFFFFFFFFFFFFFFFFFFFFFFFFFFD9
:10B78000FFFFFFFFFFFFFFFFFFFFFFFFFFFFFFFFC9
:10B79000FFFFFFFFFFFFFFFFFFFFFFFFFFFFFFFFB9
:10B7A000FFFFFFFFFFFFFFFFFFFFFFFFFFFFFFFFA9
:10B7B000FFFFFFFFFFFFFFFFFFFFFFFFFFFFFFFF99
:10B7C000FFFFFFFFFFFFFFFFFFFFFFFFFFFFFFFF89
:10B7D000FFFFFFFFFFFFFFFFFFFFFFFFFFFFFFFF79
:10B7E000FFFFFFFFFFFFFFFFFFFFFFFFFFFFFFFF69
:10B7F000FFFFFFFFFFFFFFFFFFFFFFFFFFFFFFFF59
:10B80000FFFFFFFFFFFFFFFFFFFFFFFFFFFFFFFF48
:10B81000FFFFFFFFFFFFFFFFFFFFFFFFFFFFFFFF38
:10B82000FFFFFFFFFFFFFFFFFFFFFFFFFFFFFFFF28
:10B83000FFFFFFFFFFFFFFFFFFFFFFFFFFFFFFFF18
:10B84000FFFFFFFFFFFFFFFFFFFFFFFFFFFFFFFF08
:10B85000FFFFFFFFFFFFFFFFFFFFFFFFFFFFFFFFF8
:10B86000FFFFFFFFFFFFFFFFFFFFFFFFFFFFFFFFE8
:10B87000FFFFFFFFFFFFFFFFFFFFFFFFFFFFFFFFD8
:10B88000FFFFFFFFFFFFFFFFFFFFFFFFFFFFFFFFC8
:10B89000FFFFFFFFFFFFFFFFFFFFFFFFFFFFFFFFB8
:10B8A000FFFFFFFFFFFFFFFFFFFFFFFFFFFFFFFFA8
:10B8B000FFFFFFFFFFFFFFFFFFFFFFFFFFFFFFFF98
:10B8C000FFFFFFFFFFFFFFFFFFFFFFFFFFFFFFFF88
:10B8D000FFFFFFFFFFFFFFFFFFFFFFFFFFFFFFFF78
:10B8E000FFFFFFFFFFFFFFFFFFFFFFFFFFFFFFFF68
:10B8F000FFFFFFFFFFFFFFFFFFFFFFFFFFFFFFFF58
:10B90000FFFFFFFFFFFFFFFFFFFFFFFFFFFFFFFF47
:10B91000FFFFFFFFFFFFFFFFFFFFFFFFFFFFFFFF37
:10B92000FFFFFFFFFFFFFFFFFFFFFFFFFFFFFFFF27
:10B93000FFFFFFFFFFFFFFFFFFFFFFFFFFFFFFFF17
:10B94000FFFFFFFFFFFFFFFFFFFFFFFFFFFFFFFF07
:10B95000FFFFFFFFFFFFFFFFFFFFFFFFFFFFFFFFF7
:10B96000FFFFFFFFFFFFFFFFFFFFFFFFFFFFFFFFE7
:10B97000FFFFFFFFFFFFFFFFFFFFFFFFFFFFFFFFD7
:10B98000FFFFFFFFFFFFFFFFFFFFFFFFFFFFFFFFC7
:10B99000FFFFFFFFFFFFFFFFFFFFFFFFFFFFFFFFB7
:10B9A000FFFFFFFFFFFFFFFFFFFFFFFFFFFFFFFFA7
:10B9B000FFFFFFFFFFFFFFFFFFFFFFFFFFFFFFFF97
:10B9C000FFFFFFFFFFFFFFFFFFFFFFFFFFFFFFFF87
:10B9D000FFFFFFFFFFFFFFFFFFFFFFFFFFFFFFFF77
:10B9E000FFFFFFFFFFFFFFFFFFFFFFFFFFFFFFFF67
:10B9F000FFFFFFFFFFFFFFFFFFFFFFFFFFFFFFFF57
:10BA0000FFFFFFFFFFFFFFFFFFFFFFFFFFFFFFFF46
:10BA1000FFFFFFFFFFFFFFFFFFFFFFFFFFFFFFFF36
:10BA2000FFFFFFFFFFFFFFFFFFFFFFFFFFFFFFFF26
:10BA3000FFFFFFFFFFFFFFFFFFFFFFFFFFFFFFFF16
:10BA4000FFFFFFFFFFFFFFFFFFFFFFFFFFFFFFFF06
:10BA5000FFFFFFFFFFFFFFFFFFFFFFFFFFFFFFFFF6
:10BA6000FFFFFFFFFFFFFFFFFFFFFFFFFFFFFFFFE6
:10BA7000FFFFFFFFFFFFFFFFFFFFFFFFFFFFFFFFD6
:10BA8000FFFFFFFFFFFFFFFFFFFFFFFFFFFFFFFFC6
:10BA9000FFFFFFFFFFFFFFFFFFFFFFFFFFFFFFFFB6
:10BAA000FFFFFFFFFFFFFFFFFFFFFFFFFFFFFFFFA6
:10BAB000FFFFFFFFFFFFFFFFFFFFFFFFFFFFFFFF96
:10BAC000FFFFFFFFFFFFFFFFFFFFFFFFFFFFFFFF86
:10BAD000FFFFFFFFFFFFFFFFFFFFFFFFFFFFFFFF76
:10BAE000FFFFFFFFFFFFFFFFFFFFFFFFFFFFFFFF66
:10BAF000FFFFFFFFFFFFFFFFFFFFFFFFFFFFFFFF56
:10BB0000FFFFFFFFFFFFFFFFFFFFFFFFFFFFFFFF45
:10BB1000FFFFFFFFFFFFFFFFFFFFFFFFFFFFFFFF35
:10BB2000FFFFFFFFFFFFFFFFFFFFFFFFFFFFFFFF25
:10BB3000FFFFFFFFFFFFFFFFFFFFFFFFFFFFFFFF15
:10BB4000FFFFFFFFFFFFFFFFFFFFFFFFFFFFFFFF05
:10BB5000FFFFFFFFFFFFFFFFFFFFFFFFFFFFFFFFF5
:10BB6000FFFFFFFFFFFFFFFFFFFFFFFFFFFFFFFFE5
:10BB7000FFFFFFFFFFFFFFFFFFFFFFFFFFFFFFFFD5
:10BB8000FFFFFFFFFFFFFFFFFFFFFFFFFFFFFFFFC5
:10BB9000FFFFFFFFFFFFFFFFFFFFFFFFFFFFFFFFB5
:10BBA000FFFFFFFFFFFFFFFFFFFFFFFFFFFFFFFFA5
:10BBB000FFFFFFFFFFFFFFFFFFFFFFFFFFFFFFFF95
:10BBC000FFFFFFFFFFFFFFFFFFFFFFFFFFFFFFFF85
:10BBD000FFFFFFFFFFFFFFFFFFFFFFFFFFFFFFFF75
:10BBE000FFFFFFFFFFFFFFFFFFFFFFFFFFFFFFFF65
:10BBF000FFFFFFFFFFFFFFFFFFFFFFFFFFFFFFFF55
:10BC0000FFFFFFFFFFFFFFFFFFFFFFFFFFFFFFFF44
:10BC1000FFFFFFFFFFFFFFFFFFFFFFFFFFFFFFFF34
:10BC2000FFFFFFFFFFFFFFFFFFFFFFFFFFFFFFFF24
:10BC3000FFFFFFFFFFFFFFFFFFFFFFFFFFFFFFFF14
:10BC4000FFFFFFFFFFFFFFFFFFFFFFFFFFFFFFFF04
:10BC5000FFFFFFFFFFFFFFFFFFFFFFFFFFFFFFFFF4
:10BC6000FFFFFFFFFFFFFFFFFFFFFFFFFFFFFFFFE4
:10BC7000FFFFFFFFFFFFFFFFFFFFFFFFFFFFFFFFD4
:10BC8000FFFFFFFFFFFFFFFFFFFFFFFFFFFFFFFFC4
:10BC9000FFFFFFFFFFFFFFFFFFFFFFFFFFFFFFFFB4
:10BCA000FFFFFFFFFFFFFFFFFFFFFFFFFFFFFFFFA4
:10BCB000FFFFFFFFFFFFFFFFFFFFFFFFFFFFFFFF94
:10BCC000FFFFFFFFFFFFFFFFFFFFFFFFFFFFFFFF84
:10BCD000FFFFFFFFFFFFFFFFFFFFFFFFFFFFFFFF74
:10BCE000FFFFFFFFFFFFFFFFFFFFFFFFFFFFFFFF64
:10BCF000FFFFFFFFFFFFFFFFFFFFFFFFFFFFFFFF54
:10BD0000FFFFFFFFFFFFFFFFFFFFFFFFFFFFFFFF43
:10BD1000FFFFFFFFFFFFFFFFFFFFFFFFFFFFFFFF33
:10BD2000FFFFFFFFFFFFFFFFFFFFFFFFFFFFFFFF23
:10BD3000FFFFFFFFFFFFFFFFFFFFFFFFFFFFFFFF13
:10BD4000FFFFFFFFFFFFFFFFFFFFFFFFFFFFFFFF03
:10BD5000FFFFFFFFFFFFFFFFFFFFFFFFFFFFFFFFF3
:10BD6000FFFFFFFFFFFFFFFFFFFFFFFFFFFFFFFFE3
:10BD7000FFFFFFFFFFFFFFFFFFFFFFFFFFFFFFFFD3
:10BD8000FFFFFFFFFFFFFFFFFFFFFFFFFFFFFFFFC3
:10BD9000FFFFFFFFFFFFFFFFFFFFFFFFFFFFFFFFB3
:10BDA000FFFFFFFFFFFFFFFFFFFFFFFFFFFFFFFFA3
:10BDB000FFFFFFFFFFFFFFFFFFFFFFFFFFFFFFFF93
:10BDC000FFFFFFFFFFFFFFFFFFFFFFFFFFFFFFFF83
:10BDD000FFFFFFFFFFFFFFFFFFFFFFFFFFFFFFFF73
:10BDE000FFFFFFFFFFFFFFFFFFFFFFFFFFFFFFFF63
:10BDF000FFFFFFFFFFFFFFFFFFFFFFFFFFFFFFFF53
:10BE0000FFFFFFFFFFFFFFFFFFFFFFFFFFFFFFFF42
:10BE1000FFFFFFFFFFFFFFFFFFFFFFFFFFFFFFFF32
:10BE2000FFFFFFFFFFFFFFFFFFFFFFFFFFFFFFFF22
:10BE3000FFFFFFFFFFFFFFFFFFFFFFFFFFFFFFFF12
:10BE4000FFFFFFFFFFFFFFFFFFFFFFFFFFFFFFFF02
:10BE5000FFFFFFFFFFFFFFFFFFFFFFFFFFFFFFFFF2
:10BE6000FFFFFFFFFFFFFFFFFFFFFFFFFFFFFFFFE2
:10BE7000FFFFFFFFFFFFFFFFFFFFFFFFFFFFFFFFD2
:10BE8000FFFFFFFFFFFFFFFFFFFFFFFFFFFFFFFFC2
:10BE9000FFFFFFFFFFFFFFFFFFFFFFFFFFFFFFFFB2
:10BEA000FFFFFFFFFFFFFFFFFFFFFFFFFFFFFFFFA2
:10BEB000FFFFFFFFFFFFFFFFFFFFFFFFFFFFFFFF92
:10BEC000FFFFFFFFFFFFFFFFFFFFFFFFFFFFFFFF82
:10BED000FFFFFFFFFFFFFFFFFFFFFFFFFFFFFFFF72
:10BEE000FFFFFFFFFFFFFFFFFFFFFFFFFFFFFFFF62
:10BEF000FFFFFFFFFFFFFFFFFFFFFFFFFFFFFFFF52
:10BF0000FFFFFFFFFFFFFFFFFFFFFFFFFFFFFFFF41
:10BF1000FFFFFFFFFFFFFFFFFFFFFFFFFFFFFFFF31
:10BF2000FFFFFFFFFFFFFFFFFFFFFFFFFFFFFFFF21
:10BF3000FFFFFFFFFFFFFFFFFFFFFFFFFFFFFFFF11
:10BF4000FFFFFFFFFFFFFFFFFFFFFFFFFFFFFFFF01
:10BF5000FFFFFFFFFFFFFFFFFFFFFFFFFFFFFFFFF1
:10BF6000FFFFFFFFFFFFFFFFFFFFFFFFFFFFFFFFE1
:10BF7000FFFFFFFFFFFFFFFFFFFFFFFFFFFFFFFFD1
:10BF8000FFFFFFFFFFFFFFFFFFFFFFFFFFFFFFFFC1
:10BF9000FFFFFFFFFFFFFFFFFFFFFFFFFFFFFFFFB1
:10BFA000FFFFFFFFFFFFFFFFFFFFFFFFFFFFFFFFA1
:10BFB000FFFFFFFFFFFFFFFFFFFFFFFFFFFFFFFF91
:10BFC000FFFFFFFFFFFFFFFFFFFFFFFFFFFFFFFF81
:10BFD000FFFFFFFFFFFFFFFFFFFFFFFFFFFFFFFF71
:10BFE000FFFFFFFFFFFFFFFFFFFFFFFFFFFFFFFF61
:10BFF000FFFFFFFFFFFFFFFFFFFFFFFFFFFFFFFF51
:10C00000FFFFFFFFFFFFFFFFFFFFFFFFFFFFFFFF40
:10C01000FFFFFFFFFFFFFFFFFFFFFFFFFFFFFFFF30
:10C02000FFFFFFFFFFFFFFFFFFFFFFFFFFFFFFFF20
:10C03000FFFFFFFFFFFFFFFFFFFFFFFFFFFFFFFF10
:10C04000FFFFFFFFFFFFFFFFFFFFFFFFFFFFFFFF00
:10C05000FFFFFFFFFFFFFFFFFFFFFFFFFFFFFFFFF0
:10C06000FFFFFFFFFFFFFFFFFFFFFFFFFFFFFFFFE0
:10C07000FFFFFFFFFFFFFFFFFFFFFFFFFFFFFFFFD0
:10C08000FFFFFFFFFFFFFFFFFFFFFFFFFFFFFFFFC0
:10C09000FFFFFFFFFFFFFFFFFFFFFFFFFFFFFFFFB0
:10C0A000FFFFFFFFFFFFFFFFFFFFFFFFFFFFFFFFA0
:10C0B000FFFFFFFFFFFFFFFFFFFFFFFFFFFFFFFF90
:10C0C000FFFFFFFFFFFFFFFFFFFFFFFFFFFFFFFF80
:10C0D000FFFFFFFFFFFFFFFFFFFFFFFFFFFFFFFF70
:10C0E000FFFFFFFFFFFFFFFFFFFFFFFFFFFFFFFF60
:10C0F000FFFFFFFFFFFFFFFFFFFFFFFFFFFFFFFF50
:10C10000FFFFFFFFFFFFFFFFFFFFFFFFFFFFFFFF3F
:10C11000FFFFFFFFFFFFFFFFFFFFFFFFFFFFFFFF2F
:10C12000FFFFFFFFFFFFFFFFFFFFFFFFFFFFFFFF1F
:10C13000FFFFFFFFFFFFFFFFFFFFFFFFFFFFFFFF0F
:10C14000FFFFFFFFFFFFFFFFFFFFFFFFFFFFFFFFFF
:10C15000FFFFFFFFFFFFFFFFFFFFFFFFFFFFFFFFEF
:10C16000FFFFFFFFFFFFFFFFFFFFFFFFFFFFFFFFDF
:10C17000FFFFFFFFFFFFFFFFFFFFFFFFFFFFFFFFCF
:10C18000FFFFFFFFFFFFFFFFFFFFFFFFFFFFFFFFBF
:10C19000FFFFFFFFFFFFFFFFFFFFFFFFFFFFFFFFAF
:10C1A000FFFFFFFFFFFFFFFFFFFFFFFFFFFFFFFF9F
:10C1B000FFFFFFFFFFFFFFFFFFFFFFFFFFFFFFFF8F
:10C1C000FFFFFFFFFFFFFFFFFFFFFFFFFFFFFFFF7F
:10C1D000FFFFFFFFFFFFFFFFFFFFFFFFFFFFFFFF6F
:10C1E000FFFFFFFFFFFFFFFFFFFFFFFFFFFFFFFF5F
:10C1F000FFFFFFFFFFFFFFFFFFFFFFFFFFFFFFFF4F
:10C20000FFFFFFFFFFFFFFFFFFFFFFFFFFFFFFFF3E
:10C21000FFFFFFFFFFFFFFFFFFFFFFFFFFFFFFFF2E
:10C22000FFFFFFFFFFFFFFFFFFFFFFFFFFFFFFFF1E
:10C23000FFFFFFFFFFFFFFFFFFFFFFFFFFFFFFFF0E
:10C24000FFFFFFFFFFFFFFFFFFFFFFFFFFFFFFFFFE
:10C25000FFFFFFFFFFFFFFFFFFFFFFFFFFFFFFFFEE
:10C26000FFFFFFFFFFFFFFFFFFFFFFFFFFFFFFFFDE
:10C27000FFFFFFFFFFFFFFFFFFFFFFFFFFFFFFFFCE
:10C28000FFFFFFFFFFFFFFFFFFFFFFFFFFFFFFFFBE
:10C29000FFFFFFFFFFFFFFFFFFFFFFFFFFFFFFFFAE
:10C2A000FFFFFFFFFFFFFFFFFFFFFFFFFFFFFFFF9E
:10C2B000FFFFFFFFFFFFFFFFFFFFFFFFFFFFFFFF8E
:10C2C000FFFFFFFFFFFFFFFFFFFFFFFFFFFFFFFF7E
:10C2D000FFFFFFFFFFFFFFFFFFFFFFFFFFFFFFFF6E
:10C2E000FFFFFFFFFFFFFFFFFFFFFFFFFFFFFFFF5E
:10C2F000FFFFFFFFFFFFFFFFFFFFFFFFFFFFFFFF4E
:10C30000FFFFFFFFFFFFFFFFFFFFFFFFFFFFFFFF3D
:10C31000FFFFFFFFFFFFFFFFFFFFFFFFFFFFFFFF2D
:10C32000FFFFFFFFFFFFFFFFFFFFFFFFFFFFFFFF1D
:10C33000FFFFFFFFFFFFFFFFFFFFFFFFFFFFFFFF0D
:10C34000FFFFFFFFFFFFFFFFFFFFFFFFFFFFFFFFFD
:10C35000FFFFFFFFFFFFFFFFFFFFFFFFFFFFFFFFED
:10C36000FFFFFFFFFFFFFFFFFFFFFFFFFFFFFFFFDD
:10C37000FFFFFFFFFFFFFFFFFFFFFFFFFFFFFFFFCD
:10C38000FFFFFFFFFFFFFFFFFFFFFFFFFFFFFFFFBD
:10C39000FFFFFFFFFFFFFFFFFFFFFFFFFFFFFFFFAD
:10C3A000FFFFFFFFFFFFFFFFFFFFFFFFFFFFFFFF9D
:10C3B000FFFFFFFFFFFFFFFFFFFFFFFFFFFFFFFF8D
:10C3C000FFFFFFFFFFFFFFFFFFFFFFFFFFFFFFFF7D
:10C3D000FFFFFFFFFFFFFFFFFFFFFFFFFFFFFFFF6D
:10C3E000FFFFFFFFFFFFFFFFFFFFFFFFFFFFFFFF5D
:10C3F000FFFFFFFFFFFFFFFFFFFFFFFFFFFFFFFF4D
:10C40000FFFFFFFFFFFFFFFFFFFFFFFFFFFFFFFF3C
:10C41000FFFFFFFFFFFFFFFFFFFFFFFFFFFFFFFF2C
:10C42000FFFFFFFFFFFFFFFFFFFFFFFFFFFFFFFF1C
:10C43000FFFFFFFFFFFFFFFFFFFFFFFFFFFFFFFF0C
:10C44000FFFFFFFFFFFFFFFFFFFFFFFFFFFFFFFFFC
:10C45000FFFFFFFFFFFFFFFFFFFFFFFFFFFFFFFFEC
:10C46000FFFFFFFFFFFFFFFFFFFFFFFFFFFFFFFFDC
:10C47000FFFFFFFFFFFFFFFFFFFFFFFFFFFFFFFFCC
:10C48000FFFFFFFFFFFFFFFFFFFFFFFFFFFFFFFFBC
:10C49000FFFFFFFFFFFFFFFFFFFFFFFFFFFFFFFFAC
:10C4A000FFFFFFFFFFFFFFFFFFFFFFFFFFFFFFFF9C
:10C4B000FFFFFFFFFFFFFFFFFFFFFFFFFFFFFFFF8C
:10C4C000FFFFFFFFFFFFFFFFFFFFFFFFFFFFFFFF7C
:10C4D000FFFFFFFFFFFFFFFFFFFFFFFFFFFFFFFF6C
:10C4E000FFFFFFFFFFFFFFFFFFFFFFFFFFFFFFFF5C
:10C4F000FFFFFFFFFFFFFFFFFFFFFFFFFFFFFFFF4C
:10C50000FFFFFFFFFFFFFFFFFFFFFFFFFFFFFFFF3B
:10C51000FFFFFFFFFFFFFFFFFFFFFFFFFFFFFFFF2B
:10C52000FFFFFFFFFFFFFFFFFFFFFFFFFFFFFFFF1B
:10C53000FFFFFFFFFFFFFFFFFFFFFFFFFFFFFFFF0B
:10C54000FFFFFFFFFFFFFFFFFFFFFFFFFFFFFFFFFB
:10C55000FFFFFFFFFFFFFFFFFFFFFFFFFFFFFFFFEB
:10C56000FFFFFFFFFFFFFFFFFFFFFFFFFFFFFFFFDB
:10C57000FFFFFFFFFFFFFFFFFFFFFFFFFFFFFFFFCB
:10C58000FFFFFFFFFFFFFFFFFFFFFFFFFFFFFFFFBB
:10C59000FFFFFFFFFFFFFFFFFFFFFFFFFFFFFFFFAB
:10C5A000FFFFFFFFFFFFFFFFFFFFFFFFFFFFFFFF9B
:10C5B000FFFFFFFFFFFFFFFFFFFFFFFFFFFFFFFF8B
:10C5C000FFFFFFFFFFFFFFFFFFFFFFFFFFFFFFFF7B
:10C5D000FFFFFFFFFFFFFFFFFFFFFFFFFFFFFFFF6B
:10C5E000FFFFFFFFFFFFFFFFFFFFFFFFFFFFFFFF5B
:10C5F000FFFFFFFFFFFFFFFFFFFFFFFFFFFFFFFF4B
:10C60000FFFFFFFFFFFFFFFFFFFFFFFFFFFFFFFF3A
:10C61000FFFFFFFFFFFFFFFFFFFFFFFFFFFFFFFF2A
:10C62000FFFFFFFFFFFFFFFFFFFFFFFFFFFFFFFF1A
:10C63000FFFFFFFFFFFFFFFFFFFFFFFFFFFFFFFF0A
:10C64000FFFFFFFFFFFFFFFFFFFFFFFFFFFFFFFFFA
:10C65000FFFFFFFFFFFFFFFFFFFFFFFFFFFFFFFFEA
:10C66000FFFFFFFFFFFFFFFFFFFFFFFFFFFFFFFFDA
:10C67000FFFFFFFFFFFFFFFFFFFFFFFFFFFFFFFFCA
:10C68000FFFFFFFFFFFFFFFFFFFFFFFFFFFFFFFFBA
:10C69000FFFFFFFFFFFFFFFFFFFFFFFFFFFFFFFFAA
:10C6A000FFFFFFFFFFFFFFFFFFFFFFFFFFFFFFFF9A
:10C6B000FFFFFFFFFFFFFFFFFFFFFFFFFFFFFFFF8A
:10C6C000FFFFFFFFFFFFFFFFFFFFFFFFFFFFFFFF7A
:10C6D000FFFFFFFFFFFFFFFFFFFFFFFFFFFFFFFF6A
:10C6E000FFFFFFFFFFFFFFFFFFFFFFFFFFFFFFFF5A
:10C6F000FFFFFFFFFFFFFFFFFFFFFFFFFFFFFFFF4A
:10C70000FFFFFFFFFFFFFFFFFFFFFFFFFFFFFFFF39
:10C71000FFFFFFFFFFFFFFFFFFFFFFFFFFFFFFFF29
:10C72000FFFFFFFFFFFFFFFFFFFFFFFFFFFFFFFF19
:10C73000FFFFFFFFFFFFFFFFFFFFFFFFFFFFFFFF09
:10C74000FFFFFFFFFFFFFFFFFFFFFFFFFFFFFFFFF9
:10C75000FFFFFFFFFFFFFFFFFFFFFFFFFFFFFFFFE9
:10C76000FFFFFFFFFFFFFFFFFFFFFFFFFFFFFFFFD9
:10C77000FFFFFFFFFFFFFFFFFFFFFFFFFFFFFFFFC9
:10C78000FFFFFFFFFFFFFFFFFFFFFFFFFFFFFFFFB9
:10C79000FFFFFFFFFFFFFFFFFFFFFFFFFFFFFFFFA9
:10C7A000FFFFFFFFFFFFFFFFFFFFFFFFFFFFFFFF99
:10C7B000FFFFFFFFFFFFFFFFFFFFFFFFFFFFFFFF89
:10C7C000FFFFFFFFFFFFFFFFFFFFFFFFFFFFFFFF79
:10C7D000FFFFFFFFFFFFFFFFFFFFFFFFFFFFFFFF69
:10C7E000FFFFFFFFFFFFFFFFFFFFFFFFFFFFFFFF59
:10C7F000FFFFFFFFFFFFFFFFFFFFFFFFFFFFFFFF49
:10C80000FFFFFFFFFFFFFFFFFFFFFFFFFFFFFFFF38
:10C81000FFFFFFFFFFFFFFFFFFFFFFFFFFFFFFFF28
:10C82000FFFFFFFFFFFFFFFFFFFFFFFFFFFFFFFF18
:10C83000FFFFFFFFFFFFFFFFFFFFFFFFFFFFFFFF08
:10C84000FFFFFFFFFFFFFFFFFFFFFFFFFFFFFFFFF8
:10C85000FFFFFFFFFFFFFFFFFFFFFFFFFFFFFFFFE8
:10C86000FFFFFFFFFFFFFFFFFFFFFFFFFFFFFFFFD8
:10C87000FFFFFFFFFFFFFFFFFFFFFFFFFFFFFFFFC8
:10C88000FFFFFFFFFFFFFFFFFFFFFFFFFFFFFFFFB8
:10C89000FFFFFFFFFFFFFFFFFFFFFFFFFFFFFFFFA8
:10C8A000FFFFFFFFFFFFFFFFFFFFFFFFFFFFFFFF98
:10C8B000FFFFFFFFFFFFFFFFFFFFFFFFFFFFFFFF88
:10C8C000FFFFFFFFFFFFFFFFFFFFFFFFFFFFFFFF78
:10C8D000FFFFFFFFFFFFFFFFFFFFFFFFFFFFFFFF68
:10C8E000FFFFFFFFFFFFFFFFFFFFFFFFFFFFFFFF58
:10C8F000FFFFFFFFFFFFFFFFFFFFFFFFFFFFFFFF48
:10C90000FFFFFFFFFFFFFFFFFFFFFFFFFFFFFFFF37
:10C91000FFFFFFFFFFFFFFFFFFFFFFFFFFFFFFFF27
:10C92000FFFFFFFFFFFFFFFFFFFFFFFFFFFFFFFF17
:10C93000FFFFFFFFFFFFFFFFFFFFFFFFFFFFFFFF07
:10C94000FFFFFFFFFFFFFFFFFFFFFFFFFFFFFFFFF7
:10C95000FFFFFFFFFFFFFFFFFFFFFFFFFFFFFFFFE7
:10C96000FFFFFFFFFFFFFFFFFFFFFFFFFFFFFFFFD7
:10C97000FFFFFFFFFFFFFFFFFFFFFFFFFFFFFFFFC7
:10C98000FFFFFFFFFFFFFFFFFFFFFFFFFFFFFFFFB7
:10C99000FFFFFFFFFFFFFFFFFFFFFFFFFFFFFFFFA7
:10C9A000FFFFFFFFFFFFFFFFFFFFFFFFFFFFFFFF97
:10C9B000FFFFFFFFFFFFFFFFFFFFFFFFFFFFFFFF87
:10C9C000FFFFFFFFFFFFFFFFFFFFFFFFFFFFFFFF77
:10C9D000FFFFFFFFFFFFFFFFFFFFFFFFFFFFFFFF67
:10C9E000FFFFFFFFFFFFFFFFFFFFFFFFFFFFFFFF57
:10C9F000FFFFFFFFFFFFFFFFFFFFFFFFFFFFFFFF47
:10CA0000FFFFFFFFFFFFFFFFFFFFFFFFFFFFFFFF36
:10CA1000FFFFFFFFFFFFFFFFFFFFFFFFFFFFFFFF26
:10CA2000FFFFFFFFFFFFFFFFFFFFFFFFFFFFFFFF16
:10CA3000FFFFFFFFFFFFFFFFFFFFFFFFFFFFFFFF06
:10CA4000FFFFFFFFFFFFFFFFFFFFFFFFFFFFFFFFF6
:10CA5000FFFFFFFFFFFFFFFFFFFFFFFFFFFFFFFFE6
:10CA6000FFFFFFFFFFFFFFFFFFFFFFFFFFFFFFFFD6
:10CA7000FFFFFFFFFFFFFFFFFFFFFFFFFFFFFFFFC6
:10CA8000FFFFFFFFFFFFFFFFFFFFFFFFFFFFFFFFB6
:10CA9000FFFFFFFFFFFFFFFFFFFFFFFFFFFFFFFFA6
:10CAA000FFFFFFFFFFFFFFFFFFFFFFFFFFFFFFFF96
:10CAB000FFFFFFFFFFFFFFFFFFFFFFFFFFFFFFFF86
:10CAC000FFFFFFFFFFFFFFFFFFFFFFFFFFFFFFFF76
:10CAD000FFFFFFFFFFFFFFFFFFFFFFFFFFFFFFFF66
:10CAE000FFFFFFFFFFFFFFFFFFFFFFFFFFFFFFFF56
:10CAF000FFFFFFFFFFFFFFFFFFFFFFFFFFFFFFFF46
:10CB0000FFFFFFFFFFFFFFFFFFFFFFFFFFFFFFFF35
:10CB1000FFFFFFFFFFFFFFFFFFFFFFFFFFFFFFFF25
:10CB2000FFFFFFFFFFFFFFFFFFFFFFFFFFFFFFFF15
:10CB3000FFFFFFFFFFFFFFFFFFFFFFFFFFFFFFFF05
:10CB4000FFFFFFFFFFFFFFFFFFFFFFFFFFFFFFFFF5
:10CB5000FFFFFFFFFFFFFFFFFFFFFFFFFFFFFFFFE5
:10CB6000FFFFFFFFFFFFFFFFFFFFFFFFFFFFFFFFD5
:10CB7000FFFFFFFFFFFFFFFFFFFFFFFFFFFFFFFFC5
:10CB8000FFFFFFFFFFFFFFFFFFFFFFFFFFFFFFFFB5
:10CB9000FFFFFFFFFFFFFFFFFFFFFFFFFFFFFFFFA5
:10CBA000FFFFFFFFFFFFFFFFFFFFFFFFFFFFFFFF95
:10CBB000FFFFFFFFFFFFFFFFFFFFFFFFFFFFFFFF85
:10CBC000FFFFFFFFFFFFFFFFFFFFFFFFFFFFFFFF75
:10CBD000FFFFFFFFFFFFFFFFFFFFFFFFFFFFFFFF65
:10CBE000FFFFFFFFFFFFFFFFFFFFFFFFFFFFFFFF55
:10CBF000FFFFFFFFFFFFFFFFFFFFFFFFFFFFFFFF45
:10CC0000FFFFFFFFFFFFFFFFFFFFFFFFFFFFFFFF34
:10CC1000FFFFFFFFFFFFFFFFFFFFFFFFFFFFFFFF24
:10CC2000FFFFFFFFFFFFFFFFFFFFFFFFFFFFFFFF14
:10CC3000FFFFFFFFFFFFFFFFFFFFFFFFFFFFFFFF04
:10CC4000FFFFFFFFFFFFFFFFFFFFFFFFFFFFFFFFF4
:10CC5000FFFFFFFFFFFFFFFFFFFFFFFFFFFFFFFFE4
:10CC6000FFFFFFFFFFFFFFFFFFFFFFFFFFFFFFFFD4
:10CC7000FFFFFFFFFFFFFFFFFFFFFFFFFFFFFFFFC4
:10CC8000FFFFFFFFFFFFFFFFFFFFFFFFFFFFFFFFB4
:10CC9000FFFFFFFFFFFFFFFFFFFFFFFFFFFFFFFFA4
:10CCA000FFFFFFFFFFFFFFFFFFFFFFFFFFFFFFFF94
:10CCB000FFFFFFFFFFFFFFFFFFFFFFFFFFFFFFFF84
:10CCC000FFFFFFFFFFFFFFFFFFFFFFFFFFFFFFFF74
:10CCD000FFFFFFFFFFFFFFFFFFFFFFFFFFFFFFFF64
:10CCE000FFFFFFFFFFFFFFFFFFFFFFFFFFFFFFFF54
:10CCF000FFFFFFFFFFFFFFFFFFFFFFFFFFFFFFFF44
:10CD0000FFFFFFFFFFFFFFFFFFFFFFFFFFFFFFFF33
:10CD1000FFFFFFFFFFFFFFFFFFFFFFFFFFFFFFFF23
:10CD2000FFFFFFFFFFFFFFFFFFFFFFFFFFFFFFFF13
:10CD3000FFFFFFFFFFFFFFFFFFFFFFFFFFFFFFFF03
:10CD4000FFFFFFFFFFFFFFFFFFFFFFFFFFFFFFFFF3
:10CD5000FFFFFFFFFFFFFFFFFFFFFFFFFFFFFFFFE3
:10CD6000FFFFFFFFFFFFFFFFFFFFFFFFFFFFFFFFD3
:10CD7000FFFFFFFFFFFFFFFFFFFFFFFFFFFFFFFFC3
:10CD8000FFFFFFFFFFFFFFFFFFFFFFFFFFFFFFFFB3
:10CD9000FFFFFFFFFFFFFFFFFFFFFFFFFFFFFFFFA3
:10CDA000FFFFFFFFFFFFFFFFFFFFFFFFFFFFFFFF93
:10CDB000FFFFFFFFFFFFFFFFFFFFFFFFFFFFFFFF83
:10CDC000FFFFFFFFFFFFFFFFFFFFFFFFFFFFFFFF73
:10CDD000FFFFFFFFFFFFFFFFFFFFFFFFFFFFFFFF63
:10CDE000FFFFFFFFFFFFFFFFFFFFFFFFFFFFFFFF53
:10CDF000FFFFFFFFFFFFFFFFFFFFFFFFFFFFFFFF43
:10CE0000FFFFFFFFFFFFFFFFFFFFFFFFFFFFFFFF32
:10CE1000FFFFFFFFFFFFFFFFFFFFFFFFFFFFFFFF22
:10CE2000FFFFFFFFFFFFFFFFFFFFFFFFFFFFFFFF12
:10CE3000FFFFFFFFFFFFFFFFFFFFFFFFFFFFFFFF02
:10CE4000FFFFFFFFFFFFFFFFFFFFFFFFFFFFFFFFF2
:10CE5000FFFFFFFFFFFFFFFFFFFFFFFFFFFFFFFFE2
:10CE6000FFFFFFFFFFFFFFFFFFFFFFFFFFFFFFFFD2
:10CE7000FFFFFFFFFFFFFFFFFFFFFFFFFFFFFFFFC2
:10CE8000FFFFFFFFFFFFFFFFFFFFFFFFFFFFFFFFB2
:10CE9000FFFFFFFFFFFFFFFFFFFFFFFFFFFFFFFFA2
:10CEA000FFFFFFFFFFFFFFFFFFFFFFFFFFFFFFFF92
:10CEB000FFFFFFFFFFFFFFFFFFFFFFFFFFFFFFFF82
:10CEC000FFFFFFFFFFFFFFFFFFFFFFFFFFFFFFFF72
:10CED000FFFFFFFFFFFFFFFFFFFFFFFFFFFFFFFF62
:10CEE000FFFFFFFFFFFFFFFFFFFFFFFFFFFFFFFF52
:10CEF000FFFFFFFFFFFFFFFFFFFFFFFFFFFFFFFF42
:10CF0000FFFFFFFFFFFFFFFFFFFFFFFFFFFFFFFF31
:10CF1000FFFFFFFFFFFFFFFFFFFFFFFFFFFFFFFF21
:10CF2000FFFFFFFFFFFFFFFFFFFFFFFFFFFFFFFF11
:10CF3000FFFFFFFFFFFFFFFFFFFFFFFFFFFFFFFF01
:10CF4000FFFFFFFFFFFFFFFFFFFFFFFFFFFFFFFFF1
:10CF5000FFFFFFFFFFFFFFFFFFFFFFFFFFFFFFFFE1
:10CF6000FFFFFFFFFFFFFFFFFFFFFFFFFFFFFFFFD1
:10CF7000FFFFFFFFFFFFFFFFFFFFFFFFFFFFFFFFC1
:10CF8000FFFFFFFFFFFFFFFFFFFFFFFFFFFFFFFFB1
:10CF9000FFFFFFFFFFFFFFFFFFFFFFFFFFFFFFFFA1
:10CFA000FFFFFFFFFFFFFFFFFFFFFFFFFFFFFFFF91
:10CFB000FFFFFFFFFFFFFFFFFFFFFFFFFFFFFFFF81
:10CFC000FFFFFFFFFFFFFFFFFFFFFFFFFFFFFFFF71
:10CFD000FFFFFFFFFFFFFFFFFFFFFFFFFFFFFFFF61
:10CFE000FFFFFFFFFFFFFFFFFFFFFFFFFFFFFFFF51
:10CFF000FFFFFFFFFFFFFFFFFFFFFFFFFFFFFFFF41
:10D00000FFFFFFFFFFFFFFFFFFFFFFFFFFFFFFFF30
:10D01000FFFFFFFFFFFFFFFFFFFFFFFFFFFFFFFF20
:10D02000FFFFFFFFFFFFFFFFFFFFFFFFFFFFFFFF10
:10D03000FFFFFFFFFFFFFFFFFFFFFFFFFFFFFFFF00
:10D04000FFFFFFFFFFFFFFFFFFFFFFFFFFFFFFFFF0
:10D05000FFFFFFFFFFFFFFFFFFFFFFFFFFFFFFFFE0
:10D06000FFFFFFFFFFFFFFFFFFFFFFFFFFFFFFFFD0
:10D07000FFFFFFFFFFFFFFFFFFFFFFFFFFFFFFFFC0
:10D08000FFFFFFFFFFFFFFFFFFFFFFFFFFFFFFFFB0
:10D09000FFFFFFFFFFFFFFFFFFFFFFFFFFFFFFFFA0
:10D0A000FFFFFFFFFFFFFFFFFFFFFFFFFFFFFFFF90
:10D0B000FFFFFFFFFFFFFFFFFFFFFFFFFFFFFFFF80
:10D0C000FFFFFFFFFFFFFFFFFFFFFFFFFFFFFFFF70
:10D0D000FFFFFFFFFFFFFFFFFFFFFFFFFFFFFFFF60
:10D0E000FFFFFFFFFFFFFFFFFFFFFFFFFFFFFFFF50
:10D0F000FFFFFFFFFFFFFFFFFFFFFFFFFFFFFFFF40
:10D10000FFFFFFFFFFFFFFFFFFFFFFFFFFFFFFFF2F
:10D11000FFFFFFFFFFFFFFFFFFFFFFFFFFFFFFFF1F
:10D12000FFFFFFFFFFFFFFFFFFFFFFFFFFFFFFFF0F
:10D13000FFFFFFFFFFFFFFFFFFFFFFFFFFFFFFFFFF
:10D14000FFFFFFFFFFFFFFFFFFFFFFFFFFFFFFFFEF
:10D15000FFFFFFFFFFFFFFFFFFFFFFFFFFFFFFFFDF
:10D16000FFFFFFFFFFFFFFFFFFFFFFFFFFFFFFFFCF
:10D17000FFFFFFFFFFFFFFFFFFFFFFFFFFFFFFFFBF
:10D18000FFFFFFFFFFFFFFFFFFFFFFFFFFFFFFFFAF
:10D19000FFFFFFFFFFFFFFFFFFFFFFFFFFFFFFFF9F
:10D1A000FFFFFFFFFFFFFFFFFFFFFFFFFFFFFFFF8F
:10D1B000FFFFFFFFFFFFFFFFFFFFFFFFFFFFFFFF7F
:10D1C000FFFFFFFFFFFFFFFFFFFFFFFFFFFFFFFF6F
:10D1D000FFFFFFFFFFFFFFFFFFFFFFFFFFFFFFFF5F
:10D1E000FFFFFFFFFFFFFFFFFFFFFFFFFFFFFFFF4F
:10D1F000FFFFFFFFFFFFFFFFFFFFFFFFFFFFFFFF3F
:10D20000FFFFFFFFFFFFFFFFFFFFFFFFFFFFFFFF2E
:10D21000FFFFFFFFFFFFFFFFFFFFFFFFFFFFFFFF1E
:10D22000FFFFFFFFFFFFFFFFFFFFFFFFFFFFFFFF0E
:10D23000FFFFFFFFFFFFFFFFFFFFFFFFFFFFFFFFFE
:10D24000FFFFFFFFFFFFFFFFFFFFFFFFFFFFFFFFEE
:10D25000FFFFFFFFFFFFFFFFFFFFFFFFFFFFFFFFDE
:10D26000FFFFFFFFFFFFFFFFFFFFFFFFFFFFFFFFCE
:10D27000FFFFFFFFFFFFFFFFFFFFFFFFFFFFFFFFBE
:10D28000FFFFFFFFFFFFFFFFFFFFFFFFFFFFFFFFAE
:10D29000FFFFFFFFFFFFFFFFFFFFFFFFFFFFFFFF9E
:10D2A000FFFFFFFFFFFFFFFFFFFFFFFFFFFFFFFF8E
:10D2B000FFFFFFFFFFFFFFFFFFFFFFFFFFFFFFFF7E
:10D2C000FFFFFFFFFFFFFFFFFFFFFFFFFFFFFFFF6E
:10D2D000FFFFFFFFFFFFFFFFFFFFFFFFFFFFFFFF5E
:10D2E000FFFFFFFFFFFFFFFFFFFFFFFFFFFFFFFF4E
:10D2F000FFFFFFFFFFFFFFFFFFFFFFFFFFFFFFFF3E
:10D30000FFFFFFFFFFFFFFFFFFFFFFFFFFFFFFFF2D
:10D31000FFFFFFFFFFFFFFFFFFFFFFFFFFFFFFFF1D
:10D32000FFFFFFFFFFFFFFFFFFFFFFFFFFFFFFFF0D
:10D33000FFFFFFFFFFFFFFFFFFFFFFFFFFFFFFFFFD
:10D34000FFFFFFFFFFFFFFFFFFFFFFFFFFFFFFFFED
:10D35000FFFFFFFFFFFFFFFFFFFFFFFFFFFFFFFFDD
:10D36000FFFFFFFFFFFFFFFFFFFFFFFFFFFFFFFFCD
:10D37000FFFFFFFFFFFFFFFFFFFFFFFFFFFFFFFFBD
:10D38000FFFFFFFFFFFFFFFFFFFFFFFFFFFFFFFFAD
:10D39000FFFFFFFFFFFFFFFFFFFFFFFFFFFFFFFF9D
:10D3A000FFFFFFFFFFFFFFFFFFFFFFFFFFFFFFFF8D
:10D3B000FFFFFFFFFFFFFFFFFFFFFFFFFFFFFFFF7D
:10D3C000FFFFFFFFFFFFFFFFFFFFFFFFFFFFFFFF6D
:10D3D000FFFFFFFFFFFFFFFFFFFFFFFFFFFFFFFF5D
:10D3E000FFFFFFFFFFFFFFFFFFFFFFFFFFFFFFFF4D
:10D3F000FFFFFFFFFFFFFFFFFFFFFFFFFFFFFFFF3D
:10D40000FFFFFFFFFFFFFFFFFFFFFFFFFFFFFFFF2C
:10D41000FFFFFFFFFFFFFFFFFFFFFFFFFFFFFFFF1C
:10D42000FFFFFFFFFFFFFFFFFFFFFFFFFFFFFFFF0C
:10D43000FFFFFFFFFFFFFFFFFFFFFFFFFFFFFFFFFC
:10D44000FFFFFFFFFFFFFFFFFFFFFFFFFFFFFFFFEC
:10D45000FFFFFFFFFFFFFFFFFFFFFFFFFFFFFFFFDC
:10D46000FFFFFFFFFFFFFFFFFFFFFFFFFFFFFFFFCC
:10D47000FFFFFFFFFFFFFFFFFFFFFFFFFFFFFFFFBC
:10D48000FFFFFFFFFFFFFFFFFFFFFFFFFFFFFFFFAC
:10D49000FFFFFFFFFFFFFFFFFFFFFFFFFFFFFFFF9C
:10D4A000FFFFFFFFFFFFFFFFFFFFFFFFFFFFFFFF8C
:10D4B000FFFFFFFFFFFFFFFFFFFFFFFFFFFFFFFF7C
:10D4C000FFFFFFFFFFFFFFFFFFFFFFFFFFFFFFFF6C
:10D4D000FFFFFFFFFFFFFFFFFFFFFFFFFFFFFFFF5C
:10D4E000FFFFFFFFFFFFFFFFFFFFFFFFFFFFFFFF4C
:10D4F000FFFFFFFFFFFFFFFFFFFFFFFFFFFFFFFF3C
:10D50000FFFFFFFFFFFFFFFFFFFFFFFFFFFFFFFF2B
:10D51000FFFFFFFFFFFFFFFFFFFFFFFFFFFFFFFF1B
:10D52000FFFFFFFFFFFFFFFFFFFFFFFFFFFFFFFF0B
:10D53000FFFFFFFFFFFFFFFFFFFFFFFFFFFFFFFFFB
:10D54000FFFFFFFFFFFFFFFFFFFFFFFFFFFFFFFFEB
:10D55000FFFFFFFFFFFFFFFFFFFFFFFFFFFFFFFFDB
:10D56000FFFFFFFFFFFFFFFFFFFFFFFFFFFFFFFFCB
:10D57000FFFFFFFFFFFFFFFFFFFFFFFFFFFFFFFFBB
:10D58000FFFFFFFFFFFFFFFFFFFFFFFFFFFFFFFFAB
:10D59000FFFFFFFFFFFFFFFFFFFFFFFFFFFFFFFF9B
:10D5A000FFFFFFFFFFFFFFFFFFFFFFFFFFFFFFFF8B
:10D5B000FFFFFFFFFFFFFFFFFFFFFFFFFFFFFFFF7B
:10D5C000FFFFFFFFFFFFFFFFFFFFFFFFFFFFFFFF6B
:10D5D000FFFFFFFFFFFFFFFFFFFFFFFFFFFFFFFF5B
:10D5E000FFFFFFFFFFFFFFFFFFFFFFFFFFFFFFFF4B
:10D5F000FFFFFFFFFFFFFFFFFFFFFFFFFFFFFFFF3B
:10D60000FFFFFFFFFFFFFFFFFFFFFFFFFFFFFFFF2A
:10D61000FFFFFFFFFFFFFFFFFFFFFFFFFFFFFFFF1A
:10D62000FFFFFFFFFFFFFFFFFFFFFFFFFFFFFFFF0A
:10D63000FFFFFFFFFFFFFFFFFFFFFFFFFFFFFFFFFA
:10D64000FFFFFFFFFFFFFFFFFFFFFFFFFFFFFFFFEA
:10D65000FFFFFFFFFFFFFFFFFFFFFFFFFFFFFFFFDA
:10D66000FFFFFFFFFFFFFFFFFFFFFFFFFFFFFFFFCA
:10D67000FFFFFFFFFFFFFFFFFFFFFFFFFFFFFFFFBA
:10D68000FFFFFFFFFFFFFFFFFFFFFFFFFFFFFFFFAA
:10D69000FFFFFFFFFFFFFFFFFFFFFFFFFFFFFFFF9A
:10D6A000FFFFFFFFFFFFFFFFFFFFFFFFFFFFFFFF8A
:10D6B000FFFFFFFFFFFFFFFFFFFFFFFFFFFFFFFF7A
:10D6C000FFFFFFFFFFFFFFFFFFFFFFFFFFFFFFFF6A
:10D6D000FFFFFFFFFFFFFFFFFFFFFFFFFFFFFFFF5A
:10D6E000FFFFFFFFFFFFFFFFFFFFFFFFFFFFFFFF4A
:10D6F000FFFFFFFFFFFFFFFFFFFFFFFFFFFFFFFF3A
:10D70000FFFFFFFFFFFFFFFFFFFFFFFFFFFFFFFF29
:10D71000FFFFFFFFFFFFFFFFFFFFFFFFFFFFFFFF19
:10D72000FFFFFFFFFFFFFFFFFFFFFFFFFFFFFFFF09
:10D73000FFFFFFFFFFFFFFFFFFFFFFFFFFFFFFFFF9
:10D74000FFFFFFFFFFFFFFFFFFFFFFFFFFFFFFFFE9
:10D75000FFFFFFFFFFFFFFFFFFFFFFFFFFFFFFFFD9
:10D76000FFFFFFFFFFFFFFFFFFFFFFFFFFFFFFFFC9
:10D77000FFFFFFFFFFFFFFFFFFFFFFFFFFFFFFFFB9
:10D78000FFFFFFFFFFFFFFFFFFFFFFFFFFFFFFFFA9
:10D79000FFFFFFFFFFFFFFFFFFFFFFFFFFFFFFFF99
:10D7A000FFFFFFFFFFFFFFFFFFFFFFFFFFFFFFFF89
:10D7B000FFFFFFFFFFFFFFFFFFFFFFFFFFFFFFFF79
:10D7C000FFFFFFFFFFFFFFFFFFFFFFFFFFFFFFFF69
:10D7D000FFFFFFFFFFFFFFFFFFFFFFFFFFFFFFFF59
:10D7E000FFFFFFFFFFFFFFFFFFFFFFFFFFFFFFFF49
:10D7F000FFFFFFFFFFFFFFFFFFFFFFFFFFFFFFFF39
:10D80000FFFFFFFFFFFFFFFFFFFFFFFFFFFFFFFF28
:10D81000FFFFFFFFFFFFFFFFFFFFFFFFFFFFFFFF18
:10D82000FFFFFFFFFFFFFFFFFFFFFFFFFFFFFFFF08
:10D83000FFFFFFFFFFFFFFFFFFFFFFFFFFFFFFFFF8
:10D84000FFFFFFFFFFFFFFFFFFFFFFFFFFFFFFFFE8
:10D85000FFFFFFFFFFFFFFFFFFFFFFFFFFFFFFFFD8
:10D86000FFFFFFFFFFFFFFFFFFFFFFFFFFFFFFFFC8
:10D87000FFFFFFFFFFFFFFFFFFFFFFFFFFFFFFFFB8
:10D88000FFFFFFFFFFFFFFFFFFFFFFFFFFFFFFFFA8
:10D89000FFFFFFFFFFFFFFFFFFFFFFFFFFFFFFFF98
:10D8A000FFFFFFFFFFFFFFFFFFFFFFFFFFFFFFFF88
:10D8B000FFFFFFFFFFFFFFFFFFFFFFFFFFFFFFFF78
:10D8C000FFFFFFFFFFFFFFFFFFFFFFFFFFFFFFFF68
:10D8D000FFFFFFFFFFFFFFFFFFFFFFFFFFFFFFFF58
:10D8E000FFFFFFFFFFFFFFFFFFFFFFFFFFFFFFFF48
:10D8F000FFFFFFFFFFFFFFFFFFFFFFFFFFFFFFFF38
:10D90000FFFFFFFFFFFFFFFFFFFFFFFFFFFFFFFF27
:10D91000FFFFFFFFFFFFFFFFFFFFFFFFFFFFFFFF17
:10D92000FFFFFFFFFFFFFFFFFFFFFFFFFFFFFFFF07
:10D93000FFFFFFFFFFFFFFFFFFFFFFFFFFFFFFFFF7
:10D94000FFFFFFFFFFFFFFFFFFFFFFFFFFFFFFFFE7
:10D95000FFFFFFFFFFFFFFFFFFFFFFFFFFFFFFFFD7
:10D96000FFFFFFFFFFFFFFFFFFFFFFFFFFFFFFFFC7
:10D97000FFFFFFFFFFFFFFFFFFFFFFFFFFFFFFFFB7
:10D98000FFFFFFFFFFFFFFFFFFFFFFFFFFFFFFFFA7
:10D99000FFFFFFFFFFFFFFFFFFFFFFFFFFFFFFFF97
:10D9A000FFFFFFFFFFFFFFFFFFFFFFFFFFFFFFFF87
:10D9B000FFFFFFFFFFFFFFFFFFFFFFFFFFFFFFFF77
:10D9C000FFFFFFFFFFFFFFFFFFFFFFFFFFFFFFFF67
:10D9D000FFFFFFFFFFFFFFFFFFFFFFFFFFFFFFFF57
:10D9E000FFFFFFFFFFFFFFFFFFFFFFFFFFFFFFFF47
:10D9F000FFFFFFFFFFFFFFFFFFFFFFFFFFFFFFFF37
:10DA0000FFFFFFFFFFFFFFFFFFFFFFFFFFFFFFFF26
:10DA1000FFFFFFFFFFFFFFFFFFFFFFFFFFFFFFFF16
:10DA2000FFFFFFFFFFFFFFFFFFFFFFFFFFFFFFFF06
:10DA3000FFFFFFFFFFFFFFFFFFFFFFFFFFFFFFFFF6
:10DA4000FFFFFFFFFFFFFFFFFFFFFFFFFFFFFFFFE6
:10DA5000FFFFFFFFFFFFFFFFFFFFFFFFFFFFFFFFD6
:10DA6000FFFFFFFFFFFFFFFFFFFFFFFFFFFFFFFFC6
:10DA7000FFFFFFFFFFFFFFFFFFFFFFFFFFFFFFFFB6
:10DA8000FFFFFFFFFFFFFFFFFFFFFFFFFFFFFFFFA6
:10DA9000FFFFFFFFFFFFFFFFFFFFFFFFFFFFFFFF96
:10DAA000FFFFFFFFFFFFFFFFFFFFFFFFFFFFFFFF86
:10DAB000FFFFFFFFFFFFFFFFFFFFFFFFFFFFFFFF76
:10DAC000FFFFFFFFFFFFFFFFFFFFFFFFFFFFFFFF66
:10DAD000FFFFFFFFFFFFFFFFFFFFFFFFFFFFFFFF56
:10DAE000FFFFFFFFFFFFFFFFFFFFFFFFFFFFFFFF46
:10DAF000FFFFFFFFFFFFFFFFFFFFFFFFFFFFFFFF36
:10DB0000FFFFFFFFFFFFFFFFFFFFFFFFFFFFFFFF25
:10DB1000FFFFFFFFFFFFFFFFFFFFFFFFFFFFFFFF15
:10DB2000FFFFFFFFFFFFFFFFFFFFFFFFFFFFFFFF05
:10DB3000FFFFFFFFFFFFFFFFFFFFFFFFFFFFFFFFF5
:10DB4000FFFFFFFFFFFFFFFFFFFFFFFFFFFFFFFFE5
:10DB5000FFFFFFFFFFFFFFFFFFFFFFFFFFFFFFFFD5
:10DB6000FFFFFFFFFFFFFFFFFFFFFFFFFFFFFFFFC5
:10DB7000FFFFFFFFFFFFFFFFFFFFFFFFFFFFFFFFB5
:10DB8000FFFFFFFFFFFFFFFFFFFFFFFFFFFFFFFFA5
:10DB9000FFFFFFFFFFFFFFFFFFFFFFFFFFFFFFFF95
:10DBA000FFFFFFFFFFFFFFFFFFFFFFFFFFFFFFFF85
:10DBB000FFFFFFFFFFFFFFFFFFFFFFFFFFFFFFFF75
:10DBC000FFFFFFFFFFFFFFFFFFFFFFFFFFFFFFFF65
:10DBD000FFFFFFFFFFFFFFFFFFFFFFFFFFFFFFFF55
:10DBE000FFFFFFFFFFFFFFFFFFFFFFFFFFFFFFFF45
:10DBF000FFFFFFFFFFFFFFFFFFFFFFFFFFFFFFFF35
:10DC0000FFFFFFFFFFFFFFFFFFFFFFFFFFFFFFFF24
:10DC1000FFFFFFFFFFFFFFFFFFFFFFFFFFFFFFFF14
:10DC2000FFFFFFFFFFFFFFFFFFFFFFFFFFFFFFFF04
:10DC3000FFFFFFFFFFFFFFFFFFFFFFFFFFFFFFFFF4
:10DC4000FFFFFFFFFFFFFFFFFFFFFFFFFFFFFFFFE4
:10DC5000FFFFFFFFFFFFFFFFFFFFFFFFFFFFFFFFD4
:10DC6000FFFFFFFFFFFFFFFFFFFFFFFFFFFFFFFFC4
:10DC7000FFFFFFFFFFFFFFFFFFFFFFFFFFFFFFFFB4
:10DC8000FFFFFFFFFFFFFFFFFFFFFFFFFFFFFFFFA4
:10DC9000FFFFFFFFFFFFFFFFFFFFFFFFFFFFFFFF94
:10DCA000FFFFFFFFFFFFFFFFFFFFFFFFFFFFFFFF84
:10DCB000FFFFFFFFFFFFFFFFFFFFFFFFFFFFFFFF74
:10DCC000FFFFFFFFFFFFFFFFFFFFFFFFFFFFFFFF64
:10DCD000FFFFFFFFFFFFFFFFFFFFFFFFFFFFFFFF54
:10DCE000FFFFFFFFFFFFFFFFFFFFFFFFFFFFFFFF44
:10DCF000FFFFFFFFFFFFFFFFFFFFFFFFFFFFFFFF34
:10DD0000FFFFFFFFFFFFFFFFFFFFFFFFFFFFFFFF23
:10DD1000FFFFFFFFFFFFFFFFFFFFFFFFFFFFFFFF13
:10DD2000FFFFFFFFFFFFFFFFFFFFFFFFFFFFFFFF03
:10DD3000FFFFFFFFFFFFFFFFFFFFFFFFFFFFFFFFF3
:10DD4000FFFFFFFFFFFFFFFFFFFFFFFFFFFFFFFFE3
:10DD5000FFFFFFFFFFFFFFFFFFFFFFFFFFFFFFFFD3
:10DD6000FFFFFFFFFFFFFFFFFFFFFFFFFFFFFFFFC3
:10DD7000FFFFFFFFFFFFFFFFFFFFFFFFFFFFFFFFB3
:10DD8000FFFFFFFFFFFFFFFFFFFFFFFFFFFFFFFFA3
:10DD9000FFFFFFFFFFFFFFFFFFFFFFFFFFFFFFFF93
:10DDA000FFFFFFFFFFFFFFFFFFFFFFFFFFFFFFFF83
:10DDB000FFFFFFFFFFFFFFFFFFFFFFFFFFFFFFFF73
:10DDC000FFFFFFFFFFFFFFFFFFFFFFFFFFFFFFFF63
:10DDD000FFFFFFFFFFFFFFFFFFFFFFFFFFFFFFFF53
:10DDE000FFFFFFFFFFFFFFFFFFFFFFFFFFFFFFFF43
:10DDF000FFFFFFFFFFFFFFFFFFFFFFFFFFFFFFFF33
:10DE0000FFFFFFFFFFFFFFFFFFFFFFFFFFFFFFFF22
:10DE1000FFFFFFFFFFFFFFFFFFFFFFFFFFFFFFFF12
:10DE2000FFFFFFFFFFFFFFFFFFFFFFFFFFFFFFFF02
:10DE3000FFFFFFFFFFFFFFFFFFFFFFFFFFFFFFFFF2
:10DE4000FFFFFFFFFFFFFFFFFFFFFFFFFFFFFFFFE2
:10DE5000FFFFFFFFFFFFFFFFFFFFFFFFFFFFFFFFD2
:10DE6000FFFFFFFFFFFFFFFFFFFFFFFFFFFFFFFFC2
:10DE7000FFFFFFFFFFFFFFFFFFFFFFFFFFFFFFFFB2
:10DE8000FFFFFFFFFFFFFFFFFFFFFFFFFFFFFFFFA2
:10DE9000FFFFFFFFFFFFFFFFFFFFFFFFFFFFFFFF92
:10DEA000FFFFFFFFFFFFFFFFFFFFFFFFFFFFFFFF82
:10DEB000FFFFFFFFFFFFFFFFFFFFFFFFFFFFFFFF72
:10DEC000FFFFFFFFFFFFFFFFFFFFFFFFFFFFFFFF62
:10DED000FFFFFFFFFFFFFFFFFFFFFFFFFFFFFFFF52
:10DEE000FFFFFFFFFFFFFFFFFFFFFFFFFFFFFFFF42
:10DEF000FFFFFFFFFFFFFFFFFFFFFFFFFFFFFFFF32
:10DF0000FFFFFFFFFFFFFFFFFFFFFFFFFFFFFFFF21
:10DF1000FFFFFFFFFFFFFFFFFFFFFFFFFFFFFFFF11
:10DF2000FFFFFFFFFFFFFFFFFFFFFFFFFFFFFFFF01
:10DF3000FFFFFFFFFFFFFFFFFFFFFFFFFFFFFFFFF1
:10DF4000FFFFFFFFFFFFFFFFFFFFFFFFFFFFFFFFE1
:10DF5000FFFFFFFFFFFFFFFFFFFFFFFFFFFFFFFFD1
:10DF6000FFFFFFFFFFFFFFFFFFFFFFFFFFFFFFFFC1
:10DF7000FFFFFFFFFFFFFFFFFFFFFFFFFFFFFFFFB1
:10DF8000FFFFFFFFFFFFFFFFFFFFFFFFFFFFFFFFA1
:10DF9000FFFFFFFFFFFFFFFFFFFFFFFFFFFFFFFF91
:10DFA000FFFFFFFFFFFFFFFFFFFFFFFFFFFFFFFF81
:10DFB000FFFFFFFFFFFFFFFFFFFFFFFFFFFFFFFF71
:10DFC000FFFFFFFFFFFFFFFFFFFFFFFFFFFFFFFF61
:10DFD000FFFFFFFFFFFFFFFFFFFFFFFFFFFFFFFF51
:10DFE000FFFFFFFFFFFFFFFFFFFFFFFFFFFFFFFF41
:10DFF000FFFFFFFFFFFFFFFFFFFFFFFFFFFFFFFF31
:10E00000FFFFFFFFFFFFFFFFFFFFFFFFFFFFFFFF20
:10E01000FFFFFFFFFFFFFFFFFFFFFFFFFFFFFFFF10
:10E02000FFFFFFFFFFFFFFFFFFFFFFFFFFFFFFFF00
:10E03000FFFFFFFFFFFFFFFFFFFFFFFFFFFFFFFFF0
:10E04000FFFFFFFFFFFFFFFFFFFFFFFFFFFFFFFFE0
:10E05000FFFFFFFFFFFFFFFFFFFFFFFFFFFFFFFFD0
:10E06000FFFFFFFFFFFFFFFFFFFFFFFFFFFFFFFFC0
:10E07000FFFFFFFFFFFFFFFFFFFFFFFFFFFFFFFFB0
:10E08000FFFFFFFFFFFFFFFFFFFFFFFFFFFFFFFFA0
:10E09000FFFFFFFFFFFFFFFFFFFFFFFFFFFFFFFF90
:10E0A000FFFFFFFFFFFFFFFFFFFFFFFFFFFFFFFF80
:10E0B000FFFFFFFFFFFFFFFFFFFFFFFFFFFFFFFF70
:10E0C000FFFFFFFFFFFFFFFFFFFFFFFFFFFFFFFF60
:10E0D000FFFFFFFFFFFFFFFFFFFFFFFFFFFFFFFF50
:10E0E000FFFFFFFFFFFFFFFFFFFFFFFFFFFFFFFF40
:10E0F000FFFFFFFFFFFFFFFFFFFFFFFFFFFFFFFF30
:10E10000FFFFFFFFFFFFFFFFFFFFFFFFFFFFFFFF1F
:10E11000FFFFFFFFFFFFFFFFFFFFFFFFFFFFFFFF0F
:10E12000FFFFFFFFFFFFFFFFFFFFFFFFFFFFFFFFFF
:10E13000FFFFFFFFFFFFFFFFFFFFFFFFFFFFFFFFEF
:10E14000FFFFFFFFFFFFFFFFFFFFFFFFFFFFFFFFDF
:10E15000FFFFFFFFFFFFFFFFFFFFFFFFFFFFFFFFCF
:10E16000FFFFFFFFFFFFFFFFFFFFFFFFFFFFFFFFBF
:10E17000FFFFFFFFFFFFFFFFFFFFFFFFFFFFFFFFAF
:10E18000FFFFFFFFFFFFFFFFFFFFFFFFFFFFFFFF9F
:10E19000FFFFFFFFFFFFFFFFFFFFFFFFFFFFFFFF8F
:10E1A000FFFFFFFFFFFFFFFFFFFFFFFFFFFFFFFF7F
:10E1B000FFFFFFFFFFFFFFFFFFFFFFFFFFFFFFFF6F
:10E1C000FFFFFFFFFFFFFFFFFFFFFFFFFFFFFFFF5F
:10E1D000FFFFFFFFFFFFFFFFFFFFFFFFFFFFFFFF4F
:10E1E000FFFFFFFFFFFFFFFFFFFFFFFFFFFFFFFF3F
:10E1F000FFFFFFFFFFFFFFFFFFFFFFFFFFFFFFFF2F
:10E20000FFFFFFFFFFFFFFFFFFFFFFFFFFFFFFFF1E
:10E21000FFFFFFFFFFFFFFFFFFFFFFFFFFFFFFFF0E
:10E22000FFFFFFFFFFFFFFFFFFFFFFFFFFFFFFFFFE
:10E23000FFFFFFFFFFFFFFFFFFFFFFFFFFFFFFFFEE
:10E24000FFFFFFFFFFFFFFFFFFFFFFFFFFFFFFFFDE
:10E25000FFFFFFFFFFFFFFFFFFFFFFFFFFFFFFFFCE
:10E26000FFFFFFFFFFFFFFFFFFFFFFFFFFFFFFFFBE
:10E27000FFFFFFFFFFFFFFFFFFFFFFFFFFFFFFFFAE
:10E28000FFFFFFFFFFFFFFFFFFFFFFFFFFFFFFFF9E
:10E29000FFFFFFFFFFFFFFFFFFFFFFFFFFFFFFFF8E
:10E2A000FFFFFFFFFFFFFFFFFFFFFFFFFFFFFFFF7E
:10E2B000FFFFFFFFFFFFFFFFFFFFFFFFFFFFFFFF6E
:10E2C000FFFFFFFFFFFFFFFFFFFFFFFFFFFFFFFF5E
:10E2D000FFFFFFFFFFFFFFFFFFFFFFFFFFFFFFFF4E
:10E2E000FFFFFFFFFFFFFFFFFFFFFFFFFFFFFFFF3E
:10E2F000FFFFFFFFFFFFFFFFFFFFFFFFFFFFFFFF2E
:10E30000FFFFFFFFFFFFFFFFFFFFFFFFFFFFFFFF1D
:10E31000FFFFFFFFFFFFFFFFFFFFFFFFFFFFFFFF0D
:10E32000FFFFFFFFFFFFFFFFFFFFFFFFFFFFFFFFFD
:10E33000FFFFFFFFFFFFFFFFFFFFFFFFFFFFFFFFED
:10E34000FFFFFFFFFFFFFFFFFFFFFFFFFFFFFFFFDD
:10E35000FFFFFFFFFFFFFFFFFFFFFFFFFFFFFFFFCD
:10E36000FFFFFFFFFFFFFFFFFFFFFFFFFFFFFFFFBD
:10E37000FFFFFFFFFFFFFFFFFFFFFFFFFFFFFFFFAD
:10E38000FFFFFFFFFFFFFFFFFFFFFFFFFFFFFFFF9D
:10E39000FFFFFFFFFFFFFFFFFFFFFFFFFFFFFFFF8D
:10E3A000FFFFFFFFFFFFFFFFFFFFFFFFFFFFFFFF7D
:10E3B000FFFFFFFFFFFFFFFFFFFFFFFFFFFFFFFF6D
:10E3C000FFFFFFFFFFFFFFFFFFFFFFFFFFFFFFFF5D
:10E3D000FFFFFFFFFFFFFFFFFFFFFFFFFFFFFFFF4D
:10E3E000FFFFFFFFFFFFFFFFFFFFFFFFFFFFFFFF3D
:10E3F000FFFFFFFFFFFFFFFFFFFFFFFFFFFFFFFF2D
:10E40000FFFFFFFFFFFFFFFFFFFFFFFFFFFFFFFF1C
:10E41000FFFFFFFFFFFFFFFFFFFFFFFFFFFFFFFF0C
:10E42000FFFFFFFFFFFFFFFFFFFFFFFFFFFFFFFFFC
:10E43000FFFFFFFFFFFFFFFFFFFFFFFFFFFFFFFFEC
:10E44000FFFFFFFFFFFFFFFFFFFFFFFFFFFFFFFFDC
:10E45000FFFFFFFFFFFFFFFFFFFFFFFFFFFFFFFFCC
:10E46000FFFFFFFFFFFFFFFFFFFFFFFFFFFFFFFFBC
:10E47000FFFFFFFFFFFFFFFFFFFFFFFFFFFFFFFFAC
:10E48000FFFFFFFFFFFFFFFFFFFFFFFFFFFFFFFF9C
:10E49000FFFFFFFFFFFFFFFFFFFFFFFFFFFFFFFF8C
:10E4A000FFFFFFFFFFFFFFFFFFFFFFFFFFFFFFFF7C
:10E4B000FFFFFFFFFFFFFFFFFFFFFFFFFFFFFFFF6C
:10E4C000FFFFFFFFFFFFFFFFFFFFFFFFFFFFFFFF5C
:10E4D000FFFFFFFFFFFFFFFFFFFFFFFFFFFFFFFF4C
:10E4E000FFFFFFFFFFFFFFFFFFFFFFFFFFFFFFFF3C
:10E4F000FFFFFFFFFFFFFFFFFFFFFFFFFFFFFFFF2C
:10E50000FFFFFFFFFFFFFFFFFFFFFFFFFFFFFFFF1B
:10E51000FFFFFFFFFFFFFFFFFFFFFFFFFFFFFFFF0B
:10E52000FFFFFFFFFFFFFFFFFFFFFFFFFFFFFFFFFB
:10E53000FFFFFFFFFFFFFFFFFFFFFFFFFFFFFFFFEB
:10E54000FFFFFFFFFFFFFFFFFFFFFFFFFFFFFFFFDB
:10E55000FFFFFFFFFFFFFFFFFFFFFFFFFFFFFFFFCB
:10E56000FFFFFFFFFFFFFFFFFFFFFFFFFFFFFFFFBB
:10E57000FFFFFFFFFFFFFFFFFFFFFFFFFFFFFFFFAB
:10E58000FFFFFFFFFFFFFFFFFFFFFFFFFFFFFFFF9B
:10E59000FFFFFFFFFFFFFFFFFFFFFFFFFFFFFFFF8B
:10E5A000FFFFFFFFFFFFFFFFFFFFFFFFFFFFFFFF7B
:10E5B000FFFFFFFFFFFFFFFFFFFFFFFFFFFFFFFF6B
:10E5C000FFFFFFFFFFFFFFFFFFFFFFFFFFFFFFFF5B
:10E5D000FFFFFFFFFFFFFFFFFFFFFFFFFFFFFFFF4B
:10E5E000FFFFFFFFFFFFFFFFFFFFFFFFFFFFFFFF3B
:10E5F000FFFFFFFFFFFFFFFFFFFFFFFFFFFFFFFF2B
:10E60000FFFFFFFFFFFFFFFFFFFFFFFFFFFFFFFF1A
:10E61000FFFFFFFFFFFFFFFFFFFFFFFFFFFFFFFF0A
:10E62000FFFFFFFFFFFFFFFFFFFFFFFFFFFFFFFFFA
:10E63000FFFFFFFFFFFFFFFFFFFFFFFFFFFFFFFFEA
:10E64000FFFFFFFFFFFFFFFFFFFFFFFFFFFFFFFFDA
:10E65000FFFFFFFFFFFFFFFFFFFFFFFFFFFFFFFFCA
:10E66000FFFFFFFFFFFFFFFFFFFFFFFFFFFFFFFFBA
:10E67000FFFFFFFFFFFFFFFFFFFFFFFFFFFFFFFFAA
:10E68000FFFFFFFFFFFFFFFFFFFFFFFFFFFFFFFF9A
:10E69000FFFFFFFFFFFFFFFFFFFFFFFFFFFFFFFF8A
:10E6A000FFFFFFFFFFFFFFFFFFFFFFFFFFFFFFFF7A
:10E6B000FFFFFFFFFFFFFFFFFFFFFFFFFFFFFFFF6A
:10E6C000FFFFFFFFFFFFFFFFFFFFFFFFFFFFFFFF5A
:10E6D000FFFFFFFFFFFFFFFFFFFFFFFFFFFFFFFF4A
:10E6E000FFFFFFFFFFFFFFFFFFFFFFFFFFFFFFFF3A
:10E6F000FFFFFFFFFFFFFFFFFFFFFFFFFFFFFFFF2A
:10E70000FFFFFFFFFFFFFFFFFFFFFFFFFFFFFFFF19
:10E71000FFFFFFFFFFFFFFFFFFFFFFFFFFFFFFFF09
:10E72000FFFFFFFFFFFFFFFFFFFFFFFFFFFFFFFFF9
:10E73000FFFFFFFFFFFFFFFFFFFFFFFFFFFFFFFFE9
:10E74000FFFFFFFFFFFFFFFFFFFFFFFFFFFFFFFFD9
:10E75000FFFFFFFFFFFFFFFFFFFFFFFFFFFFFFFFC9
:10E76000FFFFFFFFFFFFFFFFFFFFFFFFFFFFFFFFB9
:10E77000FFFFFFFFFFFFFFFFFFFFFFFFFFFFFFFFA9
:10E78000FFFFFFFFFFFFFFFFFFFFFFFFFFFFFFFF99
:10E79000FFFFFFFFFFFFFFFFFFFFFFFFFFFFFFFF89
:10E7A000FFFFFFFFFFFFFFFFFFFFFFFFFFFFFFFF79
:10E7B000FFFFFFFFFFFFFFFFFFFFFFFFFFFFFFFF69
:10E7C000FFFFFFFFFFFFFFFFFFFFFFFFFFFFFFFF59
:10E7D000FFFFFFFFFFFFFFFFFFFFFFFFFFFFFFFF49
:10E7E000FFFFFFFFFFFFFFFFFFFFFFFFFFFFFFFF39
:10E7F000FFFFFFFFFFFFFFFFFFFFFFFFFFFFFFFF29
:10E80000FFFFFFFFFFFFFFFFFFFFFFFFFFFFFFFF18
:10E81000FFFFFFFFFFFFFFFFFFFFFFFFFFFFFFFF08
:10E82000FFFFFFFFFFFFFFFFFFFFFFFFFFFFFFFFF8
:10E83000FFFFFFFFFFFFFFFFFFFFFFFFFFFFFFFFE8
:10E84000FFFFFFFFFFFFFFFFFFFFFFFFFFFFFFFFD8
:10E85000FFFFFFFFFFFFFFFFFFFFFFFFFFFFFFFFC8
:10E86000FFFFFFFFFFFFFFFFFFFFFFFFFFFFFFFFB8
:10E87000FFFFFFFFFFFFFFFFFFFFFFFFFFFFFFFFA8
:10E88000FFFFFFFFFFFFFFFFFFFFFFFFFFFFFFFF98
:10E89000FFFFFFFFFFFFFFFFFFFFFFFFFFFFFFFF88
:10E8A000FFFFFFFFFFFFFFFFFFFFFFFFFFFFFFFF78
:10E8B000FFFFFFFFFFFFFFFFFFFFFFFFFFFFFFFF68
:10E8C000FFFFFFFFFFFFFFFFFFFFFFFFFFFFFFFF58
:10E8D000FFFFFFFFFFFFFFFFFFFFFFFFFFFFFFFF48
:10E8E000FFFFFFFFFFFFFFFFFFFFFFFFFFFFFFFF38
:10E8F000FFFFFFFFFFFFFFFFFFFFFFFFFFFFFFFF28
:10E90000FFFFFFFFFFFFFFFFFFFFFFFFFFFFFFFF17
:10E91000FFFFFFFFFFFFFFFFFFFFFFFFFFFFFFFF07
:10E92000FFFFFFFFFFFFFFFFFFFFFFFFFFFFFFFFF7
:10E93000FFFFFFFFFFFFFFFFFFFFFFFFFFFFFFFFE7
:10E94000FFFFFFFFFFFFFFFFFFFFFFFFFFFFFFFFD7
:10E95000FFFFFFFFFFFFFFFFFFFFFFFFFFFFFFFFC7
:10E96000FFFFFFFFFFFFFFFFFFFFFFFFFFFFFFFFB7
:10E97000FFFFFFFFFFFFFFFFFFFFFFFFFFFFFFFFA7
:10E98000FFFFFFFFFFFFFFFFFFFFFFFFFFFFFFFF97
:10E99000FFFFFFFFFFFFFFFFFFFFFFFFFFFFFFFF87
:10E9A000FFFFFFFFFFFFFFFFFFFFFFFFFFFFFFFF77
:10E9B000FFFFFFFFFFFFFFFFFFFFFFFFFFFFFFFF67
:10E9C000FFFFFFFFFFFFFFFFFFFFFFFFFFFFFFFF57
:10E9D000FFFFFFFFFFFFFFFFFFFFFFFFFFFFFFFF47
:10E9E000FFFFFFFFFFFFFFFFFFFFFFFFFFFFFFFF37
:10E9F000FFFFFFFFFFFFFFFFFFFFFFFFFFFFFFFF27
:10EA0000FFFFFFFFFFFFFFFFFFFFFFFFFFFFFFFF16
:10EA1000FFFFFFFFFFFFFFFFFFFFFFFFFFFFFFFF06
:10EA2000FFFFFFFFFFFFFFFFFFFFFFFFFFFFFFFFF6
:10EA3000FFFFFFFFFFFFFFFFFFFFFFFFFFFFFFFFE6
:10EA4000FFFFFFFFFFFFFFFFFFFFFFFFFFFFFFFFD6
:10EA5000FFFFFFFFFFFFFFFFFFFFFFFFFFFFFFFFC6
:10EA6000FFFFFFFFFFFFFFFFFFFFFFFFFFFFFFFFB6
:10EA7000FFFFFFFFFFFFFFFFFFFFFFFFFFFFFFFFA6
:10EA8000FFFFFFFFFFFFFFFFFFFFFFFFFFFFFFFF96
:10EA9000FFFFFFFFFFFFFFFFFFFFFFFFFFFFFFFF86
:10EAA000FFFFFFFFFFFFFFFFFFFFFFFFFFFFFFFF76
:10EAB000FFFFFFFFFFFFFFFFFFFFFFFFFFFFFFFF66
:10EAC000FFFFFFFFFFFFFFFFFFFFFFFFFFFFFFFF56
:10EAD000FFFFFFFFFFFFFFFFFFFFFFFFFFFFFFFF46
:10EAE000FFFFFFFFFFFFFFFFFFFFFFFFFFFFFFFF36
:10EAF000FFFFFFFFFFFFFFFFFFFFFFFFFFFFFFFF26
:10EB0000FFFFFFFFFFFFFFFFFFFFFFFFFFFFFFFF15
:10EB1000FFFFFFFFFFFFFFFFFFFFFFFFFFFFFFFF05
:10EB2000FFFFFFFFFFFFFFFFFFFFFFFFFFFFFFFFF5
:10EB3000FFFFFFFFFFFFFFFFFFFFFFFFFFFFFFFFE5
:10EB4000FFFFFFFFFFFFFFFFFFFFFFFFFFFFFFFFD5
:10EB5000FFFFFFFFFFFFFFFFFFFFFFFFFFFFFFFFC5
:10EB6000FFFFFFFFFFFFFFFFFFFFFFFFFFFFFFFFB5
:10EB7000FFFFFFFFFFFFFFFFFFFFFFFFFFFFFFFFA5
:10EB8000FFFFFFFFFFFFFFFFFFFFFFFFFFFFFFFF95
:10EB9000FFFFFFFFFFFFFFFFFFFFFFFFFFFFFFFF85
:10EBA000FFFFFFFFFFFFFFFFFFFFFFFFFFFFFFFF75
:10EBB000FFFFFFFFFFFFFFFFFFFFFFFFFFFFFFFF65
:10EBC000FFFFFFFFFFFFFFFFFFFFFFFFFFFFFFFF55
:10EBD000FFFFFFFFFFFFFFFFFFFFFFFFFFFFFFFF45
:10EBE000FFFFFFFFFFFFFFFFFFFFFFFFFFFFFFFF35
:10EBF000FFFFFFFFFFFFFFFFFFFFFFFFFFFFFFFF25
:10EC0000FFFFFFFFFFFFFFFFFFFFFFFFFFFFFFFF14
:10EC1000FFFFFFFFFFFFFFFFFFFFFFFFFFFFFFFF04
:10EC2000FFFFFFFFFFFFFFFFFFFFFFFFFFFFFFFFF4
:10EC3000FFFFFFFFFFFFFFFFFFFFFFFFFFFFFFFFE4
:10EC4000FFFFFFFFFFFFFFFFFFFFFFFFFFFFFFFFD4
:10EC5000FFFFFFFFFFFFFFFFFFFFFFFFFFFFFFFFC4
:10EC6000FFFFFFFFFFFFFFFFFFFFFFFFFFFFFFFFB4
:10EC7000FFFFFFFFFFFFFFFFFFFFFFFFFFFFFFFFA4
:10EC8000FFFFFFFFFFFFFFFFFFFFFFFFFFFFFFFF94
:10EC9000FFFFFFFFFFFFFFFFFFFFFFFFFFFFFFFF84
:10ECA000FFFFFFFFFFFFFFFFFFFFFFFFFFFFFFFF74
:10ECB000FFFFFFFFFFFFFFFFFFFFFFFFFFFFFFFF64
:10ECC000FFFFFFFFFFFFFFFFFFFFFFFFFFFFFFFF54
:10ECD000FFFFFFFFFFFFFFFFFFFFFFFFFFFFFFFF44
:10ECE000FFFFFFFFFFFFFFFFFFFFFFFFFFFFFFFF34
:10ECF000FFFFFFFFFFFFFFFFFFFFFFFFFFFFFFFF24
:10ED0000FFFFFFFFFFFFFFFFFFFFFFFFFFFFFFFF13
:10ED1000FFFFFFFFFFFFFFFFFFFFFFFFFFFFFFFF03
:10ED2000FFFFFFFFFFFFFFFFFFFFFFFFFFFFFFFFF3
:10ED3000FFFFFFFFFFFFFFFFFFFFFFFFFFFFFFFFE3
:10ED4000FFFFFFFFFFFFFFFFFFFFFFFFFFFFFFFFD3
:10ED5000FFFFFFFFFFFFFFFFFFFFFFFFFFFFFFFFC3
:10ED6000FFFFFFFFFFFFFFFFFFFFFFFFFFFFFFFFB3
:10ED7000FFFFFFFFFFFFFFFFFFFFFFFFFFFFFFFFA3
:10ED8000FFFFFFFFFFFFFFFFFFFFFFFFFFFFFFFF93
:10ED9000FFFFFFFFFFFFFFFFFFFFFFFFFFFFFFFF83
:10EDA000FFFFFFFFFFFFFFFFFFFFFFFFFFFFFFFF73
:10EDB000FFFFFFFFFFFFFFFFFFFFFFFFFFFFFFFF63
:10EDC000FFFFFFFFFFFFFFFFFFFFFFFFFFFFFFFF53
:10EDD000FFFFFFFFFFFFFFFFFFFFFFFFFFFFFFFF43
:10EDE000FFFFFFFFFFFFFFFFFFFFFFFFFFFFFFFF33
:10EDF000FFFFFFFFFFFFFFFFFFFFFFFFFFFFFFFF23
:10EE0000FFFFFFFFFFFFFFFFFFFFFFFFFFFFFFFF12
:10EE1000FFFFFFFFFFFFFFFFFFFFFFFFFFFFFFFF02
:10EE2000FFFFFFFFFFFFFFFFFFFFFFFFFFFFFFFFF2
:10EE3000FFFFFFFFFFFFFFFFFFFFFFFFFFFFFFFFE2
:10EE4000FFFFFFFFFFFFFFFFFFFFFFFFFFFFFFFFD2
:10EE5000FFFFFFFFFFFFFFFFFFFFFFFFFFFFFFFFC2
:10EE6000FFFFFFFFFFFFFFFFFFFFFFFFFFFFFFFFB2
:10EE7000FFFFFFFFFFFFFFFFFFFFFFFFFFFFFFFFA2
:10EE8000FFFFFFFFFFFFFFFFFFFFFFFFFFFFFFFF92
:10EE9000FFFFFFFFFFFFFFFFFFFFFFFFFFFFFFFF82
:10EEA000FFFFFFFFFFFFFFFFFFFFFFFFFFFFFFFF72
:10EEB000FFFFFFFFFFFFFFFFFFFFFFFFFFFFFFFF62
:10EEC000FFFFFFFFFFFFFFFFFFFFFFFFFFFFFFFF52
:10EED000FFFFFFFFFFFFFFFFFFFFFFFFFFFFFFFF42
:10EEE000FFFFFFFFFFFFFFFFFFFFFFFFFFFFFFFF32
:10EEF000FFFFFFFFFFFFFFFFFFFFFFFFFFFFFFFF22
:10EF0000FFFFFFFFFFFFFFFFFFFFFFFFFFFFFFFF11
:10EF1000FFFFFFFFFFFFFFFFFFFFFFFFFFFFFFFF01
:10EF2000FFFFFFFFFFFFFFFFFFFFFFFFFFFFFFFFF1
:10EF3000FFFFFFFFFFFFFFFFFFFFFFFFFFFFFFFFE1
:10EF4000FFFFFFFFFFFFFFFFFFFFFFFFFFFFFFFFD1
:10EF5000FFFFFFFFFFFFFFFFFFFFFFFFFFFFFFFFC1
:10EF6000FFFFFFFFFFFFFFFFFFFFFFFFFFFFFFFFB1
:10EF7000FFFFFFFFFFFFFFFFFFFFFFFFFFFFFFFFA1
:10EF8000FFFFFFFFFFFFFFFFFFFFFFFFFFFFFFFF91
:10EF9000FFFFFFFFFFFFFFFFFFFFFFFFFFFFFFFF81
:10EFA000FFFFFFFFFFFFFFFFFFFFFFFFFFFFFFFF71
:10EFB000FFFFFFFFFFFFFFFFFFFFFFFFFFFFFFFF61
:10EFC000FFFFFFFFFFFFFFFFFFFFFFFFFFFFFFFF51
:10EFD000FFFFFFFFFFFFFFFFFFFFFFFFFFFFFFFF41
:10EFE000FFFFFFFFFFFFFFFFFFFFFFFFFFFFFFFF31
:10EFF000FFFFFFFFFFFFFFFFFFFFFFFFFFFFFFFF21
:10F00000FFFFFFFFFFFFFFFFFFFFFFFFFFFFFFFF10
:10F01000FFFFFFFFFFFFFFFFFFFFFFFFFFFFFFFF00
:10F02000FFFFFFFFFFFFFFFFFFFFFFFFFFFFFFFFF0
:10F03000FFFFFFFFFFFFFFFFFFFFFFFFFFFFFFFFE0
:10F04000FFFFFFFFFFFFFFFFFFFFFFFFFFFFFFFFD0
:10F05000FFFFFFFFFFFFFFFFFFFFFFFFFFFFFFFFC0
:10F06000FFFFFFFFFFFFFFFFFFFFFFFFFFFFFFFFB0
:10F07000FFFFFFFFFFFFFFFFFFFFFFFFFFFFFFFFA0
:10F08000FFFFFFFFFFFFFFFFFFFFFFFFFFFFFFFF90
:10F09000FFFFFFFFFFFFFFFFFFFFFFFFFFFFFFFF80
:10F0A000FFFFFFFFFFFFFFFFFFFFFFFFFFFFFFFF70
:10F0B000FFFFFFFFFFFFFFFFFFFFFFFFFFFFFFFF60
:10F0C000FFFFFFFFFFFFFFFFFFFFFFFFFFFFFFFF50
:10F0D000FFFFFFFFFFFFFFFFFFFFFFFFFFFFFFFF40
:10F0E000FFFFFFFFFFFFFFFFFFFFFFFFFFFFFFFF30
:10F0F000FFFFFFFFFFFFFFFFFFFFFFFFFFFFFFFF20
:10F10000FFFFFFFFFFFFFFFFFFFFFFFFFFFFFFFF0F
:10F11000FFFFFFFFFFFFFFFFFFFFFFFFFFFFFFFFFF
:10F12000FFFFFFFFFFFFFFFFFFFFFFFFFFFFFFFFEF
:10F13000FFFFFFFFFFFFFFFFFFFFFFFFFFFFFFFFDF
:10F14000FFFFFFFFFFFFFFFFFFFFFFFFFFFFFFFFCF
:10F15000FFFFFFFFFFFFFFFFFFFFFFFFFFFFFFFFBF
:10F16000FFFFFFFFFFFFFFFFFFFFFFFFFFFFFFFFAF
:10F17000FFFFFFFFFFFFFFFFFFFFFFFFFFFFFFFF9F
:10F18000FFFFFFFFFFFFFFFFFFFFFFFFFFFFFFFF8F
:10F19000FFFFFFFFFFFFFFFFFFFFFFFFFFFFFFFF7F
:10F1A000FFFFFFFFFFFFFFFFFFFFFFFFFFFFFFFF6F
:10F1B000FFFFFFFFFFFFFFFFFFFFFFFFFFFFFFFF5F
:10F1C000FFFFFFFFFFFFFFFFFFFFFFFFFFFFFFFF4F
:10F1D000FFFFFFFFFFFFFFFFFFFFFFFFFFFFFFFF3F
:10F1E000FFFFFFFFFFFFFFFFFFFFFFFFFFFFFFFF2F
:10F1F000FFFFFFFFFFFFFFFFFFFFFFFFFFFFFFFF1F
:10F20000FFFFFFFFFFFFFFFFFFFFFFFFFFFFFFFF0E
:10F21000FFFFFFFFFFFFFFFFFFFFFFFFFFFFFFFFFE
:10F22000FFFFFFFFFFFFFFFFFFFFFFFFFFFFFFFFEE
:10F23000FFFFFFFFFFFFFFFFFFFFFFFFFFFFFFFFDE
:10F24000FFFFFFFFFFFFFFFFFFFFFFFFFFFFFFFFCE
:10F25000FFFFFFFFFFFFFFFFFFFFFFFFFFFFFFFFBE
:10F26000FFFFFFFFFFFFFFFFFFFFFFFFFFFFFFFFAE
:10F27000FFFFFFFFFFFFFFFFFFFFFFFFFFFFFFFF9E
:10F28000FFFFFFFFFFFFFFFFFFFFFFFFFFFFFFFF8E
:10F29000FFFFFFFFFFFFFFFFFFFFFFFFFFFFFFFF7E
:10F2A000FFFFFFFFFFFFFFFFFFFFFFFFFFFFFFFF6E
:10F2B000FFFFFFFFFFFFFFFFFFFFFFFFFFFFFFFF5E
:10F2C000FFFFFFFFFFFFFFFFFFFFFFFFFFFFFFFF4E
:10F2D000FFFFFFFFFFFFFFFFFFFFFFFFFFFFFFFF3E
:10F2E000FFFFFFFFFFFFFFFFFFFFFFFFFFFFFFFF2E
:10F2F000FFFFFFFFFFFFFFFFFFFFFFFFFFFFFFFF1E
:10F30000FFFFFFFFFFFFFFFFFFFFFFFFFFFFFFFF0D
:10F31000FFFFFFFFFFFFFFFFFFFFFFFFFFFFFFFFFD
:10F32000FFFFFFFFFFFFFFFFFFFFFFFFFFFFFFFFED
:10F33000FFFFFFFFFFFFFFFFFFFFFFFFFFFFFFFFDD
:10F34000FFFFFFFFFFFFFFFFFFFFFFFFFFFFFFFFCD
:10F35000FFFFFFFFFFFFFFFFFFFFFFFFFFFFFFFFBD
:10F36000FFFFFFFFFFFFFFFFFFFFFFFFFFFFFFFFAD
:10F37000FFFFFFFFFFFFFFFFFFFFFFFFFFFFFFFF9D
:10F38000FFFFFFFFFFFFFFFFFFFFFFFFFFFFFFFF8D
:10F39000FFFFFFFFFFFFFFFFFFFFFFFFFFFFFFFF7D
:10F3A000FFFFFFFFFFFFFFFFFFFFFFFFFFFFFFFF6D
:10F3B000FFFFFFFFFFFFFFFFFFFFFFFFFFFFFFFF5D
:10F3C000FFFFFFFFFFFFFFFFFFFFFFFFFFFFFFFF4D
:10F3D000FFFFFFFFFFFFFFFFFFFFFFFFFFFFFFFF3D
:10F3E000FFFFFFFFFFFFFFFFFFFFFFFFFFFFFFFF2D
:10F3F000FFFFFFFFFFFFFFFFFFFFFFFFFFFFFFFF1D
:10F40000FFFFFFFFFFFFFFFFFFFFFFFFFFFFFFFF0C
:10F41000FFFFFFFFFFFFFFFFFFFFFFFFFFFFFFFFFC
:10F42000FFFFFFFFFFFFFFFFFFFFFFFFFFFFFFFFEC
:10F43000FFFFFFFFFFFFFFFFFFFFFFFFFFFFFFFFDC
:10F44000FFFFFFFFFFFFFFFFFFFFFFFFFFFFFFFFCC
:10F45000FFFFFFFFFFFFFFFFFFFFFFFFFFFFFFFFBC
:10F46000FFFFFFFFFFFFFFFFFFFFFFFFFFFFFFFFAC
:10F47000FFFFFFFFFFFFFFFFFFFFFFFFFFFFFFFF9C
:10F48000FFFFFFFFFFFFFFFFFFFFFFFFFFFFFFFF8C
:10F49000FFFFFFFFFFFFFFFFFFFFFFFFFFFFFFFF7C
:10F4A000FFFFFFFFFFFFFFFFFFFFFFFFFFFFFFFF6C
:10F4B000FFFFFFFFFFFFFFFFFFFFFFFFFFFFFFFF5C
:10F4C000FFFFFFFFFFFFFFFFFFFFFFFFFFFFFFFF4C
:10F4D000FFFFFFFFFFFFFFFFFFFFFFFFFFFFFFFF3C
:10F4E000FFFFFFFFFFFFFFFFFFFFFFFFFFFFFFFF2C
:10F4F000FFFFFFFFFFFFFFFFFFFFFFFFFFFFFFFF1C
:10F50000FFFFFFFFFFFFFFFFFFFFFFFFFFFFFFFF0B
:10F51000FFFFFFFFFFFFFFFFFFFFFFFFFFFFFFFFFB
:10F52000FFFFFFFFFFFFFFFFFFFFFFFFFFFFFFFFEB
:10F53000FFFFFFFFFFFFFFFFFFFFFFFFFFFFFFFFDB
:10F54000FFFFFFFFFFFFFFFFFFFFFFFFFFFFFFFFCB
:10F55000FFFFFFFFFFFFFFFFFFFFFFFFFFFFFFFFBB
:10F56000FFFFFFFFFFFFFFFFFFFFFFFFFFFFFFFFAB
:10F57000FFFFFFFFFFFFFFFFFFFFFFFFFFFFFFFF9B
:10F58000FFFFFFFFFFFFFFFFFFFFFFFFFFFFFFFF8B
:10F59000FFFFFFFFFFFFFFFFFFFFFFFFFFFFFFFF7B
:10F5A000FFFFFFFFFFFFFFFFFFFFFFFFFFFFFFFF6B
:10F5B000FFFFFFFFFFFFFFFFFFFFFFFFFFFFFFFF5B
:10F5C000FFFFFFFFFFFFFFFFFFFFFFFFFFFFFFFF4B
:10F5D000FFFFFFFFFFFFFFFFFFFFFFFFFFFFFFFF3B
:10F5E000FFFFFFFFFFFFFFFFFFFFFFFFFFFFFFFF2B
:10F5F000FFFFFFFFFFFFFFFFFFFFFFFFFFFFFFFF1B
:10F60000FFFFFFFFFFFFFFFFFFFFFFFFFFFFFFFF0A
:10F61000FFFFFFFFFFFFFFFFFFFFFFFFFFFFFFFFFA
:10F62000FFFFFFFFFFFFFFFFFFFFFFFFFFFFFFFFEA
:10F63000FFFFFFFFFFFFFFFFFFFFFFFFFFFFFFFFDA
:10F64000FFFFFFFFFFFFFFFFFFFFFFFFFFFFFFFFCA
:10F65000FFFFFFFFFFFFFFFFFFFFFFFFFFFFFFFFBA
:10F66000FFFFFFFFFFFFFFFFFFFFFFFFFFFFFFFFAA
:10F67000FFFFFFFFFFFFFFFFFFFFFFFFFFFFFFFF9A
:10F68000FFFFFFFFFFFFFFFFFFFFFFFFFFFFFFFF8A
:10F69000FFFFFFFFFFFFFFFFFFFFFFFFFFFFFFFF7A
:10F6A000FFFFFFFFFFFFFFFFFFFFFFFFFFFFFFFF6A
:10F6B000FFFFFFFFFFFFFFFFFFFFFFFFFFFFFFFF5A
:10F6C000FFFFFFFFFFFFFFFFFFFFFFFFFFFFFFFF4A
:10F6D000FFFFFFFFFFFFFFFFFFFFFFFFFFFFFFFF3A
:10F6E000FFFFFFFFFFFFFFFFFFFFFFFFFFFFFFFF2A
:10F6F000FFFFFFFFFFFFFFFFFFFFFFFFFFFFFFFF1A
:10F70000FFFFFFFFFFFFFFFFFFFFFFFFFFFFFFFF09
:10F71000FFFFFFFFFFFFFFFFFFFFFFFFFFFFFFFFF9
:10F72000FFFFFFFFFFFFFFFFFFFFFFFFFFFFFFFFE9
:10F73000FFFFFFFFFFFFFFFFFFFFFFFFFFFFFFFFD9
:10F74000FFFFFFFFFFFFFFFFFFFFFFFFFFFFFFFFC9
:10F75000FFFFFFFFFFFFFFFFFFFFFFFFFFFFFFFFB9
:10F76000FFFFFFFFFFFFFFFFFFFFFFFFFFFFFFFFA9
:10F77000FFFFFFFFFFFFFFFFFFFFFFFFFFFFFFFF99
:10F78000FFFFFFFFFFFFFFFFFFFFFFFFFFFFFFFF89
:10F79000FFFFFFFFFFFFFFFFFFFFFFFFFFFFFFFF79
:10F7A000FFFFFFFFFFFFFFFFFFFFFFFFFFFFFFFF69
:10F7B000FFFFFFFFFFFFFFFFFFFFFFFFFFFFFFFF59
:10F7C000FFFFFFFFFFFFFFFFFFFFFFFFFFFFFFFF49
:10F7D000FFFFFFFFFFFFFFFFFFFFFFFFFFFFFFFF39
:10F7E000FFFFFFFFFFFFFFFFFFFFFFFFFFFFFFFF29
:10F7F000FFFFFFFFFFFFFFFFFFFFFFFFFFFFFFFF19
:10F80000FFFFFFFFFFFFFFFFFFFFFFFFFFFFFFFF08
:10F81000FFFFFFFFFFFFFFFFFFFFFFFFFFFFFFFFF8
:10F82000FFFFFFFFFFFFFFFFFFFFFFFFFFFFFFFFE8
:10F83000FFFFFFFFFFFFFFFFFFFFFFFFFFFFFFFFD8
:10F84000FFFFFFFFFFFFFFFFFFFFFFFFFFFFFFFFC8
:10F85000FFFFFFFFFFFFFFFFFFFFFFFFFFFFFFFFB8
:10F86000FFFFFFFFFFFFFFFFFFFFFFFFFFFFFFFFA8
:10F87000FFFFFFFFFFFFFFFFFFFFFFFFFFFFFFFF98
:10F88000FFFFFFFFFFFFFFFFFFFFFFFFFFFFFFFF88
:10F89000FFFFFFFFFFFFFFFFFFFFFFFFFFFFFFFF78
:10F8A000FFFFFFFFFFFFFFFFFFFFFFFFFFFFFFFF68
:10F8B000FFFFFFFFFFFFFFFFFFFFFFFFFFFFFFFF58
:10F8C000FFFFFFFFFFFFFFFFFFFFFFFFFFFFFFFF48
:10F8D000FFFFFFFFFFFFFFFFFFFFFFFFFFFFFFFF38
:10F8E000FFFFFFFFFFFFFFFFFFFFFFFFFFFFFFFF28
:10F8F000FFFFFFFFFFFFFFFFFFFFFFFFFFFFFFFF18
:10F90000FFFFFFFFFFFFFFFFFFFFFFFFFFFFFFFF07
:10F91000FFFFFFFFFFFFFFFFFFFFFFFFFFFFFFFFF7
:10F92000FFFFFFFFFFFFFFFFFFFFFFFFFFFFFFFFE7
:10F93000FFFFFFFFFFFFFFFFFFFFFFFFFFFFFFFFD7
:10F94000FFFFFFFFFFFFFFFFFFFFFFFFFFFFFFFFC7
:10F95000FFFFFFFFFFFFFFFFFFFFFFFFFFFFFFFFB7
:10F96000FFFFFFFFFFFFFFFFFFFFFFFFFFFFFFFFA7
:10F97000FFFFFFFFFFFFFFFFFFFFFFFFFFFFFFFF97
:10F98000FFFFFFFFFFFFFFFFFFFFFFFFFFFFFFFF87
:10F99000FFFFFFFFFFFFFFFFFFFFFFFFFFFFFFFF77
:10F9A000FFFFFFFFFFFFFFFFFFFFFFFFFFFFFFFF67
:10F9B000FFFFFFFFFFFFFFFFFFFFFFFFFFFFFFFF57
:10F9C000FFFFFFFFFFFFFFFFFFFFFFFFFFFFFFFF47
:10F9D000FFFFFFFFFFFFFFFFFFFFFFFFFFFFFFFF37
:10F9E000FFFFFFFFFFFFFFFFFFFFFFFFFFFFFFFF27
:10F9F000FFFFFFFFFFFFFFFFFFFFFFFFFFFFFFFF17
:10FA0000FFFFFFFFFFFFFFFFFFFFFFFFFFFFFFFF06
:10FA1000FFFFFFFFFFFFFFFFFFFFFFFFFFFFFFFFF6
:10FA2000FFFFFFFFFFFFFFFFFFFFFFFFFFFFFFFFE6
:10FA3000FFFFFFFFFFFFFFFFFFFFFFFFFFFFFFFFD6
:10FA4000FFFFFFFFFFFFFFFFFFFFFFFFFFFFFFFFC6
:10FA5000FFFFFFFFFFFFFFFFFFFFFFFFFFFFFFFFB6
:10FA6000FFFFFFFFFFFFFFFFFFFFFFFFFFFFFFFFA6
:10FA7000FFFFFFFFFFFFFFFFFFFFFFFFFFFFFFFF96
:10FA8000FFFFFFFFFFFFFFFFFFFFFFFFFFFFFFFF86
:10FA9000FFFFFFFFFFFFFFFFFFFFFFFFFFFFFFFF76
:10FAA000FFFFFFFFFFFFFFFFFFFFFFFFFFFFFFFF66
:10FAB000FFFFFFFFFFFFFFFFFFFFFFFFFFFFFFFF56
:10FAC000FFFFFFFFFFFFFFFFFFFFFFFFFFFFFFFF46
:10FAD000FFFFFFFFFFFFFFFFFFFFFFFFFFFFFFFF36
:10FAE000FFFFFFFFFFFFFFFFFFFFFFFFFFFFFFFF26
:10FAF000FFFFFFFFFFFFFFFFFFFFFFFFFFFFFFFF16
:10FB0000FFFFFFFFFFFFFFFFFFFFFFFFFFFFFFFF05
:10FB1000FFFFFFFFFFFFFFFFFFFFFFFFFFFFFFFFF5
:10FB2000FFFFFFFFFFFFFFFFFFFFFFFFFFFFFFFFE5
:10FB3000FFFFFFFFFFFFFFFFFFFFFFFFFFFFFFFFD5
:10FB4000FFFFFFFFFFFFFFFFFFFFFFFFFFFFFFFFC5
:10FB5000FFFFFFFFFFFFFFFFFFFFFFFFFFFFFFFFB5
:10FB6000FFFFFFFFFFFFFFFFFFFFFFFFFFFFFFFFA5
:10FB7000FFFFFFFFFFFFFFFFFFFFFFFFFFFFFFFF95
:10FB8000FFFFFFFFFFFFFFFFFFFFFFFFFFFFFFFF85
:10FB9000FFFFFFFFFFFFFFFFFFFFFFFFFFFFFFFF75
:10FBA000FFFFFFFFFFFFFFFFFFFFFFFFFFFFFFFF65
:10FBB000FFFFFFFFFFFFFFFFFFFFFFFFFFFFFFFF55
:10FBC000FFFFFFFFFFFFFFFFFFFFFFFFFFFFFFFF45
:10FBD000FFFFFFFFFFFFFFFFFFFFFFFFFFFFFFFF35
:10FBE000FFFFFFFFFFFFFFFFFFFFFFFFFFFFFFFF25
:10FBF000FFFFFFFFFFFFFFFFFFFFFFFFFFFFFFFF15
:10FC0000FFFFFFFFFFFFFFFFFFFFFFFFFFFFFFFF04
:10FC1000FFFFFFFFFFFFFFFFFFFFFFFFFFFFFFFFF4
:10FC2000FFFFFFFFFFFFFFFFFFFFFFFFFFFFFFFFE4
:10FC3000FFFFFFFFFFFFFFFFFFFFFFFFFFFFFFFFD4
:10FC4000FFFFFFFFFFFFFFFFFFFFFFFFFFFFFFFFC4
:10FC5000FFFFFFFFFFFFFFFFFFFFFFFFFFFFFFFFB4
:10FC6000FFFFFFFFFFFFFFFFFFFFFFFFFFFFFFFFA4
:10FC7000FFFFFFFFFFFFFFFFFFFFFFFFFFFFFFFF94
:10FC8000FFFFFFFFFFFFFFFFFFFFFFFFFFFFFFFF84
:10FC9000FFFFFFFFFFFFFFFFFFFFFFFFFFFFFFFF74
:10FCA000FFFFFFFFFFFFFFFFFFFFFFFFFFFFFFFF64
:10FCB000FFFFFFFFFFFFFFFFFFFFFFFFFFFFFFFF54
:10FCC000FFFFFFFFFFFFFFFFFFFFFFFFFFFFFFFF44
:10FCD000FFFFFFFFFFFFFFFFFFFFFFFFFFFFFFFF34
:10FCE000FFFFFFFFFFFFFFFFFFFFFFFFFFFFFFFF24
:10FCF000FFFFFFFFFFFFFFFFFFFFFFFFFFFFFFFF14
:10FD0000FFFFFFFFFFFFFFFFFFFFFFFFFFFFFFFF03
:10FD1000FFFFFFFFFFFFFFFFFFFFFFFFFFFFFFFFF3
:10FD2000FFFFFFFFFFFFFFFFFFFFFFFFFFFFFFFFE3
:10FD3000FFFFFFFFFFFFFFFFFFFFFFFFFFFFFFFFD3
:10FD4000FFFFFFFFFFFFFFFFFFFFFFFFFFFFFFFFC3
:10FD5000FFFFFFFFFFFFFFFFFFFFFFFFFFFFFFFFB3
:10FD6000FFFFFFFFFFFFFFFFFFFFFFFFFFFFFFFFA3
:10FD7000FFFFFFFFFFFFFFFFFFFFFFFFFFFFFFFF93
:10FD8000FFFFFFFFFFFFFFFFFFFFFFFFFFFFFFFF83
:10FD9000FFFFFFFFFFFFFFFFFFFFFFFFFFFFFFFF73
:10FDA000FFFFFFFFFFFFFFFFFFFFFFFFFFFFFFFF63
:10FDB000FFFFFFFFFFFFFFFFFFFFFFFFFFFFFFFF53
:10FDC000FFFFFFFFFFFFFFFFFFFFFFFFFFFFFFFF43
:10FDD000FFFFFFFFFFFFFFFFFFFFFFFFFFFFFFFF33
:10FDE000FFFFFFFFFFFFFFFFFFFFFFFFFFFFFFFF23
:10FDF000FFFFFFFFFFFFFFFFFFFFFFFFFFFFFFFF13
:10FE0000FFFFFFFFFFFFFFFFFFFFFFFFFFFFFFFF02
:10FE1000FFFFFFFFFFFFFFFFFFFFFFFFFFFFFFFFF2
:10FE2000FFFFFFFFFFFFFFFFFFFFFFFFFFFFFFFFE2
:10FE3000FFFFFFFFFFFFFFFFFFFFFFFFFFFFFFFFD2
:10FE4000FFFFFFFFFFFFFFFFFFFFFFFFFFFFFFFFC2
:10FE5000FFFFFFFFFFFFFFFFFFFFFFFFFFFFFFFFB2
:10FE6000FFFFFFFFFFFFFFFFFFFFFFFFFFFFFFFFA2
:10FE7000FFFFFFFFFFFFFFFFFFFFFFFFFFFFFFFF92
:10FE8000FFFFFFFFFFFFFFFFFFFFFFFFFFFFFFFF82
:10FE9000FFFFFFFFFFFFFFFFFFFFFFFFFFFFFFFF72
:10FEA000FFFFFFFFFFFFFFFFFFFFFFFFFFFFFFFF62
:10FEB000FFFFFFFFFFFFFFFFFFFFFFFFFFFFFFFF52
:10FEC000FFFFFFFFFFFFFFFFFFFFFFFFFFFFFFFF42
:10FED000FFFFFFFFFFFFFFFFFFFFFFFFFFFFFFFF32
:10FEE000FFFFFFFFFFFFFFFFFFFFFFFFFFFFFFFF22
:10FEF000FFFFFFFFFFFFFFFFFFFFFFFFFFFFFFFF12
:10FF0000FFFFFFFFFFFFFFFFFFFFFFFFFFFFFFFF01
:10FF1000FFFFFFFFFFFFFFFFFFFFFFFFFFFFFFFFF1
:10FF2000FFFFFFFFFFFFFFFFFFFFFFFFFFFFFFFFE1
:10FF3000FFFFFFFFFFFFFFFFFFFFFFFFFFFFFFFFD1
:10FF4000FFFFFFFFFFFFFFFFFFFFFFFFFFFFFFFFC1
:10FF5000FFFFFFFFFFFFFFFFFFFFFFFFFFFFFFFFB1
:10FF6000FFFFFFFFFFFFFFFFFFFFFFFFFFFFFFFFA1
:10FF7000FFFFFFFFFFFFFFFFFFFFFFFFFFFFFFFF91
:10FF8000FFFFFFFFFFFFFFFFFFFFFFFFFFFFFFFF81
:10FF9000FFFFFFFFFFFFFFFFFFFFFFFFFFFFFFFF71
:10FFA000FFFFFFFFFFFFFFFFFFFFFFFFFFFFFFFF61
:10FFB000FFFFFFFFFFFFFFFFFFFFFFFFFFFFFFFF51
:10FFC000FFFFFFFFFFFFFFFFFFFFFFFFFFFFFFFF41
:10FFD000FFFFFFFFFFFFFFFFFFFFFFFFFFFFFFFF31
:10FFE000FFFFFFFFFFFFFFFFFFFFFFFFFFFFFFFF21
:10FFF000FFFFFFFFFFFFFFFFFFFFFFFFFFFFFFFF11
:02000004008179
:10000000FFFFFFFFFFFFFFFFFFFFFFFFFFFFFFFF00
:10001000FFFFFFFFFFFFFFFFFFFFFFFFFFFFFFFFF0
:10002000FFFFFFFFFFFFFFFFFFFFFFFFFFFFFFFFE0
:10003000FFFFFFFFFFFFFFFFFFFFFFFFFFFFFFFFD0
:10004000FFFFFFFFFFFFFFFFFFFFFFFFFFFFFFFFC0
:10005000FFFFFFFFFFFFFFFFFFFFFFFFFFFFFFFFB0
:10006000FFFFFFFFFFFFFFFFFFFFFFFFFFFFFFFFA0
:10007000FFFFFFFFFFFFFFFFFFFFFFFFFFFFFFFF90
:10008000FFFFFFFFFFFFFFFFFFFFFFFFFFFFFFFF80
:10009000FFFFFFFFFFFFFFFFFFFFFFFFFFFFFFFF70
:1000A000FFFFFFFFFFFFFFFFFFFFFFFFFFFFFFFF60
:1000B000FFFFFFFFFFFFFFFFFFFFFFFFFFFFFFFF50
:1000C000FFFFFFFFFFFFFFFFFFFFFFFFFFFFFFFF40
:1000D000FFFFFFFFFFFFFFFFFFFFFFFFFFFFFFFF30
:1000E000FFFFFFFFFFFFFFFFFFFFFFFFFFFFFFFF20
:1000F000FFFFFFFFFFFFFFFFFFFFFFFFFFFFFFFF10
:10010000FFFFFFFFFFFFFFFFFFFFFFFFFFFFFFFFFF
:10011000FFFFFFFFFFFFFFFFFFFFFFFFFFFFFFFFEF
:10012000FFFFFFFFFFFFFFFFFFFFFFFFFFFFFFFFDF
:10013000FFFFFFFFFFFFFFFFFFFFFFFFFFFFFFFFCF
:10014000FFFFFFFFFFFFFFFFFFFFFFFFFFFFFFFFBF
:10015000FFFFFFFFFFFFFFFFFFFFFFFFFFFFFFFFAF
:10016000FFFFFFFFFFFFFFFFFFFFFFFFFFFFFFFF9F
:10017000FFFFFFFFFFFFFFFFFFFFFFFFFFFFFFFF8F
:10018000FFFFFFFFFFFFFFFFFFFFFFFFFFFFFFFF7F
:10019000FFFFFFFFFFFFFFFFFFFFFFFFFFFFFFFF6F
:1001A000FFFFFFFFFFFFFFFFFFFFFFFFFFFFFFFF5F
:1001B000FFFFFFFFFFFFFFFFFFFFFFFFFFFFFFFF4F
:1001C000FFFFFFFFFFFFFFFFFFFFFFFFFFFFFFFF3F
:1001D000FFFFFFFFFFFFFFFFFFFFFFFFFFFFFFFF2F
:1001E000FFFFFFFFFFFFFFFFFFFFFFFFFFFFFFFF1F
:1001F000FFFFFFFFFFFFFFFFFFFFFFFFFFFFFFFF0F
:10020000FFFFFFFFFFFFFFFFFFFFFFFFFFFFFFFFFE
:10021000FFFFFFFFFFFFFFFFFFFFFFFFFFFFFFFFEE
:10022000FFFFFFFFFFFFFFFFFFFFFFFFFFFFFFFFDE
:10023000FFFFFFFFFFFFFFFFFFFFFFFFFFFFFFFFCE
:10024000FFFFFFFFFFFFFFFFFFFFFFFFFFFFFFFFBE
:10025000FFFFFFFFFFFFFFFFFFFFFFFFFFFFFFFFAE
:10026000FFFFFFFFFFFFFFFFFFFFFFFFFFFFFFFF9E
:10027000FFFFFFFFFFFFFFFFFFFFFFFFFFFFFFFF8E
:10028000FFFFFFFFFFFFFFFFFFFFFFFFFFFFFFFF7E
:10029000FFFFFFFFFFFFFFFFFFFFFFFFFFFFFFFF6E
:1002A000FFFFFFFFFFFFFFFFFFFFFFFFFFFFFFFF5E
:1002B000FFFFFFFFFFFFFFFFFFFFFFFFFFFFFFFF4E
:1002C000FFFFFFFFFFFFFFFFFFFFFFFFFFFFFFFF3E
:1002D000FFFFFFFFFFFFFFFFFFFFFFFFFFFFFFFF2E
:1002E000FFFFFFFFFFFFFFFFFFFFFFFFFFFFFFFF1E
:1002F000FFFFFFFFFFFFFFFFFFFFFFFFFFFFFFFF0E
:10030000FFFFFFFFFFFFFFFFFFFFFFFFFFFFFFFFFD
:10031000FFFFFFFFFFFFFFFFFFFFFFFFFFFFFFFFED
:10032000FFFFFFFFFFFFFFFFFFFFFFFFFFFFFFFFDD
:10033000FFFFFFFFFFFFFFFFFFFFFFFFFFFFFFFFCD
:10034000FFFFFFFFFFFFFFFFFFFFFFFFFFFFFFFFBD
:10035000FFFFFFFFFFFFFFFFFFFFFFFFFFFFFFFFAD
:10036000FFFFFFFFFFFFFFFFFFFFFFFFFFFFFFFF9D
:10037000FFFFFFFFFFFFFFFFFFFFFFFFFFFFFFFF8D
:10038000FFFFFFFFFFFFFFFFFFFFFFFFFFFFFFFF7D
:10039000FFFFFFFFFFFFFFFFFFFFFFFFFFFFFFFF6D
:1003A000FFFFFFFFFFFFFFFFFFFFFFFFFFFFFFFF5D
:1003B000FFFFFFFFFFFFFFFFFFFFFFFFFFFFFFFF4D
:1003C000FFFFFFFFFFFFFFFFFFFFFFFFFFFFFFFF3D
:1003D000FFFFFFFFFFFFFFFFFFFFFFFFFFFFFFFF2D
:1003E000FFFFFFFFFFFFFFFFFFFFFFFFFFFFFFFF1D
:1003F000FFFFFFFFFFFFFFFFFFFFFFFFFFFFFFFF0D
:10040000FFFFFFFFFFFFFFFFFFFFFFFFFFFFFFFFFC
:10041000FFFFFFFFFFFFFFFFFFFFFFFFFFFFFFFFEC
:10042000FFFFFFFFFFFFFFFFFFFFFFFFFFFFFFFFDC
:10043000FFFFFFFFFFFFFFFFFFFFFFFFFFFFFFFFCC
:10044000FFFFFFFFFFFFFFFFFFFFFFFFFFFFFFFFBC
:10045000FFFFFFFFFFFFFFFFFFFFFFFFFFFFFFFFAC
:10046000FFFFFFFFFFFFFFFFFFFFFFFFFFFFFFFF9C
:10047000FFFFFFFFFFFFFFFFFFFFFFFFFFFFFFFF8C
:10048000FFFFFFFFFFFFFFFFFFFFFFFFFFFFFFFF7C
:10049000FFFFFFFFFFFFFFFFFFFFFFFFFFFFFFFF6C
:1004A000FFFFFFFFFFFFFFFFFFFFFFFFFFFFFFFF5C
:1004B000FFFFFFFFFFFFFFFFFFFFFFFFFFFFFFFF4C
:1004C000FFFFFFFFFFFFFFFFFFFFFFFFFFFFFFFF3C
:1004D000FFFFFFFFFFFFFFFFFFFFFFFFFFFFFFFF2C
:1004E000FFFFFFFFFFFFFFFFFFFFFFFFFFFFFFFF1C
:1004F000FFFFFFFFFFFFFFFFFFFFFFFFFFFFFFFF0C
:10050000FFFFFFFFFFFFFFFFFFFFFFFFFFFFFFFFFB
:10051000FFFFFFFFFFFFFFFFFFFFFFFFFFFFFFFFEB
:10052000FFFFFFFFFFFFFFFFFFFFFFFFFFFFFFFFDB
:10053000FFFFFFFFFFFFFFFFFFFFFFFFFFFFFFFFCB
:10054000FFFFFFFFFFFFFFFFFFFFFFFFFFFFFFFFBB
:10055000FFFFFFFFFFFFFFFFFFFFFFFFFFFFFFFFAB
:10056000FFFFFFFFFFFFFFFFFFFFFFFFFFFFFFFF9B
:10057000FFFFFFFFFFFFFFFFFFFFFFFFFFFFFFFF8B
:10058000FFFFFFFFFFFFFFFFFFFFFFFFFFFFFFFF7B
:10059000FFFFFFFFFFFFFFFFFFFFFFFFFFFFFFFF6B
:1005A000FFFFFFFFFFFFFFFFFFFFFFFFFFFFFFFF5B
:1005B000FFFFFFFFFFFFFFFFFFFFFFFFFFFFFFFF4B
:1005C000FFFFFFFFFFFFFFFFFFFFFFFFFFFFFFFF3B
:1005D000FFFFFFFFFFFFFFFFFFFFFFFFFFFFFFFF2B
:1005E000FFFFFFFFFFFFFFFFFFFFFFFFFFFFFFFF1B
:1005F000FFFFFFFFFFFFFFFFFFFFFFFFFFFFFFFF0B
:10060000FFFFFFFFFFFFFFFFFFFFFFFFFFFFFFFFFA
:10061000FFFFFFFFFFFFFFFFFFFFFFFFFFFFFFFFEA
:10062000FFFFFFFFFFFFFFFFFFFFFFFFFFFFFFFFDA
:10063000FFFFFFFFFFFFFFFFFFFFFFFFFFFFFFFFCA
:10064000FFFFFFFFFFFFFFFFFFFFFFFFFFFFFFFFBA
:10065000FFFFFFFFFFFFFFFFFFFFFFFFFFFFFFFFAA
:10066000FFFFFFFFFFFFFFFFFFFFFFFFFFFFFFFF9A
:10067000FFFFFFFFFFFFFFFFFFFFFFFFFFFFFFFF8A
:10068000FFFFFFFFFFFFFFFFFFFFFFFFFFFFFFFF7A
:10069000FFFFFFFFFFFFFFFFFFFFFFFFFFFFFFFF6A
:1006A000FFFFFFFFFFFFFFFFFFFFFFFFFFFFFFFF5A
:1006B000FFFFFFFFFFFFFFFFFFFFFFFFFFFFFFFF4A
:1006C000FFFFFFFFFFFFFFFFFFFFFFFFFFFFFFFF3A
:1006D000FFFFFFFFFFFFFFFFFFFFFFFFFFFFFFFF2A
:1006E000FFFFFFFFFFFFFFFFFFFFFFFFFFFFFFFF1A
:1006F000FFFFFFFFFFFFFFFFFFFFFFFFFFFFFFFF0A
:10070000FFFFFFFFFFFFFFFFFFFFFFFFFFFFFFFFF9
:10071000FFFFFFFFFFFFFFFFFFFFFFFFFFFFFFFFE9
:10072000FFFFFFFFFFFFFFFFFFFFFFFFFFFFFFFFD9
:10073000FFFFFFFFFFFFFFFFFFFFFFFFFFFFFFFFC9
:10074000FFFFFFFFFFFFFFFFFFFFFFFFFFFFFFFFB9
:10075000FFFFFFFFFFFFFFFFFFFFFFFFFFFFFFFFA9
:10076000FFFFFFFFFFFFFFFFFFFFFFFFFFFFFFFF99
:10077000FFFFFFFFFFFFFFFFFFFFFFFFFFFFFFFF89
:10078000FFFFFFFFFFFFFFFFFFFFFFFFFFFFFFFF79
:10079000FFFFFFFFFFFFFFFFFFFFFFFFFFFFFFFF69
:1007A000FFFFFFFFFFFFFFFFFFFFFFFFFFFFFFFF59
:1007B000FFFFFFFFFFFFFFFFFFFFFFFFFFFFFFFF49
:1007C000FFFFFFFFFFFFFFFFFFFFFFFFFFFFFFFF39
:1007D000FFFFFFFFFFFFFFFFFFFFFFFFFFFFFFFF29
:1007E000FFFFFFFFFFFFFFFFFFFFFFFFFFFFFFFF19
:1007F000FFFFFFFFFFFFFFFFFFFFFFFFFFFFFFFF09
:10080000FFFFFFFFFFFFFFFFFFFFFFFFFFFFFFFFF8
:10081000FFFFFFFFFFFFFFFFFFFFFFFFFFFFFFFFE8
:10082000FFFFFFFFFFFFFFFFFFFFFFFFFFFFFFFFD8
:10083000FFFFFFFFFFFFFFFFFFFFFFFFFFFFFFFFC8
:10084000FFFFFFFFFFFFFFFFFFFFFFFFFFFFFFFFB8
:10085000FFFFFFFFFFFFFFFFFFFFFFFFFFFFFFFFA8
:10086000FFFFFFFFFFFFFFFFFFFFFFFFFFFFFFFF98
:10087000FFFFFFFFFFFFFFFFFFFFFFFFFFFFFFFF88
:10088000FFFFFFFFFFFFFFFFFFFFFFFFFFFFFFFF78
:10089000FFFFFFFFFFFFFFFFFFFFFFFFFFFFFFFF68
:1008A000FFFFFFFFFFFFFFFFFFFFFFFFFFFFFFFF58
:1008B000FFFFFFFFFFFFFFFFFFFFFFFFFFFFFFFF48
:1008C000FFFFFFFFFFFFFFFFFFFFFFFFFFFFFFFF38
:1008D000FFFFFFFFFFFFFFFFFFFFFFFFFFFFFFFF28
:1008E000FFFFFFFFFFFFFFFFFFFFFFFFFFFFFFFF18
:1008F000FFFFFFFFFFFFFFFFFFFFFFFFFFFFFFFF08
:10090000FFFFFFFFFFFFFFFFFFFFFFFFFFFFFFFFF7
:10091000FFFFFFFFFFFFFFFFFFFFFFFFFFFFFFFFE7
:10092000FFFFFFFFFFFFFFFFFFFFFFFFFFFFFFFFD7
:10093000FFFFFFFFFFFFFFFFFFFFFFFFFFFFFFFFC7
:10094000FFFFFFFFFFFFFFFFFFFFFFFFFFFFFFFFB7
:10095000FFFFFFFFFFFFFFFFFFFFFFFFFFFFFFFFA7
:10096000FFFFFFFFFFFFFFFFFFFFFFFFFFFFFFFF97
:10097000FFFFFFFFFFFFFFFFFFFFFFFFFFFFFFFF87
:10098000FFFFFFFFFFFFFFFFFFFFFFFFFFFFFFFF77
:10099000FFFFFFFFFFFFFFFFFFFFFFFFFFFFFFFF67
:1009A000FFFFFFFFFFFFFFFFFFFFFFFFFFFFFFFF57
:1009B000FFFFFFFFFFFFFFFFFFFFFFFFFFFFFFFF47
:1009C000FFFFFFFFFFFFFFFFFFFFFFFFFFFFFFFF37
:1009D000FFFFFFFFFFFFFFFFFFFFFFFFFFFFFFFF27
:1009E000FFFFFFFFFFFFFFFFFFFFFFFFFFFFFFFF17
:1009F000FFFFFFFFFFFFFFFFFFFFFFFFFFFFFFFF07
:100A0000FFFFFFFFFFFFFFFFFFFFFFFFFFFFFFFFF6
:100A1000FFFFFFFFFFFFFFFFFFFFFFFFFFFFFFFFE6
:100A2000FFFFFFFFFFFFFFFFFFFFFFFFFFFFFFFFD6
:100A3000FFFFFFFFFFFFFFFFFFFFFFFFFFFFFFFFC6
:100A4000FFFFFFFFFFFFFFFFFFFFFFFFFFFFFFFFB6
:100A5000FFFFFFFFFFFFFFFFFFFFFFFFFFFFFFFFA6
:100A6000FFFFFFFFFFFFFFFFFFFFFFFFFFFFFFFF96
:100A7000FFFFFFFFFFFFFFFFFFFFFFFFFFFFFFFF86
:100A8000FFFFFFFFFFFFFFFFFFFFFFFFFFFFFFFF76
:100A9000FFFFFFFFFFFFFFFFFFFFFFFFFFFFFFFF66
:100AA000FFFFFFFFFFFFFFFFFFFFFFFFFFFFFFFF56
:100AB000FFFFFFFFFFFFFFFFFFFFFFFFFFFFFFFF46
:100AC000FFFFFFFFFFFFFFFFFFFFFFFFFFFFFFFF36
:100AD000FFFFFFFFFFFFFFFFFFFFFFFFFFFFFFFF26
:100AE000FFFFFFFFFFFFFFFFFFFFFFFFFFFFFFFF16
:100AF000FFFFFFFFFFFFFFFFFFFFFFFFFFFFFFFF06
:100B0000FFFFFFFFFFFFFFFFFFFFFFFFFFFFFFFFF5
:100B1000FFFFFFFFFFFFFFFFFFFFFFFFFFFFFFFFE5
:100B2000FFFFFFFFFFFFFFFFFFFFFFFFFFFFFFFFD5
:100B3000FFFFFFFFFFFFFFFFFFFFFFFFFFFFFFFFC5
:100B4000FFFFFFFFFFFFFFFFFFFFFFFFFFFFFFFFB5
:100B5000FFFFFFFFFFFFFFFFFFFFFFFFFFFFFFFFA5
:100B6000FFFFFFFFFFFFFFFFFFFFFFFFFFFFFFFF95
:100B7000FFFFFFFFFFFFFFFFFFFFFFFFFFFFFFFF85
:100B8000FFFFFFFFFFFFFFFFFFFFFFFFFFFFFFFF75
:100B9000FFFFFFFFFFFFFFFFFFFFFFFFFFFFFFFF65
:100BA000FFFFFFFFFFFFFFFFFFFFFFFFFFFFFFFF55
:100BB000FFFFFFFFFFFFFFFFFFFFFFFFFFFFFFFF45
:100BC000FFFFFFFFFFFFFFFFFFFFFFFFFFFFFFFF35
:100BD000FFFFFFFFFFFFFFFFFFFFFFFFFFFFFFFF25
:100BE000FFFFFFFFFFFFFFFFFFFFFFFFFFFFFFFF15
:100BF000FFFFFFFFFFFFFFFFFFFFFFFFFFFFFFFF05
:100C0000FFFFFFFFFFFFFFFFFFFFFFFFFFFFFFFFF4
:100C1000FFFFFFFFFFFFFFFFFFFFFFFFFFFFFFFFE4
:100C2000FFFFFFFFFFFFFFFFFFFFFFFFFFFFFFFFD4
:100C3000FFFFFFFFFFFFFFFFFFFFFFFFFFFFFFFFC4
:100C4000FFFFFFFFFFFFFFFFFFFFFFFFFFFFFFFFB4
:100C5000FFFFFFFFFFFFFFFFFFFFFFFFFFFFFFFFA4
:100C6000FFFFFFFFFFFFFFFFFFFFFFFFFFFFFFFF94
:100C7000FFFFFFFFFFFFFFFFFFFFFFFFFFFFFFFF84
:100C8000FFFFFFFFFFFFFFFFFFFFFFFFFFFFFFFF74
:100C9000FFFFFFFFFFFFFFFFFFFFFFFFFFFFFFFF64
:100CA000FFFFFFFFFFFFFFFFFFFFFFFFFFFFFFFF54
:100CB000FFFFFFFFFFFFFFFFFFFFFFFFFFFFFFFF44
:100CC000FFFFFFFFFFFFFFFFFFFFFFFFFFFFFFFF34
:100CD000FFFFFFFFFFFFFFFFFFFFFFFFFFFFFFFF24
:100CE000FFFFFFFFFFFFFFFFFFFFFFFFFFFFFFFF14
:100CF000FFFFFFFFFFFFFFFFFFFFFFFFFFFFFFFF04
:100D0000FFFFFFFFFFFFFFFFFFFFFFFFFFFFFFFFF3
:100D1000FFFFFFFFFFFFFFFFFFFFFFFFFFFFFFFFE3
:100D2000FFFFFFFFFFFFFFFFFFFFFFFFFFFFFFFFD3
:100D3000FFFFFFFFFFFFFFFFFFFFFFFFFFFFFFFFC3
:100D4000FFFFFFFFFFFFFFFFFFFFFFFFFFFFFFFFB3
:100D5000FFFFFFFFFFFFFFFFFFFFFFFFFFFFFFFFA3
:100D6000FFFFFFFFFFFFFFFFFFFFFFFFFFFFFFFF93
:100D7000FFFFFFFFFFFFFFFFFFFFFFFFFFFFFFFF83
:100D8000FFFFFFFFFFFFFFFFFFFFFFFFFFFFFFFF73
:100D9000FFFFFFFFFFFFFFFFFFFFFFFFFFFFFFFF63
:100DA000FFFFFFFFFFFFFFFFFFFFFFFFFFFFFFFF53
:100DB000FFFFFFFFFFFFFFFFFFFFFFFFFFFFFFFF43
:100DC000FFFFFFFFFFFFFFFFFFFFFFFFFFFFFFFF33
:100DD000FFFFFFFFFFFFFFFFFFFFFFFFFFFFFFFF23
:100DE000FFFFFFFFFFFFFFFFFFFFFFFFFFFFFFFF13
:100DF000FFFFFFFFFFFFFFFFFFFFFFFFFFFFFFFF03
:100E0000FFFFFFFFFFFFFFFFFFFFFFFFFFFFFFFFF2
:100E1000FFFFFFFFFFFFFFFFFFFFFFFFFFFFFFFFE2
:100E2000FFFFFFFFFFFFFFFFFFFFFFFFFFFFFFFFD2
:100E3000FFFFFFFFFFFFFFFFFFFFFFFFFFFFFFFFC2
:100E4000FFFFFFFFFFFFFFFFFFFFFFFFFFFFFFFFB2
:100E5000FFFFFFFFFFFFFFFFFFFFFFFFFFFFFFFFA2
:100E6000FFFFFFFFFFFFFFFFFFFFFFFFFFFFFFFF92
:100E7000FFFFFFFFFFFFFFFFFFFFFFFFFFFFFFFF82
:100E8000FFFFFFFFFFFFFFFFFFFFFFFFFFFFFFFF72
:100E9000FFFFFFFFFFFFFFFFFFFFFFFFFFFFFFFF62
:100EA000FFFFFFFFFFFFFFFFFFFFFFFFFFFFFFFF52
:100EB000FFFFFFFFFFFFFFFFFFFFFFFFFFFFFFFF42
:100EC000FFFFFFFFFFFFFFFFFFFFFFFFFFFFFFFF32
:100ED000FFFFFFFFFFFFFFFFFFFFFFFFFFFFFFFF22
:100EE000FFFFFFFFFFFFFFFFFFFFFFFFFFFFFFFF12
:100EF000FFFFFFFFFFFFFFFFFFFFFFFFFFFFFFFF02
:100F0000FFFFFFFFFFFFFFFFFFFFFFFFFFFFFFFFF1
:100F1000FFFFFFFFFFFFFFFFFFFFFFFFFFFFFFFFE1
:100F2000FFFFFFFFFFFFFFFFFFFFFFFFFFFFFFFFD1
:100F3000FFFFFFFFFFFFFFFFFFFFFFFFFFFFFFFFC1
:100F4000FFFFFFFFFFFFFFFFFFFFFFFFFFFFFFFFB1
:100F5000FFFFFFFFFFFFFFFFFFFFFFFFFFFFFFFFA1
:100F6000FFFFFFFFFFFFFFFFFFFFFFFFFFFFFFFF91
:100F7000FFFFFFFFFFFFFFFFFFFFFFFFFFFFFFFF81
:100F8000FFFFFFFFFFFFFFFFFFFFFFFFFFFFFFFF71
:100F9000FFFFFFFFFFFFFFFFFFFFFFFFFFFFFFFF61
:100FA000FFFFFFFFFFFFFFFFFFFFFFFFFFFFFFFF51
:100FB000FFFFFFFFFFFFFFFFFFFFFFFFFFFFFFFF41
:100FC000FFFFFFFFFFFFFFFFFFFFFFFFFFFFFFFF31
:100FD000FFFFFFFFFFFFFFFFFFFFFFFFFFFFFFFF21
:100FE000FFFFFFFFFFFFFFFFFFFFFFFFFFFFFFFF11
:100FF000FFFFFFFFFFFFFFFFFFFFFFFFFFFFFFFF01
:10100000FFFFFFFFFFFFFFFFFFFFFFFFFFFFFFFFF0
:10101000FFFFFFFFFFFFFFFFFFFFFFFFFFFFFFFFE0
:10102000FFFFFFFFFFFFFFFFFFFFFFFFFFFFFFFFD0
:10103000FFFFFFFFFFFFFFFFFFFFFFFFFFFFFFFFC0
:10104000FFFFFFFFFFFFFFFFFFFFFFFFFFFFFFFFB0
:10105000FFFFFFFFFFFFFFFFFFFFFFFFFFFFFFFFA0
:10106000FFFFFFFFFFFFFFFFFFFFFFFFFFFFFFFF90
:10107000FFFFFFFFFFFFFFFFFFFFFFFFFFFFFFFF80
:10108000FFFFFFFFFFFFFFFFFFFFFFFFFFFFFFFF70
:10109000FFFFFFFFFFFFFFFFFFFFFFFFFFFFFFFF60
:1010A000FFFFFFFFFFFFFFFFFFFFFFFFFFFFFFFF50
:1010B000FFFFFFFFFFFFFFFFFFFFFFFFFFFFFFFF40
:1010C000FFFFFFFFFFFFFFFFFFFFFFFFFFFFFFFF30
:1010D000FFFFFFFFFFFFFFFFFFFFFFFFFFFFFFFF20
:1010E000FFFFFFFFFFFFFFFFFFFFFFFFFFFFFFFF10
:1010F000FFFFFFFFFFFFFFFFFFFFFFFFFFFFFFFF00
:10110000FFFFFFFFFFFFFFFFFFFFFFFFFFFFFFFFEF
:10111000FFFFFFFFFFFFFFFFFFFFFFFFFFFFFFFFDF
:10112000FFFFFFFFFFFFFFFFFFFFFFFFFFFFFFFFCF
:10113000FFFFFFFFFFFFFFFFFFFFFFFFFFFFFFFFBF
:10114000FFFFFFFFFFFFFFFFFFFFFFFFFFFFFFFFAF
:10115000FFFFFFFFFFFFFFFFFFFFFFFFFFFFFFFF9F
:10116000FFFFFFFFFFFFFFFFFFFFFFFFFFFFFFFF8F
:10117000FFFFFFFFFFFFFFFFFFFFFFFFFFFFFFFF7F
:10118000FFFFFFFFFFFFFFFFFFFFFFFFFFFFFFFF6F
:10119000FFFFFFFFFFFFFFFFFFFFFFFFFFFFFFFF5F
:1011A000FFFFFFFFFFFFFFFFFFFFFFFFFFFFFFFF4F
:1011B000FFFFFFFFFFFFFFFFFFFFFFFFFFFFFFFF3F
:1011C000FFFFFFFFFFFFFFFFFFFFFFFFFFFFFFFF2F
:1011D000FFFFFFFFFFFFFFFFFFFFFFFFFFFFFFFF1F
:1011E000FFFFFFFFFFFFFFFFFFFFFFFFFFFFFFFF0F
:1011F000FFFFFFFFFFFFFFFFFFFFFFFFFFFFFFFFFF
:10120000FFFFFFFFFFFFFFFFFFFFFFFFFFFFFFFFEE
:10121000FFFFFFFFFFFFFFFFFFFFFFFFFFFFFFFFDE
:10122000FFFFFFFFFFFFFFFFFFFFFFFFFFFFFFFFCE
:10123000FFFFFFFFFFFFFFFFFFFFFFFFFFFFFFFFBE
:10124000FFFFFFFFFFFFFFFFFFFFFFFFFFFFFFFFAE
:10125000FFFFFFFFFFFFFFFFFFFFFFFFFFFFFFFF9E
:10126000FFFFFFFFFFFFFFFFFFFFFFFFFFFFFFFF8E
:10127000FFFFFFFFFFFFFFFFFFFFFFFFFFFFFFFF7E
:10128000FFFFFFFFFFFFFFFFFFFFFFFFFFFFFFFF6E
:10129000FFFFFFFFFFFFFFFFFFFFFFFFFFFFFFFF5E
:1012A000FFFFFFFFFFFFFFFFFFFFFFFFFFFFFFFF4E
:1012B000FFFFFFFFFFFFFFFFFFFFFFFFFFFFFFFF3E
:1012C000FFFFFFFFFFFFFFFFFFFFFFFFFFFFFFFF2E
:1012D000FFFFFFFFFFFFFFFFFFFFFFFFFFFFFFFF1E
:1012E000FFFFFFFFFFFFFFFFFFFFFFFFFFFFFFFF0E
:1012F000FFFFFFFFFFFFFFFFFFFFFFFFFFFFFFFFFE
:10130000FFFFFFFFFFFFFFFFFFFFFFFFFFFFFFFFED
:10131000FFFFFFFFFFFFFFFFFFFFFFFFFFFFFFFFDD
:10132000FFFFFFFFFFFFFFFFFFFFFFFFFFFFFFFFCD
:10133000FFFFFFFFFFFFFFFFFFFFFFFFFFFFFFFFBD
:10134000FFFFFFFFFFFFFFFFFFFFFFFFFFFFFFFFAD
:10135000FFFFFFFFFFFFFFFFFFFFFFFFFFFFFFFF9D
:10136000FFFFFFFFFFFFFFFFFFFFFFFFFFFFFFFF8D
:10137000FFFFFFFFFFFFFFFFFFFFFFFFFFFFFFFF7D
:10138000FFFFFFFFFFFFFFFFFFFFFFFFFFFFFFFF6D
:10139000FFFFFFFFFFFFFFFFFFFFFFFFFFFFFFFF5D
:1013A000FFFFFFFFFFFFFFFFFFFFFFFFFFFFFFFF4D
:1013B000FFFFFFFFFFFFFFFFFFFFFFFFFFFFFFFF3D
:1013C000FFFFFFFFFFFFFFFFFFFFFFFFFFFFFFFF2D
:1013D000FFFFFFFFFFFFFFFFFFFFFFFFFFFFFFFF1D
:1013E000FFFFFFFFFFFFFFFFFFFFFFFFFFFFFFFF0D
:1013F000FFFFFFFFFFFFFFFFFFFFFFFFFFFFFFFFFD
:10140000FFFFFFFFFFFFFFFFFFFFFFFFFFFFFFFFEC
:10141000FFFFFFFFFFFFFFFFFFFFFFFFFFFFFFFFDC
:10142000FFFFFFFFFFFFFFFFFFFFFFFFFFFFFFFFCC
:10143000FFFFFFFFFFFFFFFFFFFFFFFFFFFFFFFFBC
:10144000FFFFFFFFFFFFFFFFFFFFFFFFFFFFFFFFAC
:10145000FFFFFFFFFFFFFFFFFFFFFFFFFFFFFFFF9C
:10146000FFFFFFFFFFFFFFFFFFFFFFFFFFFFFFFF8C
:10147000FFFFFFFFFFFFFFFFFFFFFFFFFFFFFFFF7C
:10148000FFFFFFFFFFFFFFFFFFFFFFFFFFFFFFFF6C
:10149000FFFFFFFFFFFFFFFFFFFFFFFFFFFFFFFF5C
:1014A000FFFFFFFFFFFFFFFFFFFFFFFFFFFFFFFF4C
:1014B000FFFFFFFFFFFFFFFFFFFFFFFFFFFFFFFF3C
:1014C000FFFFFFFFFFFFFFFFFFFFFFFFFFFFFFFF2C
:1014D000FFFFFFFFFFFFFFFFFFFFFFFFFFFFFFFF1C
:1014E000FFFFFFFFFFFFFFFFFFFFFFFFFFFFFFFF0C
:1014F000FFFFFFFFFFFFFFFFFFFFFFFFFFFFFFFFFC
:10150000FFFFFFFFFFFFFFFFFFFFFFFFFFFFFFFFEB
:10151000FFFFFFFFFFFFFFFFFFFFFFFFFFFFFFFFDB
:10152000FFFFFFFFFFFFFFFFFFFFFFFFFFFFFFFFCB
:10153000FFFFFFFFFFFFFFFFFFFFFFFFFFFFFFFFBB
:10154000FFFFFFFFFFFFFFFFFFFFFFFFFFFFFFFFAB
:10155000FFFFFFFFFFFFFFFFFFFFFFFFFFFFFFFF9B
:10156000FFFFFFFFFFFFFFFFFFFFFFFFFFFFFFFF8B
:10157000FFFFFFFFFFFFFFFFFFFFFFFFFFFFFFFF7B
:10158000FFFFFFFFFFFFFFFFFFFFFFFFFFFFFFFF6B
:10159000FFFFFFFFFFFFFFFFFFFFFFFFFFFFFFFF5B
:1015A000FFFFFFFFFFFFFFFFFFFFFFFFFFFFFFFF4B
:1015B000FFFFFFFFFFFFFFFFFFFFFFFFFFFFFFFF3B
:1015C000FFFFFFFFFFFFFFFFFFFFFFFFFFFFFFFF2B
:1015D000FFFFFFFFFFFFFFFFFFFFFFFFFFFFFFFF1B
:1015E000FFFFFFFFFFFFFFFFFFFFFFFFFFFFFFFF0B
:1015F000FFFFFFFFFFFFFFFFFFFFFFFFFFFFFFFFFB
:10160000FFFFFFFFFFFFFFFFFFFFFFFFFFFFFFFFEA
:10161000FFFFFFFFFFFFFFFFFFFFFFFFFFFFFFFFDA
:10162000FFFFFFFFFFFFFFFFFFFFFFFFFFFFFFFFCA
:10163000FFFFFFFFFFFFFFFFFFFFFFFFFFFFFFFFBA
:10164000FFFFFFFFFFFFFFFFFFFFFFFFFFFFFFFFAA
:10165000FFFFFFFFFFFFFFFFFFFFFFFFFFFFFFFF9A
:10166000FFFFFFFFFFFFFFFFFFFFFFFFFFFFFFFF8A
:10167000FFFFFFFFFFFFFFFFFFFFFFFFFFFFFFFF7A
:10168000FFFFFFFFFFFFFFFFFFFFFFFFFFFFFFFF6A
:10169000FFFFFFFFFFFFFFFFFFFFFFFFFFFFFFFF5A
:1016A000FFFFFFFFFFFFFFFFFFFFFFFFFFFFFFFF4A
:1016B000FFFFFFFFFFFFFFFFFFFFFFFFFFFFFFFF3A
:1016C000FFFFFFFFFFFFFFFFFFFFFFFFFFFFFFFF2A
:1016D000FFFFFFFFFFFFFFFFFFFFFFFFFFFFFFFF1A
:1016E000FFFFFFFFFFFFFFFFFFFFFFFFFFFFFFFF0A
:1016F000FFFFFFFFFFFFFFFFFFFFFFFFFFFFFFFFFA
:10170000FFFFFFFFFFFFFFFFFFFFFFFFFFFFFFFFE9
:10171000FFFFFFFFFFFFFFFFFFFFFFFFFFFFFFFFD9
:10172000FFFFFFFFFFFFFFFFFFFFFFFFFFFFFFFFC9
:10173000FFFFFFFFFFFFFFFFFFFFFFFFFFFFFFFFB9
:10174000FFFFFFFFFFFFFFFFFFFFFFFFFFFFFFFFA9
:10175000FFFFFFFFFFFFFFFFFFFFFFFFFFFFFFFF99
:10176000FFFFFFFFFFFFFFFFFFFFFFFFFFFFFFFF89
:10177000FFFFFFFFFFFFFFFFFFFFFFFFFFFFFFFF79
:10178000FFFFFFFFFFFFFFFFFFFFFFFFFFFFFFFF69
:10179000FFFFFFFFFFFFFFFFFFFFFFFFFFFFFFFF59
:1017A000FFFFFFFFFFFFFFFFFFFFFFFFFFFFFFFF49
:1017B000FFFFFFFFFFFFFFFFFFFFFFFFFFFFFFFF39
:1017C000FFFFFFFFFFFFFFFFFFFFFFFFFFFFFFFF29
:1017D000FFFFFFFFFFFFFFFFFFFFFFFFFFFFFFFF19
:1017E000FFFFFFFFFFFFFFFFFFFFFFFFFFFFFFFF09
:1017F000FFFFFFFFFFFFFFFFFFFFFFFFFFFFFFFFF9
:10180000FFFFFFFFFFFFFFFFFFFFFFFFFFFFFFFFE8
:10181000FFFFFFFFFFFFFFFFFFFFFFFFFFFFFFFFD8
:10182000FFFFFFFFFFFFFFFFFFFFFFFFFFFFFFFFC8
:10183000FFFFFFFFFFFFFFFFFFFFFFFFFFFFFFFFB8
:10184000FFFFFFFFFFFFFFFFFFFFFFFFFFFFFFFFA8
:10185000FFFFFFFFFFFFFFFFFFFFFFFFFFFFFFFF98
:10186000FFFFFFFFFFFFFFFFFFFFFFFFFFFFFFFF88
:10187000FFFFFFFFFFFFFFFFFFFFFFFFFFFFFFFF78
:10188000FFFFFFFFFFFFFFFFFFFFFFFFFFFFFFFF68
:10189000FFFFFFFFFFFFFFFFFFFFFFFFFFFFFFFF58
:1018A000FFFFFFFFFFFFFFFFFFFFFFFFFFFFFFFF48
:1018B000FFFFFFFFFFFFFFFFFFFFFFFFFFFFFFFF38
:1018C000FFFFFFFFFFFFFFFFFFFFFFFFFFFFFFFF28
:1018D000FFFFFFFFFFFFFFFFFFFFFFFFFFFFFFFF18
:1018E000FFFFFFFFFFFFFFFFFFFFFFFFFFFFFFFF08
:1018F000FFFFFFFFFFFFFFFFFFFFFFFFFFFFFFFFF8
:10190000FFFFFFFFFFFFFFFFFFFFFFFFFFFFFFFFE7
:10191000FFFFFFFFFFFFFFFFFFFFFFFFFFFFFFFFD7
:10192000FFFFFFFFFFFFFFFFFFFFFFFFFFFFFFFFC7
:10193000FFFFFFFFFFFFFFFFFFFFFFFFFFFFFFFFB7
:10194000FFFFFFFFFFFFFFFFFFFFFFFFFFFFFFFFA7
:10195000FFFFFFFFFFFFFFFFFFFFFFFFFFFFFFFF97
:10196000FFFFFFFFFFFFFFFFFFFFFFFFFFFFFFFF87
:10197000FFFFFFFFFFFFFFFFFFFFFFFFFFFFFFFF77
:10198000FFFFFFFFFFFFFFFFFFFFFFFFFFFFFFFF67
:10199000FFFFFFFFFFFFFFFFFFFFFFFFFFFFFFFF57
:1019A000FFFFFFFFFFFFFFFFFFFFFFFFFFFFFFFF47
:1019B000FFFFFFFFFFFFFFFFFFFFFFFFFFFFFFFF37
:1019C000FFFFFFFFFFFFFFFFFFFFFFFFFFFFFFFF27
:1019D000FFFFFFFFFFFFFFFFFFFFFFFFFFFFFFFF17
:1019E000FFFFFFFFFFFFFFFFFFFFFFFFFFFFFFFF07
:1019F000FFFFFFFFFFFFFFFFFFFFFFFFFFFFFFFFF7
:101A0000FFFFFFFFFFFFFFFFFFFFFFFFFFFFFFFFE6
:101A1000FFFFFFFFFFFFFFFFFFFFFFFFFFFFFFFFD6
:101A2000FFFFFFFFFFFFFFFFFFFFFFFFFFFFFFFFC6
:101A3000FFFFFFFFFFFFFFFFFFFFFFFFFFFFFFFFB6
:101A4000FFFFFFFFFFFFFFFFFFFFFFFFFFFFFFFFA6
:101A5000FFFFFFFFFFFFFFFFFFFFFFFFFFFFFFFF96
:101A6000FFFFFFFFFFFFFFFFFFFFFFFFFFFFFFFF86
:101A7000FFFFFFFFFFFFFFFFFFFFFFFFFFFFFFFF76
:101A8000FFFFFFFFFFFFFFFFFFFFFFFFFFFFFFFF66
:101A9000FFFFFFFFFFFFFFFFFFFFFFFFFFFFFFFF56
:101AA000FFFFFFFFFFFFFFFFFFFFFFFFFFFFFFFF46
:101AB000FFFFFFFFFFFFFFFFFFFFFFFFFFFFFFFF36
:101AC000FFFFFFFFFFFFFFFFFFFFFFFFFFFFFFFF26
:101AD000FFFFFFFFFFFFFFFFFFFFFFFFFFFFFFFF16
:101AE000FFFFFFFFFFFFFFFFFFFFFFFFFFFFFFFF06
:101AF000FFFFFFFFFFFFFFFFFFFFFFFFFFFFFFFFF6
:101B0000FFFFFFFFFFFFFFFFFFFFFFFFFFFFFFFFE5
:101B1000FFFFFFFFFFFFFFFFFFFFFFFFFFFFFFFFD5
:101B2000FFFFFFFFFFFFFFFFFFFFFFFFFFFFFFFFC5
:101B3000FFFFFFFFFFFFFFFFFFFFFFFFFFFFFFFFB5
:101B4000FFFFFFFFFFFFFFFFFFFFFFFFFFFFFFFFA5
:101B5000FFFFFFFFFFFFFFFFFFFFFFFFFFFFFFFF95
:101B6000FFFFFFFFFFFFFFFFFFFFFFFFFFFFFFFF85
:101B7000FFFFFFFFFFFFFFFFFFFFFFFFFFFFFFFF75
:101B8000FFFFFFFFFFFFFFFFFFFFFFFFFFFFFFFF65
:101B9000FFFFFFFFFFFFFFFFFFFFFFFFFFFFFFFF55
:101BA000FFFFFFFFFFFFFFFFFFFFFFFFFFFFFFFF45
:101BB000FFFFFFFFFFFFFFFFFFFFFFFFFFFFFFFF35
:101BC000FFFFFFFFFFFFFFFFFFFFFFFFFFFFFFFF25
:101BD000FFFFFFFFFFFFFFFFFFFFFFFFFFFFFFFF15
:101BE000FFFFFFFFFFFFFFFFFFFFFFFFFFFFFFFF05
:101BF000FFFFFFFFFFFFFFFFFFFFFFFFFFFFFFFFF5
:101C0000FFFFFFFFFFFFFFFFFFFFFFFFFFFFFFFFE4
:101C1000FFFFFFFFFFFFFFFFFFFFFFFFFFFFFFFFD4
:101C2000FFFFFFFFFFFFFFFFFFFFFFFFFFFFFFFFC4
:101C3000FFFFFFFFFFFFFFFFFFFFFFFFFFFFFFFFB4
:101C4000FFFFFFFFFFFFFFFFFFFFFFFFFFFFFFFFA4
:101C5000FFFFFFFFFFFFFFFFFFFFFFFFFFFFFFFF94
:101C6000FFFFFFFFFFFFFFFFFFFFFFFFFFFFFFFF84
:101C7000FFFFFFFFFFFFFFFFFFFFFFFFFFFFFFFF74
:101C8000FFFFFFFFFFFFFFFFFFFFFFFFFFFFFFFF64
:101C9000FFFFFFFFFFFFFFFFFFFFFFFFFFFFFFFF54
:101CA000FFFFFFFFFFFFFFFFFFFFFFFFFFFFFFFF44
:101CB000FFFFFFFFFFFFFFFFFFFFFFFFFFFFFFFF34
:101CC000FFFFFFFFFFFFFFFFFFFFFFFFFFFFFFFF24
:101CD000FFFFFFFFFFFFFFFFFFFFFFFFFFFFFFFF14
:101CE000FFFFFFFFFFFFFFFFFFFFFFFFFFFFFFFF04
:101CF000FFFFFFFFFFFFFFFFFFFFFFFFFFFFFFFFF4
:101D0000FFFFFFFFFFFFFFFFFFFFFFFFFFFFFFFFE3
:101D1000FFFFFFFFFFFFFFFFFFFFFFFFFFFFFFFFD3
:101D2000FFFFFFFFFFFFFFFFFFFFFFFFFFFFFFFFC3
:101D3000FFFFFFFFFFFFFFFFFFFFFFFFFFFFFFFFB3
:101D4000FFFFFFFFFFFFFFFFFFFFFFFFFFFFFFFFA3
:101D5000FFFFFFFFFFFFFFFFFFFFFFFFFFFFFFFF93
:101D6000FFFFFFFFFFFFFFFFFFFFFFFFFFFFFFFF83
:101D7000FFFFFFFFFFFFFFFFFFFFFFFFFFFFFFFF73
:101D8000FFFFFFFFFFFFFFFFFFFFFFFFFFFFFFFF63
:101D9000FFFFFFFFFFFFFFFFFFFFFFFFFFFFFFFF53
:101DA000FFFFFFFFFFFFFFFFFFFFFFFFFFFFFFFF43
:101DB000FFFFFFFFFFFFFFFFFFFFFFFFFFFFFFFF33
:101DC000FFFFFFFFFFFFFFFFFFFFFFFFFFFFFFFF23
:101DD000FFFFFFFFFFFFFFFFFFFFFFFFFFFFFFFF13
:101DE000FFFFFFFFFFFFFFFFFFFFFFFFFFFFFFFF03
:101DF000FFFFFFFFFFFFFFFFFFFFFFFFFFFFFFFFF3
:101E0000FFFFFFFFFFFFFFFFFFFFFFFFFFFFFFFFE2
:101E1000FFFFFFFFFFFFFFFFFFFFFFFFFFFFFFFFD2
:101E2000FFFFFFFFFFFFFFFFFFFFFFFFFFFFFFFFC2
:101E3000FFFFFFFFFFFFFFFFFFFFFFFFFFFFFFFFB2
:101E4000FFFFFFFFFFFFFFFFFFFFFFFFFFFFFFFFA2
:101E5000FFFFFFFFFFFFFFFFFFFFFFFFFFFFFFFF92
:101E6000FFFFFFFFFFFFFFFFFFFFFFFFFFFFFFFF82
:101E7000FFFFFFFFFFFFFFFFFFFFFFFFFFFFFFFF72
:101E8000FFFFFFFFFFFFFFFFFFFFFFFFFFFFFFFF62
:101E9000FFFFFFFFFFFFFFFFFFFFFFFFFFFFFFFF52
:101EA000FFFFFFFFFFFFFFFFFFFFFFFFFFFFFFFF42
:101EB000FFFFFFFFFFFFFFFFFFFFFFFFFFFFFFFF32
:101EC000FFFFFFFFFFFFFFFFFFFFFFFFFFFFFFFF22
:101ED000FFFFFFFFFFFFFFFFFFFFFFFFFFFFFFFF12
:101EE000FFFFFFFFFFFFFFFFFFFFFFFFFFFFFFFF02
:101EF000FFFFFFFFFFFFFFFFFFFFFFFFFFFFFFFFF2
:101F0000FFFFFFFFFFFFFFFFFFFFFFFFFFFFFFFFE1
:101F1000FFFFFFFFFFFFFFFFFFFFFFFFFFFFFFFFD1
:101F2000FFFFFFFFFFFFFFFFFFFFFFFFFFFFFFFFC1
:101F3000FFFFFFFFFFFFFFFFFFFFFFFFFFFFFFFFB1
:101F4000FFFFFFFFFFFFFFFFFFFFFFFFFFFFFFFFA1
:101F5000FFFFFFFFFFFFFFFFFFFFFFFFFFFFFFFF91
:101F6000FFFFFFFFFFFFFFFFFFFFFFFFFFFFFFFF81
:101F7000FFFFFFFFFFFFFFFFFFFFFFFFFFFFFFFF71
:101F8000FFFFFFFFFFFFFFFFFFFFFFFFFFFFFFFF61
:101F9000FFFFFFFFFFFFFFFFFFFFFFFFFFFFFFFF51
:101FA000FFFFFFFFFFFFFFFFFFFFFFFFFFFFFFFF41
:101FB000FFFFFFFFFFFFFFFFFFFFFFFFFFFFFFFF31
:101FC000FFFFFFFFFFFFFFFFFFFFFFFFFFFFFFFF21
:101FD000FFFFFFFFFFFFFFFFFFFFFFFFFFFFFFFF11
:101FE000FFFFFFFFFFFFFFFFFFFFFFFFFFFFFFFF01
:101FF000FFFFFFFFFFFFFFFFFFFFFFFFFFFFFFFFF1
:10200000FFFFFFFFFFFFFFFFFFFFFFFFFFFFFFFFE0
:10201000FFFFFFFFFFFFFFFFFFFFFFFFFFFFFFFFD0
:10202000FFFFFFFFFFFFFFFFFFFFFFFFFFFFFFFFC0
:10203000FFFFFFFFFFFFFFFFFFFFFFFFFFFFFFFFB0
:10204000FFFFFFFFFFFFFFFFFFFFFFFFFFFFFFFFA0
:10205000FFFFFFFFFFFFFFFFFFFFFFFFFFFFFFFF90
:10206000FFFFFFFFFFFFFFFFFFFFFFFFFFFFFFFF80
:10207000FFFFFFFFFFFFFFFFFFFFFFFFFFFFFFFF70
:10208000FFFFFFFFFFFFFFFFFFFFFFFFFFFFFFFF60
:10209000FFFFFFFFFFFFFFFFFFFFFFFFFFFFFFFF50
:1020A000FFFFFFFFFFFFFFFFFFFFFFFFFFFFFFFF40
:1020B000FFFFFFFFFFFFFFFFFFFFFFFFFFFFFFFF30
:1020C000FFFFFFFFFFFFFFFFFFFFFFFFFFFFFFFF20
:1020D000FFFFFFFFFFFFFFFFFFFFFFFFFFFFFFFF10
:1020E000FFFFFFFFFFFFFFFFFFFFFFFFFFFFFFFF00
:1020F000FFFFFFFFFFFFFFFFFFFFFFFFFFFFFFFFF0
:10210000FFFFFFFFFFFFFFFFFFFFFFFFFFFFFFFFDF
:10211000FFFFFFFFFFFFFFFFFFFFFFFFFFFFFFFFCF
:10212000FFFFFFFFFFFFFFFFFFFFFFFFFFFFFFFFBF
:10213000FFFFFFFFFFFFFFFFFFFFFFFFFFFFFFFFAF
:10214000FFFFFFFFFFFFFFFFFFFFFFFFFFFFFFFF9F
:10215000FFFFFFFFFFFFFFFFFFFFFFFFFFFFFFFF8F
:10216000FFFFFFFFFFFFFFFFFFFFFFFFFFFFFFFF7F
:10217000FFFFFFFFFFFFFFFFFFFFFFFFFFFFFFFF6F
:10218000FFFFFFFFFFFFFFFFFFFFFFFFFFFFFFFF5F
:10219000FFFFFFFFFFFFFFFFFFFFFFFFFFFFFFFF4F
:1021A000FFFFFFFFFFFFFFFFFFFFFFFFFFFFFFFF3F
:1021B000FFFFFFFFFFFFFFFFFFFFFFFFFFFFFFFF2F
:1021C000FFFFFFFFFFFFFFFFFFFFFFFFFFFFFFFF1F
:1021D000FFFFFFFFFFFFFFFFFFFFFFFFFFFFFFFF0F
:1021E000FFFFFFFFFFFFFFFFFFFFFFFFFFFFFFFFFF
:1021F000FFFFFFFFFFFFFFFFFFFFFFFFFFFFFFFFEF
:10220000FFFFFFFFFFFFFFFFFFFFFFFFFFFFFFFFDE
:10221000FFFFFFFFFFFFFFFFFFFFFFFFFFFFFFFFCE
:10222000FFFFFFFFFFFFFFFFFFFFFFFFFFFFFFFFBE
:10223000FFFFFFFFFFFFFFFFFFFFFFFFFFFFFFFFAE
:10224000FFFFFFFFFFFFFFFFFFFFFFFFFFFFFFFF9E
:10225000FFFFFFFFFFFFFFFFFFFFFFFFFFFFFFFF8E
:10226000FFFFFFFFFFFFFFFFFFFFFFFFFFFFFFFF7E
:10227000FFFFFFFFFFFFFFFFFFFFFFFFFFFFFFFF6E
:10228000FFFFFFFFFFFFFFFFFFFFFFFFFFFFFFFF5E
:10229000FFFFFFFFFFFFFFFFFFFFFFFFFFFFFFFF4E
:1022A000FFFFFFFFFFFFFFFFFFFFFFFFFFFFFFFF3E
:1022B000FFFFFFFFFFFFFFFFFFFFFFFFFFFFFFFF2E
:1022C000FFFFFFFFFFFFFFFFFFFFFFFFFFFFFFFF1E
:1022D000FFFFFFFFFFFFFFFFFFFFFFFFFFFFFFFF0E
:1022E000FFFFFFFFFFFFFFFFFFFFFFFFFFFFFFFFFE
:1022F000FFFFFFFFFFFFFFFFFFFFFFFFFFFFFFFFEE
:10230000FFFFFFFFFFFFFFFFFFFFFFFFFFFFFFFFDD
:10231000FFFFFFFFFFFFFFFFFFFFFFFFFFFFFFFFCD
:10232000FFFFFFFFFFFFFFFFFFFFFFFFFFFFFFFFBD
:10233000FFFFFFFFFFFFFFFFFFFFFFFFFFFFFFFFAD
:10234000FFFFFFFFFFFFFFFFFFFFFFFFFFFFFFFF9D
:10235000FFFFFFFFFFFFFFFFFFFFFFFFFFFFFFFF8D
:10236000FFFFFFFFFFFFFFFFFFFFFFFFFFFFFFFF7D
:10237000FFFFFFFFFFFFFFFFFFFFFFFFFFFFFFFF6D
:10238000FFFFFFFFFFFFFFFFFFFFFFFFFFFFFFFF5D
:10239000FFFFFFFFFFFFFFFFFFFFFFFFFFFFFFFF4D
:1023A000FFFFFFFFFFFFFFFFFFFFFFFFFFFFFFFF3D
:1023B000FFFFFFFFFFFFFFFFFFFFFFFFFFFFFFFF2D
:1023C000FFFFFFFFFFFFFFFFFFFFFFFFFFFFFFFF1D
:1023D000FFFFFFFFFFFFFFFFFFFFFFFFFFFFFFFF0D
:1023E000FFFFFFFFFFFFFFFFFFFFFFFFFFFFFFFFFD
:1023F000FFFFFFFFFFFFFFFFFFFFFFFFFFFFFFFFED
:10240000FFFFFFFFFFFFFFFFFFFFFFFFFFFFFFFFDC
:10241000FFFFFFFFFFFFFFFFFFFFFFFFFFFFFFFFCC
:10242000FFFFFFFFFFFFFFFFFFFFFFFFFFFFFFFFBC
:10243000FFFFFFFFFFFFFFFFFFFFFFFFFFFFFFFFAC
:10244000FFFFFFFFFFFFFFFFFFFFFFFFFFFFFFFF9C
:10245000FFFFFFFFFFFFFFFFFFFFFFFFFFFFFFFF8C
:10246000FFFFFFFFFFFFFFFFFFFFFFFFFFFFFFFF7C
:10247000FFFFFFFFFFFFFFFFFFFFFFFFFFFFFFFF6C
:10248000FFFFFFFFFFFFFFFFFFFFFFFFFFFFFFFF5C
:10249000FFFFFFFFFFFFFFFFFFFFFFFFFFFFFFFF4C
:1024A000FFFFFFFFFFFFFFFFFFFFFFFFFFFFFFFF3C
:1024B000FFFFFFFFFFFFFFFFFFFFFFFFFFFFFFFF2C
:1024C000FFFFFFFFFFFFFFFFFFFFFFFFFFFFFFFF1C
:1024D000FFFFFFFFFFFFFFFFFFFFFFFFFFFFFFFF0C
:1024E000FFFFFFFFFFFFFFFFFFFFFFFFFFFFFFFFFC
:1024F000FFFFFFFFFFFFFFFFFFFFFFFFFFFFFFFFEC
:10250000FFFFFFFFFFFFFFFFFFFFFFFFFFFFFFFFDB
:10251000FFFFFFFFFFFFFFFFFFFFFFFFFFFFFFFFCB
:10252000FFFFFFFFFFFFFFFFFFFFFFFFFFFFFFFFBB
:10253000FFFFFFFFFFFFFFFFFFFFFFFFFFFFFFFFAB
:10254000FFFFFFFFFFFFFFFFFFFFFFFFFFFFFFFF9B
:10255000FFFFFFFFFFFFFFFFFFFFFFFFFFFFFFFF8B
:10256000FFFFFFFFFFFFFFFFFFFFFFFFFFFFFFFF7B
:10257000FFFFFFFFFFFFFFFFFFFFFFFFFFFFFFFF6B
:10258000FFFFFFFFFFFFFFFFFFFFFFFFFFFFFFFF5B
:10259000FFFFFFFFFFFFFFFFFFFFFFFFFFFFFFFF4B
:1025A000FFFFFFFFFFFFFFFFFFFFFFFFFFFFFFFF3B
:1025B000FFFFFFFFFFFFFFFFFFFFFFFFFFFFFFFF2B
:1025C000FFFFFFFFFFFFFFFFFFFFFFFFFFFFFFFF1B
:1025D000FFFFFFFFFFFFFFFFFFFFFFFFFFFFFFFF0B
:1025E000FFFFFFFFFFFFFFFFFFFFFFFFFFFFFFFFFB
:1025F000FFFFFFFFFFFFFFFFFFFFFFFFFFFFFFFFEB
:10260000FFFFFFFFFFFFFFFFFFFFFFFFFFFFFFFFDA
:10261000FFFFFFFFFFFFFFFFFFFFFFFFFFFFFFFFCA
:10262000FFFFFFFFFFFFFFFFFFFFFFFFFFFFFFFFBA
:10263000FFFFFFFFFFFFFFFFFFFFFFFFFFFFFFFFAA
:10264000FFFFFFFFFFFFFFFFFFFFFFFFFFFFFFFF9A
:10265000FFFFFFFFFFFFFFFFFFFFFFFFFFFFFFFF8A
:10266000FFFFFFFFFFFFFFFFFFFFFFFFFFFFFFFF7A
:10267000FFFFFFFFFFFFFFFFFFFFFFFFFFFFFFFF6A
:10268000FFFFFFFFFFFFFFFFFFFFFFFFFFFFFFFF5A
:10269000FFFFFFFFFFFFFFFFFFFFFFFFFFFFFFFF4A
:1026A000FFFFFFFFFFFFFFFFFFFFFFFFFFFFFFFF3A
:1026B000FFFFFFFFFFFFFFFFFFFFFFFFFFFFFFFF2A
:1026C000FFFFFFFFFFFFFFFFFFFFFFFFFFFFFFFF1A
:1026D000FFFFFFFFFFFFFFFFFFFFFFFFFFFFFFFF0A
:1026E000FFFFFFFFFFFFFFFFFFFFFFFFFFFFFFFFFA
:1026F000FFFFFFFFFFFFFFFFFFFFFFFFFFFFFFFFEA
:10270000FFFFFFFFFFFFFFFFFFFFFFFFFFFFFFFFD9
:10271000FFFFFFFFFFFFFFFFFFFFFFFFFFFFFFFFC9
:10272000FFFFFFFFFFFFFFFFFFFFFFFFFFFFFFFFB9
:10273000FFFFFFFFFFFFFFFFFFFFFFFFFFFFFFFFA9
:10274000FFFFFFFFFFFFFFFFFFFFFFFFFFFFFFFF99
:10275000FFFFFFFFFFFFFFFFFFFFFFFFFFFFFFFF89
:10276000FFFFFFFFFFFFFFFFFFFFFFFFFFFFFFFF79
:10277000FFFFFFFFFFFFFFFFFFFFFFFFFFFFFFFF69
:10278000FFFFFFFFFFFFFFFFFFFFFFFFFFFFFFFF59
:10279000FFFFFFFFFFFFFFFFFFFFFFFFFFFFFFFF49
:1027A000FFFFFFFFFFFFFFFFFFFFFFFFFFFFFFFF39
:1027B000FFFFFFFFFFFFFFFFFFFFFFFFFFFFFFFF29
:1027C000FFFFFFFFFFFFFFFFFFFFFFFFFFFFFFFF19
:1027D000FFFFFFFFFFFFFFFFFFFFFFFFFFFFFFFF09
:1027E000FFFFFFFFFFFFFFFFFFFFFFFFFFFFFFFFF9
:1027F000FFFFFFFFFFFFFFFFFFFFFFFFFFFFFFFFE9
:10280000FFFFFFFFFFFFFFFFFFFFFFFFFFFFFFFFD8
:10281000FFFFFFFFFFFFFFFFFFFFFFFFFFFFFFFFC8
:10282000FFFFFFFFFFFFFFFFFFFFFFFFFFFFFFFFB8
:10283000FFFFFFFFFFFFFFFFFFFFFFFFFFFFFFFFA8
:10284000FFFFFFFFFFFFFFFFFFFFFFFFFFFFFFFF98
:10285000FFFFFFFFFFFFFFFFFFFFFFFFFFFFFFFF88
:10286000FFFFFFFFFFFFFFFFFFFFFFFFFFFFFFFF78
:10287000FFFFFFFFFFFFFFFFFFFFFFFFFFFFFFFF68
:10288000FFFFFFFFFFFFFFFFFFFFFFFFFFFFFFFF58
:10289000FFFFFFFFFFFFFFFFFFFFFFFFFFFFFFFF48
:1028A000FFFFFFFFFFFFFFFFFFFFFFFFFFFFFFFF38
:1028B000FFFFFFFFFFFFFFFFFFFFFFFFFFFFFFFF28
:1028C000FFFFFFFFFFFFFFFFFFFFFFFFFFFFFFFF18
:1028D000FFFFFFFFFFFFFFFFFFFFFFFFFFFFFFFF08
:1028E000FFFFFFFFFFFFFFFFFFFFFFFFFFFFFFFFF8
:1028F000FFFFFFFFFFFFFFFFFFFFFFFFFFFFFFFFE8
:10290000FFFFFFFFFFFFFFFFFFFFFFFFFFFFFFFFD7
:10291000FFFFFFFFFFFFFFFFFFFFFFFFFFFFFFFFC7
:10292000FFFFFFFFFFFFFFFFFFFFFFFFFFFFFFFFB7
:10293000FFFFFFFFFFFFFFFFFFFFFFFFFFFFFFFFA7
:10294000FFFFFFFFFFFFFFFFFFFFFFFFFFFFFFFF97
:10295000FFFFFFFFFFFFFFFFFFFFFFFFFFFFFFFF87
:10296000FFFFFFFFFFFFFFFFFFFFFFFFFFFFFFFF77
:10297000FFFFFFFFFFFFFFFFFFFFFFFFFFFFFFFF67
:10298000FFFFFFFFFFFFFFFFFFFFFFFFFFFFFFFF57
:10299000FFFFFFFFFFFFFFFFFFFFFFFFFFFFFFFF47
:1029A000FFFFFFFFFFFFFFFFFFFFFFFFFFFFFFFF37
:1029B000FFFFFFFFFFFFFFFFFFFFFFFFFFFFFFFF27
:1029C000FFFFFFFFFFFFFFFFFFFFFFFFFFFFFFFF17
:1029D000FFFFFFFFFFFFFFFFFFFFFFFFFFFFFFFF07
:1029E000FFFFFFFFFFFFFFFFFFFFFFFFFFFFFFFFF7
:1029F000FFFFFFFFFFFFFFFFFFFFFFFFFFFFFFFFE7
:102A0000FFFFFFFFFFFFFFFFFFFFFFFFFFFFFFFFD6
:102A1000FFFFFFFFFFFFFFFFFFFFFFFFFFFFFFFFC6
:102A2000FFFFFFFFFFFFFFFFFFFFFFFFFFFFFFFFB6
:102A3000FFFFFFFFFFFFFFFFFFFFFFFFFFFFFFFFA6
:102A4000FFFFFFFFFFFFFFFFFFFFFFFFFFFFFFFF96
:102A5000FFFFFFFFFFFFFFFFFFFFFFFFFFFFFFFF86
:102A6000FFFFFFFFFFFFFFFFFFFFFFFFFFFFFFFF76
:102A7000FFFFFFFFFFFFFFFFFFFFFFFFFFFFFFFF66
:102A8000FFFFFFFFFFFFFFFFFFFFFFFFFFFFFFFF56
:102A9000FFFFFFFFFFFFFFFFFFFFFFFFFFFFFFFF46
:102AA000FFFFFFFFFFFFFFFFFFFFFFFFFFFFFFFF36
:102AB000FFFFFFFFFFFFFFFFFFFFFFFFFFFFFFFF26
:102AC000FFFFFFFFFFFFFFFFFFFFFFFFFFFFFFFF16
:102AD000FFFFFFFFFFFFFFFFFFFFFFFFFFFFFFFF06
:102AE000FFFFFFFFFFFFFFFFFFFFFFFFFFFFFFFFF6
:102AF000FFFFFFFFFFFFFFFFFFFFFFFFFFFFFFFFE6
:102B0000FFFFFFFFFFFFFFFFFFFFFFFFFFFFFFFFD5
:102B1000FFFFFFFFFFFFFFFFFFFFFFFFFFFFFFFFC5
:102B2000FFFFFFFFFFFFFFFFFFFFFFFFFFFFFFFFB5
:102B3000FFFFFFFFFFFFFFFFFFFFFFFFFFFFFFFFA5
:102B4000FFFFFFFFFFFFFFFFFFFFFFFFFFFFFFFF95
:102B5000FFFFFFFFFFFFFFFFFFFFFFFFFFFFFFFF85
:102B6000FFFFFFFFFFFFFFFFFFFFFFFFFFFFFFFF75
:102B7000FFFFFFFFFFFFFFFFFFFFFFFFFFFFFFFF65
:102B8000FFFFFFFFFFFFFFFFFFFFFFFFFFFFFFFF55
:102B9000FFFFFFFFFFFFFFFFFFFFFFFFFFFFFFFF45
:102BA000FFFFFFFFFFFFFFFFFFFFFFFFFFFFFFFF35
:102BB000FFFFFFFFFFFFFFFFFFFFFFFFFFFFFFFF25
:102BC000FFFFFFFFFFFFFFFFFFFFFFFFFFFFFFFF15
:102BD000FFFFFFFFFFFFFFFFFFFFFFFFFFFFFFFF05
:102BE000FFFFFFFFFFFFFFFFFFFFFFFFFFFFFFFFF5
:102BF000FFFFFFFFFFFFFFFFFFFFFFFFFFFFFFFFE5
:102C0000FFFFFFFFFFFFFFFFFFFFFFFFFFFFFFFFD4
:102C1000FFFFFFFFFFFFFFFFFFFFFFFFFFFFFFFFC4
:102C2000FFFFFFFFFFFFFFFFFFFFFFFFFFFFFFFFB4
:102C3000FFFFFFFFFFFFFFFFFFFFFFFFFFFFFFFFA4
:102C4000FFFFFFFFFFFFFFFFFFFFFFFFFFFFFFFF94
:102C5000FFFFFFFFFFFFFFFFFFFFFFFFFFFFFFFF84
:102C6000FFFFFFFFFFFFFFFFFFFFFFFFFFFFFFFF74
:102C7000FFFFFFFFFFFFFFFFFFFFFFFFFFFFFFFF64
:102C8000FFFFFFFFFFFFFFFFFFFFFFFFFFFFFFFF54
:102C9000FFFFFFFFFFFFFFFFFFFFFFFFFFFFFFFF44
:102CA000FFFFFFFFFFFFFFFFFFFFFFFFFFFFFFFF34
:102CB000FFFFFFFFFFFFFFFFFFFFFFFFFFFFFFFF24
:102CC000FFFFFFFFFFFFFFFFFFFFFFFFFFFFFFFF14
:102CD000FFFFFFFFFFFFFFFFFFFFFFFFFFFFFFFF04
:102CE000FFFFFFFFFFFFFFFFFFFFFFFFFFFFFFFFF4
:102CF000FFFFFFFFFFFFFFFFFFFFFFFFFFFFFFFFE4
:102D0000FFFFFFFFFFFFFFFFFFFFFFFFFFFFFFFFD3
:102D1000FFFFFFFFFFFFFFFFFFFFFFFFFFFFFFFFC3
:102D2000FFFFFFFFFFFFFFFFFFFFFFFFFFFFFFFFB3
:102D3000FFFFFFFFFFFFFFFFFFFFFFFFFFFFFFFFA3
:102D4000FFFFFFFFFFFFFFFFFFFFFFFFFFFFFFFF93
:102D5000FFFFFFFFFFFFFFFFFFFFFFFFFFFFFFFF83
:102D6000FFFFFFFFFFFFFFFFFFFFFFFFFFFFFFFF73
:102D7000FFFFFFFFFFFFFFFFFFFFFFFFFFFFFFFF63
:102D8000FFFFFFFFFFFFFFFFFFFFFFFFFFFFFFFF53
:102D9000FFFFFFFFFFFFFFFFFFFFFFFFFFFFFFFF43
:102DA000FFFFFFFFFFFFFFFFFFFFFFFFFFFFFFFF33
:102DB000FFFFFFFFFFFFFFFFFFFFFFFFFFFFFFFF23
:102DC000FFFFFFFFFFFFFFFFFFFFFFFFFFFFFFFF13
:102DD000FFFFFFFFFFFFFFFFFFFFFFFFFFFFFFFF03
:102DE000FFFFFFFFFFFFFFFFFFFFFFFFFFFFFFFFF3
:102DF000FFFFFFFFFFFFFFFFFFFFFFFFFFFFFFFFE3
:102E0000FFFFFFFFFFFFFFFFFFFFFFFFFFFFFFFFD2
:102E1000FFFFFFFFFFFFFFFFFFFFFFFFFFFFFFFFC2
:102E2000FFFFFFFFFFFFFFFFFFFFFFFFFFFFFFFFB2
:102E3000FFFFFFFFFFFFFFFFFFFFFFFFFFFFFFFFA2
:102E4000FFFFFFFFFFFFFFFFFFFFFFFFFFFFFFFF92
:102E5000FFFFFFFFFFFFFFFFFFFFFFFFFFFFFFFF82
:102E6000FFFFFFFFFFFFFFFFFFFFFFFFFFFFFFFF72
:102E7000FFFFFFFFFFFFFFFFFFFFFFFFFFFFFFFF62
:102E8000FFFFFFFFFFFFFFFFFFFFFFFFFFFFFFFF52
:102E9000FFFFFFFFFFFFFFFFFFFFFFFFFFFFFFFF42
:102EA000FFFFFFFFFFFFFFFFFFFFFFFFFFFFFFFF32
:102EB000FFFFFFFFFFFFFFFFFFFFFFFFFFFFFFFF22
:102EC000FFFFFFFFFFFFFFFFFFFFFFFFFFFFFFFF12
:102ED000FFFFFFFFFFFFFFFFFFFFFFFFFFFFFFFF02
:102EE000FFFFFFFFFFFFFFFFFFFFFFFFFFFFFFFFF2
:102EF000FFFFFFFFFFFFFFFFFFFFFFFFFFFFFFFFE2
:102F0000FFFFFFFFFFFFFFFFFFFFFFFFFFFFFFFFD1
:102F1000FFFFFFFFFFFFFFFFFFFFFFFFFFFFFFFFC1
:102F2000FFFFFFFFFFFFFFFFFFFFFFFFFFFFFFFFB1
:102F3000FFFFFFFFFFFFFFFFFFFFFFFFFFFFFFFFA1
:102F4000FFFFFFFFFFFFFFFFFFFFFFFFFFFFFFFF91
:102F5000FFFFFFFFFFFFFFFFFFFFFFFFFFFFFFFF81
:102F6000FFFFFFFFFFFFFFFFFFFFFFFFFFFFFFFF71
:102F7000FFFFFFFFFFFFFFFFFFFFFFFFFFFFFFFF61
:102F8000FFFFFFFFFFFFFFFFFFFFFFFFFFFFFFFF51
:102F9000FFFFFFFFFFFFFFFFFFFFFFFFFFFFFFFF41
:102FA000FFFFFFFFFFFFFFFFFFFFFFFFFFFFFFFF31
:102FB000FFFFFFFFFFFFFFFFFFFFFFFFFFFFFFFF21
:102FC000FFFFFFFFFFFFFFFFFFFFFFFFFFFFFFFF11
:102FD000FFFFFFFFFFFFFFFFFFFFFFFFFFFFFFFF01
:102FE000FFFFFFFFFFFFFFFFFFFFFFFFFFFFFFFFF1
:102FF000FFFFFFFFFFFFFFFFFFFFFFFFFFFFFFFFE1
:10300000FFFFFFFFFFFFFFFFFFFFFFFFFFFFFFFFD0
:10301000FFFFFFFFFFFFFFFFFFFFFFFFFFFFFFFFC0
:10302000FFFFFFFFFFFFFFFFFFFFFFFFFFFFFFFFB0
:10303000FFFFFFFFFFFFFFFFFFFFFFFFFFFFFFFFA0
:10304000FFFFFFFFFFFFFFFFFFFFFFFFFFFFFFFF90
:10305000FFFFFFFFFFFFFFFFFFFFFFFFFFFFFFFF80
:10306000FFFFFFFFFFFFFFFFFFFFFFFFFFFFFFFF70
:10307000FFFFFFFFFFFFFFFFFFFFFFFFFFFFFFFF60
:10308000FFFFFFFFFFFFFFFFFFFFFFFFFFFFFFFF50
:10309000FFFFFFFFFFFFFFFFFFFFFFFFFFFFFFFF40
:1030A000FFFFFFFFFFFFFFFFFFFFFFFFFFFFFFFF30
:1030B000FFFFFFFFFFFFFFFFFFFFFFFFFFFFFFFF20
:1030C000FFFFFFFFFFFFFFFFFFFFFFFFFFFFFFFF10
:1030D000FFFFFFFFFFFFFFFFFFFFFFFFFFFFFFFF00
:1030E000FFFFFFFFFFFFFFFFFFFFFFFFFFFFFFFFF0
:1030F000FFFFFFFFFFFFFFFFFFFFFFFFFFFFFFFFE0
:10310000FFFFFFFFFFFFFFFFFFFFFFFFFFFFFFFFCF
:10311000FFFFFFFFFFFFFFFFFFFFFFFFFFFFFFFFBF
:10312000FFFFFFFFFFFFFFFFFFFFFFFFFFFFFFFFAF
:10313000FFFFFFFFFFFFFFFFFFFFFFFFFFFFFFFF9F
:10314000FFFFFFFFFFFFFFFFFFFFFFFFFFFFFFFF8F
:10315000FFFFFFFFFFFFFFFFFFFFFFFFFFFFFFFF7F
:10316000FFFFFFFFFFFFFFFFFFFFFFFFFFFFFFFF6F
:10317000FFFFFFFFFFFFFFFFFFFFFFFFFFFFFFFF5F
:10318000FFFFFFFFFFFFFFFFFFFFFFFFFFFFFFFF4F
:10319000FFFFFFFFFFFFFFFFFFFFFFFFFFFFFFFF3F
:1031A000FFFFFFFFFFFFFFFFFFFFFFFFFFFFFFFF2F
:1031B000FFFFFFFFFFFFFFFFFFFFFFFFFFFFFFFF1F
:1031C000FFFFFFFFFFFFFFFFFFFFFFFFFFFFFFFF0F
:1031D000FFFFFFFFFFFFFFFFFFFFFFFFFFFFFFFFFF
:1031E000FFFFFFFFFFFFFFFFFFFFFFFFFFFFFFFFEF
:1031F000FFFFFFFFFFFFFFFFFFFFFFFFFFFFFFFFDF
:10320000FFFFFFFFFFFFFFFFFFFFFFFFFFFFFFFFCE
:10321000FFFFFFFFFFFFFFFFFFFFFFFFFFFFFFFFBE
:10322000FFFFFFFFFFFFFFFFFFFFFFFFFFFFFFFFAE
:10323000FFFFFFFFFFFFFFFFFFFFFFFFFFFFFFFF9E
:10324000FFFFFFFFFFFFFFFFFFFFFFFFFFFFFFFF8E
:10325000FFFFFFFFFFFFFFFFFFFFFFFFFFFFFFFF7E
:10326000FFFFFFFFFFFFFFFFFFFFFFFFFFFFFFFF6E
:10327000FFFFFFFFFFFFFFFFFFFFFFFFFFFFFFFF5E
:10328000FFFFFFFFFFFFFFFFFFFFFFFFFFFFFFFF4E
:10329000FFFFFFFFFFFFFFFFFFFFFFFFFFFFFFFF3E
:1032A000FFFFFFFFFFFFFFFFFFFFFFFFFFFFFFFF2E
:1032B000FFFFFFFFFFFFFFFFFFFFFFFFFFFFFFFF1E
:1032C000FFFFFFFFFFFFFFFFFFFFFFFFFFFFFFFF0E
:1032D000FFFFFFFFFFFFFFFFFFFFFFFFFFFFFFFFFE
:1032E000FFFFFFFFFFFFFFFFFFFFFFFFFFFFFFFFEE
:1032F000FFFFFFFFFFFFFFFFFFFFFFFFFFFFFFFFDE
:10330000FFFFFFFFFFFFFFFFFFFFFFFFFFFFFFFFCD
:10331000FFFFFFFFFFFFFFFFFFFFFFFFFFFFFFFFBD
:10332000FFFFFFFFFFFFFFFFFFFFFFFFFFFFFFFFAD
:10333000FFFFFFFFFFFFFFFFFFFFFFFFFFFFFFFF9D
:10334000FFFFFFFFFFFFFFFFFFFFFFFFFFFFFFFF8D
:10335000FFFFFFFFFFFFFFFFFFFFFFFFFFFFFFFF7D
:10336000FFFFFFFFFFFFFFFFFFFFFFFFFFFFFFFF6D
:10337000FFFFFFFFFFFFFFFFFFFFFFFFFFFFFFFF5D
:10338000FFFFFFFFFFFFFFFFFFFFFFFFFFFFFFFF4D
:10339000FFFFFFFFFFFFFFFFFFFFFFFFFFFFFFFF3D
:1033A000FFFFFFFFFFFFFFFFFFFFFFFFFFFFFFFF2D
:1033B000FFFFFFFFFFFFFFFFFFFFFFFFFFFFFFFF1D
:1033C000FFFFFFFFFFFFFFFFFFFFFFFFFFFFFFFF0D
:1033D000FFFFFFFFFFFFFFFFFFFFFFFFFFFFFFFFFD
:1033E000FFFFFFFFFFFFFFFFFFFFFFFFFFFFFFFFED
:1033F000FFFFFFFFFFFFFFFFFFFFFFFFFFFFFFFFDD
:10340000FFFFFFFFFFFFFFFFFFFFFFFFFFFFFFFFCC
:10341000FFFFFFFFFFFFFFFFFFFFFFFFFFFFFFFFBC
:10342000FFFFFFFFFFFFFFFFFFFFFFFFFFFFFFFFAC
:10343000FFFFFFFFFFFFFFFFFFFFFFFFFFFFFFFF9C
:10344000FFFFFFFFFFFFFFFFFFFFFFFFFFFFFFFF8C
:10345000FFFFFFFFFFFFFFFFFFFFFFFFFFFFFFFF7C
:10346000FFFFFFFFFFFFFFFFFFFFFFFFFFFFFFFF6C
:10347000FFFFFFFFFFFFFFFFFFFFFFFFFFFFFFFF5C
:10348000FFFFFFFFFFFFFFFFFFFFFFFFFFFFFFFF4C
:10349000FFFFFFFFFFFFFFFFFFFFFFFFFFFFFFFF3C
:1034A000FFFFFFFFFFFFFFFFFFFFFFFFFFFFFFFF2C
:1034B000FFFFFFFFFFFFFFFFFFFFFFFFFFFFFFFF1C
:1034C000FFFFFFFFFFFFFFFFFFFFFFFFFFFFFFFF0C
:1034D000FFFFFFFFFFFFFFFFFFFFFFFFFFFFFFFFFC
:1034E000FFFFFFFFFFFFFFFFFFFFFFFFFFFFFFFFEC
:1034F000FFFFFFFFFFFFFFFFFFFFFFFFFFFFFFFFDC
:10350000FFFFFFFFFFFFFFFFFFFFFFFFFFFFFFFFCB
:10351000FFFFFFFFFFFFFFFFFFFFFFFFFFFFFFFFBB
:10352000FFFFFFFFFFFFFFFFFFFFFFFFFFFFFFFFAB
:10353000FFFFFFFFFFFFFFFFFFFFFFFFFFFFFFFF9B
:10354000FFFFFFFFFFFFFFFFFFFFFFFFFFFFFFFF8B
:10355000FFFFFFFFFFFFFFFFFFFFFFFFFFFFFFFF7B
:10356000FFFFFFFFFFFFFFFFFFFFFFFFFFFFFFFF6B
:10357000FFFFFFFFFFFFFFFFFFFFFFFFFFFFFFFF5B
:10358000FFFFFFFFFFFFFFFFFFFFFFFFFFFFFFFF4B
:10359000FFFFFFFFFFFFFFFFFFFFFFFFFFFFFFFF3B
:1035A000FFFFFFFFFFFFFFFFFFFFFFFFFFFFFFFF2B
:1035B000FFFFFFFFFFFFFFFFFFFFFFFFFFFFFFFF1B
:1035C000FFFFFFFFFFFFFFFFFFFFFFFFFFFFFFFF0B
:1035D000FFFFFFFFFFFFFFFFFFFFFFFFFFFFFFFFFB
:1035E000FFFFFFFFFFFFFFFFFFFFFFFFFFFFFFFFEB
:1035F000FFFFFFFFFFFFFFFFFFFFFFFFFFFFFFFFDB
:10360000FFFFFFFFFFFFFFFFFFFFFFFFFFFFFFFFCA
:10361000FFFFFFFFFFFFFFFFFFFFFFFFFFFFFFFFBA
:10362000FFFFFFFFFFFFFFFFFFFFFFFFFFFFFFFFAA
:10363000FFFFFFFFFFFFFFFFFFFFFFFFFFFFFFFF9A
:10364000FFFFFFFFFFFFFFFFFFFFFFFFFFFFFFFF8A
:10365000FFFFFFFFFFFFFFFFFFFFFFFFFFFFFFFF7A
:10366000FFFFFFFFFFFFFFFFFFFFFFFFFFFFFFFF6A
:10367000FFFFFFFFFFFFFFFFFFFFFFFFFFFFFFFF5A
:10368000FFFFFFFFFFFFFFFFFFFFFFFFFFFFFFFF4A
:10369000FFFFFFFFFFFFFFFFFFFFFFFFFFFFFFFF3A
:1036A000FFFFFFFFFFFFFFFFFFFFFFFFFFFFFFFF2A
:1036B000FFFFFFFFFFFFFFFFFFFFFFFFFFFFFFFF1A
:1036C000FFFFFFFFFFFFFFFFFFFFFFFFFFFFFFFF0A
:1036D000FFFFFFFFFFFFFFFFFFFFFFFFFFFFFFFFFA
:1036E000FFFFFFFFFFFFFFFFFFFFFFFFFFFFFFFFEA
:1036F000FFFFFFFFFFFFFFFFFFFFFFFFFFFFFFFFDA
:10370000FFFFFFFFFFFFFFFFFFFFFFFFFFFFFFFFC9
:10371000FFFFFFFFFFFFFFFFFFFFFFFFFFFFFFFFB9
:10372000FFFFFFFFFFFFFFFFFFFFFFFFFFFFFFFFA9
:10373000FFFFFFFFFFFFFFFFFFFFFFFFFFFFFFFF99
:10374000FFFFFFFFFFFFFFFFFFFFFFFFFFFFFFFF89
:10375000FFFFFFFFFFFFFFFFFFFFFFFFFFFFFFFF79
:10376000FFFFFFFFFFFFFFFFFFFFFFFFFFFFFFFF69
:10377000FFFFFFFFFFFFFFFFFFFFFFFFFFFFFFFF59
:10378000FFFFFFFFFFFFFFFFFFFFFFFFFFFFFFFF49
:10379000FFFFFFFFFFFFFFFFFFFFFFFFFFFFFFFF39
:1037A000FFFFFFFFFFFFFFFFFFFFFFFFFFFFFFFF29
:1037B000FFFFFFFFFFFFFFFFFFFFFFFFFFFFFFFF19
:1037C000FFFFFFFFFFFFFFFFFFFFFFFFFFFFFFFF09
:1037D000FFFFFFFFFFFFFFFFFFFFFFFFFFFFFFFFF9
:1037E000FFFFFFFFFFFFFFFFFFFFFFFFFFFFFFFFE9
:1037F000FFFFFFFFFFFFFFFFFFFFFFFFFFFFFFFFD9
:10380000FFFFFFFFFFFFFFFFFFFFFFFFFFFFFFFFC8
:10381000FFFFFFFFFFFFFFFFFFFFFFFFFFFFFFFFB8
:10382000FFFFFFFFFFFFFFFFFFFFFFFFFFFFFFFFA8
:10383000FFFFFFFFFFFFFFFFFFFFFFFFFFFFFFFF98
:10384000FFFFFFFFFFFFFFFFFFFFFFFFFFFFFFFF88
:10385000FFFFFFFFFFFFFFFFFFFFFFFFFFFFFFFF78
:10386000FFFFFFFFFFFFFFFFFFFFFFFFFFFFFFFF68
:10387000FFFFFFFFFFFFFFFFFFFFFFFFFFFFFFFF58
:10388000FFFFFFFFFFFFFFFFFFFFFFFFFFFFFFFF48
:10389000FFFFFFFFFFFFFFFFFFFFFFFFFFFFFFFF38
:1038A000FFFFFFFFFFFFFFFFFFFFFFFFFFFFFFFF28
:1038B000FFFFFFFFFFFFFFFFFFFFFFFFFFFFFFFF18
:1038C000FFFFFFFFFFFFFFFFFFFFFFFFFFFFFFFF08
:1038D000FFFFFFFFFFFFFFFFFFFFFFFFFFFFFFFFF8
:1038E000FFFFFFFFFFFFFFFFFFFFFFFFFFFFFFFFE8
:1038F000FFFFFFFFFFFFFFFFFFFFFFFFFFFFFFFFD8
:10390000FFFFFFFFFFFFFFFFFFFFFFFFFFFFFFFFC7
:10391000FFFFFFFFFFFFFFFFFFFFFFFFFFFFFFFFB7
:10392000FFFFFFFFFFFFFFFFFFFFFFFFFFFFFFFFA7
:10393000FFFFFFFFFFFFFFFFFFFFFFFFFFFFFFFF97
:10394000FFFFFFFFFFFFFFFFFFFFFFFFFFFFFFFF87
:10395000FFFFFFFFFFFFFFFFFFFFFFFFFFFFFFFF77
:10396000FFFFFFFFFFFFFFFFFFFFFFFFFFFFFFFF67
:10397000FFFFFFFFFFFFFFFFFFFFFFFFFFFFFFFF57
:10398000FFFFFFFFFFFFFFFFFFFFFFFFFFFFFFFF47
:10399000FFFFFFFFFFFFFFFFFFFFFFFFFFFFFFFF37
:1039A000FFFFFFFFFFFFFFFFFFFFFFFFFFFFFFFF27
:1039B000FFFFFFFFFFFFFFFFFFFFFFFFFFFFFFFF17
:1039C000FFFFFFFFFFFFFFFFFFFFFFFFFFFFFFFF07
:1039D000FFFFFFFFFFFFFFFFFFFFFFFFFFFFFFFFF7
:1039E000FFFFFFFFFFFFFFFFFFFFFFFFFFFFFFFFE7
:1039F000FFFFFFFFFFFFFFFFFFFFFFFFFFFFFFFFD7
:103A0000FFFFFFFFFFFFFFFFFFFFFFFFFFFFFFFFC6
:103A1000FFFFFFFFFFFFFFFFFFFFFFFFFFFFFFFFB6
:103A2000FFFFFFFFFFFFFFFFFFFFFFFFFFFFFFFFA6
:103A3000FFFFFFFFFFFFFFFFFFFFFFFFFFFFFFFF96
:103A4000FFFFFFFFFFFFFFFFFFFFFFFFFFFFFFFF86
:103A5000FFFFFFFFFFFFFFFFFFFFFFFFFFFFFFFF76
:103A6000FFFFFFFFFFFFFFFFFFFFFFFFFFFFFFFF66
:103A7000FFFFFFFFFFFFFFFFFFFFFFFFFFFFFFFF56
:103A8000FFFFFFFFFFFFFFFFFFFFFFFFFFFFFFFF46
:103A9000FFFFFFFFFFFFFFFFFFFFFFFFFFFFFFFF36
:103AA000FFFFFFFFFFFFFFFFFFFFFFFFFFFFFFFF26
:103AB000FFFFFFFFFFFFFFFFFFFFFFFFFFFFFFFF16
:103AC000FFFFFFFFFFFFFFFFFFFFFFFFFFFFFFFF06
:103AD000FFFFFFFFFFFFFFFFFFFFFFFFFFFFFFFFF6
:103AE000FFFFFFFFFFFFFFFFFFFFFFFFFFFFFFFFE6
:103AF000FFFFFFFFFFFFFFFFFFFFFFFFFFFFFFFFD6
:103B0000FFFFFFFFFFFFFFFFFFFFFFFFFFFFFFFFC5
:103B1000FFFFFFFFFFFFFFFFFFFFFFFFFFFFFFFFB5
:103B2000FFFFFFFFFFFFFFFFFFFFFFFFFFFFFFFFA5
:103B3000FFFFFFFFFFFFFFFFFFFFFFFFFFFFFFFF95
:103B4000FFFFFFFFFFFFFFFFFFFFFFFFFFFFFFFF85
:103B5000FFFFFFFFFFFFFFFFFFFFFFFFFFFFFFFF75
:103B6000FFFFFFFFFFFFFFFFFFFFFFFFFFFFFFFF65
:103B7000FFFFFFFFFFFFFFFFFFFFFFFFFFFFFFFF55
:103B8000FFFFFFFFFFFFFFFFFFFFFFFFFFFFFFFF45
:103B9000FFFFFFFFFFFFFFFFFFFFFFFFFFFFFFFF35
:103BA000FFFFFFFFFFFFFFFFFFFFFFFFFFFFFFFF25
:103BB000FFFFFFFFFFFFFFFFFFFFFFFFFFFFFFFF15
:103BC000FFFFFFFFFFFFFFFFFFFFFFFFFFFFFFFF05
:103BD000FFFFFFFFFFFFFFFFFFFFFFFFFFFFFFFFF5
:103BE000FFFFFFFFFFFFFFFFFFFFFFFFFFFFFFFFE5
:103BF000FFFFFFFFFFFFFFFFFFFFFFFFFFFFFFFFD5
:103C0000FFFFFFFFFFFFFFFFFFFFFFFFFFFFFFFFC4
:103C1000FFFFFFFFFFFFFFFFFFFFFFFFFFFFFFFFB4
:103C2000FFFFFFFFFFFFFFFFFFFFFFFFFFFFFFFFA4
:103C3000FFFFFFFFFFFFFFFFFFFFFFFFFFFFFFFF94
:103C4000FFFFFFFFFFFFFFFFFFFFFFFFFFFFFFFF84
:103C5000FFFFFFFFFFFFFFFFFFFFFFFFFFFFFFFF74
:103C6000FFFFFFFFFFFFFFFFFFFFFFFFFFFFFFFF64
:103C7000FFFFFFFFFFFFFFFFFFFFFFFFFFFFFFFF54
:103C8000FFFFFFFFFFFFFFFFFFFFFFFFFFFFFFFF44
:103C9000FFFFFFFFFFFFFFFFFFFFFFFFFFFFFFFF34
:103CA000FFFFFFFFFFFFFFFFFFFFFFFFFFFFFFFF24
:103CB000FFFFFFFFFFFFFFFFFFFFFFFFFFFFFFFF14
:103CC000FFFFFFFFFFFFFFFFFFFFFFFFFFFFFFFF04
:103CD000FFFFFFFFFFFFFFFFFFFFFFFFFFFFFFFFF4
:103CE000FFFFFFFFFFFFFFFFFFFFFFFFFFFFFFFFE4
:103CF000FFFFFFFFFFFFFFFFFFFFFFFFFFFFFFFFD4
:103D0000FFFFFFFFFFFFFFFFFFFFFFFFFFFFFFFFC3
:103D1000FFFFFFFFFFFFFFFFFFFFFFFFFFFFFFFFB3
:103D2000FFFFFFFFFFFFFFFFFFFFFFFFFFFFFFFFA3
:103D3000FFFFFFFFFFFFFFFFFFFFFFFFFFFFFFFF93
:103D4000FFFFFFFFFFFFFFFFFFFFFFFFFFFFFFFF83
:103D5000FFFFFFFFFFFFFFFFFFFFFFFFFFFFFFFF73
:103D6000FFFFFFFFFFFFFFFFFFFFFFFFFFFFFFFF63
:103D7000FFFFFFFFFFFFFFFFFFFFFFFFFFFFFFFF53
:103D8000FFFFFFFFFFFFFFFFFFFFFFFFFFFFFFFF43
:103D9000FFFFFFFFFFFFFFFFFFFFFFFFFFFFFFFF33
:103DA000FFFFFFFFFFFFFFFFFFFFFFFFFFFFFFFF23
:103DB000FFFFFFFFFFFFFFFFFFFFFFFFFFFFFFFF13
:103DC000FFFFFFFFFFFFFFFFFFFFFFFFFFFFFFFF03
:103DD000FFFFFFFFFFFFFFFFFFFFFFFFFFFFFFFFF3
:103DE000FFFFFFFFFFFFFFFFFFFFFFFFFFFFFFFFE3
:103DF000FFFFFFFFFFFFFFFFFFFFFFFFFFFFFFFFD3
:103E0000FFFFFFFFFFFFFFFFFFFFFFFFFFFFFFFFC2
:103E1000FFFFFFFFFFFFFFFFFFFFFFFFFFFFFFFFB2
:103E2000FFFFFFFFFFFFFFFFFFFFFFFFFFFFFFFFA2
:103E3000FFFFFFFFFFFFFFFFFFFFFFFFFFFFFFFF92
:103E4000FFFFFFFFFFFFFFFFFFFFFFFFFFFFFFFF82
:103E5000FFFFFFFFFFFFFFFFFFFFFFFFFFFFFFFF72
:103E6000FFFFFFFFFFFFFFFFFFFFFFFFFFFFFFFF62
:103E7000FFFFFFFFFFFFFFFFFFFFFFFFFFFFFFFF52
:103E8000FFFFFFFFFFFFFFFFFFFFFFFFFFFFFFFF42
:103E9000FFFFFFFFFFFFFFFFFFFFFFFFFFFFFFFF32
:103EA000FFFFFFFFFFFFFFFFFFFFFFFFFFFFFFFF22
:103EB000FFFFFFFFFFFFFFFFFFFFFFFFFFFFFFFF12
:103EC000FFFFFFFFFFFFFFFFFFFFFFFFFFFFFFFF02
:103ED000FFFFFFFFFFFFFFFFFFFFFFFFFFFFFFFFF2
:103EE000FFFFFFFFFFFFFFFFFFFFFFFFFFFFFFFFE2
:103EF000FFFFFFFFFFFFFFFFFFFFFFFFFFFFFFFFD2
:103F0000FFFFFFFFFFFFFFFFFFFFFFFFFFFFFFFFC1
:103F1000FFFFFFFFFFFFFFFFFFFFFFFFFFFFFFFFB1
:103F2000FFFFFFFFFFFFFFFFFFFFFFFFFFFFFFFFA1
:103F3000FFFFFFFFFFFFFFFFFFFFFFFFFFFFFFFF91
:103F4000FFFFFFFFFFFFFFFFFFFFFFFFFFFFFFFF81
:103F5000FFFFFFFFFFFFFFFFFFFFFFFFFFFFFFFF71
:103F6000FFFFFFFFFFFFFFFFFFFFFFFFFFFFFFFF61
:103F7000FFFFFFFFFFFFFFFFFFFFFFFFFFFFFFFF51
:103F8000FFFFFFFFFFFFFFFFFFFFFFFFFFFFFFFF41
:103F9000FFFFFFFFFFFFFFFFFFFFFFFFFFFFFFFF31
:103FA000FFFFFFFFFFFFFFFFFFFFFFFFFFFFFFFF21
:103FB000FFFFFFFFFFFFFFFFFFFFFFFFFFFFFFFF11
:103FC000FFFFFFFFFFFFFFFFFFFFFFFFFFFFFFFF01
:103FD000FFFFFFFFFFFFFFFFFFFFFFFFFFFFFFFFF1
:103FE000FFFFFFFFFFFFFFFFFFFFFFFFFFFFFFFFE1
:103FF000FFFFFFFFFFFFFFFFFFFFFFFFFFFFFFFFD1
:10400000FFFFFFFFFFFFFFFFFFFFFFFFFFFFFFFFC0
:10401000FFFFFFFFFFFFFFFFFFFFFFFFFFFFFFFFB0
:10402000FFFFFFFFFFFFFFFFFFFFFFFFFFFFFFFFA0
:10403000FFFFFFFFFFFFFFFFFFFFFFFFFFFFFFFF90
:10404000FFFFFFFFFFFFFFFFFFFFFFFFFFFFFFFF80
:10405000FFFFFFFFFFFFFFFFFFFFFFFFFFFFFFFF70
:10406000FFFFFFFFFFFFFFFFFFFFFFFFFFFFFFFF60
:10407000FFFFFFFFFFFFFFFFFFFFFFFFFFFFFFFF50
:10408000FFFFFFFFFFFFFFFFFFFFFFFFFFFFFFFF40
:10409000FFFFFFFFFFFFFFFFFFFFFFFFFFFFFFFF30
:1040A000FFFFFFFFFFFFFFFFFFFFFFFFFFFFFFFF20
:1040B000FFFFFFFFFFFFFFFFFFFFFFFFFFFFFFFF10
:1040C000FFFFFFFFFFFFFFFFFFFFFFFFFFFFFFFF00
:1040D000FFFFFFFFFFFFFFFFFFFFFFFFFFFFFFFFF0
:1040E000FFFFFFFFFFFFFFFFFFFFFFFFFFFFFFFFE0
:1040F000FFFFFFFFFFFFFFFFFFFFFFFFFFFFFFFFD0
:10410000FFFFFFFFFFFFFFFFFFFFFFFFFFFFFFFFBF
:10411000FFFFFFFFFFFFFFFFFFFFFFFFFFFFFFFFAF
:10412000FFFFFFFFFFFFFFFFFFFFFFFFFFFFFFFF9F
:10413000FFFFFFFFFFFFFFFFFFFFFFFFFFFFFFFF8F
:10414000FFFFFFFFFFFFFFFFFFFFFFFFFFFFFFFF7F
:10415000FFFFFFFFFFFFFFFFFFFFFFFFFFFFFFFF6F
:10416000FFFFFFFFFFFFFFFFFFFFFFFFFFFFFFFF5F
:10417000FFFFFFFFFFFFFFFFFFFFFFFFFFFFFFFF4F
:10418000FFFFFFFFFFFFFFFFFFFFFFFFFFFFFFFF3F
:10419000FFFFFFFFFFFFFFFFFFFFFFFFFFFFFFFF2F
:1041A000FFFFFFFFFFFFFFFFFFFFFFFFFFFFFFFF1F
:1041B000FFFFFFFFFFFFFFFFFFFFFFFFFFFFFFFF0F
:1041C000FFFFFFFFFFFFFFFFFFFFFFFFFFFFFFFFFF
:1041D000FFFFFFFFFFFFFFFFFFFFFFFFFFFFFFFFEF
:1041E000FFFFFFFFFFFFFFFFFFFFFFFFFFFFFFFFDF
:1041F000FFFFFFFFFFFFFFFFFFFFFFFFFFFFFFFFCF
:10420000FFFFFFFFFFFFFFFFFFFFFFFFFFFFFFFFBE
:10421000FFFFFFFFFFFFFFFFFFFFFFFFFFFFFFFFAE
:10422000FFFFFFFFFFFFFFFFFFFFFFFFFFFFFFFF9E
:10423000FFFFFFFFFFFFFFFFFFFFFFFFFFFFFFFF8E
:10424000FFFFFFFFFFFFFFFFFFFFFFFFFFFFFFFF7E
:10425000FFFFFFFFFFFFFFFFFFFFFFFFFFFFFFFF6E
:10426000FFFFFFFFFFFFFFFFFFFFFFFFFFFFFFFF5E
:10427000FFFFFFFFFFFFFFFFFFFFFFFFFFFFFFFF4E
:10428000FFFFFFFFFFFFFFFFFFFFFFFFFFFFFFFF3E
:10429000FFFFFFFFFFFFFFFFFFFFFFFFFFFFFFFF2E
:1042A000FFFFFFFFFFFFFFFFFFFFFFFFFFFFFFFF1E
:1042B000FFFFFFFFFFFFFFFFFFFFFFFFFFFFFFFF0E
:1042C000FFFFFFFFFFFFFFFFFFFFFFFFFFFFFFFFFE
:1042D000FFFFFFFFFFFFFFFFFFFFFFFFFFFFFFFFEE
:1042E000FFFFFFFFFFFFFFFFFFFFFFFFFFFFFFFFDE
:1042F000FFFFFFFFFFFFFFFFFFFFFFFFFFFFFFFFCE
:10430000FFFFFFFFFFFFFFFFFFFFFFFFFFFFFFFFBD
:10431000FFFFFFFFFFFFFFFFFFFFFFFFFFFFFFFFAD
:10432000FFFFFFFFFFFFFFFFFFFFFFFFFFFFFFFF9D
:10433000FFFFFFFFFFFFFFFFFFFFFFFFFFFFFFFF8D
:10434000FFFFFFFFFFFFFFFFFFFFFFFFFFFFFFFF7D
:10435000FFFFFFFFFFFFFFFFFFFFFFFFFFFFFFFF6D
:10436000FFFFFFFFFFFFFFFFFFFFFFFFFFFFFFFF5D
:10437000FFFFFFFFFFFFFFFFFFFFFFFFFFFFFFFF4D
:10438000FFFFFFFFFFFFFFFFFFFFFFFFFFFFFFFF3D
:10439000FFFFFFFFFFFFFFFFFFFFFFFFFFFFFFFF2D
:1043A000FFFFFFFFFFFFFFFFFFFFFFFFFFFFFFFF1D
:1043B000FFFFFFFFFFFFFFFFFFFFFFFFFFFFFFFF0D
:1043C000FFFFFFFFFFFFFFFFFFFFFFFFFFFFFFFFFD
:1043D000FFFFFFFFFFFFFFFFFFFFFFFFFFFFFFFFED
:1043E000FFFFFFFFFFFFFFFFFFFFFFFFFFFFFFFFDD
:1043F000FFFFFFFFFFFFFFFFFFFFFFFFFFFFFFFFCD
:10440000FFFFFFFFFFFFFFFFFFFFFFFFFFFFFFFFBC
:10441000FFFFFFFFFFFFFFFFFFFFFFFFFFFFFFFFAC
:10442000FFFFFFFFFFFFFFFFFFFFFFFFFFFFFFFF9C
:10443000FFFFFFFFFFFFFFFFFFFFFFFFFFFFFFFF8C
:10444000FFFFFFFFFFFFFFFFFFFFFFFFFFFFFFFF7C
:10445000FFFFFFFFFFFFFFFFFFFFFFFFFFFFFFFF6C
:10446000FFFFFFFFFFFFFFFFFFFFFFFFFFFFFFFF5C
:10447000FFFFFFFFFFFFFFFFFFFFFFFFFFFFFFFF4C
:10448000FFFFFFFFFFFFFFFFFFFFFFFFFFFFFFFF3C
:10449000FFFFFFFFFFFFFFFFFFFFFFFFFFFFFFFF2C
:1044A000FFFFFFFFFFFFFFFFFFFFFFFFFFFFFFFF1C
:1044B000FFFFFFFFFFFFFFFFFFFFFFFFFFFFFFFF0C
:1044C000FFFFFFFFFFFFFFFFFFFFFFFFFFFFFFFFFC
:1044D000FFFFFFFFFFFFFFFFFFFFFFFFFFFFFFFFEC
:1044E000FFFFFFFFFFFFFFFFFFFFFFFFFFFFFFFFDC
:1044F000FFFFFFFFFFFFFFFFFFFFFFFFFFFFFFFFCC
:10450000FFFFFFFFFFFFFFFFFFFFFFFFFFFFFFFFBB
:10451000FFFFFFFFFFFFFFFFFFFFFFFFFFFFFFFFAB
:10452000FFFFFFFFFFFFFFFFFFFFFFFFFFFFFFFF9B
:10453000FFFFFFFFFFFFFFFFFFFFFFFFFFFFFFFF8B
:10454000FFFFFFFFFFFFFFFFFFFFFFFFFFFFFFFF7B
:10455000FFFFFFFFFFFFFFFFFFFFFFFFFFFFFFFF6B
:10456000FFFFFFFFFFFFFFFFFFFFFFFFFFFFFFFF5B
:10457000FFFFFFFFFFFFFFFFFFFFFFFFFFFFFFFF4B
:10458000FFFFFFFFFFFFFFFFFFFFFFFFFFFFFFFF3B
:10459000FFFFFFFFFFFFFFFFFFFFFFFFFFFFFFFF2B
:1045A000FFFFFFFFFFFFFFFFFFFFFFFFFFFFFFFF1B
:1045B000FFFFFFFFFFFFFFFFFFFFFFFFFFFFFFFF0B
:1045C000FFFFFFFFFFFFFFFFFFFFFFFFFFFFFFFFFB
:1045D000FFFFFFFFFFFFFFFFFFFFFFFFFFFFFFFFEB
:1045E000FFFFFFFFFFFFFFFFFFFFFFFFFFFFFFFFDB
:1045F000FFFFFFFFFFFFFFFFFFFFFFFFFFFFFFFFCB
:10460000FFFFFFFFFFFFFFFFFFFFFFFFFFFFFFFFBA
:10461000FFFFFFFFFFFFFFFFFFFFFFFFFFFFFFFFAA
:10462000FFFFFFFFFFFFFFFFFFFFFFFFFFFFFFFF9A
:10463000FFFFFFFFFFFFFFFFFFFFFFFFFFFFFFFF8A
:10464000FFFFFFFFFFFFFFFFFFFFFFFFFFFFFFFF7A
:10465000FFFFFFFFFFFFFFFFFFFFFFFFFFFFFFFF6A
:10466000FFFFFFFFFFFFFFFFFFFFFFFFFFFFFFFF5A
:10467000FFFFFFFFFFFFFFFFFFFFFFFFFFFFFFFF4A
:10468000FFFFFFFFFFFFFFFFFFFFFFFFFFFFFFFF3A
:10469000FFFFFFFFFFFFFFFFFFFFFFFFFFFFFFFF2A
:1046A000FFFFFFFFFFFFFFFFFFFFFFFFFFFFFFFF1A
:1046B000FFFFFFFFFFFFFFFFFFFFFFFFFFFFFFFF0A
:1046C000FFFFFFFFFFFFFFFFFFFFFFFFFFFFFFFFFA
:1046D000FFFFFFFFFFFFFFFFFFFFFFFFFFFFFFFFEA
:1046E000FFFFFFFFFFFFFFFFFFFFFFFFFFFFFFFFDA
:1046F000FFFFFFFFFFFFFFFFFFFFFFFFFFFFFFFFCA
:10470000FFFFFFFFFFFFFFFFFFFFFFFFFFFFFFFFB9
:10471000FFFFFFFFFFFFFFFFFFFFFFFFFFFFFFFFA9
:10472000FFFFFFFFFFFFFFFFFFFFFFFFFFFFFFFF99
:10473000FFFFFFFFFFFFFFFFFFFFFFFFFFFFFFFF89
:10474000FFFFFFFFFFFFFFFFFFFFFFFFFFFFFFFF79
:10475000FFFFFFFFFFFFFFFFFFFFFFFFFFFFFFFF69
:10476000FFFFFFFFFFFFFFFFFFFFFFFFFFFFFFFF59
:10477000FFFFFFFFFFFFFFFFFFFFFFFFFFFFFFFF49
:10478000FFFFFFFFFFFFFFFFFFFFFFFFFFFFFFFF39
:10479000FFFFFFFFFFFFFFFFFFFFFFFFFFFFFFFF29
:1047A000FFFFFFFFFFFFFFFFFFFFFFFFFFFFFFFF19
:1047B000FFFFFFFFFFFFFFFFFFFFFFFFFFFFFFFF09
:1047C000FFFFFFFFFFFFFFFFFFFFFFFFFFFFFFFFF9
:1047D000FFFFFFFFFFFFFFFFFFFFFFFFFFFFFFFFE9
:1047E000FFFFFFFFFFFFFFFFFFFFFFFFFFFFFFFFD9
:1047F000FFFFFFFFFFFFFFFFFFFFFFFFFFFFFFFFC9
:10480000FFFFFFFFFFFFFFFFFFFFFFFFFFFFFFFFB8
:10481000FFFFFFFFFFFFFFFFFFFFFFFFFFFFFFFFA8
:10482000FFFFFFFFFFFFFFFFFFFFFFFFFFFFFFFF98
:10483000FFFFFFFFFFFFFFFFFFFFFFFFFFFFFFFF88
:10484000FFFFFFFFFFFFFFFFFFFFFFFFFFFFFFFF78
:10485000FFFFFFFFFFFFFFFFFFFFFFFFFFFFFFFF68
:10486000FFFFFFFFFFFFFFFFFFFFFFFFFFFFFFFF58
:10487000FFFFFFFFFFFFFFFFFFFFFFFFFFFFFFFF48
:10488000FFFFFFFFFFFFFFFFFFFFFFFFFFFFFFFF38
:10489000FFFFFFFFFFFFFFFFFFFFFFFFFFFFFFFF28
:1048A000FFFFFFFFFFFFFFFFFFFFFFFFFFFFFFFF18
:1048B000FFFFFFFFFFFFFFFFFFFFFFFFFFFFFFFF08
:1048C000FFFFFFFFFFFFFFFFFFFFFFFFFFFFFFFFF8
:1048D000FFFFFFFFFFFFFFFFFFFFFFFFFFFFFFFFE8
:1048E000FFFFFFFFFFFFFFFFFFFFFFFFFFFFFFFFD8
:1048F000FFFFFFFFFFFFFFFFFFFFFFFFFFFFFFFFC8
:10490000FFFFFFFFFFFFFFFFFFFFFFFFFFFFFFFFB7
:10491000FFFFFFFFFFFFFFFFFFFFFFFFFFFFFFFFA7
:10492000FFFFFFFFFFFFFFFFFFFFFFFFFFFFFFFF97
:10493000FFFFFFFFFFFFFFFFFFFFFFFFFFFFFFFF87
:10494000FFFFFFFFFFFFFFFFFFFFFFFFFFFFFFFF77
:10495000FFFFFFFFFFFFFFFFFFFFFFFFFFFFFFFF67
:10496000FFFFFFFFFFFFFFFFFFFFFFFFFFFFFFFF57
:10497000FFFFFFFFFFFFFFFFFFFFFFFFFFFFFFFF47
:10498000FFFFFFFFFFFFFFFFFFFFFFFFFFFFFFFF37
:10499000FFFFFFFFFFFFFFFFFFFFFFFFFFFFFFFF27
:1049A000FFFFFFFFFFFFFFFFFFFFFFFFFFFFFFFF17
:1049B000FFFFFFFFFFFFFFFFFFFFFFFFFFFFFFFF07
:1049C000FFFFFFFFFFFFFFFFFFFFFFFFFFFFFFFFF7
:1049D000FFFFFFFFFFFFFFFFFFFFFFFFFFFFFFFFE7
:1049E000FFFFFFFFFFFFFFFFFFFFFFFFFFFFFFFFD7
:1049F000FFFFFFFFFFFFFFFFFFFFFFFFFFFFFFFFC7
:104A0000FFFFFFFFFFFFFFFFFFFFFFFFFFFFFFFFB6
:104A1000FFFFFFFFFFFFFFFFFFFFFFFFFFFFFFFFA6
:104A2000FFFFFFFFFFFFFFFFFFFFFFFFFFFFFFFF96
:104A3000FFFFFFFFFFFFFFFFFFFFFFFFFFFFFFFF86
:104A4000FFFFFFFFFFFFFFFFFFFFFFFFFFFFFFFF76
:104A5000FFFFFFFFFFFFFFFFFFFFFFFFFFFFFFFF66
:104A6000FFFFFFFFFFFFFFFFFFFFFFFFFFFFFFFF56
:104A7000FFFFFFFFFFFFFFFFFFFFFFFFFFFFFFFF46
:104A8000FFFFFFFFFFFFFFFFFFFFFFFFFFFFFFFF36
:104A9000FFFFFFFFFFFFFFFFFFFFFFFFFFFFFFFF26
:104AA000FFFFFFFFFFFFFFFFFFFFFFFFFFFFFFFF16
:104AB000FFFFFFFFFFFFFFFFFFFFFFFFFFFFFFFF06
:104AC000FFFFFFFFFFFFFFFFFFFFFFFFFFFFFFFFF6
:104AD000FFFFFFFFFFFFFFFFFFFFFFFFFFFFFFFFE6
:104AE000FFFFFFFFFFFFFFFFFFFFFFFFFFFFFFFFD6
:104AF000FFFFFFFFFFFFFFFFFFFFFFFFFFFFFFFFC6
:104B0000FFFFFFFFFFFFFFFFFFFFFFFFFFFFFFFFB5
:104B1000FFFFFFFFFFFFFFFFFFFFFFFFFFFFFFFFA5
:104B2000FFFFFFFFFFFFFFFFFFFFFFFFFFFFFFFF95
:104B3000FFFFFFFFFFFFFFFFFFFFFFFFFFFFFFFF85
:104B4000FFFFFFFFFFFFFFFFFFFFFFFFFFFFFFFF75
:104B5000FFFFFFFFFFFFFFFFFFFFFFFFFFFFFFFF65
:104B6000FFFFFFFFFFFFFFFFFFFFFFFFFFFFFFFF55
:104B7000FFFFFFFFFFFFFFFFFFFFFFFFFFFFFFFF45
:104B8000FFFFFFFFFFFFFFFFFFFFFFFFFFFFFFFF35
:104B9000FFFFFFFFFFFFFFFFFFFFFFFFFFFFFFFF25
:104BA000FFFFFFFFFFFFFFFFFFFFFFFFFFFFFFFF15
:104BB000FFFFFFFFFFFFFFFFFFFFFFFFFFFFFFFF05
:104BC000FFFFFFFFFFFFFFFFFFFFFFFFFFFFFFFFF5
:104BD000FFFFFFFFFFFFFFFFFFFFFFFFFFFFFFFFE5
:104BE000FFFFFFFFFFFFFFFFFFFFFFFFFFFFFFFFD5
:104BF000FFFFFFFFFFFFFFFFFFFFFFFFFFFFFFFFC5
:104C0000FFFFFFFFFFFFFFFFFFFFFFFFFFFFFFFFB4
:104C1000FFFFFFFFFFFFFFFFFFFFFFFFFFFFFFFFA4
:104C2000FFFFFFFFFFFFFFFFFFFFFFFFFFFFFFFF94
:104C3000FFFFFFFFFFFFFFFFFFFFFFFFFFFFFFFF84
:104C4000FFFFFFFFFFFFFFFFFFFFFFFFFFFFFFFF74
:104C5000FFFFFFFFFFFFFFFFFFFFFFFFFFFFFFFF64
:104C6000FFFFFFFFFFFFFFFFFFFFFFFFFFFFFFFF54
:104C7000FFFFFFFFFFFFFFFFFFFFFFFFFFFFFFFF44
:104C8000FFFFFFFFFFFFFFFFFFFFFFFFFFFFFFFF34
:104C9000FFFFFFFFFFFFFFFFFFFFFFFFFFFFFFFF24
:104CA000FFFFFFFFFFFFFFFFFFFFFFFFFFFFFFFF14
:104CB000FFFFFFFFFFFFFFFFFFFFFFFFFFFFFFFF04
:104CC000FFFFFFFFFFFFFFFFFFFFFFFFFFFFFFFFF4
:104CD000FFFFFFFFFFFFFFFFFFFFFFFFFFFFFFFFE4
:104CE000FFFFFFFFFFFFFFFFFFFFFFFFFFFFFFFFD4
:104CF000FFFFFFFFFFFFFFFFFFFFFFFFFFFFFFFFC4
:104D0000FFFFFFFFFFFFFFFFFFFFFFFFFFFFFFFFB3
:104D1000FFFFFFFFFFFFFFFFFFFFFFFFFFFFFFFFA3
:104D2000FFFFFFFFFFFFFFFFFFFFFFFFFFFFFFFF93
:104D3000FFFFFFFFFFFFFFFFFFFFFFFFFFFFFFFF83
:104D4000FFFFFFFFFFFFFFFFFFFFFFFFFFFFFFFF73
:104D5000FFFFFFFFFFFFFFFFFFFFFFFFFFFFFFFF63
:104D6000FFFFFFFFFFFFFFFFFFFFFFFFFFFFFFFF53
:104D7000FFFFFFFFFFFFFFFFFFFFFFFFFFFFFFFF43
:104D8000FFFFFFFFFFFFFFFFFFFFFFFFFFFFFFFF33
:104D9000FFFFFFFFFFFFFFFFFFFFFFFFFFFFFFFF23
:104DA000FFFFFFFFFFFFFFFFFFFFFFFFFFFFFFFF13
:104DB000FFFFFFFFFFFFFFFFFFFFFFFFFFFFFFFF03
:104DC000FFFFFFFFFFFFFFFFFFFFFFFFFFFFFFFFF3
:104DD000FFFFFFFFFFFFFFFFFFFFFFFFFFFFFFFFE3
:104DE000FFFFFFFFFFFFFFFFFFFFFFFFFFFFFFFFD3
:104DF000FFFFFFFFFFFFFFFFFFFFFFFFFFFFFFFFC3
:104E0000FFFFFFFFFFFFFFFFFFFFFFFFFFFFFFFFB2
:104E1000FFFFFFFFFFFFFFFFFFFFFFFFFFFFFFFFA2
:104E2000FFFFFFFFFFFFFFFFFFFFFFFFFFFFFFFF92
:104E3000FFFFFFFFFFFFFFFFFFFFFFFFFFFFFFFF82
:104E4000FFFFFFFFFFFFFFFFFFFFFFFFFFFFFFFF72
:104E5000FFFFFFFFFFFFFFFFFFFFFFFFFFFFFFFF62
:104E6000FFFFFFFFFFFFFFFFFFFFFFFFFFFFFFFF52
:104E7000FFFFFFFFFFFFFFFFFFFFFFFFFFFFFFFF42
:104E8000FFFFFFFFFFFFFFFFFFFFFFFFFFFFFFFF32
:104E9000FFFFFFFFFFFFFFFFFFFFFFFFFFFFFFFF22
:104EA000FFFFFFFFFFFFFFFFFFFFFFFFFFFFFFFF12
:104EB000FFFFFFFFFFFFFFFFFFFFFFFFFFFFFFFF02
:104EC000FFFFFFFFFFFFFFFFFFFFFFFFFFFFFFFFF2
:104ED000FFFFFFFFFFFFFFFFFFFFFFFFFFFFFFFFE2
:104EE000FFFFFFFFFFFFFFFFFFFFFFFFFFFFFFFFD2
:104EF000FFFFFFFFFFFFFFFFFFFFFFFFFFFFFFFFC2
:104F0000FFFFFFFFFFFFFFFFFFFFFFFFFFFFFFFFB1
:104F1000FFFFFFFFFFFFFFFFFFFFFFFFFFFFFFFFA1
:104F2000FFFFFFFFFFFFFFFFFFFFFFFFFFFFFFFF91
:104F3000FFFFFFFFFFFFFFFFFFFFFFFFFFFFFFFF81
:104F4000FFFFFFFFFFFFFFFFFFFFFFFFFFFFFFFF71
:104F5000FFFFFFFFFFFFFFFFFFFFFFFFFFFFFFFF61
:104F6000FFFFFFFFFFFFFFFFFFFFFFFFFFFFFFFF51
:104F7000FFFFFFFFFFFFFFFFFFFFFFFFFFFFFFFF41
:104F8000FFFFFFFFFFFFFFFFFFFFFFFFFFFFFFFF31
:104F9000FFFFFFFFFFFFFFFFFFFFFFFFFFFFFFFF21
:104FA000FFFFFFFFFFFFFFFFFFFFFFFFFFFFFFFF11
:104FB000FFFFFFFFFFFFFFFFFFFFFFFFFFFFFFFF01
:104FC000FFFFFFFFFFFFFFFFFFFFFFFFFFFFFFFFF1
:104FD000FFFFFFFFFFFFFFFFFFFFFFFFFFFFFFFFE1
:104FE000FFFFFFFFFFFFFFFFFFFFFFFFFFFFFFFFD1
:104FF000FFFFFFFFFFFFFFFFFFFFFFFFFFFFFFFFC1
:10500000FFFFFFFFFFFFFFFFFFFFFFFFFFFFFFFFB0
:10501000FFFFFFFFFFFFFFFFFFFFFFFFFFFFFFFFA0
:10502000FFFFFFFFFFFFFFFFFFFFFFFFFFFFFFFF90
:10503000FFFFFFFFFFFFFFFFFFFFFFFFFFFFFFFF80
:10504000FFFFFFFFFFFFFFFFFFFFFFFFFFFFFFFF70
:10505000FFFFFFFFFFFFFFFFFFFFFFFFFFFFFFFF60
:10506000FFFFFFFFFFFFFFFFFFFFFFFFFFFFFFFF50
:10507000FFFFFFFFFFFFFFFFFFFFFFFFFFFFFFFF40
:10508000FFFFFFFFFFFFFFFFFFFFFFFFFFFFFFFF30
:10509000FFFFFFFFFFFFFFFFFFFFFFFFFFFFFFFF20
:1050A000FFFFFFFFFFFFFFFFFFFFFFFFFFFFFFFF10
:1050B000FFFFFFFFFFFFFFFFFFFFFFFFFFFFFFFF00
:1050C000FFFFFFFFFFFFFFFFFFFFFFFFFFFFFFFFF0
:1050D000FFFFFFFFFFFFFFFFFFFFFFFFFFFFFFFFE0
:1050E000FFFFFFFFFFFFFFFFFFFFFFFFFFFFFFFFD0
:1050F000FFFFFFFFFFFFFFFFFFFFFFFFFFFFFFFFC0
:10510000FFFFFFFFFFFFFFFFFFFFFFFFFFFFFFFFAF
:10511000FFFFFFFFFFFFFFFFFFFFFFFFFFFFFFFF9F
:10512000FFFFFFFFFFFFFFFFFFFFFFFFFFFFFFFF8F
:10513000FFFFFFFFFFFFFFFFFFFFFFFFFFFFFFFF7F
:10514000FFFFFFFFFFFFFFFFFFFFFFFFFFFFFFFF6F
:10515000FFFFFFFFFFFFFFFFFFFFFFFFFFFFFFFF5F
:10516000FFFFFFFFFFFFFFFFFFFFFFFFFFFFFFFF4F
:10517000FFFFFFFFFFFFFFFFFFFFFFFFFFFFFFFF3F
:10518000FFFFFFFFFFFFFFFFFFFFFFFFFFFFFFFF2F
:10519000FFFFFFFFFFFFFFFFFFFFFFFFFFFFFFFF1F
:1051A000FFFFFFFFFFFFFFFFFFFFFFFFFFFFFFFF0F
:1051B000FFFFFFFFFFFFFFFFFFFFFFFFFFFFFFFFFF
:1051C000FFFFFFFFFFFFFFFFFFFFFFFFFFFFFFFFEF
:1051D000FFFFFFFFFFFFFFFFFFFFFFFFFFFFFFFFDF
:1051E000FFFFFFFFFFFFFFFFFFFFFFFFFFFFFFFFCF
:1051F000FFFFFFFFFFFFFFFFFFFFFFFFFFFFFFFFBF
:10520000FFFFFFFFFFFFFFFFFFFFFFFFFFFFFFFFAE
:10521000FFFFFFFFFFFFFFFFFFFFFFFFFFFFFFFF9E
:10522000FFFFFFFFFFFFFFFFFFFFFFFFFFFFFFFF8E
:10523000FFFFFFFFFFFFFFFFFFFFFFFFFFFFFFFF7E
:10524000FFFFFFFFFFFFFFFFFFFFFFFFFFFFFFFF6E
:10525000FFFFFFFFFFFFFFFFFFFFFFFFFFFFFFFF5E
:10526000FFFFFFFFFFFFFFFFFFFFFFFFFFFFFFFF4E
:10527000FFFFFFFFFFFFFFFFFFFFFFFFFFFFFFFF3E
:10528000FFFFFFFFFFFFFFFFFFFFFFFFFFFFFFFF2E
:10529000FFFFFFFFFFFFFFFFFFFFFFFFFFFFFFFF1E
:1052A000FFFFFFFFFFFFFFFFFFFFFFFFFFFFFFFF0E
:1052B000FFFFFFFFFFFFFFFFFFFFFFFFFFFFFFFFFE
:1052C000FFFFFFFFFFFFFFFFFFFFFFFFFFFFFFFFEE
:1052D000FFFFFFFFFFFFFFFFFFFFFFFFFFFFFFFFDE
:1052E000FFFFFFFFFFFFFFFFFFFFFFFFFFFFFFFFCE
:1052F000FFFFFFFFFFFFFFFFFFFFFFFFFFFFFFFFBE
:10530000FFFFFFFFFFFFFFFFFFFFFFFFFFFFFFFFAD
:10531000FFFFFFFFFFFFFFFFFFFFFFFFFFFFFFFF9D
:10532000FFFFFFFFFFFFFFFFFFFFFFFFFFFFFFFF8D
:10533000FFFFFFFFFFFFFFFFFFFFFFFFFFFFFFFF7D
:10534000FFFFFFFFFFFFFFFFFFFFFFFFFFFFFFFF6D
:10535000FFFFFFFFFFFFFFFFFFFFFFFFFFFFFFFF5D
:10536000FFFFFFFFFFFFFFFFFFFFFFFFFFFFFFFF4D
:10537000FFFFFFFFFFFFFFFFFFFFFFFFFFFFFFFF3D
:10538000FFFFFFFFFFFFFFFFFFFFFFFFFFFFFFFF2D
:10539000FFFFFFFFFFFFFFFFFFFFFFFFFFFFFFFF1D
:1053A000FFFFFFFFFFFFFFFFFFFFFFFFFFFFFFFF0D
:1053B000FFFFFFFFFFFFFFFFFFFFFFFFFFFFFFFFFD
:1053C000FFFFFFFFFFFFFFFFFFFFFFFFFFFFFFFFED
:1053D000FFFFFFFFFFFFFFFFFFFFFFFFFFFFFFFFDD
:1053E000FFFFFFFFFFFFFFFFFFFFFFFFFFFFFFFFCD
:1053F000FFFFFFFFFFFFFFFFFFFFFFFFFFFFFFFFBD
:10540000FFFFFFFFFFFFFFFFFFFFFFFFFFFFFFFFAC
:10541000FFFFFFFFFFFFFFFFFFFFFFFFFFFFFFFF9C
:10542000FFFFFFFFFFFFFFFFFFFFFFFFFFFFFFFF8C
:10543000FFFFFFFFFFFFFFFFFFFFFFFFFFFFFFFF7C
:10544000FFFFFFFFFFFFFFFFFFFFFFFFFFFFFFFF6C
:10545000FFFFFFFFFFFFFFFFFFFFFFFFFFFFFFFF5C
:10546000FFFFFFFFFFFFFFFFFFFFFFFFFFFFFFFF4C
:10547000FFFFFFFFFFFFFFFFFFFFFFFFFFFFFFFF3C
:10548000FFFFFFFFFFFFFFFFFFFFFFFFFFFFFFFF2C
:10549000FFFFFFFFFFFFFFFFFFFFFFFFFFFFFFFF1C
:1054A000FFFFFFFFFFFFFFFFFFFFFFFFFFFFFFFF0C
:1054B000FFFFFFFFFFFFFFFFFFFFFFFFFFFFFFFFFC
:1054C000FFFFFFFFFFFFFFFFFFFFFFFFFFFFFFFFEC
:1054D000FFFFFFFFFFFFFFFFFFFFFFFFFFFFFFFFDC
:1054E000FFFFFFFFFFFFFFFFFFFFFFFFFFFFFFFFCC
:1054F000FFFFFFFFFFFFFFFFFFFFFFFFFFFFFFFFBC
:10550000FFFFFFFFFFFFFFFFFFFFFFFFFFFFFFFFAB
:10551000FFFFFFFFFFFFFFFFFFFFFFFFFFFFFFFF9B
:10552000FFFFFFFFFFFFFFFFFFFFFFFFFFFFFFFF8B
:10553000FFFFFFFFFFFFFFFFFFFFFFFFFFFFFFFF7B
:10554000FFFFFFFFFFFFFFFFFFFFFFFFFFFFFFFF6B
:10555000FFFFFFFFFFFFFFFFFFFFFFFFFFFFFFFF5B
:10556000FFFFFFFFFFFFFFFFFFFFFFFFFFFFFFFF4B
:10557000FFFFFFFFFFFFFFFFFFFFFFFFFFFFFFFF3B
:10558000FFFFFFFFFFFFFFFFFFFFFFFFFFFFFFFF2B
:10559000FFFFFFFFFFFFFFFFFFFFFFFFFFFFFFFF1B
:1055A000FFFFFFFFFFFFFFFFFFFFFFFFFFFFFFFF0B
:1055B000FFFFFFFFFFFFFFFFFFFFFFFFFFFFFFFFFB
:1055C000FFFFFFFFFFFFFFFFFFFFFFFFFFFFFFFFEB
:1055D000FFFFFFFFFFFFFFFFFFFFFFFFFFFFFFFFDB
:1055E000FFFFFFFFFFFFFFFFFFFFFFFFFFFFFFFFCB
:1055F000FFFFFFFFFFFFFFFFFFFFFFFFFFFFFFFFBB
:10560000FFFFFFFFFFFFFFFFFFFFFFFFFFFFFFFFAA
:10561000FFFFFFFFFFFFFFFFFFFFFFFFFFFFFFFF9A
:10562000FFFFFFFFFFFFFFFFFFFFFFFFFFFFFFFF8A
:10563000FFFFFFFFFFFFFFFFFFFFFFFFFFFFFFFF7A
:10564000FFFFFFFFFFFFFFFFFFFFFFFFFFFFFFFF6A
:10565000FFFFFFFFFFFFFFFFFFFFFFFFFFFFFFFF5A
:10566000FFFFFFFFFFFFFFFFFFFFFFFFFFFFFFFF4A
:10567000FFFFFFFFFFFFFFFFFFFFFFFFFFFFFFFF3A
:10568000FFFFFFFFFFFFFFFFFFFFFFFFFFFFFFFF2A
:10569000FFFFFFFFFFFFFFFFFFFFFFFFFFFFFFFF1A
:1056A000FFFFFFFFFFFFFFFFFFFFFFFFFFFFFFFF0A
:1056B000FFFFFFFFFFFFFFFFFFFFFFFFFFFFFFFFFA
:1056C000FFFFFFFFFFFFFFFFFFFFFFFFFFFFFFFFEA
:1056D000FFFFFFFFFFFFFFFFFFFFFFFFFFFFFFFFDA
:1056E000FFFFFFFFFFFFFFFFFFFFFFFFFFFFFFFFCA
:1056F000FFFFFFFFFFFFFFFFFFFFFFFFFFFFFFFFBA
:10570000FFFFFFFFFFFFFFFFFFFFFFFFFFFFFFFFA9
:10571000FFFFFFFFFFFFFFFFFFFFFFFFFFFFFFFF99
:10572000FFFFFFFFFFFFFFFFFFFFFFFFFFFFFFFF89
:10573000FFFFFFFFFFFFFFFFFFFFFFFFFFFFFFFF79
:10574000FFFFFFFFFFFFFFFFFFFFFFFFFFFFFFFF69
:10575000FFFFFFFFFFFFFFFFFFFFFFFFFFFFFFFF59
:10576000FFFFFFFFFFFFFFFFFFFFFFFFFFFFFFFF49
:10577000FFFFFFFFFFFFFFFFFFFFFFFFFFFFFFFF39
:10578000FFFFFFFFFFFFFFFFFFFFFFFFFFFFFFFF29
:10579000FFFFFFFFFFFFFFFFFFFFFFFFFFFFFFFF19
:1057A000FFFFFFFFFFFFFFFFFFFFFFFFFFFFFFFF09
:1057B000FFFFFFFFFFFFFFFFFFFFFFFFFFFFFFFFF9
:1057C000FFFFFFFFFFFFFFFFFFFFFFFFFFFFFFFFE9
:1057D000FFFFFFFFFFFFFFFFFFFFFFFFFFFFFFFFD9
:1057E000FFFFFFFFFFFFFFFFFFFFFFFFFFFFFFFFC9
:1057F000FFFFFFFFFFFFFFFFFFFFFFFFFFFFFFFFB9
:10580000FFFFFFFFFFFFFFFFFFFFFFFFFFFFFFFFA8
:10581000FFFFFFFFFFFFFFFFFFFFFFFFFFFFFFFF98
:10582000FFFFFFFFFFFFFFFFFFFFFFFFFFFFFFFF88
:10583000FFFFFFFFFFFFFFFFFFFFFFFFFFFFFFFF78
:10584000FFFFFFFFFFFFFFFFFFFFFFFFFFFFFFFF68
:10585000FFFFFFFFFFFFFFFFFFFFFFFFFFFFFFFF58
:10586000FFFFFFFFFFFFFFFFFFFFFFFFFFFFFFFF48
:10587000FFFFFFFFFFFFFFFFFFFFFFFFFFFFFFFF38
:10588000FFFFFFFFFFFFFFFFFFFFFFFFFFFFFFFF28
:10589000FFFFFFFFFFFFFFFFFFFFFFFFFFFFFFFF18
:1058A000FFFFFFFFFFFFFFFFFFFFFFFFFFFFFFFF08
:1058B000FFFFFFFFFFFFFFFFFFFFFFFFFFFFFFFFF8
:1058C000FFFFFFFFFFFFFFFFFFFFFFFFFFFFFFFFE8
:1058D000FFFFFFFFFFFFFFFFFFFFFFFFFFFFFFFFD8
:1058E000FFFFFFFFFFFFFFFFFFFFFFFFFFFFFFFFC8
:1058F000FFFFFFFFFFFFFFFFFFFFFFFFFFFFFFFFB8
:10590000FFFFFFFFFFFFFFFFFFFFFFFFFFFFFFFFA7
:10591000FFFFFFFFFFFFFFFFFFFFFFFFFFFFFFFF97
:10592000FFFFFFFFFFFFFFFFFFFFFFFFFFFFFFFF87
:10593000FFFFFFFFFFFFFFFFFFFFFFFFFFFFFFFF77
:10594000FFFFFFFFFFFFFFFFFFFFFFFFFFFFFFFF67
:10595000FFFFFFFFFFFFFFFFFFFFFFFFFFFFFFFF57
:10596000FFFFFFFFFFFFFFFFFFFFFFFFFFFFFFFF47
:10597000FFFFFFFFFFFFFFFFFFFFFFFFFFFFFFFF37
:10598000FFFFFFFFFFFFFFFFFFFFFFFFFFFFFFFF27
:10599000FFFFFFFFFFFFFFFFFFFFFFFFFFFFFFFF17
:1059A000FFFFFFFFFFFFFFFFFFFFFFFFFFFFFFFF07
:1059B000FFFFFFFFFFFFFFFFFFFFFFFFFFFFFFFFF7
:1059C000FFFFFFFFFFFFFFFFFFFFFFFFFFFFFFFFE7
:1059D000FFFFFFFFFFFFFFFFFFFFFFFFFFFFFFFFD7
:1059E000FFFFFFFFFFFFFFFFFFFFFFFFFFFFFFFFC7
:1059F000FFFFFFFFFFFFFFFFFFFFFFFFFFFFFFFFB7
:105A0000FFFFFFFFFFFFFFFFFFFFFFFFFFFFFFFFA6
:105A1000FFFFFFFFFFFFFFFFFFFFFFFFFFFFFFFF96
:105A2000FFFFFFFFFFFFFFFFFFFFFFFFFFFFFFFF86
:105A3000FFFFFFFFFFFFFFFFFFFFFFFFFFFFFFFF76
:105A4000FFFFFFFFFFFFFFFFFFFFFFFFFFFFFFFF66
:105A5000FFFFFFFFFFFFFFFFFFFFFFFFFFFFFFFF56
:105A6000FFFFFFFFFFFFFFFFFFFFFFFFFFFFFFFF46
:105A7000FFFFFFFFFFFFFFFFFFFFFFFFFFFFFFFF36
:105A8000FFFFFFFFFFFFFFFFFFFFFFFFFFFFFFFF26
:105A9000FFFFFFFFFFFFFFFFFFFFFFFFFFFFFFFF16
:105AA000FFFFFFFFFFFFFFFFFFFFFFFFFFFFFFFF06
:105AB000FFFFFFFFFFFFFFFFFFFFFFFFFFFFFFFFF6
:105AC000FFFFFFFFFFFFFFFFFFFFFFFFFFFFFFFFE6
:105AD000FFFFFFFFFFFFFFFFFFFFFFFFFFFFFFFFD6
:105AE000FFFFFFFFFFFFFFFFFFFFFFFFFFFFFFFFC6
:105AF000FFFFFFFFFFFFFFFFFFFFFFFFFFFFFFFFB6
:105B0000FFFFFFFFFFFFFFFFFFFFFFFFFFFFFFFFA5
:105B1000FFFFFFFFFFFFFFFFFFFFFFFFFFFFFFFF95
:105B2000FFFFFFFFFFFFFFFFFFFFFFFFFFFFFFFF85
:105B3000FFFFFFFFFFFFFFFFFFFFFFFFFFFFFFFF75
:105B4000FFFFFFFFFFFFFFFFFFFFFFFFFFFFFFFF65
:105B5000FFFFFFFFFFFFFFFFFFFFFFFFFFFFFFFF55
:105B6000FFFFFFFFFFFFFFFFFFFFFFFFFFFFFFFF45
:105B7000FFFFFFFFFFFFFFFFFFFFFFFFFFFFFFFF35
:105B8000FFFFFFFFFFFFFFFFFFFFFFFFFFFFFFFF25
:105B9000FFFFFFFFFFFFFFFFFFFFFFFFFFFFFFFF15
:105BA000FFFFFFFFFFFFFFFFFFFFFFFFFFFFFFFF05
:105BB000FFFFFFFFFFFFFFFFFFFFFFFFFFFFFFFFF5
:105BC000FFFFFFFFFFFFFFFFFFFFFFFFFFFFFFFFE5
:105BD000FFFFFFFFFFFFFFFFFFFFFFFFFFFFFFFFD5
:105BE000FFFFFFFFFFFFFFFFFFFFFFFFFFFFFFFFC5
:105BF000FFFFFFFFFFFFFFFFFFFFFFFFFFFFFFFFB5
:105C0000FFFFFFFFFFFFFFFFFFFFFFFFFFFFFFFFA4
:105C1000FFFFFFFFFFFFFFFFFFFFFFFFFFFFFFFF94
:105C2000FFFFFFFFFFFFFFFFFFFFFFFFFFFFFFFF84
:105C3000FFFFFFFFFFFFFFFFFFFFFFFFFFFFFFFF74
:105C4000FFFFFFFFFFFFFFFFFFFFFFFFFFFFFFFF64
:105C5000FFFFFFFFFFFFFFFFFFFFFFFFFFFFFFFF54
:105C6000FFFFFFFFFFFFFFFFFFFFFFFFFFFFFFFF44
:105C7000FFFFFFFFFFFFFFFFFFFFFFFFFFFFFFFF34
:105C8000FFFFFFFFFFFFFFFFFFFFFFFFFFFFFFFF24
:105C9000FFFFFFFFFFFFFFFFFFFFFFFFFFFFFFFF14
:105CA000FFFFFFFFFFFFFFFFFFFFFFFFFFFFFFFF04
:105CB000FFFFFFFFFFFFFFFFFFFFFFFFFFFFFFFFF4
:105CC000FFFFFFFFFFFFFFFFFFFFFFFFFFFFFFFFE4
:105CD000FFFFFFFFFFFFFFFFFFFFFFFFFFFFFFFFD4
:105CE000FFFFFFFFFFFFFFFFFFFFFFFFFFFFFFFFC4
:105CF000FFFFFFFFFFFFFFFFFFFFFFFFFFFFFFFFB4
:105D0000FFFFFFFFFFFFFFFFFFFFFFFFFFFFFFFFA3
:105D1000FFFFFFFFFFFFFFFFFFFFFFFFFFFFFFFF93
:105D2000FFFFFFFFFFFFFFFFFFFFFFFFFFFFFFFF83
:105D3000FFFFFFFFFFFFFFFFFFFFFFFFFFFFFFFF73
:105D4000FFFFFFFFFFFFFFFFFFFFFFFFFFFFFFFF63
:105D5000FFFFFFFFFFFFFFFFFFFFFFFFFFFFFFFF53
:105D6000FFFFFFFFFFFFFFFFFFFFFFFFFFFFFFFF43
:105D7000FFFFFFFFFFFFFFFFFFFFFFFFFFFFFFFF33
:105D8000FFFFFFFFFFFFFFFFFFFFFFFFFFFFFFFF23
:105D9000FFFFFFFFFFFFFFFFFFFFFFFFFFFFFFFF13
:105DA000FFFFFFFFFFFFFFFFFFFFFFFFFFFFFFFF03
:105DB000FFFFFFFFFFFFFFFFFFFFFFFFFFFFFFFFF3
:105DC000FFFFFFFFFFFFFFFFFFFFFFFFFFFFFFFFE3
:105DD000FFFFFFFFFFFFFFFFFFFFFFFFFFFFFFFFD3
:105DE000FFFFFFFFFFFFFFFFFFFFFFFFFFFFFFFFC3
:105DF000FFFFFFFFFFFFFFFFFFFFFFFFFFFFFFFFB3
:105E0000FFFFFFFFFFFFFFFFFFFFFFFFFFFFFFFFA2
:105E1000FFFFFFFFFFFFFFFFFFFFFFFFFFFFFFFF92
:105E2000FFFFFFFFFFFFFFFFFFFFFFFFFFFFFFFF82
:105E3000FFFFFFFFFFFFFFFFFFFFFFFFFFFFFFFF72
:105E4000FFFFFFFFFFFFFFFFFFFFFFFFFFFFFFFF62
:105E5000FFFFFFFFFFFFFFFFFFFFFFFFFFFFFFFF52
:105E6000FFFFFFFFFFFFFFFFFFFFFFFFFFFFFFFF42
:105E7000FFFFFFFFFFFFFFFFFFFFFFFFFFFFFFFF32
:105E8000FFFFFFFFFFFFFFFFFFFFFFFFFFFFFFFF22
:105E9000FFFFFFFFFFFFFFFFFFFFFFFFFFFFFFFF12
:105EA000FFFFFFFFFFFFFFFFFFFFFFFFFFFFFFFF02
:105EB000FFFFFFFFFFFFFFFFFFFFFFFFFFFFFFFFF2
:105EC000FFFFFFFFFFFFFFFFFFFFFFFFFFFFFFFFE2
:105ED000FFFFFFFFFFFFFFFFFFFFFFFFFFFFFFFFD2
:105EE000FFFFFFFFFFFFFFFFFFFFFFFFFFFFFFFFC2
:105EF000FFFFFFFFFFFFFFFFFFFFFFFFFFFFFFFFB2
:105F0000FFFFFFFFFFFFFFFFFFFFFFFFFFFFFFFFA1
:105F1000FFFFFFFFFFFFFFFFFFFFFFFFFFFFFFFF91
:105F2000FFFFFFFFFFFFFFFFFFFFFFFFFFFFFFFF81
:105F3000FFFFFFFFFFFFFFFFFFFFFFFFFFFFFFFF71
:105F4000FFFFFFFFFFFFFFFFFFFFFFFFFFFFFFFF61
:105F5000FFFFFFFFFFFFFFFFFFFFFFFFFFFFFFFF51
:105F6000FFFFFFFFFFFFFFFFFFFFFFFFFFFFFFFF41
:105F7000FFFFFFFFFFFFFFFFFFFFFFFFFFFFFFFF31
:105F8000FFFFFFFFFFFFFFFFFFFFFFFFFFFFFFFF21
:105F9000FFFFFFFFFFFFFFFFFFFFFFFFFFFFFFFF11
:105FA000FFFFFFFFFFFFFFFFFFFFFFFFFFFFFFFF01
:105FB000FFFFFFFFFFFFFFFFFFFFFFFFFFFFFFFFF1
:105FC000FFFFFFFFFFFFFFFFFFFFFFFFFFFFFFFFE1
:105FD000FFFFFFFFFFFFFFFFFFFFFFFFFFFFFFFFD1
:105FE000FFFFFFFFFFFFFFFFFFFFFFFFFFFFFFFFC1
:105FF000FFFFFFFFFFFFFFFFFFFFFFFFFFFFFFFFB1
:10600000FFFFFFFFFFFFFFFFFFFFFFFFFFFFFFFFA0
:10601000FFFFFFFFFFFFFFFFFFFFFFFFFFFFFFFF90
:10602000FFFFFFFFFFFFFFFFFFFFFFFFFFFFFFFF80
:10603000FFFFFFFFFFFFFFFFFFFFFFFFFFFFFFFF70
:10604000FFFFFFFFFFFFFFFFFFFFFFFFFFFFFFFF60
:10605000FFFFFFFFFFFFFFFFFFFFFFFFFFFFFFFF50
:10606000FFFFFFFFFFFFFFFFFFFFFFFFFFFFFFFF40
:10607000FFFFFFFFFFFFFFFFFFFFFFFFFFFFFFFF30
:10608000FFFFFFFFFFFFFFFFFFFFFFFFFFFFFFFF20
:10609000FFFFFFFFFFFFFFFFFFFFFFFFFFFFFFFF10
:1060A000FFFFFFFFFFFFFFFFFFFFFFFFFFFFFFFF00
:1060B000FFFFFFFFFFFFFFFFFFFFFFFFFFFFFFFFF0
:1060C000FFFFFFFFFFFFFFFFFFFFFFFFFFFFFFFFE0
:1060D000FFFFFFFFFFFFFFFFFFFFFFFFFFFFFFFFD0
:1060E000FFFFFFFFFFFFFFFFFFFFFFFFFFFFFFFFC0
:1060F000FFFFFFFFFFFFFFFFFFFFFFFFFFFFFFFFB0
:10610000FFFFFFFFFFFFFFFFFFFFFFFFFFFFFFFF9F
:10611000FFFFFFFFFFFFFFFFFFFFFFFFFFFFFFFF8F
:10612000FFFFFFFFFFFFFFFFFFFFFFFFFFFFFFFF7F
:10613000FFFFFFFFFFFFFFFFFFFFFFFFFFFFFFFF6F
:10614000FFFFFFFFFFFFFFFFFFFFFFFFFFFFFFFF5F
:10615000FFFFFFFFFFFFFFFFFFFFFFFFFFFFFFFF4F
:10616000FFFFFFFFFFFFFFFFFFFFFFFFFFFFFFFF3F
:10617000FFFFFFFFFFFFFFFFFFFFFFFFFFFFFFFF2F
:10618000FFFFFFFFFFFFFFFFFFFFFFFFFFFFFFFF1F
:10619000FFFFFFFFFFFFFFFFFFFFFFFFFFFFFFFF0F
:1061A000FFFFFFFFFFFFFFFFFFFFFFFFFFFFFFFFFF
:1061B000FFFFFFFFFFFFFFFFFFFFFFFFFFFFFFFFEF
:1061C000FFFFFFFFFFFFFFFFFFFFFFFFFFFFFFFFDF
:1061D000FFFFFFFFFFFFFFFFFFFFFFFFFFFFFFFFCF
:1061E000FFFFFFFFFFFFFFFFFFFFFFFFFFFFFFFFBF
:1061F000FFFFFFFFFFFFFFFFFFFFFFFFFFFFFFFFAF
:10620000FFFFFFFFFFFFFFFFFFFFFFFFFFFFFFFF9E
:10621000FFFFFFFFFFFFFFFFFFFFFFFFFFFFFFFF8E
:10622000FFFFFFFFFFFFFFFFFFFFFFFFFFFFFFFF7E
:10623000FFFFFFFFFFFFFFFFFFFFFFFFFFFFFFFF6E
:10624000FFFFFFFFFFFFFFFFFFFFFFFFFFFFFFFF5E
:10625000FFFFFFFFFFFFFFFFFFFFFFFFFFFFFFFF4E
:10626000FFFFFFFFFFFFFFFFFFFFFFFFFFFFFFFF3E
:10627000FFFFFFFFFFFFFFFFFFFFFFFFFFFFFFFF2E
:10628000FFFFFFFFFFFFFFFFFFFFFFFFFFFFFFFF1E
:10629000FFFFFFFFFFFFFFFFFFFFFFFFFFFFFFFF0E
:1062A000FFFFFFFFFFFFFFFFFFFFFFFFFFFFFFFFFE
:1062B000FFFFFFFFFFFFFFFFFFFFFFFFFFFFFFFFEE
:1062C000FFFFFFFFFFFFFFFFFFFFFFFFFFFFFFFFDE
:1062D000FFFFFFFFFFFFFFFFFFFFFFFFFFFFFFFFCE
:1062E000FFFFFFFFFFFFFFFFFFFFFFFFFFFFFFFFBE
:1062F000FFFFFFFFFFFFFFFFFFFFFFFFFFFFFFFFAE
:10630000FFFFFFFFFFFFFFFFFFFFFFFFFFFFFFFF9D
:10631000FFFFFFFFFFFFFFFFFFFFFFFFFFFFFFFF8D
:10632000FFFFFFFFFFFFFFFFFFFFFFFFFFFFFFFF7D
:10633000FFFFFFFFFFFFFFFFFFFFFFFFFFFFFFFF6D
:10634000FFFFFFFFFFFFFFFFFFFFFFFFFFFFFFFF5D
:10635000FFFFFFFFFFFFFFFFFFFFFFFFFFFFFFFF4D
:10636000FFFFFFFFFFFFFFFFFFFFFFFFFFFFFFFF3D
:10637000FFFFFFFFFFFFFFFFFFFFFFFFFFFFFFFF2D
:10638000FFFFFFFFFFFFFFFFFFFFFFFFFFFFFFFF1D
:10639000FFFFFFFFFFFFFFFFFFFFFFFFFFFFFFFF0D
:1063A000FFFFFFFFFFFFFFFFFFFFFFFFFFFFFFFFFD
:1063B000FFFFFFFFFFFFFFFFFFFFFFFFFFFFFFFFED
:1063C000FFFFFFFFFFFFFFFFFFFFFFFFFFFFFFFFDD
:1063D000FFFFFFFFFFFFFFFFFFFFFFFFFFFFFFFFCD
:1063E000FFFFFFFFFFFFFFFFFFFFFFFFFFFFFFFFBD
:1063F000FFFFFFFFFFFFFFFFFFFFFFFFFFFFFFFFAD
:10640000FFFFFFFFFFFFFFFFFFFFFFFFFFFFFFFF9C
:10641000FFFFFFFFFFFFFFFFFFFFFFFFFFFFFFFF8C
:10642000FFFFFFFFFFFFFFFFFFFFFFFFFFFFFFFF7C
:10643000FFFFFFFFFFFFFFFFFFFFFFFFFFFFFFFF6C
:10644000FFFFFFFFFFFFFFFFFFFFFFFFFFFFFFFF5C
:10645000FFFFFFFFFFFFFFFFFFFFFFFFFFFFFFFF4C
:10646000FFFFFFFFFFFFFFFFFFFFFFFFFFFFFFFF3C
:10647000FFFFFFFFFFFFFFFFFFFFFFFFFFFFFFFF2C
:10648000FFFFFFFFFFFFFFFFFFFFFFFFFFFFFFFF1C
:10649000FFFFFFFFFFFFFFFFFFFFFFFFFFFFFFFF0C
:1064A000FFFFFFFFFFFFFFFFFFFFFFFFFFFFFFFFFC
:1064B000FFFFFFFFFFFFFFFFFFFFFFFFFFFFFFFFEC
:1064C000FFFFFFFFFFFFFFFFFFFFFFFFFFFFFFFFDC
:1064D000FFFFFFFFFFFFFFFFFFFFFFFFFFFFFFFFCC
:1064E000FFFFFFFFFFFFFFFFFFFFFFFFFFFFFFFFBC
:1064F000FFFFFFFFFFFFFFFFFFFFFFFFFFFFFFFFAC
:10650000FFFFFFFFFFFFFFFFFFFFFFFFFFFFFFFF9B
:10651000FFFFFFFFFFFFFFFFFFFFFFFFFFFFFFFF8B
:10652000FFFFFFFFFFFFFFFFFFFFFFFFFFFFFFFF7B
:10653000FFFFFFFFFFFFFFFFFFFFFFFFFFFFFFFF6B
:10654000FFFFFFFFFFFFFFFFFFFFFFFFFFFFFFFF5B
:10655000FFFFFFFFFFFFFFFFFFFFFFFFFFFFFFFF4B
:10656000FFFFFFFFFFFFFFFFFFFFFFFFFFFFFFFF3B
:10657000FFFFFFFFFFFFFFFFFFFFFFFFFFFFFFFF2B
:10658000FFFFFFFFFFFFFFFFFFFFFFFFFFFFFFFF1B
:10659000FFFFFFFFFFFFFFFFFFFFFFFFFFFFFFFF0B
:1065A000FFFFFFFFFFFFFFFFFFFFFFFFFFFFFFFFFB
:1065B000FFFFFFFFFFFFFFFFFFFFFFFFFFFFFFFFEB
:1065C000FFFFFFFFFFFFFFFFFFFFFFFFFFFFFFFFDB
:1065D000FFFFFFFFFFFFFFFFFFFFFFFFFFFFFFFFCB
:1065E000FFFFFFFFFFFFFFFFFFFFFFFFFFFFFFFFBB
:1065F000FFFFFFFFFFFFFFFFFFFFFFFFFFFFFFFFAB
:10660000FFFFFFFFFFFFFFFFFFFFFFFFFFFFFFFF9A
:10661000FFFFFFFFFFFFFFFFFFFFFFFFFFFFFFFF8A
:10662000FFFFFFFFFFFFFFFFFFFFFFFFFFFFFFFF7A
:10663000FFFFFFFFFFFFFFFFFFFFFFFFFFFFFFFF6A
:10664000FFFFFFFFFFFFFFFFFFFFFFFFFFFFFFFF5A
:10665000FFFFFFFFFFFFFFFFFFFFFFFFFFFFFFFF4A
:10666000FFFFFFFFFFFFFFFFFFFFFFFFFFFFFFFF3A
:10667000FFFFFFFFFFFFFFFFFFFFFFFFFFFFFFFF2A
:10668000FFFFFFFFFFFFFFFFFFFFFFFFFFFFFFFF1A
:10669000FFFFFFFFFFFFFFFFFFFFFFFFFFFFFFFF0A
:1066A000FFFFFFFFFFFFFFFFFFFFFFFFFFFFFFFFFA
:1066B000FFFFFFFFFFFFFFFFFFFFFFFFFFFFFFFFEA
:1066C000FFFFFFFFFFFFFFFFFFFFFFFFFFFFFFFFDA
:1066D000FFFFFFFFFFFFFFFFFFFFFFFFFFFFFFFFCA
:1066E000FFFFFFFFFFFFFFFFFFFFFFFFFFFFFFFFBA
:1066F000FFFFFFFFFFFFFFFFFFFFFFFFFFFFFFFFAA
:10670000FFFFFFFFFFFFFFFFFFFFFFFFFFFFFFFF99
:10671000FFFFFFFFFFFFFFFFFFFFFFFFFFFFFFFF89
:10672000FFFFFFFFFFFFFFFFFFFFFFFFFFFFFFFF79
:10673000FFFFFFFFFFFFFFFFFFFFFFFFFFFFFFFF69
:10674000FFFFFFFFFFFFFFFFFFFFFFFFFFFFFFFF59
:10675000FFFFFFFFFFFFFFFFFFFFFFFFFFFFFFFF49
:10676000FFFFFFFFFFFFFFFFFFFFFFFFFFFFFFFF39
:10677000FFFFFFFFFFFFFFFFFFFFFFFFFFFFFFFF29
:10678000FFFFFFFFFFFFFFFFFFFFFFFFFFFFFFFF19
:10679000FFFFFFFFFFFFFFFFFFFFFFFFFFFFFFFF09
:1067A000FFFFFFFFFFFFFFFFFFFFFFFFFFFFFFFFF9
:1067B000FFFFFFFFFFFFFFFFFFFFFFFFFFFFFFFFE9
:1067C000FFFFFFFFFFFFFFFFFFFFFFFFFFFFFFFFD9
:1067D000FFFFFFFFFFFFFFFFFFFFFFFFFFFFFFFFC9
:1067E000FFFFFFFFFFFFFFFFFFFFFFFFFFFFFFFFB9
:1067F000FFFFFFFFFFFFFFFFFFFFFFFFFFFFFFFFA9
:10680000FFFFFFFFFFFFFFFFFFFFFFFFFFFFFFFF98
:10681000FFFFFFFFFFFFFFFFFFFFFFFFFFFFFFFF88
:10682000FFFFFFFFFFFFFFFFFFFFFFFFFFFFFFFF78
:10683000FFFFFFFFFFFFFFFFFFFFFFFFFFFFFFFF68
:10684000FFFFFFFFFFFFFFFFFFFFFFFFFFFFFFFF58
:10685000FFFFFFFFFFFFFFFFFFFFFFFFFFFFFFFF48
:10686000FFFFFFFFFFFFFFFFFFFFFFFFFFFFFFFF38
:10687000FFFFFFFFFFFFFFFFFFFFFFFFFFFFFFFF28
:10688000FFFFFFFFFFFFFFFFFFFFFFFFFFFFFFFF18
:10689000FFFFFFFFFFFFFFFFFFFFFFFFFFFFFFFF08
:1068A000FFFFFFFFFFFFFFFFFFFFFFFFFFFFFFFFF8
:1068B000FFFFFFFFFFFFFFFFFFFFFFFFFFFFFFFFE8
:1068C000FFFFFFFFFFFFFFFFFFFFFFFFFFFFFFFFD8
:1068D000FFFFFFFFFFFFFFFFFFFFFFFFFFFFFFFFC8
:1068E000FFFFFFFFFFFFFFFFFFFFFFFFFFFFFFFFB8
:1068F000FFFFFFFFFFFFFFFFFFFFFFFFFFFFFFFFA8
:10690000FFFFFFFFFFFFFFFFFFFFFFFFFFFFFFFF97
:10691000FFFFFFFFFFFFFFFFFFFFFFFFFFFFFFFF87
:10692000FFFFFFFFFFFFFFFFFFFFFFFFFFFFFFFF77
:10693000FFFFFFFFFFFFFFFFFFFFFFFFFFFFFFFF67
:10694000FFFFFFFFFFFFFFFFFFFFFFFFFFFFFFFF57
:10695000FFFFFFFFFFFFFFFFFFFFFFFFFFFFFFFF47
:10696000FFFFFFFFFFFFFFFFFFFFFFFFFFFFFFFF37
:10697000FFFFFFFFFFFFFFFFFFFFFFFFFFFFFFFF27
:10698000FFFFFFFFFFFFFFFFFFFFFFFFFFFFFFFF17
:10699000FFFFFFFFFFFFFFFFFFFFFFFFFFFFFFFF07
:1069A000FFFFFFFFFFFFFFFFFFFFFFFFFFFFFFFFF7
:1069B000FFFFFFFFFFFFFFFFFFFFFFFFFFFFFFFFE7
:1069C000FFFFFFFFFFFFFFFFFFFFFFFFFFFFFFFFD7
:1069D000FFFFFFFFFFFFFFFFFFFFFFFFFFFFFFFFC7
:1069E000FFFFFFFFFFFFFFFFFFFFFFFFFFFFFFFFB7
:1069F000FFFFFFFFFFFFFFFFFFFFFFFFFFFFFFFFA7
:106A0000FFFFFFFFFFFFFFFFFFFFFFFFFFFFFFFF96
:106A1000FFFFFFFFFFFFFFFFFFFFFFFFFFFFFFFF86
:106A2000FFFFFFFFFFFFFFFFFFFFFFFFFFFFFFFF76
:106A3000FFFFFFFFFFFFFFFFFFFFFFFFFFFFFFFF66
:106A4000FFFFFFFFFFFFFFFFFFFFFFFFFFFFFFFF56
:106A5000FFFFFFFFFFFFFFFFFFFFFFFFFFFFFFFF46
:106A6000FFFFFFFFFFFFFFFFFFFFFFFFFFFFFFFF36
:106A7000FFFFFFFFFFFFFFFFFFFFFFFFFFFFFFFF26
:106A8000FFFFFFFFFFFFFFFFFFFFFFFFFFFFFFFF16
:106A9000FFFFFFFFFFFFFFFFFFFFFFFFFFFFFFFF06
:106AA000FFFFFFFFFFFFFFFFFFFFFFFFFFFFFFFFF6
:106AB000FFFFFFFFFFFFFFFFFFFFFFFFFFFFFFFFE6
:106AC000FFFFFFFFFFFFFFFFFFFFFFFFFFFFFFFFD6
:106AD000FFFFFFFFFFFFFFFFFFFFFFFFFFFFFFFFC6
:106AE000FFFFFFFFFFFFFFFFFFFFFFFFFFFFFFFFB6
:106AF000FFFFFFFFFFFFFFFFFFFFFFFFFFFFFFFFA6
:106B0000FFFFFFFFFFFFFFFFFFFFFFFFFFFFFFFF95
:106B1000FFFFFFFFFFFFFFFFFFFFFFFFFFFFFFFF85
:106B2000FFFFFFFFFFFFFFFFFFFFFFFFFFFFFFFF75
:106B3000FFFFFFFFFFFFFFFFFFFFFFFFFFFFFFFF65
:106B4000FFFFFFFFFFFFFFFFFFFFFFFFFFFFFFFF55
:106B5000FFFFFFFFFFFFFFFFFFFFFFFFFFFFFFFF45
:106B6000FFFFFFFFFFFFFFFFFFFFFFFFFFFFFFFF35
:106B7000FFFFFFFFFFFFFFFFFFFFFFFFFFFFFFFF25
:106B8000FFFFFFFFFFFFFFFFFFFFFFFFFFFFFFFF15
:106B9000FFFFFFFFFFFFFFFFFFFFFFFFFFFFFFFF05
:106BA000FFFFFFFFFFFFFFFFFFFFFFFFFFFFFFFFF5
:106BB000FFFFFFFFFFFFFFFFFFFFFFFFFFFFFFFFE5
:106BC000FFFFFFFFFFFFFFFFFFFFFFFFFFFFFFFFD5
:106BD000FFFFFFFFFFFFFFFFFFFFFFFFFFFFFFFFC5
:106BE000FFFFFFFFFFFFFFFFFFFFFFFFFFFFFFFFB5
:106BF000FFFFFFFFFFFFFFFFFFFFFFFFFFFFFFFFA5
:106C0000FFFFFFFFFFFFFFFFFFFFFFFFFFFFFFFF94
:106C1000FFFFFFFFFFFFFFFFFFFFFFFFFFFFFFFF84
:106C2000FFFFFFFFFFFFFFFFFFFFFFFFFFFFFFFF74
:106C3000FFFFFFFFFFFFFFFFFFFFFFFFFFFFFFFF64
:106C4000FFFFFFFFFFFFFFFFFFFFFFFFFFFFFFFF54
:106C5000FFFFFFFFFFFFFFFFFFFFFFFFFFFFFFFF44
:106C6000FFFFFFFFFFFFFFFFFFFFFFFFFFFFFFFF34
:106C7000FFFFFFFFFFFFFFFFFFFFFFFFFFFFFFFF24
:106C8000FFFFFFFFFFFFFFFFFFFFFFFFFFFFFFFF14
:106C9000FFFFFFFFFFFFFFFFFFFFFFFFFFFFFFFF04
:106CA000FFFFFFFFFFFFFFFFFFFFFFFFFFFFFFFFF4
:106CB000FFFFFFFFFFFFFFFFFFFFFFFFFFFFFFFFE4
:106CC000FFFFFFFFFFFFFFFFFFFFFFFFFFFFFFFFD4
:106CD000FFFFFFFFFFFFFFFFFFFFFFFFFFFFFFFFC4
:106CE000FFFFFFFFFFFFFFFFFFFFFFFFFFFFFFFFB4
:106CF000FFFFFFFFFFFFFFFFFFFFFFFFFFFFFFFFA4
:106D0000FFFFFFFFFFFFFFFFFFFFFFFFFFFFFFFF93
:106D1000FFFFFFFFFFFFFFFFFFFFFFFFFFFFFFFF83
:106D2000FFFFFFFFFFFFFFFFFFFFFFFFFFFFFFFF73
:106D3000FFFFFFFFFFFFFFFFFFFFFFFFFFFFFFFF63
:106D4000FFFFFFFFFFFFFFFFFFFFFFFFFFFFFFFF53
:106D5000FFFFFFFFFFFFFFFFFFFFFFFFFFFFFFFF43
:106D6000FFFFFFFFFFFFFFFFFFFFFFFFFFFFFFFF33
:106D7000FFFFFFFFFFFFFFFFFFFFFFFFFFFFFFFF23
:106D8000FFFFFFFFFFFFFFFFFFFFFFFFFFFFFFFF13
:106D9000FFFFFFFFFFFFFFFFFFFFFFFFFFFFFFFF03
:106DA000FFFFFFFFFFFFFFFFFFFFFFFFFFFFFFFFF3
:106DB000FFFFFFFFFFFFFFFFFFFFFFFFFFFFFFFFE3
:106DC000FFFFFFFFFFFFFFFFFFFFFFFFFFFFFFFFD3
:106DD000FFFFFFFFFFFFFFFFFFFFFFFFFFFFFFFFC3
:106DE000FFFFFFFFFFFFFFFFFFFFFFFFFFFFFFFFB3
:106DF000FFFFFFFFFFFFFFFFFFFFFFFFFFFFFFFFA3
:106E0000FFFFFFFFFFFFFFFFFFFFFFFFFFFFFFFF92
:106E1000FFFFFFFFFFFFFFFFFFFFFFFFFFFFFFFF82
:106E2000FFFFFFFFFFFFFFFFFFFFFFFFFFFFFFFF72
:106E3000FFFFFFFFFFFFFFFFFFFFFFFFFFFFFFFF62
:106E4000FFFFFFFFFFFFFFFFFFFFFFFFFFFFFFFF52
:106E5000FFFFFFFFFFFFFFFFFFFFFFFFFFFFFFFF42
:106E6000FFFFFFFFFFFFFFFFFFFFFFFFFFFFFFFF32
:106E7000FFFFFFFFFFFFFFFFFFFFFFFFFFFFFFFF22
:106E8000FFFFFFFFFFFFFFFFFFFFFFFFFFFFFFFF12
:106E9000FFFFFFFFFFFFFFFFFFFFFFFFFFFFFFFF02
:106EA000FFFFFFFFFFFFFFFFFFFFFFFFFFFFFFFFF2
:106EB000FFFFFFFFFFFFFFFFFFFFFFFFFFFFFFFFE2
:106EC000FFFFFFFFFFFFFFFFFFFFFFFFFFFFFFFFD2
:106ED000FFFFFFFFFFFFFFFFFFFFFFFFFFFFFFFFC2
:106EE000FFFFFFFFFFFFFFFFFFFFFFFFFFFFFFFFB2
:106EF000FFFFFFFFFFFFFFFFFFFFFFFFFFFFFFFFA2
:106F0000FFFFFFFFFFFFFFFFFFFFFFFFFFFFFFFF91
:106F1000FFFFFFFFFFFFFFFFFFFFFFFFFFFFFFFF81
:106F2000FFFFFFFFFFFFFFFFFFFFFFFFFFFFFFFF71
:106F3000FFFFFFFFFFFFFFFFFFFFFFFFFFFFFFFF61
:106F4000FFFFFFFFFFFFFFFFFFFFFFFFFFFFFFFF51
:106F5000FFFFFFFFFFFFFFFFFFFFFFFFFFFFFFFF41
:106F6000FFFFFFFFFFFFFFFFFFFFFFFFFFFFFFFF31
:106F7000FFFFFFFFFFFFFFFFFFFFFFFFFFFFFFFF21
:106F8000FFFFFFFFFFFFFFFFFFFFFFFFFFFFFFFF11
:106F9000FFFFFFFFFFFFFFFFFFFFFFFFFFFFFFFF01
:106FA000FFFFFFFFFFFFFFFFFFFFFFFFFFFFFFFFF1
:106FB000FFFFFFFFFFFFFFFFFFFFFFFFFFFFFFFFE1
:106FC000FFFFFFFFFFFFFFFFFFFFFFFFFFFFFFFFD1
:106FD000FFFFFFFFFFFFFFFFFFFFFFFFFFFFFFFFC1
:106FE000FFFFFFFFFFFFFFFFFFFFFFFFFFFFFFFFB1
:106FF000FFFFFFFFFFFFFFFFFFFFFFFFFFFFFFFFA1
:10700000FFFFFFFFFFFFFFFFFFFFFFFFFFFFFFFF90
:10701000FFFFFFFFFFFFFFFFFFFFFFFFFFFFFFFF80
:10702000FFFFFFFFFFFFFFFFFFFFFFFFFFFFFFFF70
:10703000FFFFFFFFFFFFFFFFFFFFFFFFFFFFFFFF60
:10704000FFFFFFFFFFFFFFFFFFFFFFFFFFFFFFFF50
:10705000FFFFFFFFFFFFFFFFFFFFFFFFFFFFFFFF40
:10706000FFFFFFFFFFFFFFFFFFFFFFFFFFFFFFFF30
:10707000FFFFFFFFFFFFFFFFFFFFFFFFFFFFFFFF20
:10708000FFFFFFFFFFFFFFFFFFFFFFFFFFFFFFFF10
:10709000FFFFFFFFFFFFFFFFFFFFFFFFFFFFFFFF00
:1070A000FFFFFFFFFFFFFFFFFFFFFFFFFFFFFFFFF0
:1070B000FFFFFFFFFFFFFFFFFFFFFFFFFFFFFFFFE0
:1070C000FFFFFFFFFFFFFFFFFFFFFFFFFFFFFFFFD0
:1070D000FFFFFFFFFFFFFFFFFFFFFFFFFFFFFFFFC0
:1070E000FFFFFFFFFFFFFFFFFFFFFFFFFFFFFFFFB0
:1070F000FFFFFFFFFFFFFFFFFFFFFFFFFFFFFFFFA0
:10710000FFFFFFFFFFFFFFFFFFFFFFFFFFFFFFFF8F
:10711000FFFFFFFFFFFFFFFFFFFFFFFFFFFFFFFF7F
:10712000FFFFFFFFFFFFFFFFFFFFFFFFFFFFFFFF6F
:10713000FFFFFFFFFFFFFFFFFFFFFFFFFFFFFFFF5F
:10714000FFFFFFFFFFFFFFFFFFFFFFFFFFFFFFFF4F
:10715000FFFFFFFFFFFFFFFFFFFFFFFFFFFFFFFF3F
:10716000FFFFFFFFFFFFFFFFFFFFFFFFFFFFFFFF2F
:10717000FFFFFFFFFFFFFFFFFFFFFFFFFFFFFFFF1F
:10718000FFFFFFFFFFFFFFFFFFFFFFFFFFFFFFFF0F
:10719000FFFFFFFFFFFFFFFFFFFFFFFFFFFFFFFFFF
:1071A000FFFFFFFFFFFFFFFFFFFFFFFFFFFFFFFFEF
:1071B000FFFFFFFFFFFFFFFFFFFFFFFFFFFFFFFFDF
:1071C000FFFFFFFFFFFFFFFFFFFFFFFFFFFFFFFFCF
:1071D000FFFFFFFFFFFFFFFFFFFFFFFFFFFFFFFFBF
:1071E000FFFFFFFFFFFFFFFFFFFFFFFFFFFFFFFFAF
:1071F000FFFFFFFFFFFFFFFFFFFFFFFFFFFFFFFF9F
:10720000FFFFFFFFFFFFFFFFFFFFFFFFFFFFFFFF8E
:10721000FFFFFFFFFFFFFFFFFFFFFFFFFFFFFFFF7E
:10722000FFFFFFFFFFFFFFFFFFFFFFFFFFFFFFFF6E
:10723000FFFFFFFFFFFFFFFFFFFFFFFFFFFFFFFF5E
:10724000FFFFFFFFFFFFFFFFFFFFFFFFFFFFFFFF4E
:10725000FFFFFFFFFFFFFFFFFFFFFFFFFFFFFFFF3E
:10726000FFFFFFFFFFFFFFFFFFFFFFFFFFFFFFFF2E
:10727000FFFFFFFFFFFFFFFFFFFFFFFFFFFFFFFF1E
:10728000FFFFFFFFFFFFFFFFFFFFFFFFFFFFFFFF0E
:10729000FFFFFFFFFFFFFFFFFFFFFFFFFFFFFFFFFE
:1072A000FFFFFFFFFFFFFFFFFFFFFFFFFFFFFFFFEE
:1072B000FFFFFFFFFFFFFFFFFFFFFFFFFFFFFFFFDE
:1072C000FFFFFFFFFFFFFFFFFFFFFFFFFFFFFFFFCE
:1072D000FFFFFFFFFFFFFFFFFFFFFFFFFFFFFFFFBE
:1072E000FFFFFFFFFFFFFFFFFFFFFFFFFFFFFFFFAE
:1072F000FFFFFFFFFFFFFFFFFFFFFFFFFFFFFFFF9E
:10730000FFFFFFFFFFFFFFFFFFFFFFFFFFFFFFFF8D
:10731000FFFFFFFFFFFFFFFFFFFFFFFFFFFFFFFF7D
:10732000FFFFFFFFFFFFFFFFFFFFFFFFFFFFFFFF6D
:10733000FFFFFFFFFFFFFFFFFFFFFFFFFFFFFFFF5D
:10734000FFFFFFFFFFFFFFFFFFFFFFFFFFFFFFFF4D
:10735000FFFFFFFFFFFFFFFFFFFFFFFFFFFFFFFF3D
:10736000FFFFFFFFFFFFFFFFFFFFFFFFFFFFFFFF2D
:10737000FFFFFFFFFFFFFFFFFFFFFFFFFFFFFFFF1D
:10738000FFFFFFFFFFFFFFFFFFFFFFFFFFFFFFFF0D
:10739000FFFFFFFFFFFFFFFFFFFFFFFFFFFFFFFFFD
:1073A000FFFFFFFFFFFFFFFFFFFFFFFFFFFFFFFFED
:1073B000FFFFFFFFFFFFFFFFFFFFFFFFFFFFFFFFDD
:1073C000FFFFFFFFFFFFFFFFFFFFFFFFFFFFFFFFCD
:1073D000FFFFFFFFFFFFFFFFFFFFFFFFFFFFFFFFBD
:1073E000FFFFFFFFFFFFFFFFFFFFFFFFFFFFFFFFAD
:1073F000FFFFFFFFFFFFFFFFFFFFFFFFFFFFFFFF9D
:10740000FFFFFFFFFFFFFFFFFFFFFFFFFFFFFFFF8C
:10741000FFFFFFFFFFFFFFFFFFFFFFFFFFFFFFFF7C
:10742000FFFFFFFFFFFFFFFFFFFFFFFFFFFFFFFF6C
:10743000FFFFFFFFFFFFFFFFFFFFFFFFFFFFFFFF5C
:10744000FFFFFFFFFFFFFFFFFFFFFFFFFFFFFFFF4C
:10745000FFFFFFFFFFFFFFFFFFFFFFFFFFFFFFFF3C
:10746000FFFFFFFFFFFFFFFFFFFFFFFFFFFFFFFF2C
:10747000FFFFFFFFFFFFFFFFFFFFFFFFFFFFFFFF1C
:10748000FFFFFFFFFFFFFFFFFFFFFFFFFFFFFFFF0C
:10749000FFFFFFFFFFFFFFFFFFFFFFFFFFFFFFFFFC
:1074A000FFFFFFFFFFFFFFFFFFFFFFFFFFFFFFFFEC
:1074B000FFFFFFFFFFFFFFFFFFFFFFFFFFFFFFFFDC
:1074C000FFFFFFFFFFFFFFFFFFFFFFFFFFFFFFFFCC
:1074D000FFFFFFFFFFFFFFFFFFFFFFFFFFFFFFFFBC
:1074E000FFFFFFFFFFFFFFFFFFFFFFFFFFFFFFFFAC
:1074F000FFFFFFFFFFFFFFFFFFFFFFFFFFFFFFFF9C
:10750000FFFFFFFFFFFFFFFFFFFFFFFFFFFFFFFF8B
:10751000FFFFFFFFFFFFFFFFFFFFFFFFFFFFFFFF7B
:10752000FFFFFFFFFFFFFFFFFFFFFFFFFFFFFFFF6B
:10753000FFFFFFFFFFFFFFFFFFFFFFFFFFFFFFFF5B
:10754000FFFFFFFFFFFFFFFFFFFFFFFFFFFFFFFF4B
:10755000FFFFFFFFFFFFFFFFFFFFFFFFFFFFFFFF3B
:10756000FFFFFFFFFFFFFFFFFFFFFFFFFFFFFFFF2B
:10757000FFFFFFFFFFFFFFFFFFFFFFFFFFFFFFFF1B
:10758000FFFFFFFFFFFFFFFFFFFFFFFFFFFFFFFF0B
:10759000FFFFFFFFFFFFFFFFFFFFFFFFFFFFFFFFFB
:1075A000FFFFFFFFFFFFFFFFFFFFFFFFFFFFFFFFEB
:1075B000FFFFFFFFFFFFFFFFFFFFFFFFFFFFFFFFDB
:1075C000FFFFFFFFFFFFFFFFFFFFFFFFFFFFFFFFCB
:1075D000FFFFFFFFFFFFFFFFFFFFFFFFFFFFFFFFBB
:1075E000FFFFFFFFFFFFFFFFFFFFFFFFFFFFFFFFAB
:1075F000FFFFFFFFFFFFFFFFFFFFFFFFFFFFFFFF9B
:10760000FFFFFFFFFFFFFFFFFFFFFFFFFFFFFFFF8A
:10761000FFFFFFFFFFFFFFFFFFFFFFFFFFFFFFFF7A
:10762000FFFFFFFFFFFFFFFFFFFFFFFFFFFFFFFF6A
:10763000FFFFFFFFFFFFFFFFFFFFFFFFFFFFFFFF5A
:10764000FFFFFFFFFFFFFFFFFFFFFFFFFFFFFFFF4A
:10765000FFFFFFFFFFFFFFFFFFFFFFFFFFFFFFFF3A
:10766000FFFFFFFFFFFFFFFFFFFFFFFFFFFFFFFF2A
:10767000FFFFFFFFFFFFFFFFFFFFFFFFFFFFFFFF1A
:10768000FFFFFFFFFFFFFFFFFFFFFFFFFFFFFFFF0A
:10769000FFFFFFFFFFFFFFFFFFFFFFFFFFFFFFFFFA
:1076A000FFFFFFFFFFFFFFFFFFFFFFFFFFFFFFFFEA
:1076B000FFFFFFFFFFFFFFFFFFFFFFFFFFFFFFFFDA
:1076C000FFFFFFFFFFFFFFFFFFFFFFFFFFFFFFFFCA
:1076D000FFFFFFFFFFFFFFFFFFFFFFFFFFFFFFFFBA
:1076E000FFFFFFFFFFFFFFFFFFFFFFFFFFFFFFFFAA
:1076F000FFFFFFFFFFFFFFFFFFFFFFFFFFFFFFFF9A
:10770000FFFFFFFFFFFFFFFFFFFFFFFFFFFFFFFF89
:10771000FFFFFFFFFFFFFFFFFFFFFFFFFFFFFFFF79
:10772000FFFFFFFFFFFFFFFFFFFFFFFFFFFFFFFF69
:10773000FFFFFFFFFFFFFFFFFFFFFFFFFFFFFFFF59
:10774000FFFFFFFFFFFFFFFFFFFFFFFFFFFFFFFF49
:10775000FFFFFFFFFFFFFFFFFFFFFFFFFFFFFFFF39
:10776000FFFFFFFFFFFFFFFFFFFFFFFFFFFFFFFF29
:10777000FFFFFFFFFFFFFFFFFFFFFFFFFFFFFFFF19
:10778000FFFFFFFFFFFFFFFFFFFFFFFFFFFFFFFF09
:10779000FFFFFFFFFFFFFFFFFFFFFFFFFFFFFFFFF9
:1077A000FFFFFFFFFFFFFFFFFFFFFFFFFFFFFFFFE9
:1077B000FFFFFFFFFFFFFFFFFFFFFFFFFFFFFFFFD9
:1077C000FFFFFFFFFFFFFFFFFFFFFFFFFFFFFFFFC9
:1077D000FFFFFFFFFFFFFFFFFFFFFFFFFFFFFFFFB9
:1077E000FFFFFFFFFFFFFFFFFFFFFFFFFFFFFFFFA9
:1077F000FFFFFFFFFFFFFFFFFFFFFFFFFFFFFFFF99
:10780000FFFFFFFFFFFFFFFFFFFFFFFFFFFFFFFF88
:10781000FFFFFFFFFFFFFFFFFFFFFFFFFFFFFFFF78
:10782000FFFFFFFFFFFFFFFFFFFFFFFFFFFFFFFF68
:10783000FFFFFFFFFFFFFFFFFFFFFFFFFFFFFFFF58
:10784000FFFFFFFFFFFFFFFFFFFFFFFFFFFFFFFF48
:10785000FFFFFFFFFFFFFFFFFFFFFFFFFFFFFFFF38
:10786000FFFFFFFFFFFFFFFFFFFFFFFFFFFFFFFF28
:10787000FFFFFFFFFFFFFFFFFFFFFFFFFFFFFFFF18
:10788000FFFFFFFFFFFFFFFFFFFFFFFFFFFFFFFF08
:10789000FFFFFFFFFFFFFFFFFFFFFFFFFFFFFFFFF8
:1078A000FFFFFFFFFFFFFFFFFFFFFFFFFFFFFFFFE8
:1078B000FFFFFFFFFFFFFFFFFFFFFFFFFFFFFFFFD8
:1078C000FFFFFFFFFFFFFFFFFFFFFFFFFFFFFFFFC8
:1078D000FFFFFFFFFFFFFFFFFFFFFFFFFFFFFFFFB8
:1078E000FFFFFFFFFFFFFFFFFFFFFFFFFFFFFFFFA8
:1078F000FFFFFFFFFFFFFFFFFFFFFFFFFFFFFFFF98
:10790000FFFFFFFFFFFFFFFFFFFFFFFFFFFFFFFF87
:10791000FFFFFFFFFFFFFFFFFFFFFFFFFFFFFFFF77
:10792000FFFFFFFFFFFFFFFFFFFFFFFFFFFFFFFF67
:10793000FFFFFFFFFFFFFFFFFFFFFFFFFFFFFFFF57
:10794000FFFFFFFFFFFFFFFFFFFFFFFFFFFFFFFF47
:10795000FFFFFFFFFFFFFFFFFFFFFFFFFFFFFFFF37
:10796000FFFFFFFFFFFFFFFFFFFFFFFFFFFFFFFF27
:10797000FFFFFFFFFFFFFFFFFFFFFFFFFFFFFFFF17
:10798000FFFFFFFFFFFFFFFFFFFFFFFFFFFFFFFF07
:10799000FFFFFFFFFFFFFFFFFFFFFFFFFFFFFFFFF7
:1079A000FFFFFFFFFFFFFFFFFFFFFFFFFFFFFFFFE7
:1079B000FFFFFFFFFFFFFFFFFFFFFFFFFFFFFFFFD7
:1079C000FFFFFFFFFFFFFFFFFFFFFFFFFFFFFFFFC7
:1079D000FFFFFFFFFFFFFFFFFFFFFFFFFFFFFFFFB7
:1079E000FFFFFFFFFFFFFFFFFFFFFFFFFFFFFFFFA7
:1079F000FFFFFFFFFFFFFFFFFFFFFFFFFFFFFFFF97
:107A0000FFFFFFFFFFFFFFFFFFFFFFFFFFFFFFFF86
:107A1000FFFFFFFFFFFFFFFFFFFFFFFFFFFFFFFF76
:107A2000FFFFFFFFFFFFFFFFFFFFFFFFFFFFFFFF66
:107A3000FFFFFFFFFFFFFFFFFFFFFFFFFFFFFFFF56
:107A4000FFFFFFFFFFFFFFFFFFFFFFFFFFFFFFFF46
:107A5000FFFFFFFFFFFFFFFFFFFFFFFFFFFFFFFF36
:107A6000FFFFFFFFFFFFFFFFFFFFFFFFFFFFFFFF26
:107A7000FFFFFFFFFFFFFFFFFFFFFFFFFFFFFFFF16
:107A8000FFFFFFFFFFFFFFFFFFFFFFFFFFFFFFFF06
:107A9000FFFFFFFFFFFFFFFFFFFFFFFFFFFFFFFFF6
:107AA000FFFFFFFFFFFFFFFFFFFFFFFFFFFFFFFFE6
:107AB000FFFFFFFFFFFFFFFFFFFFFFFFFFFFFFFFD6
:107AC000FFFFFFFFFFFFFFFFFFFFFFFFFFFFFFFFC6
:107AD000FFFFFFFFFFFFFFFFFFFFFFFFFFFFFFFFB6
:107AE000FFFFFFFFFFFFFFFFFFFFFFFFFFFFFFFFA6
:107AF000FFFFFFFFFFFFFFFFFFFFFFFFFFFFFFFF96
:107B0000FFFFFFFFFFFFFFFFFFFFFFFFFFFFFFFF85
:107B1000FFFFFFFFFFFFFFFFFFFFFFFFFFFFFFFF75
:107B2000FFFFFFFFFFFFFFFFFFFFFFFFFFFFFFFF65
:107B3000FFFFFFFFFFFFFFFFFFFFFFFFFFFFFFFF55
:107B4000FFFFFFFFFFFFFFFFFFFFFFFFFFFFFFFF45
:107B5000FFFFFFFFFFFFFFFFFFFFFFFFFFFFFFFF35
:107B6000FFFFFFFFFFFFFFFFFFFFFFFFFFFFFFFF25
:107B7000FFFFFFFFFFFFFFFFFFFFFFFFFFFFFFFF15
:107B8000FFFFFFFFFFFFFFFFFFFFFFFFFFFFFFFF05
:107B9000FFFFFFFFFFFFFFFFFFFFFFFFFFFFFFFFF5
:107BA000FFFFFFFFFFFFFFFFFFFFFFFFFFFFFFFFE5
:107BB000FFFFFFFFFFFFFFFFFFFFFFFFFFFFFFFFD5
:107BC000FFFFFFFFFFFFFFFFFFFFFFFFFFFFFFFFC5
:107BD000FFFFFFFFFFFFFFFFFFFFFFFFFFFFFFFFB5
:107BE000FFFFFFFFFFFFFFFFFFFFFFFFFFFFFFFFA5
:107BF000FFFFFFFFFFFFFFFFFFFFFFFFFFFFFFFF95
:107C0000FFFFFFFFFFFFFFFFFFFFFFFFFFFFFFFF84
:107C1000FFFFFFFFFFFFFFFFFFFFFFFFFFFFFFFF74
:107C2000FFFFFFFFFFFFFFFFFFFFFFFFFFFFFFFF64
:107C3000FFFFFFFFFFFFFFFFFFFFFFFFFFFFFFFF54
:107C4000FFFFFFFFFFFFFFFFFFFFFFFFFFFFFFFF44
:107C5000FFFFFFFFFFFFFFFFFFFFFFFFFFFFFFFF34
:107C6000FFFFFFFFFFFFFFFFFFFFFFFFFFFFFFFF24
:107C7000FFFFFFFFFFFFFFFFFFFFFFFFFFFFFFFF14
:107C8000FFFFFFFFFFFFFFFFFFFFFFFFFFFFFFFF04
:107C9000FFFFFFFFFFFFFFFFFFFFFFFFFFFFFFFFF4
:107CA000FFFFFFFFFFFFFFFFFFFFFFFFFFFFFFFFE4
:107CB000FFFFFFFFFFFFFFFFFFFFFFFFFFFFFFFFD4
:107CC000FFFFFFFFFFFFFFFFFFFFFFFFFFFFFFFFC4
:107CD000FFFFFFFFFFFFFFFFFFFFFFFFFFFFFFFFB4
:107CE000FFFFFFFFFFFFFFFFFFFFFFFFFFFFFFFFA4
:107CF000FFFFFFFFFFFFFFFFFFFFFFFFFFFFFFFF94
:107D0000FFFFFFFFFFFFFFFFFFFFFFFFFFFFFFFF83
:107D1000FFFFFFFFFFFFFFFFFFFFFFFFFFFFFFFF73
:107D2000FFFFFFFFFFFFFFFFFFFFFFFFFFFFFFFF63
:107D3000FFFFFFFFFFFFFFFFFFFFFFFFFFFFFFFF53
:107D4000FFFFFFFFFFFFFFFFFFFFFFFFFFFFFFFF43
:107D5000FFFFFFFFFFFFFFFFFFFFFFFFFFFFFFFF33
:107D6000FFFFFFFFFFFFFFFFFFFFFFFFFFFFFFFF23
:107D7000FFFFFFFFFFFFFFFFFFFFFFFFFFFFFFFF13
:107D8000FFFFFFFFFFFFFFFFFFFFFFFFFFFFFFFF03
:107D9000FFFFFFFFFFFFFFFFFFFFFFFFFFFFFFFFF3
:107DA000FFFFFFFFFFFFFFFFFFFFFFFFFFFFFFFFE3
:107DB000FFFFFFFFFFFFFFFFFFFFFFFFFFFFFFFFD3
:107DC000FFFFFFFFFFFFFFFFFFFFFFFFFFFFFFFFC3
:107DD000FFFFFFFFFFFFFFFFFFFFFFFFFFFFFFFFB3
:107DE000FFFFFFFFFFFFFFFFFFFFFFFFFFFFFFFFA3
:107DF000FFFFFFFFFFFFFFFFFFFFFFFFFFFFFFFF93
:107E0000FFFFFFFFFFFFFFFFFFFFFFFFFFFFFFFF82
:107E1000FFFFFFFFFFFFFFFFFFFFFFFFFFFFFFFF72
:107E2000FFFFFFFFFFFFFFFFFFFFFFFFFFFFFFFF62
:107E3000FFFFFFFFFFFFFFFFFFFFFFFFFFFFFFFF52
:107E4000FFFFFFFFFFFFFFFFFFFFFFFFFFFFFFFF42
:107E5000FFFFFFFFFFFFFFFFFFFFFFFFFFFFFFFF32
:107E6000FFFFFFFFFFFFFFFFFFFFFFFFFFFFFFFF22
:107E7000FFFFFFFFFFFFFFFFFFFFFFFFFFFFFFFF12
:107E8000FFFFFFFFFFFFFFFFFFFFFFFFFFFFFFFF02
:107E9000FFFFFFFFFFFFFFFFFFFFFFFFFFFFFFFFF2
:107EA000FFFFFFFFFFFFFFFFFFFFFFFFFFFFFFFFE2
:107EB000FFFFFFFFFFFFFFFFFFFFFFFFFFFFFFFFD2
:107EC000FFFFFFFFFFFFFFFFFFFFFFFFFFFFFFFFC2
:107ED000FFFFFFFFFFFFFFFFFFFFFFFFFFFFFFFFB2
:107EE000FFFFFFFFFFFFFFFFFFFFFFFFFFFFFFFFA2
:107EF000FFFFFFFFFFFFFFFFFFFFFFFFFFFFFFFF92
:107F0000FFFFFFFFFFFFFFFFFFFFFFFFFFFFFFFF81
:107F1000FFFFFFFFFFFFFFFFFFFFFFFFFFFFFFFF71
:107F2000FFFFFFFFFFFFFFFFFFFFFFFFFFFFFFFF61
:107F3000FFFFFFFFFFFFFFFFFFFFFFFFFFFFFFFF51
:107F4000FFFFFFFFFFFFFFFFFFFFFFFFFFFFFFFF41
:107F5000FFFFFFFFFFFFFFFFFFFFFFFFFFFFFFFF31
:107F6000FFFFFFFFFFFFFFFFFFFFFFFFFFFFFFFF21
:107F7000FFFFFFFFFFFFFFFFFFFFFFFFFFFFFFFF11
:107F8000FFFFFFFFFFFFFFFFFFFFFFFFFFFFFFFF01
:107F9000FFFFFFFFFFFFFFFFFFFFFFFFFFFFFFFFF1
:107FA000FFFFFFFFFFFFFFFFFFFFFFFFFFFFFFFFE1
:107FB000FFFFFFFFFFFFFFFFFFFFFFFFFFFFFFFFD1
:107FC000FFFFFFFFFFFFFFFFFFFFFFFFFFFFFFFFC1
:107FD000FFFFFFFFFFFFFFFFFFFFFFFFFFFFFFFFB1
:107FE000FFFFFFFFFFFFFFFFFFFFFFFFFFFFFFFFA1
:107FF000FFFFFFFFFFFFFFFFFFFFFFFFFFFFFFFF91
:10800000FFFFFFFFFFFFFFFFFFFFFFFFFFFFFFFF80
:10801000FFFFFFFFFFFFFFFFFFFFFFFFFFFFFFFF70
:10802000FFFFFFFFFFFFFFFFFFFFFFFFFFFFFFFF60
:10803000FFFFFFFFFFFFFFFFFFFFFFFFFFFFFFFF50
:10804000FFFFFFFFFFFFFFFFFFFFFFFFFFFFFFFF40
:10805000FFFFFFFFFFFFFFFFFFFFFFFFFFFFFFFF30
:10806000FFFFFFFFFFFFFFFFFFFFFFFFFFFFFFFF20
:10807000FFFFFFFFFFFFFFFFFFFFFFFFFFFFFFFF10
:10808000FFFFFFFFFFFFFFFFFFFFFFFFFFFFFFFF00
:10809000FFFFFFFFFFFFFFFFFFFFFFFFFFFFFFFFF0
:1080A000FFFFFFFFFFFFFFFFFFFFFFFFFFFFFFFFE0
:1080B000FFFFFFFFFFFFFFFFFFFFFFFFFFFFFFFFD0
:1080C000FFFFFFFFFFFFFFFFFFFFFFFFFFFFFFFFC0
:1080D000FFFFFFFFFFFFFFFFFFFFFFFFFFFFFFFFB0
:1080E000FFFFFFFFFFFFFFFFFFFFFFFFFFFFFFFFA0
:1080F000FFFFFFFFFFFFFFFFFFFFFFFFFFFFFFFF90
:10810000FFFFFFFFFFFFFFFFFFFFFFFFFFFFFFFF7F
:10811000FFFFFFFFFFFFFFFFFFFFFFFFFFFFFFFF6F
:10812000FFFFFFFFFFFFFFFFFFFFFFFFFFFFFFFF5F
:10813000FFFFFFFFFFFFFFFFFFFFFFFFFFFFFFFF4F
:10814000FFFFFFFFFFFFFFFFFFFFFFFFFFFFFFFF3F
:10815000FFFFFFFFFFFFFFFFFFFFFFFFFFFFFFFF2F
:10816000FFFFFFFFFFFFFFFFFFFFFFFFFFFFFFFF1F
:10817000FFFFFFFFFFFFFFFFFFFFFFFFFFFFFFFF0F
:10818000FFFFFFFFFFFFFFFFFFFFFFFFFFFFFFFFFF
:10819000FFFFFFFFFFFFFFFFFFFFFFFFFFFFFFFFEF
:1081A000FFFFFFFFFFFFFFFFFFFFFFFFFFFFFFFFDF
:1081B000FFFFFFFFFFFFFFFFFFFFFFFFFFFFFFFFCF
:1081C000FFFFFFFFFFFFFFFFFFFFFFFFFFFFFFFFBF
:1081D000FFFFFFFFFFFFFFFFFFFFFFFFFFFFFFFFAF
:1081E000FFFFFFFFFFFFFFFFFFFFFFFFFFFFFFFF9F
:1081F000FFFFFFFFFFFFFFFFFFFFFFFFFFFFFFFF8F
:10820000FFFFFFFFFFFFFFFFFFFFFFFFFFFFFFFF7E
:10821000FFFFFFFFFFFFFFFFFFFFFFFFFFFFFFFF6E
:10822000FFFFFFFFFFFFFFFFFFFFFFFFFFFFFFFF5E
:10823000FFFFFFFFFFFFFFFFFFFFFFFFFFFFFFFF4E
:10824000FFFFFFFFFFFFFFFFFFFFFFFFFFFFFFFF3E
:10825000FFFFFFFFFFFFFFFFFFFFFFFFFFFFFFFF2E
:10826000FFFFFFFFFFFFFFFFFFFFFFFFFFFFFFFF1E
:10827000FFFFFFFFFFFFFFFFFFFFFFFFFFFFFFFF0E
:10828000FFFFFFFFFFFFFFFFFFFFFFFFFFFFFFFFFE
:10829000FFFFFFFFFFFFFFFFFFFFFFFFFFFFFFFFEE
:1082A000FFFFFFFFFFFFFFFFFFFFFFFFFFFFFFFFDE
:1082B000FFFFFFFFFFFFFFFFFFFFFFFFFFFFFFFFCE
:1082C000FFFFFFFFFFFFFFFFFFFFFFFFFFFFFFFFBE
:1082D000FFFFFFFFFFFFFFFFFFFFFFFFFFFFFFFFAE
:1082E000FFFFFFFFFFFFFFFFFFFFFFFFFFFFFFFF9E
:1082F000FFFFFFFFFFFFFFFFFFFFFFFFFFFFFFFF8E
:10830000FFFFFFFFFFFFFFFFFFFFFFFFFFFFFFFF7D
:10831000FFFFFFFFFFFFFFFFFFFFFFFFFFFFFFFF6D
:10832000FFFFFFFFFFFFFFFFFFFFFFFFFFFFFFFF5D
:10833000FFFFFFFFFFFFFFFFFFFFFFFFFFFFFFFF4D
:10834000FFFFFFFFFFFFFFFFFFFFFFFFFFFFFFFF3D
:10835000FFFFFFFFFFFFFFFFFFFFFFFFFFFFFFFF2D
:10836000FFFFFFFFFFFFFFFFFFFFFFFFFFFFFFFF1D
:10837000FFFFFFFFFFFFFFFFFFFFFFFFFFFFFFFF0D
:10838000FFFFFFFFFFFFFFFFFFFFFFFFFFFFFFFFFD
:10839000FFFFFFFFFFFFFFFFFFFFFFFFFFFFFFFFED
:1083A000FFFFFFFFFFFFFFFFFFFFFFFFFFFFFFFFDD
:1083B000FFFFFFFFFFFFFFFFFFFFFFFFFFFFFFFFCD
:1083C000FFFFFFFFFFFFFFFFFFFFFFFFFFFFFFFFBD
:1083D000FFFFFFFFFFFFFFFFFFFFFFFFFFFFFFFFAD
:1083E000FFFFFFFFFFFFFFFFFFFFFFFFFFFFFFFF9D
:1083F000FFFFFFFFFFFFFFFFFFFFFFFFFFFFFFFF8D
:10840000FFFFFFFFFFFFFFFFFFFFFFFFFFFFFFFF7C
:10841000FFFFFFFFFFFFFFFFFFFFFFFFFFFFFFFF6C
:10842000FFFFFFFFFFFFFFFFFFFFFFFFFFFFFFFF5C
:10843000FFFFFFFFFFFFFFFFFFFFFFFFFFFFFFFF4C
:10844000FFFFFFFFFFFFFFFFFFFFFFFFFFFFFFFF3C
:10845000FFFFFFFFFFFFFFFFFFFFFFFFFFFFFFFF2C
:10846000FFFFFFFFFFFFFFFFFFFFFFFFFFFFFFFF1C
:10847000FFFFFFFFFFFFFFFFFFFFFFFFFFFFFFFF0C
:10848000FFFFFFFFFFFFFFFFFFFFFFFFFFFFFFFFFC
:10849000FFFFFFFFFFFFFFFFFFFFFFFFFFFFFFFFEC
:1084A000FFFFFFFFFFFFFFFFFFFFFFFFFFFFFFFFDC
:1084B000FFFFFFFFFFFFFFFFFFFFFFFFFFFFFFFFCC
:1084C000FFFFFFFFFFFFFFFFFFFFFFFFFFFFFFFFBC
:1084D000FFFFFFFFFFFFFFFFFFFFFFFFFFFFFFFFAC
:1084E000FFFFFFFFFFFFFFFFFFFFFFFFFFFFFFFF9C
:1084F000FFFFFFFFFFFFFFFFFFFFFFFFFFFFFFFF8C
:10850000FFFFFFFFFFFFFFFFFFFFFFFFFFFFFFFF7B
:10851000FFFFFFFFFFFFFFFFFFFFFFFFFFFFFFFF6B
:10852000FFFFFFFFFFFFFFFFFFFFFFFFFFFFFFFF5B
:10853000FFFFFFFFFFFFFFFFFFFFFFFFFFFFFFFF4B
:10854000FFFFFFFFFFFFFFFFFFFFFFFFFFFFFFFF3B
:10855000FFFFFFFFFFFFFFFFFFFFFFFFFFFFFFFF2B
:10856000FFFFFFFFFFFFFFFFFFFFFFFFFFFFFFFF1B
:10857000FFFFFFFFFFFFFFFFFFFFFFFFFFFFFFFF0B
:10858000FFFFFFFFFFFFFFFFFFFFFFFFFFFFFFFFFB
:10859000FFFFFFFFFFFFFFFFFFFFFFFFFFFFFFFFEB
:1085A000FFFFFFFFFFFFFFFFFFFFFFFFFFFFFFFFDB
:1085B000FFFFFFFFFFFFFFFFFFFFFFFFFFFFFFFFCB
:1085C000FFFFFFFFFFFFFFFFFFFFFFFFFFFFFFFFBB
:1085D000FFFFFFFFFFFFFFFFFFFFFFFFFFFFFFFFAB
:1085E000FFFFFFFFFFFFFFFFFFFFFFFFFFFFFFFF9B
:1085F000FFFFFFFFFFFFFFFFFFFFFFFFFFFFFFFF8B
:10860000FFFFFFFFFFFFFFFFFFFFFFFFFFFFFFFF7A
:10861000FFFFFFFFFFFFFFFFFFFFFFFFFFFFFFFF6A
:10862000FFFFFFFFFFFFFFFFFFFFFFFFFFFFFFFF5A
:10863000FFFFFFFFFFFFFFFFFFFFFFFFFFFFFFFF4A
:10864000FFFFFFFFFFFFFFFFFFFFFFFFFFFFFFFF3A
:10865000FFFFFFFFFFFFFFFFFFFFFFFFFFFFFFFF2A
:10866000FFFFFFFFFFFFFFFFFFFFFFFFFFFFFFFF1A
:10867000FFFFFFFFFFFFFFFFFFFFFFFFFFFFFFFF0A
:10868000FFFFFFFFFFFFFFFFFFFFFFFFFFFFFFFFFA
:10869000FFFFFFFFFFFFFFFFFFFFFFFFFFFFFFFFEA
:1086A000FFFFFFFFFFFFFFFFFFFFFFFFFFFFFFFFDA
:1086B000FFFFFFFFFFFFFFFFFFFFFFFFFFFFFFFFCA
:1086C000FFFFFFFFFFFFFFFFFFFFFFFFFFFFFFFFBA
:1086D000FFFFFFFFFFFFFFFFFFFFFFFFFFFFFFFFAA
:1086E000FFFFFFFFFFFFFFFFFFFFFFFFFFFFFFFF9A
:1086F000FFFFFFFFFFFFFFFFFFFFFFFFFFFFFFFF8A
:10870000FFFFFFFFFFFFFFFFFFFFFFFFFFFFFFFF79
:10871000FFFFFFFFFFFFFFFFFFFFFFFFFFFFFFFF69
:10872000FFFFFFFFFFFFFFFFFFFFFFFFFFFFFFFF59
:10873000FFFFFFFFFFFFFFFFFFFFFFFFFFFFFFFF49
:10874000FFFFFFFFFFFFFFFFFFFFFFFFFFFFFFFF39
:10875000FFFFFFFFFFFFFFFFFFFFFFFFFFFFFFFF29
:10876000FFFFFFFFFFFFFFFFFFFFFFFFFFFFFFFF19
:10877000FFFFFFFFFFFFFFFFFFFFFFFFFFFFFFFF09
:10878000FFFFFFFFFFFFFFFFFFFFFFFFFFFFFFFFF9
:10879000FFFFFFFFFFFFFFFFFFFFFFFFFFFFFFFFE9
:1087A000FFFFFFFFFFFFFFFFFFFFFFFFFFFFFFFFD9
:1087B000FFFFFFFFFFFFFFFFFFFFFFFFFFFFFFFFC9
:1087C000FFFFFFFFFFFFFFFFFFFFFFFFFFFFFFFFB9
:1087D000FFFFFFFFFFFFFFFFFFFFFFFFFFFFFFFFA9
:1087E000FFFFFFFFFFFFFFFFFFFFFFFFFFFFFFFF99
:1087F000FFFFFFFFFFFFFFFFFFFFFFFFFFFFFFFF89
:10880000FFFFFFFFFFFFFFFFFFFFFFFFFFFFFFFF78
:10881000FFFFFFFFFFFFFFFFFFFFFFFFFFFFFFFF68
:10882000FFFFFFFFFFFFFFFFFFFFFFFFFFFFFFFF58
:10883000FFFFFFFFFFFFFFFFFFFFFFFFFFFFFFFF48
:10884000FFFFFFFFFFFFFFFFFFFFFFFFFFFFFFFF38
:10885000FFFFFFFFFFFFFFFFFFFFFFFFFFFFFFFF28
:10886000FFFFFFFFFFFFFFFFFFFFFFFFFFFFFFFF18
:10887000FFFFFFFFFFFFFFFFFFFFFFFFFFFFFFFF08
:10888000FFFFFFFFFFFFFFFFFFFFFFFFFFFFFFFFF8
:10889000FFFFFFFFFFFFFFFFFFFFFFFFFFFFFFFFE8
:1088A000FFFFFFFFFFFFFFFFFFFFFFFFFFFFFFFFD8
:1088B000FFFFFFFFFFFFFFFFFFFFFFFFFFFFFFFFC8
:1088C000FFFFFFFFFFFFFFFFFFFFFFFFFFFFFFFFB8
:1088D000FFFFFFFFFFFFFFFFFFFFFFFFFFFFFFFFA8
:1088E000FFFFFFFFFFFFFFFFFFFFFFFFFFFFFFFF98
:1088F000FFFFFFFFFFFFFFFFFFFFFFFFFFFFFFFF88
:10890000FFFFFFFFFFFFFFFFFFFFFFFFFFFFFFFF77
:10891000FFFFFFFFFFFFFFFFFFFFFFFFFFFFFFFF67
:10892000FFFFFFFFFFFFFFFFFFFFFFFFFFFFFFFF57
:10893000FFFFFFFFFFFFFFFFFFFFFFFFFFFFFFFF47
:10894000FFFFFFFFFFFFFFFFFFFFFFFFFFFFFFFF37
:10895000FFFFFFFFFFFFFFFFFFFFFFFFFFFFFFFF27
:10896000FFFFFFFFFFFFFFFFFFFFFFFFFFFFFFFF17
:10897000FFFFFFFFFFFFFFFFFFFFFFFFFFFFFFFF07
:10898000FFFFFFFFFFFFFFFFFFFFFFFFFFFFFFFFF7
:10899000FFFFFFFFFFFFFFFFFFFFFFFFFFFFFFFFE7
:1089A000FFFFFFFFFFFFFFFFFFFFFFFFFFFFFFFFD7
:1089B000FFFFFFFFFFFFFFFFFFFFFFFFFFFFFFFFC7
:1089C000FFFFFFFFFFFFFFFFFFFFFFFFFFFFFFFFB7
:1089D000FFFFFFFFFFFFFFFFFFFFFFFFFFFFFFFFA7
:1089E000FFFFFFFFFFFFFFFFFFFFFFFFFFFFFFFF97
:1089F000FFFFFFFFFFFFFFFFFFFFFFFFFFFFFFFF87
:108A0000FFFFFFFFFFFFFFFFFFFFFFFFFFFFFFFF76
:108A1000FFFFFFFFFFFFFFFFFFFFFFFFFFFFFFFF66
:108A2000FFFFFFFFFFFFFFFFFFFFFFFFFFFFFFFF56
:108A3000FFFFFFFFFFFFFFFFFFFFFFFFFFFFFFFF46
:108A4000FFFFFFFFFFFFFFFFFFFFFFFFFFFFFFFF36
:108A5000FFFFFFFFFFFFFFFFFFFFFFFFFFFFFFFF26
:108A6000FFFFFFFFFFFFFFFFFFFFFFFFFFFFFFFF16
:108A7000FFFFFFFFFFFFFFFFFFFFFFFFFFFFFFFF06
:108A8000FFFFFFFFFFFFFFFFFFFFFFFFFFFFFFFFF6
:108A9000FFFFFFFFFFFFFFFFFFFFFFFFFFFFFFFFE6
:108AA000FFFFFFFFFFFFFFFFFFFFFFFFFFFFFFFFD6
:108AB000FFFFFFFFFFFFFFFFFFFFFFFFFFFFFFFFC6
:108AC000FFFFFFFFFFFFFFFFFFFFFFFFFFFFFFFFB6
:108AD000FFFFFFFFFFFFFFFFFFFFFFFFFFFFFFFFA6
:108AE000FFFFFFFFFFFFFFFFFFFFFFFFFFFFFFFF96
:108AF000FFFFFFFFFFFFFFFFFFFFFFFFFFFFFFFF86
:108B0000FFFFFFFFFFFFFFFFFFFFFFFFFFFFFFFF75
:108B1000FFFFFFFFFFFFFFFFFFFFFFFFFFFFFFFF65
:108B2000FFFFFFFFFFFFFFFFFFFFFFFFFFFFFFFF55
:108B3000FFFFFFFFFFFFFFFFFFFFFFFFFFFFFFFF45
:108B4000FFFFFFFFFFFFFFFFFFFFFFFFFFFFFFFF35
:108B5000FFFFFFFFFFFFFFFFFFFFFFFFFFFFFFFF25
:108B6000FFFFFFFFFFFFFFFFFFFFFFFFFFFFFFFF15
:108B7000FFFFFFFFFFFFFFFFFFFFFFFFFFFFFFFF05
:108B8000FFFFFFFFFFFFFFFFFFFFFFFFFFFFFFFFF5
:108B9000FFFFFFFFFFFFFFFFFFFFFFFFFFFFFFFFE5
:108BA000FFFFFFFFFFFFFFFFFFFFFFFFFFFFFFFFD5
:108BB000FFFFFFFFFFFFFFFFFFFFFFFFFFFFFFFFC5
:108BC000FFFFFFFFFFFFFFFFFFFFFFFFFFFFFFFFB5
:108BD000FFFFFFFFFFFFFFFFFFFFFFFFFFFFFFFFA5
:108BE000FFFFFFFFFFFFFFFFFFFFFFFFFFFFFFFF95
:108BF000FFFFFFFFFFFFFFFFFFFFFFFFFFFFFFFF85
:108C0000FFFFFFFFFFFFFFFFFFFFFFFFFFFFFFFF74
:108C1000FFFFFFFFFFFFFFFFFFFFFFFFFFFFFFFF64
:108C2000FFFFFFFFFFFFFFFFFFFFFFFFFFFFFFFF54
:108C3000FFFFFFFFFFFFFFFFFFFFFFFFFFFFFFFF44
:108C4000FFFFFFFFFFFFFFFFFFFFFFFFFFFFFFFF34
:108C5000FFFFFFFFFFFFFFFFFFFFFFFFFFFFFFFF24
:108C6000FFFFFFFFFFFFFFFFFFFFFFFFFFFFFFFF14
:108C7000FFFFFFFFFFFFFFFFFFFFFFFFFFFFFFFF04
:108C8000FFFFFFFFFFFFFFFFFFFFFFFFFFFFFFFFF4
:108C9000FFFFFFFFFFFFFFFFFFFFFFFFFFFFFFFFE4
:108CA000FFFFFFFFFFFFFFFFFFFFFFFFFFFFFFFFD4
:108CB000FFFFFFFFFFFFFFFFFFFFFFFFFFFFFFFFC4
:108CC000FFFFFFFFFFFFFFFFFFFFFFFFFFFFFFFFB4
:108CD000FFFFFFFFFFFFFFFFFFFFFFFFFFFFFFFFA4
:108CE000FFFFFFFFFFFFFFFFFFFFFFFFFFFFFFFF94
:108CF000FFFFFFFFFFFFFFFFFFFFFFFFFFFFFFFF84
:108D0000FFFFFFFFFFFFFFFFFFFFFFFFFFFFFFFF73
:108D1000FFFFFFFFFFFFFFFFFFFFFFFFFFFFFFFF63
:108D2000FFFFFFFFFFFFFFFFFFFFFFFFFFFFFFFF53
:108D3000FFFFFFFFFFFFFFFFFFFFFFFFFFFFFFFF43
:108D4000FFFFFFFFFFFFFFFFFFFFFFFFFFFFFFFF33
:108D5000FFFFFFFFFFFFFFFFFFFFFFFFFFFFFFFF23
:108D6000FFFFFFFFFFFFFFFFFFFFFFFFFFFFFFFF13
:108D7000FFFFFFFFFFFFFFFFFFFFFFFFFFFFFFFF03
:108D8000FFFFFFFFFFFFFFFFFFFFFFFFFFFFFFFFF3
:108D9000FFFFFFFFFFFFFFFFFFFFFFFFFFFFFFFFE3
:108DA000FFFFFFFFFFFFFFFFFFFFFFFFFFFFFFFFD3
:108DB000FFFFFFFFFFFFFFFFFFFFFFFFFFFFFFFFC3
:108DC000FFFFFFFFFFFFFFFFFFFFFFFFFFFFFFFFB3
:108DD000FFFFFFFFFFFFFFFFFFFFFFFFFFFFFFFFA3
:108DE000FFFFFFFFFFFFFFFFFFFFFFFFFFFFFFFF93
:108DF000FFFFFFFFFFFFFFFFFFFFFFFFFFFFFFFF83
:108E0000FFFFFFFFFFFFFFFFFFFFFFFFFFFFFFFF72
:108E1000FFFFFFFFFFFFFFFFFFFFFFFFFFFFFFFF62
:108E2000FFFFFFFFFFFFFFFFFFFFFFFFFFFFFFFF52
:108E3000FFFFFFFFFFFFFFFFFFFFFFFFFFFFFFFF42
:108E4000FFFFFFFFFFFFFFFFFFFFFFFFFFFFFFFF32
:108E5000FFFFFFFFFFFFFFFFFFFFFFFFFFFFFFFF22
:108E6000FFFFFFFFFFFFFFFFFFFFFFFFFFFFFFFF12
:108E7000FFFFFFFFFFFFFFFFFFFFFFFFFFFFFFFF02
:108E8000FFFFFFFFFFFFFFFFFFFFFFFFFFFFFFFFF2
:108E9000FFFFFFFFFFFFFFFFFFFFFFFFFFFFFFFFE2
:108EA000FFFFFFFFFFFFFFFFFFFFFFFFFFFFFFFFD2
:108EB000FFFFFFFFFFFFFFFFFFFFFFFFFFFFFFFFC2
:108EC000FFFFFFFFFFFFFFFFFFFFFFFFFFFFFFFFB2
:108ED000FFFFFFFFFFFFFFFFFFFFFFFFFFFFFFFFA2
:108EE000FFFFFFFFFFFFFFFFFFFFFFFFFFFFFFFF92
:108EF000FFFFFFFFFFFFFFFFFFFFFFFFFFFFFFFF82
:108F0000FFFFFFFFFFFFFFFFFFFFFFFFFFFFFFFF71
:108F1000FFFFFFFFFFFFFFFFFFFFFFFFFFFFFFFF61
:108F2000FFFFFFFFFFFFFFFFFFFFFFFFFFFFFFFF51
:108F3000FFFFFFFFFFFFFFFFFFFFFFFFFFFFFFFF41
:108F4000FFFFFFFFFFFFFFFFFFFFFFFFFFFFFFFF31
:108F5000FFFFFFFFFFFFFFFFFFFFFFFFFFFFFFFF21
:108F6000FFFFFFFFFFFFFFFFFFFFFFFFFFFFFFFF11
:108F7000FFFFFFFFFFFFFFFFFFFFFFFFFFFFFFFF01
:108F8000FFFFFFFFFFFFFFFFFFFFFFFFFFFFFFFFF1
:108F9000FFFFFFFFFFFFFFFFFFFFFFFFFFFFFFFFE1
:108FA000FFFFFFFFFFFFFFFFFFFFFFFFFFFFFFFFD1
:108FB000FFFFFFFFFFFFFFFFFFFFFFFFFFFFFFFFC1
:108FC000FFFFFFFFFFFFFFFFFFFFFFFFFFFFFFFFB1
:108FD000FFFFFFFFFFFFFFFFFFFFFFFFFFFFFFFFA1
:108FE000FFFFFFFFFFFFFFFFFFFFFFFFFFFFFFFF91
:108FF000FFFFFFFFFFFFFFFFFFFFFFFFFFFFFFFF81
:10900000FFFFFFFFFFFFFFFFFFFFFFFFFFFFFFFF70
:10901000FFFFFFFFFFFFFFFFFFFFFFFFFFFFFFFF60
:10902000FFFFFFFFFFFFFFFFFFFFFFFFFFFFFFFF50
:10903000FFFFFFFFFFFFFFFFFFFFFFFFFFFFFFFF40
:10904000FFFFFFFFFFFFFFFFFFFFFFFFFFFFFFFF30
:10905000FFFFFFFFFFFFFFFFFFFFFFFFFFFFFFFF20
:10906000FFFFFFFFFFFFFFFFFFFFFFFFFFFFFFFF10
:10907000FFFFFFFFFFFFFFFFFFFFFFFFFFFFFFFF00
:10908000FFFFFFFFFFFFFFFFFFFFFFFFFFFFFFFFF0
:10909000FFFFFFFFFFFFFFFFFFFFFFFFFFFFFFFFE0
:1090A000FFFFFFFFFFFFFFFFFFFFFFFFFFFFFFFFD0
:1090B000FFFFFFFFFFFFFFFFFFFFFFFFFFFFFFFFC0
:1090C000FFFFFFFFFFFFFFFFFFFFFFFFFFFFFFFFB0
:1090D000FFFFFFFFFFFFFFFFFFFFFFFFFFFFFFFFA0
:1090E000FFFFFFFFFFFFFFFFFFFFFFFFFFFFFFFF90
:1090F000FFFFFFFFFFFFFFFFFFFFFFFFFFFFFFFF80
:10910000FFFFFFFFFFFFFFFFFFFFFFFFFFFFFFFF6F
:10911000FFFFFFFFFFFFFFFFFFFFFFFFFFFFFFFF5F
:10912000FFFFFFFFFFFFFFFFFFFFFFFFFFFFFFFF4F
:10913000FFFFFFFFFFFFFFFFFFFFFFFFFFFFFFFF3F
:10914000FFFFFFFFFFFFFFFFFFFFFFFFFFFFFFFF2F
:10915000FFFFFFFFFFFFFFFFFFFFFFFFFFFFFFFF1F
:10916000FFFFFFFFFFFFFFFFFFFFFFFFFFFFFFFF0F
:10917000FFFFFFFFFFFFFFFFFFFFFFFFFFFFFFFFFF
:10918000FFFFFFFFFFFFFFFFFFFFFFFFFFFFFFFFEF
:10919000FFFFFFFFFFFFFFFFFFFFFFFFFFFFFFFFDF
:1091A000FFFFFFFFFFFFFFFFFFFFFFFFFFFFFFFFCF
:1091B000FFFFFFFFFFFFFFFFFFFFFFFFFFFFFFFFBF
:1091C000FFFFFFFFFFFFFFFFFFFFFFFFFFFFFFFFAF
:1091D000FFFFFFFFFFFFFFFFFFFFFFFFFFFFFFFF9F
:1091E000FFFFFFFFFFFFFFFFFFFFFFFFFFFFFFFF8F
:1091F000FFFFFFFFFFFFFFFFFFFFFFFFFFFFFFFF7F
:10920000FFFFFFFFFFFFFFFFFFFFFFFFFFFFFFFF6E
:10921000FFFFFFFFFFFFFFFFFFFFFFFFFFFFFFFF5E
:10922000FFFFFFFFFFFFFFFFFFFFFFFFFFFFFFFF4E
:10923000FFFFFFFFFFFFFFFFFFFFFFFFFFFFFFFF3E
:10924000FFFFFFFFFFFFFFFFFFFFFFFFFFFFFFFF2E
:10925000FFFFFFFFFFFFFFFFFFFFFFFFFFFFFFFF1E
:10926000FFFFFFFFFFFFFFFFFFFFFFFFFFFFFFFF0E
:10927000FFFFFFFFFFFFFFFFFFFFFFFFFFFFFFFFFE
:10928000FFFFFFFFFFFFFFFFFFFFFFFFFFFFFFFFEE
:10929000FFFFFFFFFFFFFFFFFFFFFFFFFFFFFFFFDE
:1092A000FFFFFFFFFFFFFFFFFFFFFFFFFFFFFFFFCE
:1092B000FFFFFFFFFFFFFFFFFFFFFFFFFFFFFFFFBE
:1092C000FFFFFFFFFFFFFFFFFFFFFFFFFFFFFFFFAE
:1092D000FFFFFFFFFFFFFFFFFFFFFFFFFFFFFFFF9E
:1092E000FFFFFFFFFFFFFFFFFFFFFFFFFFFFFFFF8E
:1092F000FFFFFFFFFFFFFFFFFFFFFFFFFFFFFFFF7E
:10930000FFFFFFFFFFFFFFFFFFFFFFFFFFFFFFFF6D
:10931000FFFFFFFFFFFFFFFFFFFFFFFFFFFFFFFF5D
:10932000FFFFFFFFFFFFFFFFFFFFFFFFFFFFFFFF4D
:10933000FFFFFFFFFFFFFFFFFFFFFFFFFFFFFFFF3D
:10934000FFFFFFFFFFFFFFFFFFFFFFFFFFFFFFFF2D
:10935000FFFFFFFFFFFFFFFFFFFFFFFFFFFFFFFF1D
:10936000FFFFFFFFFFFFFFFFFFFFFFFFFFFFFFFF0D
:10937000FFFFFFFFFFFFFFFFFFFFFFFFFFFFFFFFFD
:10938000FFFFFFFFFFFFFFFFFFFFFFFFFFFFFFFFED
:10939000FFFFFFFFFFFFFFFFFFFFFFFFFFFFFFFFDD
:1093A000FFFFFFFFFFFFFFFFFFFFFFFFFFFFFFFFCD
:1093B000FFFFFFFFFFFFFFFFFFFFFFFFFFFFFFFFBD
:1093C000FFFFFFFFFFFFFFFFFFFFFFFFFFFFFFFFAD
:1093D000FFFFFFFFFFFFFFFFFFFFFFFFFFFFFFFF9D
:1093E000FFFFFFFFFFFFFFFFFFFFFFFFFFFFFFFF8D
:1093F000FFFFFFFFFFFFFFFFFFFFFFFFFFFFFFFF7D
:10940000FFFFFFFFFFFFFFFFFFFFFFFFFFFFFFFF6C
:10941000FFFFFFFFFFFFFFFFFFFFFFFFFFFFFFFF5C
:10942000FFFFFFFFFFFFFFFFFFFFFFFFFFFFFFFF4C
:10943000FFFFFFFFFFFFFFFFFFFFFFFFFFFFFFFF3C
:10944000FFFFFFFFFFFFFFFFFFFFFFFFFFFFFFFF2C
:10945000FFFFFFFFFFFFFFFFFFFFFFFFFFFFFFFF1C
:10946000FFFFFFFFFFFFFFFFFFFFFFFFFFFFFFFF0C
:10947000FFFFFFFFFFFFFFFFFFFFFFFFFFFFFFFFFC
:10948000FFFFFFFFFFFFFFFFFFFFFFFFFFFFFFFFEC
:10949000FFFFFFFFFFFFFFFFFFFFFFFFFFFFFFFFDC
:1094A000FFFFFFFFFFFFFFFFFFFFFFFFFFFFFFFFCC
:1094B000FFFFFFFFFFFFFFFFFFFFFFFFFFFFFFFFBC
:1094C000FFFFFFFFFFFFFFFFFFFFFFFFFFFFFFFFAC
:1094D000FFFFFFFFFFFFFFFFFFFFFFFFFFFFFFFF9C
:1094E000FFFFFFFFFFFFFFFFFFFFFFFFFFFFFFFF8C
:1094F000FFFFFFFFFFFFFFFFFFFFFFFFFFFFFFFF7C
:10950000FFFFFFFFFFFFFFFFFFFFFFFFFFFFFFFF6B
:10951000FFFFFFFFFFFFFFFFFFFFFFFFFFFFFFFF5B
:10952000FFFFFFFFFFFFFFFFFFFFFFFFFFFFFFFF4B
:10953000FFFFFFFFFFFFFFFFFFFFFFFFFFFFFFFF3B
:10954000FFFFFFFFFFFFFFFFFFFFFFFFFFFFFFFF2B
:10955000FFFFFFFFFFFFFFFFFFFFFFFFFFFFFFFF1B
:10956000FFFFFFFFFFFFFFFFFFFFFFFFFFFFFFFF0B
:10957000FFFFFFFFFFFFFFFFFFFFFFFFFFFFFFFFFB
:10958000FFFFFFFFFFFFFFFFFFFFFFFFFFFFFFFFEB
:10959000FFFFFFFFFFFFFFFFFFFFFFFFFFFFFFFFDB
:1095A000FFFFFFFFFFFFFFFFFFFFFFFFFFFFFFFFCB
:1095B000FFFFFFFFFFFFFFFFFFFFFFFFFFFFFFFFBB
:1095C000FFFFFFFFFFFFFFFFFFFFFFFFFFFFFFFFAB
:1095D000FFFFFFFFFFFFFFFFFFFFFFFFFFFFFFFF9B
:1095E000FFFFFFFFFFFFFFFFFFFFFFFFFFFFFFFF8B
:1095F000FFFFFFFFFFFFFFFFFFFFFFFFFFFFFFFF7B
:10960000FFFFFFFFFFFFFFFFFFFFFFFFFFFFFFFF6A
:10961000FFFFFFFFFFFFFFFFFFFFFFFFFFFFFFFF5A
:10962000FFFFFFFFFFFFFFFFFFFFFFFFFFFFFFFF4A
:10963000FFFFFFFFFFFFFFFFFFFFFFFFFFFFFFFF3A
:10964000FFFFFFFFFFFFFFFFFFFFFFFFFFFFFFFF2A
:10965000FFFFFFFFFFFFFFFFFFFFFFFFFFFFFFFF1A
:10966000FFFFFFFFFFFFFFFFFFFFFFFFFFFFFFFF0A
:10967000FFFFFFFFFFFFFFFFFFFFFFFFFFFFFFFFFA
:10968000FFFFFFFFFFFFFFFFFFFFFFFFFFFFFFFFEA
:10969000FFFFFFFFFFFFFFFFFFFFFFFFFFFFFFFFDA
:1096A000FFFFFFFFFFFFFFFFFFFFFFFFFFFFFFFFCA
:1096B000FFFFFFFFFFFFFFFFFFFFFFFFFFFFFFFFBA
:1096C000FFFFFFFFFFFFFFFFFFFFFFFFFFFFFFFFAA
:1096D000FFFFFFFFFFFFFFFFFFFFFFFFFFFFFFFF9A
:1096E000FFFFFFFFFFFFFFFFFFFFFFFFFFFFFFFF8A
:1096F000FFFFFFFFFFFFFFFFFFFFFFFFFFFFFFFF7A
:10970000FFFFFFFFFFFFFFFFFFFFFFFFFFFFFFFF69
:10971000FFFFFFFFFFFFFFFFFFFFFFFFFFFFFFFF59
:10972000FFFFFFFFFFFFFFFFFFFFFFFFFFFFFFFF49
:10973000FFFFFFFFFFFFFFFFFFFFFFFFFFFFFFFF39
:10974000FFFFFFFFFFFFFFFFFFFFFFFFFFFFFFFF29
:10975000FFFFFFFFFFFFFFFFFFFFFFFFFFFFFFFF19
:10976000FFFFFFFFFFFFFFFFFFFFFFFFFFFFFFFF09
:10977000FFFFFFFFFFFFFFFFFFFFFFFFFFFFFFFFF9
:10978000FFFFFFFFFFFFFFFFFFFFFFFFFFFFFFFFE9
:10979000FFFFFFFFFFFFFFFFFFFFFFFFFFFFFFFFD9
:1097A000FFFFFFFFFFFFFFFFFFFFFFFFFFFFFFFFC9
:1097B000FFFFFFFFFFFFFFFFFFFFFFFFFFFFFFFFB9
:1097C000FFFFFFFFFFFFFFFFFFFFFFFFFFFFFFFFA9
:1097D000FFFFFFFFFFFFFFFFFFFFFFFFFFFFFFFF99
:1097E000FFFFFFFFFFFFFFFFFFFFFFFFFFFFFFFF89
:1097F000FFFFFFFFFFFFFFFFFFFFFFFFFFFFFFFF79
:10980000FFFFFFFFFFFFFFFFFFFFFFFFFFFFFFFF68
:10981000FFFFFFFFFFFFFFFFFFFFFFFFFFFFFFFF58
:10982000FFFFFFFFFFFFFFFFFFFFFFFFFFFFFFFF48
:10983000FFFFFFFFFFFFFFFFFFFFFFFFFFFFFFFF38
:10984000FFFFFFFFFFFFFFFFFFFFFFFFFFFFFFFF28
:10985000FFFFFFFFFFFFFFFFFFFFFFFFFFFFFFFF18
:10986000FFFFFFFFFFFFFFFFFFFFFFFFFFFFFFFF08
:10987000FFFFFFFFFFFFFFFFFFFFFFFFFFFFFFFFF8
:10988000FFFFFFFFFFFFFFFFFFFFFFFFFFFFFFFFE8
:10989000FFFFFFFFFFFFFFFFFFFFFFFFFFFFFFFFD8
:1098A000FFFFFFFFFFFFFFFFFFFFFFFFFFFFFFFFC8
:1098B000FFFFFFFFFFFFFFFFFFFFFFFFFFFFFFFFB8
:1098C000FFFFFFFFFFFFFFFFFFFFFFFFFFFFFFFFA8
:1098D000FFFFFFFFFFFFFFFFFFFFFFFFFFFFFFFF98
:1098E000FFFFFFFFFFFFFFFFFFFFFFFFFFFFFFFF88
:1098F000FFFFFFFFFFFFFFFFFFFFFFFFFFFFFFFF78
:10990000FFFFFFFFFFFFFFFFFFFFFFFFFFFFFFFF67
:10991000FFFFFFFFFFFFFFFFFFFFFFFFFFFFFFFF57
:10992000FFFFFFFFFFFFFFFFFFFFFFFFFFFFFFFF47
:10993000FFFFFFFFFFFFFFFFFFFFFFFFFFFFFFFF37
:10994000FFFFFFFFFFFFFFFFFFFFFFFFFFFFFFFF27
:10995000FFFFFFFFFFFFFFFFFFFFFFFFFFFFFFFF17
:10996000FFFFFFFFFFFFFFFFFFFFFFFFFFFFFFFF07
:10997000FFFFFFFFFFFFFFFFFFFFFFFFFFFFFFFFF7
:10998000FFFFFFFFFFFFFFFFFFFFFFFFFFFFFFFFE7
:10999000FFFFFFFFFFFFFFFFFFFFFFFFFFFFFFFFD7
:1099A000FFFFFFFFFFFFFFFFFFFFFFFFFFFFFFFFC7
:1099B000FFFFFFFFFFFFFFFFFFFFFFFFFFFFFFFFB7
:1099C000FFFFFFFFFFFFFFFFFFFFFFFFFFFFFFFFA7
:1099D000FFFFFFFFFFFFFFFFFFFFFFFFFFFFFFFF97
:1099E000FFFFFFFFFFFFFFFFFFFFFFFFFFFFFFFF87
:1099F000FFFFFFFFFFFFFFFFFFFFFFFFFFFFFFFF77
:109A0000FFFFFFFFFFFFFFFFFFFFFFFFFFFFFFFF66
:109A1000FFFFFFFFFFFFFFFFFFFFFFFFFFFFFFFF56
:109A2000FFFFFFFFFFFFFFFFFFFFFFFFFFFFFFFF46
:109A3000FFFFFFFFFFFFFFFFFFFFFFFFFFFFFFFF36
:109A4000FFFFFFFFFFFFFFFFFFFFFFFFFFFFFFFF26
:109A5000FFFFFFFFFFFFFFFFFFFFFFFFFFFFFFFF16
:109A6000FFFFFFFFFFFFFFFFFFFFFFFFFFFFFFFF06
:109A7000FFFFFFFFFFFFFFFFFFFFFFFFFFFFFFFFF6
:109A8000FFFFFFFFFFFFFFFFFFFFFFFFFFFFFFFFE6
:109A9000FFFFFFFFFFFFFFFFFFFFFFFFFFFFFFFFD6
:109AA000FFFFFFFFFFFFFFFFFFFFFFFFFFFFFFFFC6
:109AB000FFFFFFFFFFFFFFFFFFFFFFFFFFFFFFFFB6
:109AC000FFFFFFFFFFFFFFFFFFFFFFFFFFFFFFFFA6
:109AD000FFFFFFFFFFFFFFFFFFFFFFFFFFFFFFFF96
:109AE000FFFFFFFFFFFFFFFFFFFFFFFFFFFFFFFF86
:109AF000FFFFFFFFFFFFFFFFFFFFFFFFFFFFFFFF76
:109B0000FFFFFFFFFFFFFFFFFFFFFFFFFFFFFFFF65
:109B1000FFFFFFFFFFFFFFFFFFFFFFFFFFFFFFFF55
:109B2000FFFFFFFFFFFFFFFFFFFFFFFFFFFFFFFF45
:109B3000FFFFFFFFFFFFFFFFFFFFFFFFFFFFFFFF35
:109B4000FFFFFFFFFFFFFFFFFFFFFFFFFFFFFFFF25
:109B5000FFFFFFFFFFFFFFFFFFFFFFFFFFFFFFFF15
:109B6000FFFFFFFFFFFFFFFFFFFFFFFFFFFFFFFF05
:109B7000FFFFFFFFFFFFFFFFFFFFFFFFFFFFFFFFF5
:109B8000FFFFFFFFFFFFFFFFFFFFFFFFFFFFFFFFE5
:109B9000FFFFFFFFFFFFFFFFFFFFFFFFFFFFFFFFD5
:109BA000FFFFFFFFFFFFFFFFFFFFFFFFFFFFFFFFC5
:109BB000FFFFFFFFFFFFFFFFFFFFFFFFFFFFFFFFB5
:109BC000FFFFFFFFFFFFFFFFFFFFFFFFFFFFFFFFA5
:109BD000FFFFFFFFFFFFFFFFFFFFFFFFFFFFFFFF95
:109BE000FFFFFFFFFFFFFFFFFFFFFFFFFFFFFFFF85
:109BF000FFFFFFFFFFFFFFFFFFFFFFFFFFFFFFFF75
:109C0000FFFFFFFFFFFFFFFFFFFFFFFFFFFFFFFF64
:109C1000FFFFFFFFFFFFFFFFFFFFFFFFFFFFFFFF54
:109C2000FFFFFFFFFFFFFFFFFFFFFFFFFFFFFFFF44
:109C3000FFFFFFFFFFFFFFFFFFFFFFFFFFFFFFFF34
:109C4000FFFFFFFFFFFFFFFFFFFFFFFFFFFFFFFF24
:109C5000FFFFFFFFFFFFFFFFFFFFFFFFFFFFFFFF14
:109C6000FFFFFFFFFFFFFFFFFFFFFFFFFFFFFFFF04
:109C7000FFFFFFFFFFFFFFFFFFFFFFFFFFFFFFFFF4
:109C8000FFFFFFFFFFFFFFFFFFFFFFFFFFFFFFFFE4
:109C9000FFFFFFFFFFFFFFFFFFFFFFFFFFFFFFFFD4
:109CA000FFFFFFFFFFFFFFFFFFFFFFFFFFFFFFFFC4
:109CB000FFFFFFFFFFFFFFFFFFFFFFFFFFFFFFFFB4
:109CC000FFFFFFFFFFFFFFFFFFFFFFFFFFFFFFFFA4
:109CD000FFFFFFFFFFFFFFFFFFFFFFFFFFFFFFFF94
:109CE000FFFFFFFFFFFFFFFFFFFFFFFFFFFFFFFF84
:109CF000FFFFFFFFFFFFFFFFFFFFFFFFFFFFFFFF74
:109D0000FFFFFFFFFFFFFFFFFFFFFFFFFFFFFFFF63
:109D1000FFFFFFFFFFFFFFFFFFFFFFFFFFFFFFFF53
:109D2000FFFFFFFFFFFFFFFFFFFFFFFFFFFFFFFF43
:109D3000FFFFFFFFFFFFFFFFFFFFFFFFFFFFFFFF33
:109D4000FFFFFFFFFFFFFFFFFFFFFFFFFFFFFFFF23
:109D5000FFFFFFFFFFFFFFFFFFFFFFFFFFFFFFFF13
:109D6000FFFFFFFFFFFFFFFFFFFFFFFFFFFFFFFF03
:109D7000FFFFFFFFFFFFFFFFFFFFFFFFFFFFFFFFF3
:109D8000FFFFFFFFFFFFFFFFFFFFFFFFFFFFFFFFE3
:109D9000FFFFFFFFFFFFFFFFFFFFFFFFFFFFFFFFD3
:109DA000FFFFFFFFFFFFFFFFFFFFFFFFFFFFFFFFC3
:109DB000FFFFFFFFFFFFFFFFFFFFFFFFFFFFFFFFB3
:109DC000FFFFFFFFFFFFFFFFFFFFFFFFFFFFFFFFA3
:109DD000FFFFFFFFFFFFFFFFFFFFFFFFFFFFFFFF93
:109DE000FFFFFFFFFFFFFFFFFFFFFFFFFFFFFFFF83
:109DF000FFFFFFFFFFFFFFFFFFFFFFFFFFFFFFFF73
:109E0000FFFFFFFFFFFFFFFFFFFFFFFFFFFFFFFF62
:109E1000FFFFFFFFFFFFFFFFFFFFFFFFFFFFFFFF52
:109E2000FFFFFFFFFFFFFFFFFFFFFFFFFFFFFFFF42
:109E3000FFFFFFFFFFFFFFFFFFFFFFFFFFFFFFFF32
:109E4000FFFFFFFFFFFFFFFFFFFFFFFFFFFFFFFF22
:109E5000FFFFFFFFFFFFFFFFFFFFFFFFFFFFFFFF12
:109E6000FFFFFFFFFFFFFFFFFFFFFFFFFFFFFFFF02
:109E7000FFFFFFFFFFFFFFFFFFFFFFFFFFFFFFFFF2
:109E8000FFFFFFFFFFFFFFFFFFFFFFFFFFFFFFFFE2
:109E9000FFFFFFFFFFFFFFFFFFFFFFFFFFFFFFFFD2
:109EA000FFFFFFFFFFFFFFFFFFFFFFFFFFFFFFFFC2
:109EB000FFFFFFFFFFFFFFFFFFFFFFFFFFFFFFFFB2
:109EC000FFFFFFFFFFFFFFFFFFFFFFFFFFFFFFFFA2
:109ED000FFFFFFFFFFFFFFFFFFFFFFFFFFFFFFFF92
:109EE000FFFFFFFFFFFFFFFFFFFFFFFFFFFFFFFF82
:109EF000FFFFFFFFFFFFFFFFFFFFFFFFFFFFFFFF72
:109F0000FFFFFFFFFFFFFFFFFFFFFFFFFFFFFFFF61
:109F1000FFFFFFFFFFFFFFFFFFFFFFFFFFFFFFFF51
:109F2000FFFFFFFFFFFFFFFFFFFFFFFFFFFFFFFF41
:109F3000FFFFFFFFFFFFFFFFFFFFFFFFFFFFFFFF31
:109F4000FFFFFFFFFFFFFFFFFFFFFFFFFFFFFFFF21
:109F5000FFFFFFFFFFFFFFFFFFFFFFFFFFFFFFFF11
:109F6000FFFFFFFFFFFFFFFFFFFFFFFFFFFFFFFF01
:109F7000FFFFFFFFFFFFFFFFFFFFFFFFFFFFFFFFF1
:109F8000FFFFFFFFFFFFFFFFFFFFFFFFFFFFFFFFE1
:109F9000FFFFFFFFFFFFFFFFFFFFFFFFFFFFFFFFD1
:109FA000FFFFFFFFFFFFFFFFFFFFFFFFFFFFFFFFC1
:109FB000FFFFFFFFFFFFFFFFFFFFFFFFFFFFFFFFB1
:109FC000FFFFFFFFFFFFFFFFFFFFFFFFFFFFFFFFA1
:109FD000FFFFFFFFFFFFFFFFFFFFFFFFFFFFFFFF91
:109FE000FFFFFFFFFFFFFFFFFFFFFFFFFFFFFFFF81
:109FF000FFFFFFFFFFFFFFFFFFFFFFFFFFFFFFFF71
:10A00000FFFFFFFFFFFFFFFFFFFFFFFFFFFFFFFF60
:10A01000FFFFFFFFFFFFFFFFFFFFFFFFFFFFFFFF50
:10A02000FFFFFFFFFFFFFFFFFFFFFFFFFFFFFFFF40
:10A03000FFFFFFFFFFFFFFFFFFFFFFFFFFFFFFFF30
:10A04000FFFFFFFFFFFFFFFFFFFFFFFFFFFFFFFF20
:10A05000FFFFFFFFFFFFFFFFFFFFFFFFFFFFFFFF10
:10A06000FFFFFFFFFFFFFFFFFFFFFFFFFFFFFFFF00
:10A07000FFFFFFFFFFFFFFFFFFFFFFFFFFFFFFFFF0
:10A08000FFFFFFFFFFFFFFFFFFFFFFFFFFFFFFFFE0
:10A09000FFFFFFFFFFFFFFFFFFFFFFFFFFFFFFFFD0
:10A0A000FFFFFFFFFFFFFFFFFFFFFFFFFFFFFFFFC0
:10A0B000FFFFFFFFFFFFFFFFFFFFFFFFFFFFFFFFB0
:10A0C000FFFFFFFFFFFFFFFFFFFFFFFFFFFFFFFFA0
:10A0D000FFFFFFFFFFFFFFFFFFFFFFFFFFFFFFFF90
:10A0E000FFFFFFFFFFFFFFFFFFFFFFFFFFFFFFFF80
:10A0F000FFFFFFFFFFFFFFFFFFFFFFFFFFFFFFFF70
:10A10000FFFFFFFFFFFFFFFFFFFFFFFFFFFFFFFF5F
:10A11000FFFFFFFFFFFFFFFFFFFFFFFFFFFFFFFF4F
:10A12000FFFFFFFFFFFFFFFFFFFFFFFFFFFFFFFF3F
:10A13000FFFFFFFFFFFFFFFFFFFFFFFFFFFFFFFF2F
:10A14000FFFFFFFFFFFFFFFFFFFFFFFFFFFFFFFF1F
:10A15000FFFFFFFFFFFFFFFFFFFFFFFFFFFFFFFF0F
:10A16000FFFFFFFFFFFFFFFFFFFFFFFFFFFFFFFFFF
:10A17000FFFFFFFFFFFFFFFFFFFFFFFFFFFFFFFFEF
:10A18000FFFFFFFFFFFFFFFFFFFFFFFFFFFFFFFFDF
:10A19000FFFFFFFFFFFFFFFFFFFFFFFFFFFFFFFFCF
:10A1A000FFFFFFFFFFFFFFFFFFFFFFFFFFFFFFFFBF
:10A1B000FFFFFFFFFFFFFFFFFFFFFFFFFFFFFFFFAF
:10A1C000FFFFFFFFFFFFFFFFFFFFFFFFFFFFFFFF9F
:10A1D000FFFFFFFFFFFFFFFFFFFFFFFFFFFFFFFF8F
:10A1E000FFFFFFFFFFFFFFFFFFFFFFFFFFFFFFFF7F
:10A1F000FFFFFFFFFFFFFFFFFFFFFFFFFFFFFFFF6F
:10A20000FFFFFFFFFFFFFFFFFFFFFFFFFFFFFFFF5E
:10A21000FFFFFFFFFFFFFFFFFFFFFFFFFFFFFFFF4E
:10A22000FFFFFFFFFFFFFFFFFFFFFFFFFFFFFFFF3E
:10A23000FFFFFFFFFFFFFFFFFFFFFFFFFFFFFFFF2E
:10A24000FFFFFFFFFFFFFFFFFFFFFFFFFFFFFFFF1E
:10A25000FFFFFFFFFFFFFFFFFFFFFFFFFFFFFFFF0E
:10A26000FFFFFFFFFFFFFFFFFFFFFFFFFFFFFFFFFE
:10A27000FFFFFFFFFFFFFFFFFFFFFFFFFFFFFFFFEE
:10A28000FFFFFFFFFFFFFFFFFFFFFFFFFFFFFFFFDE
:10A29000FFFFFFFFFFFFFFFFFFFFFFFFFFFFFFFFCE
:10A2A000FFFFFFFFFFFFFFFFFFFFFFFFFFFFFFFFBE
:10A2B000FFFFFFFFFFFFFFFFFFFFFFFFFFFFFFFFAE
:10A2C000FFFFFFFFFFFFFFFFFFFFFFFFFFFFFFFF9E
:10A2D000FFFFFFFFFFFFFFFFFFFFFFFFFFFFFFFF8E
:10A2E000FFFFFFFFFFFFFFFFFFFFFFFFFFFFFFFF7E
:10A2F000FFFFFFFFFFFFFFFFFFFFFFFFFFFFFFFF6E
:10A30000FFFFFFFFFFFFFFFFFFFFFFFFFFFFFFFF5D
:10A31000FFFFFFFFFFFFFFFFFFFFFFFFFFFFFFFF4D
:10A32000FFFFFFFFFFFFFFFFFFFFFFFFFFFFFFFF3D
:10A33000FFFFFFFFFFFFFFFFFFFFFFFFFFFFFFFF2D
:10A34000FFFFFFFFFFFFFFFFFFFFFFFFFFFFFFFF1D
:10A35000FFFFFFFFFFFFFFFFFFFFFFFFFFFFFFFF0D
:10A36000FFFFFFFFFFFFFFFFFFFFFFFFFFFFFFFFFD
:10A37000FFFFFFFFFFFFFFFFFFFFFFFFFFFFFFFFED
:10A38000FFFFFFFFFFFFFFFFFFFFFFFFFFFFFFFFDD
:10A39000FFFFFFFFFFFFFFFFFFFFFFFFFFFFFFFFCD
:10A3A000FFFFFFFFFFFFFFFFFFFFFFFFFFFFFFFFBD
:10A3B000FFFFFFFFFFFFFFFFFFFFFFFFFFFFFFFFAD
:10A3C000FFFFFFFFFFFFFFFFFFFFFFFFFFFFFFFF9D
:10A3D000FFFFFFFFFFFFFFFFFFFFFFFFFFFFFFFF8D
:10A3E000FFFFFFFFFFFFFFFFFFFFFFFFFFFFFFFF7D
:10A3F000FFFFFFFFFFFFFFFFFFFFFFFFFFFFFFFF6D
:10A40000FFFFFFFFFFFFFFFFFFFFFFFFFFFFFFFF5C
:10A41000FFFFFFFFFFFFFFFFFFFFFFFFFFFFFFFF4C
:10A42000FFFFFFFFFFFFFFFFFFFFFFFFFFFFFFFF3C
:10A43000FFFFFFFFFFFFFFFFFFFFFFFFFFFFFFFF2C
:10A44000FFFFFFFFFFFFFFFFFFFFFFFFFFFFFFFF1C
:10A45000FFFFFFFFFFFFFFFFFFFFFFFFFFFFFFFF0C
:10A46000FFFFFFFFFFFFFFFFFFFFFFFFFFFFFFFFFC
:10A47000FFFFFFFFFFFFFFFFFFFFFFFFFFFFFFFFEC
:10A48000FFFFFFFFFFFFFFFFFFFFFFFFFFFFFFFFDC
:10A49000FFFFFFFFFFFFFFFFFFFFFFFFFFFFFFFFCC
:10A4A000FFFFFFFFFFFFFFFFFFFFFFFFFFFFFFFFBC
:10A4B000FFFFFFFFFFFFFFFFFFFFFFFFFFFFFFFFAC
:10A4C000FFFFFFFFFFFFFFFFFFFFFFFFFFFFFFFF9C
:10A4D000FFFFFFFFFFFFFFFFFFFFFFFFFFFFFFFF8C
:10A4E000FFFFFFFFFFFFFFFFFFFFFFFFFFFFFFFF7C
:10A4F000FFFFFFFFFFFFFFFFFFFFFFFFFFFFFFFF6C
:10A50000FFFFFFFFFFFFFFFFFFFFFFFFFFFFFFFF5B
:10A51000FFFFFFFFFFFFFFFFFFFFFFFFFFFFFFFF4B
:10A52000FFFFFFFFFFFFFFFFFFFFFFFFFFFFFFFF3B
:10A53000FFFFFFFFFFFFFFFFFFFFFFFFFFFFFFFF2B
:10A54000FFFFFFFFFFFFFFFFFFFFFFFFFFFFFFFF1B
:10A55000FFFFFFFFFFFFFFFFFFFFFFFFFFFFFFFF0B
:10A56000FFFFFFFFFFFFFFFFFFFFFFFFFFFFFFFFFB
:10A57000FFFFFFFFFFFFFFFFFFFFFFFFFFFFFFFFEB
:10A58000FFFFFFFFFFFFFFFFFFFFFFFFFFFFFFFFDB
:10A59000FFFFFFFFFFFFFFFFFFFFFFFFFFFFFFFFCB
:10A5A000FFFFFFFFFFFFFFFFFFFFFFFFFFFFFFFFBB
:10A5B000FFFFFFFFFFFFFFFFFFFFFFFFFFFFFFFFAB
:10A5C000FFFFFFFFFFFFFFFFFFFFFFFFFFFFFFFF9B
:10A5D000FFFFFFFFFFFFFFFFFFFFFFFFFFFFFFFF8B
:10A5E000FFFFFFFFFFFFFFFFFFFFFFFFFFFFFFFF7B
:10A5F000FFFFFFFFFFFFFFFFFFFFFFFFFFFFFFFF6B
:10A60000FFFFFFFFFFFFFFFFFFFFFFFFFFFFFFFF5A
:10A61000FFFFFFFFFFFFFFFFFFFFFFFFFFFFFFFF4A
:10A62000FFFFFFFFFFFFFFFFFFFFFFFFFFFFFFFF3A
:10A63000FFFFFFFFFFFFFFFFFFFFFFFFFFFFFFFF2A
:10A64000FFFFFFFFFFFFFFFFFFFFFFFFFFFFFFFF1A
:10A65000FFFFFFFFFFFFFFFFFFFFFFFFFFFFFFFF0A
:10A66000FFFFFFFFFFFFFFFFFFFFFFFFFFFFFFFFFA
:10A67000FFFFFFFFFFFFFFFFFFFFFFFFFFFFFFFFEA
:10A68000FFFFFFFFFFFFFFFFFFFFFFFFFFFFFFFFDA
:10A69000FFFFFFFFFFFFFFFFFFFFFFFFFFFFFFFFCA
:10A6A000FFFFFFFFFFFFFFFFFFFFFFFFFFFFFFFFBA
:10A6B000FFFFFFFFFFFFFFFFFFFFFFFFFFFFFFFFAA
:10A6C000FFFFFFFFFFFFFFFFFFFFFFFFFFFFFFFF9A
:10A6D000FFFFFFFFFFFFFFFFFFFFFFFFFFFFFFFF8A
:10A6E000FFFFFFFFFFFFFFFFFFFFFFFFFFFFFFFF7A
:10A6F000FFFFFFFFFFFFFFFFFFFFFFFFFFFFFFFF6A
:10A70000FFFFFFFFFFFFFFFFFFFFFFFFFFFFFFFF59
:10A71000FFFFFFFFFFFFFFFFFFFFFFFFFFFFFFFF49
:10A72000FFFFFFFFFFFFFFFFFFFFFFFFFFFFFFFF39
:10A73000FFFFFFFFFFFFFFFFFFFFFFFFFFFFFFFF29
:10A74000FFFFFFFFFFFFFFFFFFFFFFFFFFFFFFFF19
:10A75000FFFFFFFFFFFFFFFFFFFFFFFFFFFFFFFF09
:10A76000FFFFFFFFFFFFFFFFFFFFFFFFFFFFFFFFF9
:10A77000FFFFFFFFFFFFFFFFFFFFFFFFFFFFFFFFE9
:10A78000FFFFFFFFFFFFFFFFFFFFFFFFFFFFFFFFD9
:10A79000FFFFFFFFFFFFFFFFFFFFFFFFFFFFFFFFC9
:10A7A000FFFFFFFFFFFFFFFFFFFFFFFFFFFFFFFFB9
:10A7B000FFFFFFFFFFFFFFFFFFFFFFFFFFFFFFFFA9
:10A7C000FFFFFFFFFFFFFFFFFFFFFFFFFFFFFFFF99
:10A7D000FFFFFFFFFFFFFFFFFFFFFFFFFFFFFFFF89
:10A7E000FFFFFFFFFFFFFFFFFFFFFFFFFFFFFFFF79
:10A7F000FFFFFFFFFFFFFFFFFFFFFFFFFFFFFFFF69
:10A80000FFFFFFFFFFFFFFFFFFFFFFFFFFFFFFFF58
:10A81000FFFFFFFFFFFFFFFFFFFFFFFFFFFFFFFF48
:10A82000FFFFFFFFFFFFFFFFFFFFFFFFFFFFFFFF38
:10A83000FFFFFFFFFFFFFFFFFFFFFFFFFFFFFFFF28
:10A84000FFFFFFFFFFFFFFFFFFFFFFFFFFFFFFFF18
:10A85000FFFFFFFFFFFFFFFFFFFFFFFFFFFFFFFF08
:10A86000FFFFFFFFFFFFFFFFFFFFFFFFFFFFFFFFF8
:10A87000FFFFFFFFFFFFFFFFFFFFFFFFFFFFFFFFE8
:10A88000FFFFFFFFFFFFFFFFFFFFFFFFFFFFFFFFD8
:10A89000FFFFFFFFFFFFFFFFFFFFFFFFFFFFFFFFC8
:10A8A000FFFFFFFFFFFFFFFFFFFFFFFFFFFFFFFFB8
:10A8B000FFFFFFFFFFFFFFFFFFFFFFFFFFFFFFFFA8
:10A8C000FFFFFFFFFFFFFFFFFFFFFFFFFFFFFFFF98
:10A8D000FFFFFFFFFFFFFFFFFFFFFFFFFFFFFFFF88
:10A8E000FFFFFFFFFFFFFFFFFFFFFFFFFFFFFFFF78
:10A8F000FFFFFFFFFFFFFFFFFFFFFFFFFFFFFFFF68
:10A90000FFFFFFFFFFFFFFFFFFFFFFFFFFFFFFFF57
:10A91000FFFFFFFFFFFFFFFFFFFFFFFFFFFFFFFF47
:10A92000FFFFFFFFFFFFFFFFFFFFFFFFFFFFFFFF37
:10A93000FFFFFFFFFFFFFFFFFFFFFFFFFFFFFFFF27
:10A94000FFFFFFFFFFFFFFFFFFFFFFFFFFFFFFFF17
:10A95000FFFFFFFFFFFFFFFFFFFFFFFFFFFFFFFF07
:10A96000FFFFFFFFFFFFFFFFFFFFFFFFFFFFFFFFF7
:10A97000FFFFFFFFFFFFFFFFFFFFFFFFFFFFFFFFE7
:10A98000FFFFFFFFFFFFFFFFFFFFFFFFFFFFFFFFD7
:10A99000FFFFFFFFFFFFFFFFFFFFFFFFFFFFFFFFC7
:10A9A000FFFFFFFFFFFFFFFFFFFFFFFFFFFFFFFFB7
:10A9B000FFFFFFFFFFFFFFFFFFFFFFFFFFFFFFFFA7
:10A9C000FFFFFFFFFFFFFFFFFFFFFFFFFFFFFFFF97
:10A9D000FFFFFFFFFFFFFFFFFFFFFFFFFFFFFFFF87
:10A9E000FFFFFFFFFFFFFFFFFFFFFFFFFFFFFFFF77
:10A9F000FFFFFFFFFFFFFFFFFFFFFFFFFFFFFFFF67
:10AA0000FFFFFFFFFFFFFFFFFFFFFFFFFFFFFFFF56
:10AA1000FFFFFFFFFFFFFFFFFFFFFFFFFFFFFFFF46
:10AA2000FFFFFFFFFFFFFFFFFFFFFFFFFFFFFFFF36
:10AA3000FFFFFFFFFFFFFFFFFFFFFFFFFFFFFFFF26
:10AA4000FFFFFFFFFFFFFFFFFFFFFFFFFFFFFFFF16
:10AA5000FFFFFFFFFFFFFFFFFFFFFFFFFFFFFFFF06
:10AA6000FFFFFFFFFFFFFFFFFFFFFFFFFFFFFFFFF6
:10AA7000FFFFFFFFFFFFFFFFFFFFFFFFFFFFFFFFE6
:10AA8000FFFFFFFFFFFFFFFFFFFFFFFFFFFFFFFFD6
:10AA9000FFFFFFFFFFFFFFFFFFFFFFFFFFFFFFFFC6
:10AAA000FFFFFFFFFFFFFFFFFFFFFFFFFFFFFFFFB6
:10AAB000FFFFFFFFFFFFFFFFFFFFFFFFFFFFFFFFA6
:10AAC000FFFFFFFFFFFFFFFFFFFFFFFFFFFFFFFF96
:10AAD000FFFFFFFFFFFFFFFFFFFFFFFFFFFFFFFF86
:10AAE000FFFFFFFFFFFFFFFFFFFFFFFFFFFFFFFF76
:10AAF000FFFFFFFFFFFFFFFFFFFFFFFFFFFFFFFF66
:10AB0000FFFFFFFFFFFFFFFFFFFFFFFFFFFFFFFF55
:10AB1000FFFFFFFFFFFFFFFFFFFFFFFFFFFFFFFF45
:10AB2000FFFFFFFFFFFFFFFFFFFFFFFFFFFFFFFF35
:10AB3000FFFFFFFFFFFFFFFFFFFFFFFFFFFFFFFF25
:10AB4000FFFFFFFFFFFFFFFFFFFFFFFFFFFFFFFF15
:10AB5000FFFFFFFFFFFFFFFFFFFFFFFFFFFFFFFF05
:10AB6000FFFFFFFFFFFFFFFFFFFFFFFFFFFFFFFFF5
:10AB7000FFFFFFFFFFFFFFFFFFFFFFFFFFFFFFFFE5
:10AB8000FFFFFFFFFFFFFFFFFFFFFFFFFFFFFFFFD5
:10AB9000FFFFFFFFFFFFFFFFFFFFFFFFFFFFFFFFC5
:10ABA000FFFFFFFFFFFFFFFFFFFFFFFFFFFFFFFFB5
:10ABB000FFFFFFFFFFFFFFFFFFFFFFFFFFFFFFFFA5
:10ABC000FFFFFFFFFFFFFFFFFFFFFFFFFFFFFFFF95
:10ABD000FFFFFFFFFFFFFFFFFFFFFFFFFFFFFFFF85
:10ABE000FFFFFFFFFFFFFFFFFFFFFFFFFFFFFFFF75
:10ABF000FFFFFFFFFFFFFFFFFFFFFFFFFFFFFFFF65
:10AC0000FFFFFFFFFFFFFFFFFFFFFFFFFFFFFFFF54
:10AC1000FFFFFFFFFFFFFFFFFFFFFFFFFFFFFFFF44
:10AC2000FFFFFFFFFFFFFFFFFFFFFFFFFFFFFFFF34
:10AC3000FFFFFFFFFFFFFFFFFFFFFFFFFFFFFFFF24
:10AC4000FFFFFFFFFFFFFFFFFFFFFFFFFFFFFFFF14
:10AC5000FFFFFFFFFFFFFFFFFFFFFFFFFFFFFFFF04
:10AC6000FFFFFFFFFFFFFFFFFFFFFFFFFFFFFFFFF4
:10AC7000FFFFFFFFFFFFFFFFFFFFFFFFFFFFFFFFE4
:10AC8000FFFFFFFFFFFFFFFFFFFFFFFFFFFFFFFFD4
:10AC9000FFFFFFFFFFFFFFFFFFFFFFFFFFFFFFFFC4
:10ACA000FFFFFFFFFFFFFFFFFFFFFFFFFFFFFFFFB4
:10ACB000FFFFFFFFFFFFFFFFFFFFFFFFFFFFFFFFA4
:10ACC000FFFFFFFFFFFFFFFFFFFFFFFFFFFFFFFF94
:10ACD000FFFFFFFFFFFFFFFFFFFFFFFFFFFFFFFF84
:10ACE000FFFFFFFFFFFFFFFFFFFFFFFFFFFFFFFF74
:10ACF000FFFFFFFFFFFFFFFFFFFFFFFFFFFFFFFF64
:10AD0000FFFFFFFFFFFFFFFFFFFFFFFFFFFFFFFF53
:10AD1000FFFFFFFFFFFFFFFFFFFFFFFFFFFFFFFF43
:10AD2000FFFFFFFFFFFFFFFFFFFFFFFFFFFFFFFF33
:10AD3000FFFFFFFFFFFFFFFFFFFFFFFFFFFFFFFF23
:10AD4000FFFFFFFFFFFFFFFFFFFFFFFFFFFFFFFF13
:10AD5000FFFFFFFFFFFFFFFFFFFFFFFFFFFFFFFF03
:10AD6000FFFFFFFFFFFFFFFFFFFFFFFFFFFFFFFFF3
:10AD7000FFFFFFFFFFFFFFFFFFFFFFFFFFFFFFFFE3
:10AD8000FFFFFFFFFFFFFFFFFFFFFFFFFFFFFFFFD3
:10AD9000FFFFFFFFFFFFFFFFFFFFFFFFFFFFFFFFC3
:10ADA000FFFFFFFFFFFFFFFFFFFFFFFFFFFFFFFFB3
:10ADB000FFFFFFFFFFFFFFFFFFFFFFFFFFFFFFFFA3
:10ADC000FFFFFFFFFFFFFFFFFFFFFFFFFFFFFFFF93
:10ADD000FFFFFFFFFFFFFFFFFFFFFFFFFFFFFFFF83
:10ADE000FFFFFFFFFFFFFFFFFFFFFFFFFFFFFFFF73
:10ADF000FFFFFFFFFFFFFFFFFFFFFFFFFFFFFFFF63
:10AE0000FFFFFFFFFFFFFFFFFFFFFFFFFFFFFFFF52
:10AE1000FFFFFFFFFFFFFFFFFFFFFFFFFFFFFFFF42
:10AE2000FFFFFFFFFFFFFFFFFFFFFFFFFFFFFFFF32
:10AE3000FFFFFFFFFFFFFFFFFFFFFFFFFFFFFFFF22
:10AE4000FFFFFFFFFFFFFFFFFFFFFFFFFFFFFFFF12
:10AE5000FFFFFFFFFFFFFFFFFFFFFFFFFFFFFFFF02
:10AE6000FFFFFFFFFFFFFFFFFFFFFFFFFFFFFFFFF2
:10AE7000FFFFFFFFFFFFFFFFFFFFFFFFFFFFFFFFE2
:10AE8000FFFFFFFFFFFFFFFFFFFFFFFFFFFFFFFFD2
:10AE9000FFFFFFFFFFFFFFFFFFFFFFFFFFFFFFFFC2
:10AEA000FFFFFFFFFFFFFFFFFFFFFFFFFFFFFFFFB2
:10AEB000FFFFFFFFFFFFFFFFFFFFFFFFFFFFFFFFA2
:10AEC000FFFFFFFFFFFFFFFFFFFFFFFFFFFFFFFF92
:10AED000FFFFFFFFFFFFFFFFFFFFFFFFFFFFFFFF82
:10AEE000FFFFFFFFFFFFFFFFFFFFFFFFFFFFFFFF72
:10AEF000FFFFFFFFFFFFFFFFFFFFFFFFFFFFFFFF62
:10AF0000FFFFFFFFFFFFFFFFFFFFFFFFFFFFFFFF51
:10AF1000FFFFFFFFFFFFFFFFFFFFFFFFFFFFFFFF41
:10AF2000FFFFFFFFFFFFFFFFFFFFFFFFFFFFFFFF31
:10AF3000FFFFFFFFFFFFFFFFFFFFFFFFFFFFFFFF21
:10AF4000FFFFFFFFFFFFFFFFFFFFFFFFFFFFFFFF11
:10AF5000FFFFFFFFFFFFFFFFFFFFFFFFFFFFFFFF01
:10AF6000FFFFFFFFFFFFFFFFFFFFFFFFFFFFFFFFF1
:10AF7000FFFFFFFFFFFFFFFFFFFFFFFFFFFFFFFFE1
:10AF8000FFFFFFFFFFFFFFFFFFFFFFFFFFFFFFFFD1
:10AF9000FFFFFFFFFFFFFFFFFFFFFFFFFFFFFFFFC1
:10AFA000FFFFFFFFFFFFFFFFFFFFFFFFFFFFFFFFB1
:10AFB000FFFFFFFFFFFFFFFFFFFFFFFFFFFFFFFFA1
:10AFC000FFFFFFFFFFFFFFFFFFFFFFFFFFFFFFFF91
:10AFD000FFFFFFFFFFFFFFFFFFFFFFFFFFFFFFFF81
:10AFE000FFFFFFFFFFFFFFFFFFFFFFFFFFFFFFFF71
:10AFF000FFFFFFFFFFFFFFFFFFFFFFFFFFFFFFFF61
:10B00000FFFFFFFFFFFFFFFFFFFFFFFFFFFFFFFF50
:10B01000FFFFFFFFFFFFFFFFFFFFFFFFFFFFFFFF40
:10B02000FFFFFFFFFFFFFFFFFFFFFFFFFFFFFFFF30
:10B03000FFFFFFFFFFFFFFFFFFFFFFFFFFFFFFFF20
:10B04000FFFFFFFFFFFFFFFFFFFFFFFFFFFFFFFF10
:10B05000FFFFFFFFFFFFFFFFFFFFFFFFFFFFFFFF00
:10B06000FFFFFFFFFFFFFFFFFFFFFFFFFFFFFFFFF0
:10B07000FFFFFFFFFFFFFFFFFFFFFFFFFFFFFFFFE0
:10B08000FFFFFFFFFFFFFFFFFFFFFFFFFFFFFFFFD0
:10B09000FFFFFFFFFFFFFFFFFFFFFFFFFFFFFFFFC0
:10B0A000FFFFFFFFFFFFFFFFFFFFFFFFFFFFFFFFB0
:10B0B000FFFFFFFFFFFFFFFFFFFFFFFFFFFFFFFFA0
:10B0C000FFFFFFFFFFFFFFFFFFFFFFFFFFFFFFFF90
:10B0D000FFFFFFFFFFFFFFFFFFFFFFFFFFFFFFFF80
:10B0E000FFFFFFFFFFFFFFFFFFFFFFFFFFFFFFFF70
:10B0F000FFFFFFFFFFFFFFFFFFFFFFFFFFFFFFFF60
:10B10000FFFFFFFFFFFFFFFFFFFFFFFFFFFFFFFF4F
:10B11000FFFFFFFFFFFFFFFFFFFFFFFFFFFFFFFF3F
:10B12000FFFFFFFFFFFFFFFFFFFFFFFFFFFFFFFF2F
:10B13000FFFFFFFFFFFFFFFFFFFFFFFFFFFFFFFF1F
:10B14000FFFFFFFFFFFFFFFFFFFFFFFFFFFFFFFF0F
:10B15000FFFFFFFFFFFFFFFFFFFFFFFFFFFFFFFFFF
:10B16000FFFFFFFFFFFFFFFFFFFFFFFFFFFFFFFFEF
:10B17000FFFFFFFFFFFFFFFFFFFFFFFFFFFFFFFFDF
:10B18000FFFFFFFFFFFFFFFFFFFFFFFFFFFFFFFFCF
:10B19000FFFFFFFFFFFFFFFFFFFFFFFFFFFFFFFFBF
:10B1A000FFFFFFFFFFFFFFFFFFFFFFFFFFFFFFFFAF
:10B1B000FFFFFFFFFFFFFFFFFFFFFFFFFFFFFFFF9F
:10B1C000FFFFFFFFFFFFFFFFFFFFFFFFFFFFFFFF8F
:10B1D000FFFFFFFFFFFFFFFFFFFFFFFFFFFFFFFF7F
:10B1E000FFFFFFFFFFFFFFFFFFFFFFFFFFFFFFFF6F
:10B1F000FFFFFFFFFFFFFFFFFFFFFFFFFFFFFFFF5F
:10B20000FFFFFFFFFFFFFFFFFFFFFFFFFFFFFFFF4E
:10B21000FFFFFFFFFFFFFFFFFFFFFFFFFFFFFFFF3E
:10B22000FFFFFFFFFFFFFFFFFFFFFFFFFFFFFFFF2E
:10B23000FFFFFFFFFFFFFFFFFFFFFFFFFFFFFFFF1E
:10B24000FFFFFFFFFFFFFFFFFFFFFFFFFFFFFFFF0E
:10B25000FFFFFFFFFFFFFFFFFFFFFFFFFFFFFFFFFE
:10B26000FFFFFFFFFFFFFFFFFFFFFFFFFFFFFFFFEE
:10B27000FFFFFFFFFFFFFFFFFFFFFFFFFFFFFFFFDE
:10B28000FFFFFFFFFFFFFFFFFFFFFFFFFFFFFFFFCE
:10B29000FFFFFFFFFFFFFFFFFFFFFFFFFFFFFFFFBE
:10B2A000FFFFFFFFFFFFFFFFFFFFFFFFFFFFFFFFAE
:10B2B000FFFFFFFFFFFFFFFFFFFFFFFFFFFFFFFF9E
:10B2C000FFFFFFFFFFFFFFFFFFFFFFFFFFFFFFFF8E
:10B2D000FFFFFFFFFFFFFFFFFFFFFFFFFFFFFFFF7E
:10B2E000FFFFFFFFFFFFFFFFFFFFFFFFFFFFFFFF6E
:10B2F000FFFFFFFFFFFFFFFFFFFFFFFFFFFFFFFF5E
:10B30000FFFFFFFFFFFFFFFFFFFFFFFFFFFFFFFF4D
:10B31000FFFFFFFFFFFFFFFFFFFFFFFFFFFFFFFF3D
:10B32000FFFFFFFFFFFFFFFFFFFFFFFFFFFFFFFF2D
:10B33000FFFFFFFFFFFFFFFFFFFFFFFFFFFFFFFF1D
:10B34000FFFFFFFFFFFFFFFFFFFFFFFFFFFFFFFF0D
:10B35000FFFFFFFFFFFFFFFFFFFFFFFFFFFFFFFFFD
:10B36000FFFFFFFFFFFFFFFFFFFFFFFFFFFFFFFFED
:10B37000FFFFFFFFFFFFFFFFFFFFFFFFFFFFFFFFDD
:10B38000FFFFFFFFFFFFFFFFFFFFFFFFFFFFFFFFCD
:10B39000FFFFFFFFFFFFFFFFFFFFFFFFFFFFFFFFBD
:10B3A000FFFFFFFFFFFFFFFFFFFFFFFFFFFFFFFFAD
:10B3B000FFFFFFFFFFFFFFFFFFFFFFFFFFFFFFFF9D
:10B3C000FFFFFFFFFFFFFFFFFFFFFFFFFFFFFFFF8D
:10B3D000FFFFFFFFFFFFFFFFFFFFFFFFFFFFFFFF7D
:10B3E000FFFFFFFFFFFFFFFFFFFFFFFFFFFFFFFF6D
:10B3F000FFFFFFFFFFFFFFFFFFFFFFFFFFFFFFFF5D
:10B40000FFFFFFFFFFFFFFFFFFFFFFFFFFFFFFFF4C
:10B41000FFFFFFFFFFFFFFFFFFFFFFFFFFFFFFFF3C
:10B42000FFFFFFFFFFFFFFFFFFFFFFFFFFFFFFFF2C
:10B43000FFFFFFFFFFFFFFFFFFFFFFFFFFFFFFFF1C
:10B44000FFFFFFFFFFFFFFFFFFFFFFFFFFFFFFFF0C
:10B45000FFFFFFFFFFFFFFFFFFFFFFFFFFFFFFFFFC
:10B46000FFFFFFFFFFFFFFFFFFFFFFFFFFFFFFFFEC
:10B47000FFFFFFFFFFFFFFFFFFFFFFFFFFFFFFFFDC
:10B48000FFFFFFFFFFFFFFFFFFFFFFFFFFFFFFFFCC
:10B49000FFFFFFFFFFFFFFFFFFFFFFFFFFFFFFFFBC
:10B4A000FFFFFFFFFFFFFFFFFFFFFFFFFFFFFFFFAC
:10B4B000FFFFFFFFFFFFFFFFFFFFFFFFFFFFFFFF9C
:10B4C000FFFFFFFFFFFFFFFFFFFFFFFFFFFFFFFF8C
:10B4D000FFFFFFFFFFFFFFFFFFFFFFFFFFFFFFFF7C
:10B4E000FFFFFFFFFFFFFFFFFFFFFFFFFFFFFFFF6C
:10B4F000FFFFFFFFFFFFFFFFFFFFFFFFFFFFFFFF5C
:10B50000FFFFFFFFFFFFFFFFFFFFFFFFFFFFFFFF4B
:10B51000FFFFFFFFFFFFFFFFFFFFFFFFFFFFFFFF3B
:10B52000FFFFFFFFFFFFFFFFFFFFFFFFFFFFFFFF2B
:10B53000FFFFFFFFFFFFFFFFFFFFFFFFFFFFFFFF1B
:10B54000FFFFFFFFFFFFFFFFFFFFFFFFFFFFFFFF0B
:10B55000FFFFFFFFFFFFFFFFFFFFFFFFFFFFFFFFFB
:10B56000FFFFFFFFFFFFFFFFFFFFFFFFFFFFFFFFEB
:10B57000FFFFFFFFFFFFFFFFFFFFFFFFFFFFFFFFDB
:10B58000FFFFFFFFFFFFFFFFFFFFFFFFFFFFFFFFCB
:10B59000FFFFFFFFFFFFFFFFFFFFFFFFFFFFFFFFBB
:10B5A000FFFFFFFFFFFFFFFFFFFFFFFFFFFFFFFFAB
:10B5B000FFFFFFFFFFFFFFFFFFFFFFFFFFFFFFFF9B
:10B5C000FFFFFFFFFFFFFFFFFFFFFFFFFFFFFFFF8B
:10B5D000FFFFFFFFFFFFFFFFFFFFFFFFFFFFFFFF7B
:10B5E000FFFFFFFFFFFFFFFFFFFFFFFFFFFFFFFF6B
:10B5F000FFFFFFFFFFFFFFFFFFFFFFFFFFFFFFFF5B
:10B60000FFFFFFFFFFFFFFFFFFFFFFFFFFFFFFFF4A
:10B61000FFFFFFFFFFFFFFFFFFFFFFFFFFFFFFFF3A
:10B62000FFFFFFFFFFFFFFFFFFFFFFFFFFFFFFFF2A
:10B63000FFFFFFFFFFFFFFFFFFFFFFFFFFFFFFFF1A
:10B64000FFFFFFFFFFFFFFFFFFFFFFFFFFFFFFFF0A
:10B65000FFFFFFFFFFFFFFFFFFFFFFFFFFFFFFFFFA
:10B66000FFFFFFFFFFFFFFFFFFFFFFFFFFFFFFFFEA
:10B67000FFFFFFFFFFFFFFFFFFFFFFFFFFFFFFFFDA
:10B68000FFFFFFFFFFFFFFFFFFFFFFFFFFFFFFFFCA
:10B69000FFFFFFFFFFFFFFFFFFFFFFFFFFFFFFFFBA
:10B6A000FFFFFFFFFFFFFFFFFFFFFFFFFFFFFFFFAA
:10B6B000FFFFFFFFFFFFFFFFFFFFFFFFFFFFFFFF9A
:10B6C000FFFFFFFFFFFFFFFFFFFFFFFFFFFFFFFF8A
:10B6D000FFFFFFFFFFFFFFFFFFFFFFFFFFFFFFFF7A
:10B6E000FFFFFFFFFFFFFFFFFFFFFFFFFFFFFFFF6A
:10B6F000FFFFFFFFFFFFFFFFFFFFFFFFFFFFFFFF5A
:10B70000FFFFFFFFFFFFFFFFFFFFFFFFFFFFFFFF49
:10B71000FFFFFFFFFFFFFFFFFFFFFFFFFFFFFFFF39
:10B72000FFFFFFFFFFFFFFFFFFFFFFFFFFFFFFFF29
:10B73000FFFFFFFFFFFFFFFFFFFFFFFFFFFFFFFF19
:10B74000FFFFFFFFFFFFFFFFFFFFFFFFFFFFFFFF09
:10B75000FFFFFFFFFFFFFFFFFFFFFFFFFFFFFFFFF9
:10B76000FFFFFFFFFFFFFFFFFFFFFFFFFFFFFFFFE9
:10B77000FFFFFFFFFFFFFFFFFFFFFFFFFFFFFFFFD9
:10B78000FFFFFFFFFFFFFFFFFFFFFFFFFFFFFFFFC9
:10B79000FFFFFFFFFFFFFFFFFFFFFFFFFFFFFFFFB9
:10B7A000FFFFFFFFFFFFFFFFFFFFFFFFFFFFFFFFA9
:10B7B000FFFFFFFFFFFFFFFFFFFFFFFFFFFFFFFF99
:10B7C000FFFFFFFFFFFFFFFFFFFFFFFFFFFFFFFF89
:10B7D000FFFFFFFFFFFFFFFFFFFFFFFFFFFFFFFF79
:10B7E000FFFFFFFFFFFFFFFFFFFFFFFFFFFFFFFF69
:10B7F000FFFFFFFFFFFFFFFFFFFFFFFFFFFFFFFF59
:10B80000FFFFFFFFFFFFFFFFFFFFFFFFFFFFFFFF48
:10B81000FFFFFFFFFFFFFFFFFFFFFFFFFFFFFFFF38
:10B82000FFFFFFFFFFFFFFFFFFFFFFFFFFFFFFFF28
:10B83000FFFFFFFFFFFFFFFFFFFFFFFFFFFFFFFF18
:10B84000FFFFFFFFFFFFFFFFFFFFFFFFFFFFFFFF08
:10B85000FFFFFFFFFFFFFFFFFFFFFFFFFFFFFFFFF8
:10B86000FFFFFFFFFFFFFFFFFFFFFFFFFFFFFFFFE8
:10B87000FFFFFFFFFFFFFFFFFFFFFFFFFFFFFFFFD8
:10B88000FFFFFFFFFFFFFFFFFFFFFFFFFFFFFFFFC8
:10B89000FFFFFFFFFFFFFFFFFFFFFFFFFFFFFFFFB8
:10B8A000FFFFFFFFFFFFFFFFFFFFFFFFFFFFFFFFA8
:10B8B000FFFFFFFFFFFFFFFFFFFFFFFFFFFFFFFF98
:10B8C000FFFFFFFFFFFFFFFFFFFFFFFFFFFFFFFF88
:10B8D000FFFFFFFFFFFFFFFFFFFFFFFFFFFFFFFF78
:10B8E000FFFFFFFFFFFFFFFFFFFFFFFFFFFFFFFF68
:10B8F000FFFFFFFFFFFFFFFFFFFFFFFFFFFFFFFF58
:10B90000FFFFFFFFFFFFFFFFFFFFFFFFFFFFFFFF47
:10B91000FFFFFFFFFFFFFFFFFFFFFFFFFFFFFFFF37
:10B92000FFFFFFFFFFFFFFFFFFFFFFFFFFFFFFFF27
:10B93000FFFFFFFFFFFFFFFFFFFFFFFFFFFFFFFF17
:10B94000FFFFFFFFFFFFFFFFFFFFFFFFFFFFFFFF07
:10B95000FFFFFFFFFFFFFFFFFFFFFFFFFFFFFFFFF7
:10B96000FFFFFFFFFFFFFFFFFFFFFFFFFFFFFFFFE7
:10B97000FFFFFFFFFFFFFFFFFFFFFFFFFFFFFFFFD7
:10B98000FFFFFFFFFFFFFFFFFFFFFFFFFFFFFFFFC7
:10B99000FFFFFFFFFFFFFFFFFFFFFFFFFFFFFFFFB7
:10B9A000FFFFFFFFFFFFFFFFFFFFFFFFFFFFFFFFA7
:10B9B000FFFFFFFFFFFFFFFFFFFFFFFFFFFFFFFF97
:10B9C000FFFFFFFFFFFFFFFFFFFFFFFFFFFFFFFF87
:10B9D000FFFFFFFFFFFFFFFFFFFFFFFFFFFFFFFF77
:10B9E000FFFFFFFFFFFFFFFFFFFFFFFFFFFFFFFF67
:10B9F000FFFFFFFFFFFFFFFFFFFFFFFFFFFFFFFF57
:10BA0000FFFFFFFFFFFFFFFFFFFFFFFFFFFFFFFF46
:10BA1000FFFFFFFFFFFFFFFFFFFFFFFFFFFFFFFF36
:10BA2000FFFFFFFFFFFFFFFFFFFFFFFFFFFFFFFF26
:10BA3000FFFFFFFFFFFFFFFFFFFFFFFFFFFFFFFF16
:10BA4000FFFFFFFFFFFFFFFFFFFFFFFFFFFFFFFF06
:10BA5000FFFFFFFFFFFFFFFFFFFFFFFFFFFFFFFFF6
:10BA6000FFFFFFFFFFFFFFFFFFFFFFFFFFFFFFFFE6
:10BA7000FFFFFFFFFFFFFFFFFFFFFFFFFFFFFFFFD6
:10BA8000FFFFFFFFFFFFFFFFFFFFFFFFFFFFFFFFC6
:10BA9000FFFFFFFFFFFFFFFFFFFFFFFFFFFFFFFFB6
:10BAA000FFFFFFFFFFFFFFFFFFFFFFFFFFFFFFFFA6
:10BAB000FFFFFFFFFFFFFFFFFFFFFFFFFFFFFFFF96
:10BAC000FFFFFFFFFFFFFFFFFFFFFFFFFFFFFFFF86
:10BAD000FFFFFFFFFFFFFFFFFFFFFFFFFFFFFFFF76
:10BAE000FFFFFFFFFFFFFFFFFFFFFFFFFFFFFFFF66
:10BAF000FFFFFFFFFFFFFFFFFFFFFFFFFFFFFFFF56
:10BB0000FFFFFFFFFFFFFFFFFFFFFFFFFFFFFFFF45
:10BB1000FFFFFFFFFFFFFFFFFFFFFFFFFFFFFFFF35
:10BB2000FFFFFFFFFFFFFFFFFFFFFFFFFFFFFFFF25
:10BB3000FFFFFFFFFFFFFFFFFFFFFFFFFFFFFFFF15
:10BB4000FFFFFFFFFFFFFFFFFFFFFFFFFFFFFFFF05
:10BB5000FFFFFFFFFFFFFFFFFFFFFFFFFFFFFFFFF5
:10BB6000FFFFFFFFFFFFFFFFFFFFFFFFFFFFFFFFE5
:10BB7000FFFFFFFFFFFFFFFFFFFFFFFFFFFFFFFFD5
:10BB8000FFFFFFFFFFFFFFFFFFFFFFFFFFFFFFFFC5
:10BB9000FFFFFFFFFFFFFFFFFFFFFFFFFFFFFFFFB5
:10BBA000FFFFFFFFFFFFFFFFFFFFFFFFFFFFFFFFA5
:10BBB000FFFFFFFFFFFFFFFFFFFFFFFFFFFFFFFF95
:10BBC000FFFFFFFFFFFFFFFFFFFFFFFFFFFFFFFF85
:10BBD000FFFFFFFFFFFFFFFFFFFFFFFFFFFFFFFF75
:10BBE000FFFFFFFFFFFFFFFFFFFFFFFFFFFFFFFF65
:10BBF000FFFFFFFFFFFFFFFFFFFFFFFFFFFFFFFF55
:10BC0000FFFFFFFFFFFFFFFFFFFFFFFFFFFFFFFF44
:10BC1000FFFFFFFFFFFFFFFFFFFFFFFFFFFFFFFF34
:10BC2000FFFFFFFFFFFFFFFFFFFFFFFFFFFFFFFF24
:10BC3000FFFFFFFFFFFFFFFFFFFFFFFFFFFFFFFF14
:10BC4000FFFFFFFFFFFFFFFFFFFFFFFFFFFFFFFF04
:10BC5000FFFFFFFFFFFFFFFFFFFFFFFFFFFFFFFFF4
:10BC6000FFFFFFFFFFFFFFFFFFFFFFFFFFFFFFFFE4
:10BC7000FFFFFFFFFFFFFFFFFFFFFFFFFFFFFFFFD4
:10BC8000FFFFFFFFFFFFFFFFFFFFFFFFFFFFFFFFC4
:10BC9000FFFFFFFFFFFFFFFFFFFFFFFFFFFFFFFFB4
:10BCA000FFFFFFFFFFFFFFFFFFFFFFFFFFFFFFFFA4
:10BCB000FFFFFFFFFFFFFFFFFFFFFFFFFFFFFFFF94
:10BCC000FFFFFFFFFFFFFFFFFFFFFFFFFFFFFFFF84
:10BCD000FFFFFFFFFFFFFFFFFFFFFFFFFFFFFFFF74
:10BCE000FFFFFFFFFFFFFFFFFFFFFFFFFFFFFFFF64
:10BCF000FFFFFFFFFFFFFFFFFFFFFFFFFFFFFFFF54
:10BD0000FFFFFFFFFFFFFFFFFFFFFFFFFFFFFFFF43
:10BD1000FFFFFFFFFFFFFFFFFFFFFFFFFFFFFFFF33
:10BD2000FFFFFFFFFFFFFFFFFFFFFFFFFFFFFFFF23
:10BD3000FFFFFFFFFFFFFFFFFFFFFFFFFFFFFFFF13
:10BD4000FFFFFFFFFFFFFFFFFFFFFFFFFFFFFFFF03
:10BD5000FFFFFFFFFFFFFFFFFFFFFFFFFFFFFFFFF3
:10BD6000FFFFFFFFFFFFFFFFFFFFFFFFFFFFFFFFE3
:10BD7000FFFFFFFFFFFFFFFFFFFFFFFFFFFFFFFFD3
:10BD8000FFFFFFFFFFFFFFFFFFFFFFFFFFFFFFFFC3
:10BD9000FFFFFFFFFFFFFFFFFFFFFFFFFFFFFFFFB3
:10BDA000FFFFFFFFFFFFFFFFFFFFFFFFFFFFFFFFA3
:10BDB000FFFFFFFFFFFFFFFFFFFFFFFFFFFFFFFF93
:10BDC000FFFFFFFFFFFFFFFFFFFFFFFFFFFFFFFF83
:10BDD000FFFFFFFFFFFFFFFFFFFFFFFFFFFFFFFF73
:10BDE000FFFFFFFFFFFFFFFFFFFFFFFFFFFFFFFF63
:10BDF000FFFFFFFFFFFFFFFFFFFFFFFFFFFFFFFF53
:10BE0000FFFFFFFFFFFFFFFFFFFFFFFFFFFFFFFF42
:10BE1000FFFFFFFFFFFFFFFFFFFFFFFFFFFFFFFF32
:10BE2000FFFFFFFFFFFFFFFFFFFFFFFFFFFFFFFF22
:10BE3000FFFFFFFFFFFFFFFFFFFFFFFFFFFFFFFF12
:10BE4000FFFFFFFFFFFFFFFFFFFFFFFFFFFFFFFF02
:10BE5000FFFFFFFFFFFFFFFFFFFFFFFFFFFFFFFFF2
:10BE6000FFFFFFFFFFFFFFFFFFFFFFFFFFFFFFFFE2
:10BE7000FFFFFFFFFFFFFFFFFFFFFFFFFFFFFFFFD2
:10BE8000FFFFFFFFFFFFFFFFFFFFFFFFFFFFFFFFC2
:10BE9000FFFFFFFFFFFFFFFFFFFFFFFFFFFFFFFFB2
:10BEA000FFFFFFFFFFFFFFFFFFFFFFFFFFFFFFFFA2
:10BEB000FFFFFFFFFFFFFFFFFFFFFFFFFFFFFFFF92
:10BEC000FFFFFFFFFFFFFFFFFFFFFFFFFFFFFFFF82
:10BED000FFFFFFFFFFFFFFFFFFFFFFFFFFFFFFFF72
:10BEE000FFFFFFFFFFFFFFFFFFFFFFFFFFFFFFFF62
:10BEF000FFFFFFFFFFFFFFFFFFFFFFFFFFFFFFFF52
:10BF0000FFFFFFFFFFFFFFFFFFFFFFFFFFFFFFFF41
:10BF1000FFFFFFFFFFFFFFFFFFFFFFFFFFFFFFFF31
:10BF2000FFFFFFFFFFFFFFFFFFFFFFFFFFFFFFFF21
:10BF3000FFFFFFFFFFFFFFFFFFFFFFFFFFFFFFFF11
:10BF4000FFFFFFFFFFFFFFFFFFFFFFFFFFFFFFFF01
:10BF5000FFFFFFFFFFFFFFFFFFFFFFFFFFFFFFFFF1
:10BF6000FFFFFFFFFFFFFFFFFFFFFFFFFFFFFFFFE1
:10BF7000FFFFFFFFFFFFFFFFFFFFFFFFFFFFFFFFD1
:10BF8000FFFFFFFFFFFFFFFFFFFFFFFFFFFFFFFFC1
:10BF9000FFFFFFFFFFFFFFFFFFFFFFFFFFFFFFFFB1
:10BFA000FFFFFFFFFFFFFFFFFFFFFFFFFFFFFFFFA1
:10BFB000FFFFFFFFFFFFFFFFFFFFFFFFFFFFFFFF91
:10BFC000FFFFFFFFFFFFFFFFFFFFFFFFFFFFFFFF81
:10BFD000FFFFFFFFFFFFFFFFFFFFFFFFFFFFFFFF71
:10BFE000FFFFFFFFFFFFFFFFFFFFFFFFFFFFFFFF61
:10BFF000FFFFFFFFFFFFFFFFFFFFFFFFFFFFFFFF51
:10C00000FFFFFFFFFFFFFFFFFFFFFFFFFFFFFFFF40
:10C01000FFFFFFFFFFFFFFFFFFFFFFFFFFFFFFFF30
:10C02000FFFFFFFFFFFFFFFFFFFFFFFFFFFFFFFF20
:10C03000FFFFFFFFFFFFFFFFFFFFFFFFFFFFFFFF10
:10C04000FFFFFFFFFFFFFFFFFFFFFFFFFFFFFFFF00
:10C05000FFFFFFFFFFFFFFFFFFFFFFFFFFFFFFFFF0
:10C06000FFFFFFFFFFFFFFFFFFFFFFFFFFFFFFFFE0
:10C07000FFFFFFFFFFFFFFFFFFFFFFFFFFFFFFFFD0
:10C08000FFFFFFFFFFFFFFFFFFFFFFFFFFFFFFFFC0
:10C09000FFFFFFFFFFFFFFFFFFFFFFFFFFFFFFFFB0
:10C0A000FFFFFFFFFFFFFFFFFFFFFFFFFFFFFFFFA0
:10C0B000FFFFFFFFFFFFFFFFFFFFFFFFFFFFFFFF90
:10C0C000FFFFFFFFFFFFFFFFFFFFFFFFFFFFFFFF80
:10C0D000FFFFFFFFFFFFFFFFFFFFFFFFFFFFFFFF70
:10C0E000FFFFFFFFFFFFFFFFFFFFFFFFFFFFFFFF60
:10C0F000FFFFFFFFFFFFFFFFFFFFFFFFFFFFFFFF50
:10C10000FFFFFFFFFFFFFFFFFFFFFFFFFFFFFFFF3F
:10C11000FFFFFFFFFFFFFFFFFFFFFFFFFFFFFFFF2F
:10C12000FFFFFFFFFFFFFFFFFFFFFFFFFFFFFFFF1F
:10C13000FFFFFFFFFFFFFFFFFFFFFFFFFFFFFFFF0F
:10C14000FFFFFFFFFFFFFFFFFFFFFFFFFFFFFFFFFF
:10C15000FFFFFFFFFFFFFFFFFFFFFFFFFFFFFFFFEF
:10C16000FFFFFFFFFFFFFFFFFFFFFFFFFFFFFFFFDF
:10C17000FFFFFFFFFFFFFFFFFFFFFFFFFFFFFFFFCF
:10C18000FFFFFFFFFFFFFFFFFFFFFFFFFFFFFFFFBF
:10C19000FFFFFFFFFFFFFFFFFFFFFFFFFFFFFFFFAF
:10C1A000FFFFFFFFFFFFFFFFFFFFFFFFFFFFFFFF9F
:10C1B000FFFFFFFFFFFFFFFFFFFFFFFFFFFFFFFF8F
:10C1C000FFFFFFFFFFFFFFFFFFFFFFFFFFFFFFFF7F
:10C1D000FFFFFFFFFFFFFFFFFFFFFFFFFFFFFFFF6F
:10C1E000FFFFFFFFFFFFFFFFFFFFFFFFFFFFFFFF5F
:10C1F000FFFFFFFFFFFFFFFFFFFFFFFFFFFFFFFF4F
:10C20000FFFFFFFFFFFFFFFFFFFFFFFFFFFFFFFF3E
:10C21000FFFFFFFFFFFFFFFFFFFFFFFFFFFFFFFF2E
:10C22000FFFFFFFFFFFFFFFFFFFFFFFFFFFFFFFF1E
:10C23000FFFFFFFFFFFFFFFFFFFFFFFFFFFFFFFF0E
:10C24000FFFFFFFFFFFFFFFFFFFFFFFFFFFFFFFFFE
:10C25000FFFFFFFFFFFFFFFFFFFFFFFFFFFFFFFFEE
:10C26000FFFFFFFFFFFFFFFFFFFFFFFFFFFFFFFFDE
:10C27000FFFFFFFFFFFFFFFFFFFFFFFFFFFFFFFFCE
:10C28000FFFFFFFFFFFFFFFFFFFFFFFFFFFFFFFFBE
:10C29000FFFFFFFFFFFFFFFFFFFFFFFFFFFFFFFFAE
:10C2A000FFFFFFFFFFFFFFFFFFFFFFFFFFFFFFFF9E
:10C2B000FFFFFFFFFFFFFFFFFFFFFFFFFFFFFFFF8E
:10C2C000FFFFFFFFFFFFFFFFFFFFFFFFFFFFFFFF7E
:10C2D000FFFFFFFFFFFFFFFFFFFFFFFFFFFFFFFF6E
:10C2E000FFFFFFFFFFFFFFFFFFFFFFFFFFFFFFFF5E
:10C2F000FFFFFFFFFFFFFFFFFFFFFFFFFFFFFFFF4E
:10C30000FFFFFFFFFFFFFFFFFFFFFFFFFFFFFFFF3D
:10C31000FFFFFFFFFFFFFFFFFFFFFFFFFFFFFFFF2D
:10C32000FFFFFFFFFFFFFFFFFFFFFFFFFFFFFFFF1D
:10C33000FFFFFFFFFFFFFFFFFFFFFFFFFFFFFFFF0D
:10C34000FFFFFFFFFFFFFFFFFFFFFFFFFFFFFFFFFD
:10C35000FFFFFFFFFFFFFFFFFFFFFFFFFFFFFFFFED
:10C36000FFFFFFFFFFFFFFFFFFFFFFFFFFFFFFFFDD
:10C37000FFFFFFFFFFFFFFFFFFFFFFFFFFFFFFFFCD
:10C38000FFFFFFFFFFFFFFFFFFFFFFFFFFFFFFFFBD
:10C39000FFFFFFFFFFFFFFFFFFFFFFFFFFFFFFFFAD
:10C3A000FFFFFFFFFFFFFFFFFFFFFFFFFFFFFFFF9D
:10C3B000FFFFFFFFFFFFFFFFFFFFFFFFFFFFFFFF8D
:10C3C000FFFFFFFFFFFFFFFFFFFFFFFFFFFFFFFF7D
:10C3D000FFFFFFFFFFFFFFFFFFFFFFFFFFFFFFFF6D
:10C3E000FFFFFFFFFFFFFFFFFFFFFFFFFFFFFFFF5D
:10C3F000FFFFFFFFFFFFFFFFFFFFFFFFFFFFFFFF4D
:10C40000FFFFFFFFFFFFFFFFFFFFFFFFFFFFFFFF3C
:10C41000FFFFFFFFFFFFFFFFFFFFFFFFFFFFFFFF2C
:10C42000FFFFFFFFFFFFFFFFFFFFFFFFFFFFFFFF1C
:10C43000FFFFFFFFFFFFFFFFFFFFFFFFFFFFFFFF0C
:10C44000FFFFFFFFFFFFFFFFFFFFFFFFFFFFFFFFFC
:10C45000FFFFFFFFFFFFFFFFFFFFFFFFFFFFFFFFEC
:10C46000FFFFFFFFFFFFFFFFFFFFFFFFFFFFFFFFDC
:10C47000FFFFFFFFFFFFFFFFFFFFFFFFFFFFFFFFCC
:10C48000FFFFFFFFFFFFFFFFFFFFFFFFFFFFFFFFBC
:10C49000FFFFFFFFFFFFFFFFFFFFFFFFFFFFFFFFAC
:10C4A000FFFFFFFFFFFFFFFFFFFFFFFFFFFFFFFF9C
:10C4B000FFFFFFFFFFFFFFFFFFFFFFFFFFFFFFFF8C
:10C4C000FFFFFFFFFFFFFFFFFFFFFFFFFFFFFFFF7C
:10C4D000FFFFFFFFFFFFFFFFFFFFFFFFFFFFFFFF6C
:10C4E000FFFFFFFFFFFFFFFFFFFFFFFFFFFFFFFF5C
:10C4F000FFFFFFFFFFFFFFFFFFFFFFFFFFFFFFFF4C
:10C50000FFFFFFFFFFFFFFFFFFFFFFFFFFFFFFFF3B
:10C51000FFFFFFFFFFFFFFFFFFFFFFFFFFFFFFFF2B
:10C52000FFFFFFFFFFFFFFFFFFFFFFFFFFFFFFFF1B
:10C53000FFFFFFFFFFFFFFFFFFFFFFFFFFFFFFFF0B
:10C54000FFFFFFFFFFFFFFFFFFFFFFFFFFFFFFFFFB
:10C55000FFFFFFFFFFFFFFFFFFFFFFFFFFFFFFFFEB
:10C56000FFFFFFFFFFFFFFFFFFFFFFFFFFFFFFFFDB
:10C57000FFFFFFFFFFFFFFFFFFFFFFFFFFFFFFFFCB
:10C58000FFFFFFFFFFFFFFFFFFFFFFFFFFFFFFFFBB
:10C59000FFFFFFFFFFFFFFFFFFFFFFFFFFFFFFFFAB
:10C5A000FFFFFFFFFFFFFFFFFFFFFFFFFFFFFFFF9B
:10C5B000FFFFFFFFFFFFFFFFFFFFFFFFFFFFFFFF8B
:10C5C000FFFFFFFFFFFFFFFFFFFFFFFFFFFFFFFF7B
:10C5D000FFFFFFFFFFFFFFFFFFFFFFFFFFFFFFFF6B
:10C5E000FFFFFFFFFFFFFFFFFFFFFFFFFFFFFFFF5B
:10C5F000FFFFFFFFFFFFFFFFFFFFFFFFFFFFFFFF4B
:10C60000FFFFFFFFFFFFFFFFFFFFFFFFFFFFFFFF3A
:10C61000FFFFFFFFFFFFFFFFFFFFFFFFFFFFFFFF2A
:10C62000FFFFFFFFFFFFFFFFFFFFFFFFFFFFFFFF1A
:10C63000FFFFFFFFFFFFFFFFFFFFFFFFFFFFFFFF0A
:10C64000FFFFFFFFFFFFFFFFFFFFFFFFFFFFFFFFFA
:10C65000FFFFFFFFFFFFFFFFFFFFFFFFFFFFFFFFEA
:10C66000FFFFFFFFFFFFFFFFFFFFFFFFFFFFFFFFDA
:10C67000FFFFFFFFFFFFFFFFFFFFFFFFFFFFFFFFCA
:10C68000FFFFFFFFFFFFFFFFFFFFFFFFFFFFFFFFBA
:10C69000FFFFFFFFFFFFFFFFFFFFFFFFFFFFFFFFAA
:10C6A000FFFFFFFFFFFFFFFFFFFFFFFFFFFFFFFF9A
:10C6B000FFFFFFFFFFFFFFFFFFFFFFFFFFFFFFFF8A
:10C6C000FFFFFFFFFFFFFFFFFFFFFFFFFFFFFFFF7A
:10C6D000FFFFFFFFFFFFFFFFFFFFFFFFFFFFFFFF6A
:10C6E000FFFFFFFFFFFFFFFFFFFFFFFFFFFFFFFF5A
:10C6F000FFFFFFFFFFFFFFFFFFFFFFFFFFFFFFFF4A
:10C70000FFFFFFFFFFFFFFFFFFFFFFFFFFFFFFFF39
:10C71000FFFFFFFFFFFFFFFFFFFFFFFFFFFFFFFF29
:10C72000FFFFFFFFFFFFFFFFFFFFFFFFFFFFFFFF19
:10C73000FFFFFFFFFFFFFFFFFFFFFFFFFFFFFFFF09
:10C74000FFFFFFFFFFFFFFFFFFFFFFFFFFFFFFFFF9
:10C75000FFFFFFFFFFFFFFFFFFFFFFFFFFFFFFFFE9
:10C76000FFFFFFFFFFFFFFFFFFFFFFFFFFFFFFFFD9
:10C77000FFFFFFFFFFFFFFFFFFFFFFFFFFFFFFFFC9
:10C78000FFFFFFFFFFFFFFFFFFFFFFFFFFFFFFFFB9
:10C79000FFFFFFFFFFFFFFFFFFFFFFFFFFFFFFFFA9
:10C7A000FFFFFFFFFFFFFFFFFFFFFFFFFFFFFFFF99
:10C7B000FFFFFFFFFFFFFFFFFFFFFFFFFFFFFFFF89
:10C7C000FFFFFFFFFFFFFFFFFFFFFFFFFFFFFFFF79
:10C7D000FFFFFFFFFFFFFFFFFFFFFFFFFFFFFFFF69
:10C7E000FFFFFFFFFFFFFFFFFFFFFFFFFFFFFFFF59
:10C7F000FFFFFFFFFFFFFFFFFFFFFFFFFFFFFFFF49
:10C80000FFFFFFFFFFFFFFFFFFFFFFFFFFFFFFFF38
:10C81000FFFFFFFFFFFFFFFFFFFFFFFFFFFFFFFF28
:10C82000FFFFFFFFFFFFFFFFFFFFFFFFFFFFFFFF18
:10C83000FFFFFFFFFFFFFFFFFFFFFFFFFFFFFFFF08
:10C84000FFFFFFFFFFFFFFFFFFFFFFFFFFFFFFFFF8
:10C85000FFFFFFFFFFFFFFFFFFFFFFFFFFFFFFFFE8
:10C86000FFFFFFFFFFFFFFFFFFFFFFFFFFFFFFFFD8
:10C87000FFFFFFFFFFFFFFFFFFFFFFFFFFFFFFFFC8
:10C88000FFFFFFFFFFFFFFFFFFFFFFFFFFFFFFFFB8
:10C89000FFFFFFFFFFFFFFFFFFFFFFFFFFFFFFFFA8
:10C8A000FFFFFFFFFFFFFFFFFFFFFFFFFFFFFFFF98
:10C8B000FFFFFFFFFFFFFFFFFFFFFFFFFFFFFFFF88
:10C8C000FFFFFFFFFFFFFFFFFFFFFFFFFFFFFFFF78
:10C8D000FFFFFFFFFFFFFFFFFFFFFFFFFFFFFFFF68
:10C8E000FFFFFFFFFFFFFFFFFFFFFFFFFFFFFFFF58
:10C8F000FFFFFFFFFFFFFFFFFFFFFFFFFFFFFFFF48
:10C90000FFFFFFFFFFFFFFFFFFFFFFFFFFFFFFFF37
:10C91000FFFFFFFFFFFFFFFFFFFFFFFFFFFFFFFF27
:10C92000FFFFFFFFFFFFFFFFFFFFFFFFFFFFFFFF17
:10C93000FFFFFFFFFFFFFFFFFFFFFFFFFFFFFFFF07
:10C94000FFFFFFFFFFFFFFFFFFFFFFFFFFFFFFFFF7
:10C95000FFFFFFFFFFFFFFFFFFFFFFFFFFFFFFFFE7
:10C96000FFFFFFFFFFFFFFFFFFFFFFFFFFFFFFFFD7
:10C97000FFFFFFFFFFFFFFFFFFFFFFFFFFFFFFFFC7
:10C98000FFFFFFFFFFFFFFFFFFFFFFFFFFFFFFFFB7
:10C99000FFFFFFFFFFFFFFFFFFFFFFFFFFFFFFFFA7
:10C9A000FFFFFFFFFFFFFFFFFFFFFFFFFFFFFFFF97
:10C9B000FFFFFFFFFFFFFFFFFFFFFFFFFFFFFFFF87
:10C9C000FFFFFFFFFFFFFFFFFFFFFFFFFFFFFFFF77
:10C9D000FFFFFFFFFFFFFFFFFFFFFFFFFFFFFFFF67
:10C9E000FFFFFFFFFFFFFFFFFFFFFFFFFFFFFFFF57
:10C9F000FFFFFFFFFFFFFFFFFFFFFFFFFFFFFFFF47
:10CA0000FFFFFFFFFFFFFFFFFFFFFFFFFFFFFFFF36
:10CA1000FFFFFFFFFFFFFFFFFFFFFFFFFFFFFFFF26
:10CA2000FFFFFFFFFFFFFFFFFFFFFFFFFFFFFFFF16
:10CA3000FFFFFFFFFFFFFFFFFFFFFFFFFFFFFFFF06
:10CA4000FFFFFFFFFFFFFFFFFFFFFFFFFFFFFFFFF6
:10CA5000FFFFFFFFFFFFFFFFFFFFFFFFFFFFFFFFE6
:10CA6000FFFFFFFFFFFFFFFFFFFFFFFFFFFFFFFFD6
:10CA7000FFFFFFFFFFFFFFFFFFFFFFFFFFFFFFFFC6
:10CA8000FFFFFFFFFFFFFFFFFFFFFFFFFFFFFFFFB6
:10CA9000FFFFFFFFFFFFFFFFFFFFFFFFFFFFFFFFA6
:10CAA000FFFFFFFFFFFFFFFFFFFFFFFFFFFFFFFF96
:10CAB000FFFFFFFFFFFFFFFFFFFFFFFFFFFFFFFF86
:10CAC000FFFFFFFFFFFFFFFFFFFFFFFFFFFFFFFF76
:10CAD000FFFFFFFFFFFFFFFFFFFFFFFFFFFFFFFF66
:10CAE000FFFFFFFFFFFFFFFFFFFFFFFFFFFFFFFF56
:10CAF000FFFFFFFFFFFFFFFFFFFFFFFFFFFFFFFF46
:10CB0000FFFFFFFFFFFFFFFFFFFFFFFFFFFFFFFF35
:10CB1000FFFFFFFFFFFFFFFFFFFFFFFFFFFFFFFF25
:10CB2000FFFFFFFFFFFFFFFFFFFFFFFFFFFFFFFF15
:10CB3000FFFFFFFFFFFFFFFFFFFFFFFFFFFFFFFF05
:10CB4000FFFFFFFFFFFFFFFFFFFFFFFFFFFFFFFFF5
:10CB5000FFFFFFFFFFFFFFFFFFFFFFFFFFFFFFFFE5
:10CB6000FFFFFFFFFFFFFFFFFFFFFFFFFFFFFFFFD5
:10CB7000FFFFFFFFFFFFFFFFFFFFFFFFFFFFFFFFC5
:10CB8000FFFFFFFFFFFFFFFFFFFFFFFFFFFFFFFFB5
:10CB9000FFFFFFFFFFFFFFFFFFFFFFFFFFFFFFFFA5
:10CBA000FFFFFFFFFFFFFFFFFFFFFFFFFFFFFFFF95
:10CBB000FFFFFFFFFFFFFFFFFFFFFFFFFFFFFFFF85
:10CBC000FFFFFFFFFFFFFFFFFFFFFFFFFFFFFFFF75
:10CBD000FFFFFFFFFFFFFFFFFFFFFFFFFFFFFFFF65
:10CBE000FFFFFFFFFFFFFFFFFFFFFFFFFFFFFFFF55
:10CBF000FFFFFFFFFFFFFFFFFFFFFFFFFFFFFFFF45
:10CC0000FFFFFFFFFFFFFFFFFFFFFFFFFFFFFFFF34
:10CC1000FFFFFFFFFFFFFFFFFFFFFFFFFFFFFFFF24
:10CC2000FFFFFFFFFFFFFFFFFFFFFFFFFFFFFFFF14
:10CC3000FFFFFFFFFFFFFFFFFFFFFFFFFFFFFFFF04
:10CC4000FFFFFFFFFFFFFFFFFFFFFFFFFFFFFFFFF4
:10CC5000FFFFFFFFFFFFFFFFFFFFFFFFFFFFFFFFE4
:10CC6000FFFFFFFFFFFFFFFFFFFFFFFFFFFFFFFFD4
:10CC7000FFFFFFFFFFFFFFFFFFFFFFFFFFFFFFFFC4
:10CC8000FFFFFFFFFFFFFFFFFFFFFFFFFFFFFFFFB4
:10CC9000FFFFFFFFFFFFFFFFFFFFFFFFFFFFFFFFA4
:10CCA000FFFFFFFFFFFFFFFFFFFFFFFFFFFFFFFF94
:10CCB000FFFFFFFFFFFFFFFFFFFFFFFFFFFFFFFF84
:10CCC000FFFFFFFFFFFFFFFFFFFFFFFFFFFFFFFF74
:10CCD000FFFFFFFFFFFFFFFFFFFFFFFFFFFFFFFF64
:10CCE000FFFFFFFFFFFFFFFFFFFFFFFFFFFFFFFF54
:10CCF000FFFFFFFFFFFFFFFFFFFFFFFFFFFFFFFF44
:10CD0000FFFFFFFFFFFFFFFFFFFFFFFFFFFFFFFF33
:10CD1000FFFFFFFFFFFFFFFFFFFFFFFFFFFFFFFF23
:10CD2000FFFFFFFFFFFFFFFFFFFFFFFFFFFFFFFF13
:10CD3000FFFFFFFFFFFFFFFFFFFFFFFFFFFFFFFF03
:10CD4000FFFFFFFFFFFFFFFFFFFFFFFFFFFFFFFFF3
:10CD5000FFFFFFFFFFFFFFFFFFFFFFFFFFFFFFFFE3
:10CD6000FFFFFFFFFFFFFFFFFFFFFFFFFFFFFFFFD3
:10CD7000FFFFFFFFFFFFFFFFFFFFFFFFFFFFFFFFC3
:10CD8000FFFFFFFFFFFFFFFFFFFFFFFFFFFFFFFFB3
:10CD9000FFFFFFFFFFFFFFFFFFFFFFFFFFFFFFFFA3
:10CDA000FFFFFFFFFFFFFFFFFFFFFFFFFFFFFFFF93
:10CDB000FFFFFFFFFFFFFFFFFFFFFFFFFFFFFFFF83
:10CDC000FFFFFFFFFFFFFFFFFFFFFFFFFFFFFFFF73
:10CDD000FFFFFFFFFFFFFFFFFFFFFFFFFFFFFFFF63
:10CDE000FFFFFFFFFFFFFFFFFFFFFFFFFFFFFFFF53
:10CDF000FFFFFFFFFFFFFFFFFFFFFFFFFFFFFFFF43
:10CE0000FFFFFFFFFFFFFFFFFFFFFFFFFFFFFFFF32
:10CE1000FFFFFFFFFFFFFFFFFFFFFFFFFFFFFFFF22
:10CE2000FFFFFFFFFFFFFFFFFFFFFFFFFFFFFFFF12
:10CE3000FFFFFFFFFFFFFFFFFFFFFFFFFFFFFFFF02
:10CE4000FFFFFFFFFFFFFFFFFFFFFFFFFFFFFFFFF2
:10CE5000FFFFFFFFFFFFFFFFFFFFFFFFFFFFFFFFE2
:10CE6000FFFFFFFFFFFFFFFFFFFFFFFFFFFFFFFFD2
:10CE7000FFFFFFFFFFFFFFFFFFFFFFFFFFFFFFFFC2
:10CE8000FFFFFFFFFFFFFFFFFFFFFFFFFFFFFFFFB2
:10CE9000FFFFFFFFFFFFFFFFFFFFFFFFFFFFFFFFA2
:10CEA000FFFFFFFFFFFFFFFFFFFFFFFFFFFFFFFF92
:10CEB000FFFFFFFFFFFFFFFFFFFFFFFFFFFFFFFF82
:10CEC000FFFFFFFFFFFFFFFFFFFFFFFFFFFFFFFF72
:10CED000FFFFFFFFFFFFFFFFFFFFFFFFFFFFFFFF62
:10CEE000FFFFFFFFFFFFFFFFFFFFFFFFFFFFFFFF52
:10CEF000FFFFFFFFFFFFFFFFFFFFFFFFFFFFFFFF42
:10CF0000FFFFFFFFFFFFFFFFFFFFFFFFFFFFFFFF31
:10CF1000FFFFFFFFFFFFFFFFFFFFFFFFFFFFFFFF21
:10CF2000FFFFFFFFFFFFFFFFFFFFFFFFFFFFFFFF11
:10CF3000FFFFFFFFFFFFFFFFFFFFFFFFFFFFFFFF01
:10CF4000FFFFFFFFFFFFFFFFFFFFFFFFFFFFFFFFF1
:10CF5000FFFFFFFFFFFFFFFFFFFFFFFFFFFFFFFFE1
:10CF6000FFFFFFFFFFFFFFFFFFFFFFFFFFFFFFFFD1
:10CF7000FFFFFFFFFFFFFFFFFFFFFFFFFFFFFFFFC1
:10CF8000FFFFFFFFFFFFFFFFFFFFFFFFFFFFFFFFB1
:10CF9000FFFFFFFFFFFFFFFFFFFFFFFFFFFFFFFFA1
:10CFA000FFFFFFFFFFFFFFFFFFFFFFFFFFFFFFFF91
:10CFB000FFFFFFFFFFFFFFFFFFFFFFFFFFFFFFFF81
:10CFC000FFFFFFFFFFFFFFFFFFFFFFFFFFFFFFFF71
:10CFD000FFFFFFFFFFFFFFFFFFFFFFFFFFFFFFFF61
:10CFE000FFFFFFFFFFFFFFFFFFFFFFFFFFFFFFFF51
:10CFF000FFFFFFFFFFFFFFFFFFFFFFFFFFFFFFFF41
:10D00000FFFFFFFFFFFFFFFFFFFFFFFFFFFFFFFF30
:10D01000FFFFFFFFFFFFFFFFFFFFFFFFFFFFFFFF20
:10D02000FFFFFFFFFFFFFFFFFFFFFFFFFFFFFFFF10
:10D03000FFFFFFFFFFFFFFFFFFFFFFFFFFFFFFFF00
:10D04000FFFFFFFFFFFFFFFFFFFFFFFFFFFFFFFFF0
:10D05000FFFFFFFFFFFFFFFFFFFFFFFFFFFFFFFFE0
:10D06000FFFFFFFFFFFFFFFFFFFFFFFFFFFFFFFFD0
:10D07000FFFFFFFFFFFFFFFFFFFFFFFFFFFFFFFFC0
:10D08000FFFFFFFFFFFFFFFFFFFFFFFFFFFFFFFFB0
:10D09000FFFFFFFFFFFFFFFFFFFFFFFFFFFFFFFFA0
:10D0A000FFFFFFFFFFFFFFFFFFFFFFFFFFFFFFFF90
:10D0B000FFFFFFFFFFFFFFFFFFFFFFFFFFFFFFFF80
:10D0C000FFFFFFFFFFFFFFFFFFFFFFFFFFFFFFFF70
:10D0D000FFFFFFFFFFFFFFFFFFFFFFFFFFFFFFFF60
:10D0E000FFFFFFFFFFFFFFFFFFFFFFFFFFFFFFFF50
:10D0F000FFFFFFFFFFFFFFFFFFFFFFFFFFFFFFFF40
:10D10000FFFFFFFFFFFFFFFFFFFFFFFFFFFFFFFF2F
:10D11000FFFFFFFFFFFFFFFFFFFFFFFFFFFFFFFF1F
:10D12000FFFFFFFFFFFFFFFFFFFFFFFFFFFFFFFF0F
:10D13000FFFFFFFFFFFFFFFFFFFFFFFFFFFFFFFFFF
:10D14000FFFFFFFFFFFFFFFFFFFFFFFFFFFFFFFFEF
:10D15000FFFFFFFFFFFFFFFFFFFFFFFFFFFFFFFFDF
:10D16000FFFFFFFFFFFFFFFFFFFFFFFFFFFFFFFFCF
:10D17000FFFFFFFFFFFFFFFFFFFFFFFFFFFFFFFFBF
:10D18000FFFFFFFFFFFFFFFFFFFFFFFFFFFFFFFFAF
:10D19000FFFFFFFFFFFFFFFFFFFFFFFFFFFFFFFF9F
:10D1A000FFFFFFFFFFFFFFFFFFFFFFFFFFFFFFFF8F
:10D1B000FFFFFFFFFFFFFFFFFFFFFFFFFFFFFFFF7F
:10D1C000FFFFFFFFFFFFFFFFFFFFFFFFFFFFFFFF6F
:10D1D000FFFFFFFFFFFFFFFFFFFFFFFFFFFFFFFF5F
:10D1E000FFFFFFFFFFFFFFFFFFFFFFFFFFFFFFFF4F
:10D1F000FFFFFFFFFFFFFFFFFFFFFFFFFFFFFFFF3F
:10D20000FFFFFFFFFFFFFFFFFFFFFFFFFFFFFFFF2E
:10D21000FFFFFFFFFFFFFFFFFFFFFFFFFFFFFFFF1E
:10D22000FFFFFFFFFFFFFFFFFFFFFFFFFFFFFFFF0E
:10D23000FFFFFFFFFFFFFFFFFFFFFFFFFFFFFFFFFE
:10D24000FFFFFFFFFFFFFFFFFFFFFFFFFFFFFFFFEE
:10D25000FFFFFFFFFFFFFFFFFFFFFFFFFFFFFFFFDE
:10D26000FFFFFFFFFFFFFFFFFFFFFFFFFFFFFFFFCE
:10D27000FFFFFFFFFFFFFFFFFFFFFFFFFFFFFFFFBE
:10D28000FFFFFFFFFFFFFFFFFFFFFFFFFFFFFFFFAE
:10D29000FFFFFFFFFFFFFFFFFFFFFFFFFFFFFFFF9E
:10D2A000FFFFFFFFFFFFFFFFFFFFFFFFFFFFFFFF8E
:10D2B000FFFFFFFFFFFFFFFFFFFFFFFFFFFFFFFF7E
:10D2C000FFFFFFFFFFFFFFFFFFFFFFFFFFFFFFFF6E
:10D2D000FFFFFFFFFFFFFFFFFFFFFFFFFFFFFFFF5E
:10D2E000FFFFFFFFFFFFFFFFFFFFFFFFFFFFFFFF4E
:10D2F000FFFFFFFFFFFFFFFFFFFFFFFFFFFFFFFF3E
:10D30000FFFFFFFFFFFFFFFFFFFFFFFFFFFFFFFF2D
:10D31000FFFFFFFFFFFFFFFFFFFFFFFFFFFFFFFF1D
:10D32000FFFFFFFFFFFFFFFFFFFFFFFFFFFFFFFF0D
:10D33000FFFFFFFFFFFFFFFFFFFFFFFFFFFFFFFFFD
:10D34000FFFFFFFFFFFFFFFFFFFFFFFFFFFFFFFFED
:10D35000FFFFFFFFFFFFFFFFFFFFFFFFFFFFFFFFDD
:10D36000FFFFFFFFFFFFFFFFFFFFFFFFFFFFFFFFCD
:10D37000FFFFFFFFFFFFFFFFFFFFFFFFFFFFFFFFBD
:10D38000FFFFFFFFFFFFFFFFFFFFFFFFFFFFFFFFAD
:10D39000FFFFFFFFFFFFFFFFFFFFFFFFFFFFFFFF9D
:10D3A000FFFFFFFFFFFFFFFFFFFFFFFFFFFFFFFF8D
:10D3B000FFFFFFFFFFFFFFFFFFFFFFFFFFFFFFFF7D
:10D3C000FFFFFFFFFFFFFFFFFFFFFFFFFFFFFFFF6D
:10D3D000FFFFFFFFFFFFFFFFFFFFFFFFFFFFFFFF5D
:10D3E000FFFFFFFFFFFFFFFFFFFFFFFFFFFFFFFF4D
:10D3F000FFFFFFFFFFFFFFFFFFFFFFFFFFFFFFFF3D
:10D40000FFFFFFFFFFFFFFFFFFFFFFFFFFFFFFFF2C
:10D41000FFFFFFFFFFFFFFFFFFFFFFFFFFFFFFFF1C
:10D42000FFFFFFFFFFFFFFFFFFFFFFFFFFFFFFFF0C
:10D43000FFFFFFFFFFFFFFFFFFFFFFFFFFFFFFFFFC
:10D44000FFFFFFFFFFFFFFFFFFFFFFFFFFFFFFFFEC
:10D45000FFFFFFFFFFFFFFFFFFFFFFFFFFFFFFFFDC
:10D46000FFFFFFFFFFFFFFFFFFFFFFFFFFFFFFFFCC
:10D47000FFFFFFFFFFFFFFFFFFFFFFFFFFFFFFFFBC
:10D48000FFFFFFFFFFFFFFFFFFFFFFFFFFFFFFFFAC
:10D49000FFFFFFFFFFFFFFFFFFFFFFFFFFFFFFFF9C
:10D4A000FFFFFFFFFFFFFFFFFFFFFFFFFFFFFFFF8C
:10D4B000FFFFFFFFFFFFFFFFFFFFFFFFFFFFFFFF7C
:10D4C000FFFFFFFFFFFFFFFFFFFFFFFFFFFFFFFF6C
:10D4D000FFFFFFFFFFFFFFFFFFFFFFFFFFFFFFFF5C
:10D4E000FFFFFFFFFFFFFFFFFFFFFFFFFFFFFFFF4C
:10D4F000FFFFFFFFFFFFFFFFFFFFFFFFFFFFFFFF3C
:10D50000FFFFFFFFFFFFFFFFFFFFFFFFFFFFFFFF2B
:10D51000FFFFFFFFFFFFFFFFFFFFFFFFFFFFFFFF1B
:10D52000FFFFFFFFFFFFFFFFFFFFFFFFFFFFFFFF0B
:10D53000FFFFFFFFFFFFFFFFFFFFFFFFFFFFFFFFFB
:10D54000FFFFFFFFFFFFFFFFFFFFFFFFFFFFFFFFEB
:10D55000FFFFFFFFFFFFFFFFFFFFFFFFFFFFFFFFDB
:10D56000FFFFFFFFFFFFFFFFFFFFFFFFFFFFFFFFCB
:10D57000FFFFFFFFFFFFFFFFFFFFFFFFFFFFFFFFBB
:10D58000FFFFFFFFFFFFFFFFFFFFFFFFFFFFFFFFAB
:10D59000FFFFFFFFFFFFFFFFFFFFFFFFFFFFFFFF9B
:10D5A000FFFFFFFFFFFFFFFFFFFFFFFFFFFFFFFF8B
:10D5B000FFFFFFFFFFFFFFFFFFFFFFFFFFFFFFFF7B
:10D5C000FFFFFFFFFFFFFFFFFFFFFFFFFFFFFFFF6B
:10D5D000FFFFFFFFFFFFFFFFFFFFFFFFFFFFFFFF5B
:10D5E000FFFFFFFFFFFFFFFFFFFFFFFFFFFFFFFF4B
:10D5F000FFFFFFFFFFFFFFFFFFFFFFFFFFFFFFFF3B
:10D60000FFFFFFFFFFFFFFFFFFFFFFFFFFFFFFFF2A
:10D61000FFFFFFFFFFFFFFFFFFFFFFFFFFFFFFFF1A
:10D62000FFFFFFFFFFFFFFFFFFFFFFFFFFFFFFFF0A
:10D63000FFFFFFFFFFFFFFFFFFFFFFFFFFFFFFFFFA
:10D64000FFFFFFFFFFFFFFFFFFFFFFFFFFFFFFFFEA
:10D65000FFFFFFFFFFFFFFFFFFFFFFFFFFFFFFFFDA
:10D66000FFFFFFFFFFFFFFFFFFFFFFFFFFFFFFFFCA
:10D67000FFFFFFFFFFFFFFFFFFFFFFFFFFFFFFFFBA
:10D68000FFFFFFFFFFFFFFFFFFFFFFFFFFFFFFFFAA
:10D69000FFFFFFFFFFFFFFFFFFFFFFFFFFFFFFFF9A
:10D6A000FFFFFFFFFFFFFFFFFFFFFFFFFFFFFFFF8A
:10D6B000FFFFFFFFFFFFFFFFFFFFFFFFFFFFFFFF7A
:10D6C000FFFFFFFFFFFFFFFFFFFFFFFFFFFFFFFF6A
:10D6D000FFFFFFFFFFFFFFFFFFFFFFFFFFFFFFFF5A
:10D6E000FFFFFFFFFFFFFFFFFFFFFFFFFFFFFFFF4A
:10D6F000FFFFFFFFFFFFFFFFFFFFFFFFFFFFFFFF3A
:10D70000FFFFFFFFFFFFFFFFFFFFFFFFFFFFFFFF29
:10D71000FFFFFFFFFFFFFFFFFFFFFFFFFFFFFFFF19
:10D72000FFFFFFFFFFFFFFFFFFFFFFFFFFFFFFFF09
:10D73000FFFFFFFFFFFFFFFFFFFFFFFFFFFFFFFFF9
:10D74000FFFFFFFFFFFFFFFFFFFFFFFFFFFFFFFFE9
:10D75000FFFFFFFFFFFFFFFFFFFFFFFFFFFFFFFFD9
:10D76000FFFFFFFFFFFFFFFFFFFFFFFFFFFFFFFFC9
:10D77000FFFFFFFFFFFFFFFFFFFFFFFFFFFFFFFFB9
:10D78000FFFFFFFFFFFFFFFFFFFFFFFFFFFFFFFFA9
:10D79000FFFFFFFFFFFFFFFFFFFFFFFFFFFFFFFF99
:10D7A000FFFFFFFFFFFFFFFFFFFFFFFFFFFFFFFF89
:10D7B000FFFFFFFFFFFFFFFFFFFFFFFFFFFFFFFF79
:10D7C000FFFFFFFFFFFFFFFFFFFFFFFFFFFFFFFF69
:10D7D000FFFFFFFFFFFFFFFFFFFFFFFFFFFFFFFF59
:10D7E000FFFFFFFFFFFFFFFFFFFFFFFFFFFFFFFF49
:10D7F000FFFFFFFFFFFFFFFFFFFFFFFFFFFFFFFF39
:10D80000FFFFFFFFFFFFFFFFFFFFFFFFFFFFFFFF28
:10D81000FFFFFFFFFFFFFFFFFFFFFFFFFFFFFFFF18
:10D82000FFFFFFFFFFFFFFFFFFFFFFFFFFFFFFFF08
:10D83000FFFFFFFFFFFFFFFFFFFFFFFFFFFFFFFFF8
:10D84000FFFFFFFFFFFFFFFFFFFFFFFFFFFFFFFFE8
:10D85000FFFFFFFFFFFFFFFFFFFFFFFFFFFFFFFFD8
:10D86000FFFFFFFFFFFFFFFFFFFFFFFFFFFFFFFFC8
:10D87000FFFFFFFFFFFFFFFFFFFFFFFFFFFFFFFFB8
:10D88000FFFFFFFFFFFFFFFFFFFFFFFFFFFFFFFFA8
:10D89000FFFFFFFFFFFFFFFFFFFFFFFFFFFFFFFF98
:10D8A000FFFFFFFFFFFFFFFFFFFFFFFFFFFFFFFF88
:10D8B000FFFFFFFFFFFFFFFFFFFFFFFFFFFFFFFF78
:10D8C000FFFFFFFFFFFFFFFFFFFFFFFFFFFFFFFF68
:10D8D000FFFFFFFFFFFFFFFFFFFFFFFFFFFFFFFF58
:10D8E000FFFFFFFFFFFFFFFFFFFFFFFFFFFFFFFF48
:10D8F000FFFFFFFFFFFFFFFFFFFFFFFFFFFFFFFF38
:10D90000FFFFFFFFFFFFFFFFFFFFFFFFFFFFFFFF27
:10D91000FFFFFFFFFFFFFFFFFFFFFFFFFFFFFFFF17
:10D92000FFFFFFFFFFFFFFFFFFFFFFFFFFFFFFFF07
:10D93000FFFFFFFFFFFFFFFFFFFFFFFFFFFFFFFFF7
:10D94000FFFFFFFFFFFFFFFFFFFFFFFFFFFFFFFFE7
:10D95000FFFFFFFFFFFFFFFFFFFFFFFFFFFFFFFFD7
:10D96000FFFFFFFFFFFFFFFFFFFFFFFFFFFFFFFFC7
:10D97000FFFFFFFFFFFFFFFFFFFFFFFFFFFFFFFFB7
:10D98000FFFFFFFFFFFFFFFFFFFFFFFFFFFFFFFFA7
:10D99000FFFFFFFFFFFFFFFFFFFFFFFFFFFFFFFF97
:10D9A000FFFFFFFFFFFFFFFFFFFFFFFFFFFFFFFF87
:10D9B000FFFFFFFFFFFFFFFFFFFFFFFFFFFFFFFF77
:10D9C000FFFFFFFFFFFFFFFFFFFFFFFFFFFFFFFF67
:10D9D000FFFFFFFFFFFFFFFFFFFFFFFFFFFFFFFF57
:10D9E000FFFFFFFFFFFFFFFFFFFFFFFFFFFFFFFF47
:10D9F000FFFFFFFFFFFFFFFFFFFFFFFFFFFFFFFF37
:10DA0000FFFFFFFFFFFFFFFFFFFFFFFFFFFFFFFF26
:10DA1000FFFFFFFFFFFFFFFFFFFFFFFFFFFFFFFF16
:10DA2000FFFFFFFFFFFFFFFFFFFFFFFFFFFFFFFF06
:10DA3000FFFFFFFFFFFFFFFFFFFFFFFFFFFFFFFFF6
:10DA4000FFFFFFFFFFFFFFFFFFFFFFFFFFFFFFFFE6
:10DA5000FFFFFFFFFFFFFFFFFFFFFFFFFFFFFFFFD6
:10DA6000FFFFFFFFFFFFFFFFFFFFFFFFFFFFFFFFC6
:10DA7000FFFFFFFFFFFFFFFFFFFFFFFFFFFFFFFFB6
:10DA8000FFFFFFFFFFFFFFFFFFFFFFFFFFFFFFFFA6
:10DA9000FFFFFFFFFFFFFFFFFFFFFFFFFFFFFFFF96
:10DAA000FFFFFFFFFFFFFFFFFFFFFFFFFFFFFFFF86
:10DAB000FFFFFFFFFFFFFFFFFFFFFFFFFFFFFFFF76
:10DAC000FFFFFFFFFFFFFFFFFFFFFFFFFFFFFFFF66
:10DAD000FFFFFFFFFFFFFFFFFFFFFFFFFFFFFFFF56
:10DAE000FFFFFFFFFFFFFFFFFFFFFFFFFFFFFFFF46
:10DAF000FFFFFFFFFFFFFFFFFFFFFFFFFFFFFFFF36
:10DB0000FFFFFFFFFFFFFFFFFFFFFFFFFFFFFFFF25
:10DB1000FFFFFFFFFFFFFFFFFFFFFFFFFFFFFFFF15
:10DB2000FFFFFFFFFFFFFFFFFFFFFFFFFFFFFFFF05
:10DB3000FFFFFFFFFFFFFFFFFFFFFFFFFFFFFFFFF5
:10DB4000FFFFFFFFFFFFFFFFFFFFFFFFFFFFFFFFE5
:10DB5000FFFFFFFFFFFFFFFFFFFFFFFFFFFFFFFFD5
:10DB6000FFFFFFFFFFFFFFFFFFFFFFFFFFFFFFFFC5
:10DB7000FFFFFFFFFFFFFFFFFFFFFFFFFFFFFFFFB5
:10DB8000FFFFFFFFFFFFFFFFFFFFFFFFFFFFFFFFA5
:10DB9000FFFFFFFFFFFFFFFFFFFFFFFFFFFFFFFF95
:10DBA000FFFFFFFFFFFFFFFFFFFFFFFFFFFFFFFF85
:10DBB000FFFFFFFFFFFFFFFFFFFFFFFFFFFFFFFF75
:10DBC000FFFFFFFFFFFFFFFFFFFFFFFFFFFFFFFF65
:10DBD000FFFFFFFFFFFFFFFFFFFFFFFFFFFFFFFF55
:10DBE000FFFFFFFFFFFFFFFFFFFFFFFFFFFFFFFF45
:10DBF000FFFFFFFFFFFFFFFFFFFFFFFFFFFFFFFF35
:10DC0000FFFFFFFFFFFFFFFFFFFFFFFFFFFFFFFF24
:10DC1000FFFFFFFFFFFFFFFFFFFFFFFFFFFFFFFF14
:10DC2000FFFFFFFFFFFFFFFFFFFFFFFFFFFFFFFF04
:10DC3000FFFFFFFFFFFFFFFFFFFFFFFFFFFFFFFFF4
:10DC4000FFFFFFFFFFFFFFFFFFFFFFFFFFFFFFFFE4
:10DC5000FFFFFFFFFFFFFFFFFFFFFFFFFFFFFFFFD4
:10DC6000FFFFFFFFFFFFFFFFFFFFFFFFFFFFFFFFC4
:10DC7000FFFFFFFFFFFFFFFFFFFFFFFFFFFFFFFFB4
:10DC8000FFFFFFFFFFFFFFFFFFFFFFFFFFFFFFFFA4
:10DC9000FFFFFFFFFFFFFFFFFFFFFFFFFFFFFFFF94
:10DCA000FFFFFFFFFFFFFFFFFFFFFFFFFFFFFFFF84
:10DCB000FFFFFFFFFFFFFFFFFFFFFFFFFFFFFFFF74
:10DCC000FFFFFFFFFFFFFFFFFFFFFFFFFFFFFFFF64
:10DCD000FFFFFFFFFFFFFFFFFFFFFFFFFFFFFFFF54
:10DCE000FFFFFFFFFFFFFFFFFFFFFFFFFFFFFFFF44
:10DCF000FFFFFFFFFFFFFFFFFFFFFFFFFFFFFFFF34
:10DD0000FFFFFFFFFFFFFFFFFFFFFFFFFFFFFFFF23
:10DD1000FFFFFFFFFFFFFFFFFFFFFFFFFFFFFFFF13
:10DD2000FFFFFFFFFFFFFFFFFFFFFFFFFFFFFFFF03
:10DD3000FFFFFFFFFFFFFFFFFFFFFFFFFFFFFFFFF3
:10DD4000FFFFFFFFFFFFFFFFFFFFFFFFFFFFFFFFE3
:10DD5000FFFFFFFFFFFFFFFFFFFFFFFFFFFFFFFFD3
:10DD6000FFFFFFFFFFFFFFFFFFFFFFFFFFFFFFFFC3
:10DD7000FFFFFFFFFFFFFFFFFFFFFFFFFFFFFFFFB3
:10DD8000FFFFFFFFFFFFFFFFFFFFFFFFFFFFFFFFA3
:10DD9000FFFFFFFFFFFFFFFFFFFFFFFFFFFFFFFF93
:10DDA000FFFFFFFFFFFFFFFFFFFFFFFFFFFFFFFF83
:10DDB000FFFFFFFFFFFFFFFFFFFFFFFFFFFFFFFF73
:10DDC000FFFFFFFFFFFFFFFFFFFFFFFFFFFFFFFF63
:10DDD000FFFFFFFFFFFFFFFFFFFFFFFFFFFFFFFF53
:10DDE000FFFFFFFFFFFFFFFFFFFFFFFFFFFFFFFF43
:10DDF000FFFFFFFFFFFFFFFFFFFFFFFFFFFFFFFF33
:10DE0000FFFFFFFFFFFFFFFFFFFFFFFFFFFFFFFF22
:10DE1000FFFFFFFFFFFFFFFFFFFFFFFFFFFFFFFF12
:10DE2000FFFFFFFFFFFFFFFFFFFFFFFFFFFFFFFF02
:10DE3000FFFFFFFFFFFFFFFFFFFFFFFFFFFFFFFFF2
:10DE4000FFFFFFFFFFFFFFFFFFFFFFFFFFFFFFFFE2
:10DE5000FFFFFFFFFFFFFFFFFFFFFFFFFFFFFFFFD2
:10DE6000FFFFFFFFFFFFFFFFFFFFFFFFFFFFFFFFC2
:10DE7000FFFFFFFFFFFFFFFFFFFFFFFFFFFFFFFFB2
:10DE8000FFFFFFFFFFFFFFFFFFFFFFFFFFFFFFFFA2
:10DE9000FFFFFFFFFFFFFFFFFFFFFFFFFFFFFFFF92
:10DEA000FFFFFFFFFFFFFFFFFFFFFFFFFFFFFFFF82
:10DEB000FFFFFFFFFFFFFFFFFFFFFFFFFFFFFFFF72
:10DEC000FFFFFFFFFFFFFFFFFFFFFFFFFFFFFFFF62
:10DED000FFFFFFFFFFFFFFFFFFFFFFFFFFFFFFFF52
:10DEE000FFFFFFFFFFFFFFFFFFFFFFFFFFFFFFFF42
:10DEF000FFFFFFFFFFFFFFFFFFFFFFFFFFFFFFFF32
:10DF0000FFFFFFFFFFFFFFFFFFFFFFFFFFFFFFFF21
:10DF1000FFFFFFFFFFFFFFFFFFFFFFFFFFFFFFFF11
:10DF2000FFFFFFFFFFFFFFFFFFFFFFFFFFFFFFFF01
:10DF3000FFFFFFFFFFFFFFFFFFFFFFFFFFFFFFFFF1
:10DF4000FFFFFFFFFFFFFFFFFFFFFFFFFFFFFFFFE1
:10DF5000FFFFFFFFFFFFFFFFFFFFFFFFFFFFFFFFD1
:10DF6000FFFFFFFFFFFFFFFFFFFFFFFFFFFFFFFFC1
:10DF7000FFFFFFFFFFFFFFFFFFFFFFFFFFFFFFFFB1
:10DF8000FFFFFFFFFFFFFFFFFFFFFFFFFFFFFFFFA1
:10DF9000FFFFFFFFFFFFFFFFFFFFFFFFFFFFFFFF91
:10DFA000FFFFFFFFFFFFFFFFFFFFFFFFFFFFFFFF81
:10DFB000FFFFFFFFFFFFFFFFFFFFFFFFFFFFFFFF71
:10DFC000FFFFFFFFFFFFFFFFFFFFFFFFFFFFFFFF61
:10DFD000FFFFFFFFFFFFFFFFFFFFFFFFFFFFFFFF51
:10DFE000FFFFFFFFFFFFFFFFFFFFFFFFFFFFFFFF41
:10DFF000FFFFFFFFFFFFFFFFFFFFFFFFFFFFFFFF31
:10E00000FFFFFFFFFFFFFFFFFFFFFFFFFFFFFFFF20
:10E01000FFFFFFFFFFFFFFFFFFFFFFFFFFFFFFFF10
:10E02000FFFFFFFFFFFFFFFFFFFFFFFFFFFFFFFF00
:10E03000FFFFFFFFFFFFFFFFFFFFFFFFFFFFFFFFF0
:10E04000FFFFFFFFFFFFFFFFFFFFFFFFFFFFFFFFE0
:10E05000FFFFFFFFFFFFFFFFFFFFFFFFFFFFFFFFD0
:10E06000FFFFFFFFFFFFFFFFFFFFFFFFFFFFFFFFC0
:10E07000FFFFFFFFFFFFFFFFFFFFFFFFFFFFFFFFB0
:10E08000FFFFFFFFFFFFFFFFFFFFFFFFFFFFFFFFA0
:10E09000FFFFFFFFFFFFFFFFFFFFFFFFFFFFFFFF90
:10E0A000FFFFFFFFFFFFFFFFFFFFFFFFFFFFFFFF80
:10E0B000FFFFFFFFFFFFFFFFFFFFFFFFFFFFFFFF70
:10E0C000FFFFFFFFFFFFFFFFFFFFFFFFFFFFFFFF60
:10E0D000FFFFFFFFFFFFFFFFFFFFFFFFFFFFFFFF50
:10E0E000FFFFFFFFFFFFFFFFFFFFFFFFFFFFFFFF40
:10E0F000FFFFFFFFFFFFFFFFFFFFFFFFFFFFFFFF30
:10E10000FFFFFFFFFFFFFFFFFFFFFFFFFFFFFFFF1F
:10E11000FFFFFFFFFFFFFFFFFFFFFFFFFFFFFFFF0F
:10E12000FFFFFFFFFFFFFFFFFFFFFFFFFFFFFFFFFF
:10E13000FFFFFFFFFFFFFFFFFFFFFFFFFFFFFFFFEF
:10E14000FFFFFFFFFFFFFFFFFFFFFFFFFFFFFFFFDF
:10E15000FFFFFFFFFFFFFFFFFFFFFFFFFFFFFFFFCF
:10E16000FFFFFFFFFFFFFFFFFFFFFFFFFFFFFFFFBF
:10E17000FFFFFFFFFFFFFFFFFFFFFFFFFFFFFFFFAF
:10E18000FFFFFFFFFFFFFFFFFFFFFFFFFFFFFFFF9F
:10E19000FFFFFFFFFFFFFFFFFFFFFFFFFFFFFFFF8F
:10E1A000FFFFFFFFFFFFFFFFFFFFFFFFFFFFFFFF7F
:10E1B000FFFFFFFFFFFFFFFFFFFFFFFFFFFFFFFF6F
:10E1C000FFFFFFFFFFFFFFFFFFFFFFFFFFFFFFFF5F
:10E1D000FFFFFFFFFFFFFFFFFFFFFFFFFFFFFFFF4F
:10E1E000FFFFFFFFFFFFFFFFFFFFFFFFFFFFFFFF3F
:10E1F000FFFFFFFFFFFFFFFFFFFFFFFFFFFFFFFF2F
:10E20000FFFFFFFFFFFFFFFFFFFFFFFFFFFFFFFF1E
:10E21000FFFFFFFFFFFFFFFFFFFFFFFFFFFFFFFF0E
:10E22000FFFFFFFFFFFFFFFFFFFFFFFFFFFFFFFFFE
:10E23000FFFFFFFFFFFFFFFFFFFFFFFFFFFFFFFFEE
:10E24000FFFFFFFFFFFFFFFFFFFFFFFFFFFFFFFFDE
:10E25000FFFFFFFFFFFFFFFFFFFFFFFFFFFFFFFFCE
:10E26000FFFFFFFFFFFFFFFFFFFFFFFFFFFFFFFFBE
:10E27000FFFFFFFFFFFFFFFFFFFFFFFFFFFFFFFFAE
:10E28000FFFFFFFFFFFFFFFFFFFFFFFFFFFFFFFF9E
:10E29000FFFFFFFFFFFFFFFFFFFFFFFFFFFFFFFF8E
:10E2A000FFFFFFFFFFFFFFFFFFFFFFFFFFFFFFFF7E
:10E2B000FFFFFFFFFFFFFFFFFFFFFFFFFFFFFFFF6E
:10E2C000FFFFFFFFFFFFFFFFFFFFFFFFFFFFFFFF5E
:10E2D000FFFFFFFFFFFFFFFFFFFFFFFFFFFFFFFF4E
:10E2E000FFFFFFFFFFFFFFFFFFFFFFFFFFFFFFFF3E
:10E2F000FFFFFFFFFFFFFFFFFFFFFFFFFFFFFFFF2E
:10E30000FFFFFFFFFFFFFFFFFFFFFFFFFFFFFFFF1D
:10E31000FFFFFFFFFFFFFFFFFFFFFFFFFFFFFFFF0D
:10E32000FFFFFFFFFFFFFFFFFFFFFFFFFFFFFFFFFD
:10E33000FFFFFFFFFFFFFFFFFFFFFFFFFFFFFFFFED
:10E34000FFFFFFFFFFFFFFFFFFFFFFFFFFFFFFFFDD
:10E35000FFFFFFFFFFFFFFFFFFFFFFFFFFFFFFFFCD
:10E36000FFFFFFFFFFFFFFFFFFFFFFFFFFFFFFFFBD
:10E37000FFFFFFFFFFFFFFFFFFFFFFFFFFFFFFFFAD
:10E38000FFFFFFFFFFFFFFFFFFFFFFFFFFFFFFFF9D
:10E39000FFFFFFFFFFFFFFFFFFFFFFFFFFFFFFFF8D
:10E3A000FFFFFFFFFFFFFFFFFFFFFFFFFFFFFFFF7D
:10E3B000FFFFFFFFFFFFFFFFFFFFFFFFFFFFFFFF6D
:10E3C000FFFFFFFFFFFFFFFFFFFFFFFFFFFFFFFF5D
:10E3D000FFFFFFFFFFFFFFFFFFFFFFFFFFFFFFFF4D
:10E3E000FFFFFFFFFFFFFFFFFFFFFFFFFFFFFFFF3D
:10E3F000FFFFFFFFFFFFFFFFFFFFFFFFFFFFFFFF2D
:10E40000FFFFFFFFFFFFFFFFFFFFFFFFFFFFFFFF1C
:10E41000FFFFFFFFFFFFFFFFFFFFFFFFFFFFFFFF0C
:10E42000FFFFFFFFFFFFFFFFFFFFFFFFFFFFFFFFFC
:10E43000FFFFFFFFFFFFFFFFFFFFFFFFFFFFFFFFEC
:10E44000FFFFFFFFFFFFFFFFFFFFFFFFFFFFFFFFDC
:10E45000FFFFFFFFFFFFFFFFFFFFFFFFFFFFFFFFCC
:10E46000FFFFFFFFFFFFFFFFFFFFFFFFFFFFFFFFBC
:10E47000FFFFFFFFFFFFFFFFFFFFFFFFFFFFFFFFAC
:10E48000FFFFFFFFFFFFFFFFFFFFFFFFFFFFFFFF9C
:10E49000FFFFFFFFFFFFFFFFFFFFFFFFFFFFFFFF8C
:10E4A000FFFFFFFFFFFFFFFFFFFFFFFFFFFFFFFF7C
:10E4B000FFFFFFFFFFFFFFFFFFFFFFFFFFFFFFFF6C
:10E4C000FFFFFFFFFFFFFFFFFFFFFFFFFFFFFFFF5C
:10E4D000FFFFFFFFFFFFFFFFFFFFFFFFFFFFFFFF4C
:10E4E000FFFFFFFFFFFFFFFFFFFFFFFFFFFFFFFF3C
:10E4F000FFFFFFFFFFFFFFFFFFFFFFFFFFFFFFFF2C
:10E50000FFFFFFFFFFFFFFFFFFFFFFFFFFFFFFFF1B
:10E51000FFFFFFFFFFFFFFFFFFFFFFFFFFFFFFFF0B
:10E52000FFFFFFFFFFFFFFFFFFFFFFFFFFFFFFFFFB
:10E53000FFFFFFFFFFFFFFFFFFFFFFFFFFFFFFFFEB
:10E54000FFFFFFFFFFFFFFFFFFFFFFFFFFFFFFFFDB
:10E55000FFFFFFFFFFFFFFFFFFFFFFFFFFFFFFFFCB
:10E56000FFFFFFFFFFFFFFFFFFFFFFFFFFFFFFFFBB
:10E57000FFFFFFFFFFFFFFFFFFFFFFFFFFFFFFFFAB
:10E58000FFFFFFFFFFFFFFFFFFFFFFFFFFFFFFFF9B
:10E59000FFFFFFFFFFFFFFFFFFFFFFFFFFFFFFFF8B
:10E5A000FFFFFFFFFFFFFFFFFFFFFFFFFFFFFFFF7B
:10E5B000FFFFFFFFFFFFFFFFFFFFFFFFFFFFFFFF6B
:10E5C000FFFFFFFFFFFFFFFFFFFFFFFFFFFFFFFF5B
:10E5D000FFFFFFFFFFFFFFFFFFFFFFFFFFFFFFFF4B
:10E5E000FFFFFFFFFFFFFFFFFFFFFFFFFFFFFFFF3B
:10E5F000FFFFFFFFFFFFFFFFFFFFFFFFFFFFFFFF2B
:10E60000FFFFFFFFFFFFFFFFFFFFFFFFFFFFFFFF1A
:10E61000FFFFFFFFFFFFFFFFFFFFFFFFFFFFFFFF0A
:10E62000FFFFFFFFFFFFFFFFFFFFFFFFFFFFFFFFFA
:10E63000FFFFFFFFFFFFFFFFFFFFFFFFFFFFFFFFEA
:10E64000FFFFFFFFFFFFFFFFFFFFFFFFFFFFFFFFDA
:10E65000FFFFFFFFFFFFFFFFFFFFFFFFFFFFFFFFCA
:10E66000FFFFFFFFFFFFFFFFFFFFFFFFFFFFFFFFBA
:10E67000FFFFFFFFFFFFFFFFFFFFFFFFFFFFFFFFAA
:10E68000FFFFFFFFFFFFFFFFFFFFFFFFFFFFFFFF9A
:10E69000FFFFFFFFFFFFFFFFFFFFFFFFFFFFFFFF8A
:10E6A000FFFFFFFFFFFFFFFFFFFFFFFFFFFFFFFF7A
:10E6B000FFFFFFFFFFFFFFFFFFFFFFFFFFFFFFFF6A
:10E6C000FFFFFFFFFFFFFFFFFFFFFFFFFFFFFFFF5A
:10E6D000FFFFFFFFFFFFFFFFFFFFFFFFFFFFFFFF4A
:10E6E000FFFFFFFFFFFFFFFFFFFFFFFFFFFFFFFF3A
:10E6F000FFFFFFFFFFFFFFFFFFFFFFFFFFFFFFFF2A
:10E70000FFFFFFFFFFFFFFFFFFFFFFFFFFFFFFFF19
:10E71000FFFFFFFFFFFFFFFFFFFFFFFFFFFFFFFF09
:10E72000FFFFFFFFFFFFFFFFFFFFFFFFFFFFFFFFF9
:10E73000FFFFFFFFFFFFFFFFFFFFFFFFFFFFFFFFE9
:10E74000FFFFFFFFFFFFFFFFFFFFFFFFFFFFFFFFD9
:10E75000FFFFFFFFFFFFFFFFFFFFFFFFFFFFFFFFC9
:10E76000FFFFFFFFFFFFFFFFFFFFFFFFFFFFFFFFB9
:10E77000FFFFFFFFFFFFFFFFFFFFFFFFFFFFFFFFA9
:10E78000FFFFFFFFFFFFFFFFFFFFFFFFFFFFFFFF99
:10E79000FFFFFFFFFFFFFFFFFFFFFFFFFFFFFFFF89
:10E7A000FFFFFFFFFFFFFFFFFFFFFFFFFFFFFFFF79
:10E7B000FFFFFFFFFFFFFFFFFFFFFFFFFFFFFFFF69
:10E7C000FFFFFFFFFFFFFFFFFFFFFFFFFFFFFFFF59
:10E7D000FFFFFFFFFFFFFFFFFFFFFFFFFFFFFFFF49
:10E7E000FFFFFFFFFFFFFFFFFFFFFFFFFFFFFFFF39
:10E7F000FFFFFFFFFFFFFFFFFFFFFFFFFFFFFFFF29
:10E80000FFFFFFFFFFFFFFFFFFFFFFFFFFFFFFFF18
:10E81000FFFFFFFFFFFFFFFFFFFFFFFFFFFFFFFF08
:10E82000FFFFFFFFFFFFFFFFFFFFFFFFFFFFFFFFF8
:10E83000FFFFFFFFFFFFFFFFFFFFFFFFFFFFFFFFE8
:10E84000FFFFFFFFFFFFFFFFFFFFFFFFFFFFFFFFD8
:10E85000FFFFFFFFFFFFFFFFFFFFFFFFFFFFFFFFC8
:10E86000FFFFFFFFFFFFFFFFFFFFFFFFFFFFFFFFB8
:10E87000FFFFFFFFFFFFFFFFFFFFFFFFFFFFFFFFA8
:10E88000FFFFFFFFFFFFFFFFFFFFFFFFFFFFFFFF98
:10E89000FFFFFFFFFFFFFFFFFFFFFFFFFFFFFFFF88
:10E8A000FFFFFFFFFFFFFFFFFFFFFFFFFFFFFFFF78
:10E8B000FFFFFFFFFFFFFFFFFFFFFFFFFFFFFFFF68
:10E8C000FFFFFFFFFFFFFFFFFFFFFFFFFFFFFFFF58
:10E8D000FFFFFFFFFFFFFFFFFFFFFFFFFFFFFFFF48
:10E8E000FFFFFFFFFFFFFFFFFFFFFFFFFFFFFFFF38
:10E8F000FFFFFFFFFFFFFFFFFFFFFFFFFFFFFFFF28
:10E90000FFFFFFFFFFFFFFFFFFFFFFFFFFFFFFFF17
:10E91000FFFFFFFFFFFFFFFFFFFFFFFFFFFFFFFF07
:10E92000FFFFFFFFFFFFFFFFFFFFFFFFFFFFFFFFF7
:10E93000FFFFFFFFFFFFFFFFFFFFFFFFFFFFFFFFE7
:10E94000FFFFFFFFFFFFFFFFFFFFFFFFFFFFFFFFD7
:10E95000FFFFFFFFFFFFFFFFFFFFFFFFFFFFFFFFC7
:10E96000FFFFFFFFFFFFFFFFFFFFFFFFFFFFFFFFB7
:10E97000FFFFFFFFFFFFFFFFFFFFFFFFFFFFFFFFA7
:10E98000FFFFFFFFFFFFFFFFFFFFFFFFFFFFFFFF97
:10E99000FFFFFFFFFFFFFFFFFFFFFFFFFFFFFFFF87
:10E9A000FFFFFFFFFFFFFFFFFFFFFFFFFFFFFFFF77
:10E9B000FFFFFFFFFFFFFFFFFFFFFFFFFFFFFFFF67
:10E9C000FFFFFFFFFFFFFFFFFFFFFFFFFFFFFFFF57
:10E9D000FFFFFFFFFFFFFFFFFFFFFFFFFFFFFFFF47
:10E9E000FFFFFFFFFFFFFFFFFFFFFFFFFFFFFFFF37
:10E9F000FFFFFFFFFFFFFFFFFFFFFFFFFFFFFFFF27
:10EA0000FFFFFFFFFFFFFFFFFFFFFFFFFFFFFFFF16
:10EA1000FFFFFFFFFFFFFFFFFFFFFFFFFFFFFFFF06
:10EA2000FFFFFFFFFFFFFFFFFFFFFFFFFFFFFFFFF6
:10EA3000FFFFFFFFFFFFFFFFFFFFFFFFFFFFFFFFE6
:10EA4000FFFFFFFFFFFFFFFFFFFFFFFFFFFFFFFFD6
:10EA5000FFFFFFFFFFFFFFFFFFFFFFFFFFFFFFFFC6
:10EA6000FFFFFFFFFFFFFFFFFFFFFFFFFFFFFFFFB6
:10EA7000FFFFFFFFFFFFFFFFFFFFFFFFFFFFFFFFA6
:10EA8000FFFFFFFFFFFFFFFFFFFFFFFFFFFFFFFF96
:10EA9000FFFFFFFFFFFFFFFFFFFFFFFFFFFFFFFF86
:10EAA000FFFFFFFFFFFFFFFFFFFFFFFFFFFFFFFF76
:10EAB000FFFFFFFFFFFFFFFFFFFFFFFFFFFFFFFF66
:10EAC000FFFFFFFFFFFFFFFFFFFFFFFFFFFFFFFF56
:10EAD000FFFFFFFFFFFFFFFFFFFFFFFFFFFFFFFF46
:10EAE000FFFFFFFFFFFFFFFFFFFFFFFFFFFFFFFF36
:10EAF000FFFFFFFFFFFFFFFFFFFFFFFFFFFFFFFF26
:10EB0000FFFFFFFFFFFFFFFFFFFFFFFFFFFFFFFF15
:10EB1000FFFFFFFFFFFFFFFFFFFFFFFFFFFFFFFF05
:10EB2000FFFFFFFFFFFFFFFFFFFFFFFFFFFFFFFFF5
:10EB3000FFFFFFFFFFFFFFFFFFFFFFFFFFFFFFFFE5
:10EB4000FFFFFFFFFFFFFFFFFFFFFFFFFFFFFFFFD5
:10EB5000FFFFFFFFFFFFFFFFFFFFFFFFFFFFFFFFC5
:10EB6000FFFFFFFFFFFFFFFFFFFFFFFFFFFFFFFFB5
:10EB7000FFFFFFFFFFFFFFFFFFFFFFFFFFFFFFFFA5
:10EB8000FFFFFFFFFFFFFFFFFFFFFFFFFFFFFFFF95
:10EB9000FFFFFFFFFFFFFFFFFFFFFFFFFFFFFFFF85
:10EBA000FFFFFFFFFFFFFFFFFFFFFFFFFFFFFFFF75
:10EBB000FFFFFFFFFFFFFFFFFFFFFFFFFFFFFFFF65
:10EBC000FFFFFFFFFFFFFFFFFFFFFFFFFFFFFFFF55
:10EBD000FFFFFFFFFFFFFFFFFFFFFFFFFFFFFFFF45
:10EBE000FFFFFFFFFFFFFFFFFFFFFFFFFFFFFFFF35
:10EBF000FFFFFFFFFFFFFFFFFFFFFFFFFFFFFFFF25
:10EC0000FFFFFFFFFFFFFFFFFFFFFFFFFFFFFFFF14
:10EC1000FFFFFFFFFFFFFFFFFFFFFFFFFFFFFFFF04
:10EC2000FFFFFFFFFFFFFFFFFFFFFFFFFFFFFFFFF4
:10EC3000FFFFFFFFFFFFFFFFFFFFFFFFFFFFFFFFE4
:10EC4000FFFFFFFFFFFFFFFFFFFFFFFFFFFFFFFFD4
:10EC5000FFFFFFFFFFFFFFFFFFFFFFFFFFFFFFFFC4
:10EC6000FFFFFFFFFFFFFFFFFFFFFFFFFFFFFFFFB4
:10EC7000FFFFFFFFFFFFFFFFFFFFFFFFFFFFFFFFA4
:10EC8000FFFFFFFFFFFFFFFFFFFFFFFFFFFFFFFF94
:10EC9000FFFFFFFFFFFFFFFFFFFFFFFFFFFFFFFF84
:10ECA000FFFFFFFFFFFFFFFFFFFFFFFFFFFFFFFF74
:10ECB000FFFFFFFFFFFFFFFFFFFFFFFFFFFFFFFF64
:10ECC000FFFFFFFFFFFFFFFFFFFFFFFFFFFFFFFF54
:10ECD000FFFFFFFFFFFFFFFFFFFFFFFFFFFFFFFF44
:10ECE000FFFFFFFFFFFFFFFFFFFFFFFFFFFFFFFF34
:10ECF000FFFFFFFFFFFFFFFFFFFFFFFFFFFFFFFF24
:10ED0000FFFFFFFFFFFFFFFFFFFFFFFFFFFFFFFF13
:10ED1000FFFFFFFFFFFFFFFFFFFFFFFFFFFFFFFF03
:10ED2000FFFFFFFFFFFFFFFFFFFFFFFFFFFFFFFFF3
:10ED3000FFFFFFFFFFFFFFFFFFFFFFFFFFFFFFFFE3
:10ED4000FFFFFFFFFFFFFFFFFFFFFFFFFFFFFFFFD3
:10ED5000FFFFFFFFFFFFFFFFFFFFFFFFFFFFFFFFC3
:10ED6000FFFFFFFFFFFFFFFFFFFFFFFFFFFFFFFFB3
:10ED7000FFFFFFFFFFFFFFFFFFFFFFFFFFFFFFFFA3
:10ED8000FFFFFFFFFFFFFFFFFFFFFFFFFFFFFFFF93
:10ED9000FFFFFFFFFFFFFFFFFFFFFFFFFFFFFFFF83
:10EDA000FFFFFFFFFFFFFFFFFFFFFFFFFFFFFFFF73
:10EDB000FFFFFFFFFFFFFFFFFFFFFFFFFFFFFFFF63
:10EDC000FFFFFFFFFFFFFFFFFFFFFFFFFFFFFFFF53
:10EDD000FFFFFFFFFFFFFFFFFFFFFFFFFFFFFFFF43
:10EDE000FFFFFFFFFFFFFFFFFFFFFFFFFFFFFFFF33
:10EDF000FFFFFFFFFFFFFFFFFFFFFFFFFFFFFFFF23
:10EE0000FFFFFFFFFFFFFFFFFFFFFFFFFFFFFFFF12
:10EE1000FFFFFFFFFFFFFFFFFFFFFFFFFFFFFFFF02
:10EE2000FFFFFFFFFFFFFFFFFFFFFFFFFFFFFFFFF2
:10EE3000FFFFFFFFFFFFFFFFFFFFFFFFFFFFFFFFE2
:10EE4000FFFFFFFFFFFFFFFFFFFFFFFFFFFFFFFFD2
:10EE5000FFFFFFFFFFFFFFFFFFFFFFFFFFFFFFFFC2
:10EE6000FFFFFFFFFFFFFFFFFFFFFFFFFFFFFFFFB2
:10EE7000FFFFFFFFFFFFFFFFFFFFFFFFFFFFFFFFA2
:10EE8000FFFFFFFFFFFFFFFFFFFFFFFFFFFFFFFF92
:10EE9000FFFFFFFFFFFFFFFFFFFFFFFFFFFFFFFF82
:10EEA000FFFFFFFFFFFFFFFFFFFFFFFFFFFFFFFF72
:10EEB000FFFFFFFFFFFFFFFFFFFFFFFFFFFFFFFF62
:10EEC000FFFFFFFFFFFFFFFFFFFFFFFFFFFFFFFF52
:10EED000FFFFFFFFFFFFFFFFFFFFFFFFFFFFFFFF42
:10EEE000FFFFFFFFFFFFFFFFFFFFFFFFFFFFFFFF32
:10EEF000FFFFFFFFFFFFFFFFFFFFFFFFFFFFFFFF22
:10EF0000FFFFFFFFFFFFFFFFFFFFFFFFFFFFFFFF11
:10EF1000FFFFFFFFFFFFFFFFFFFFFFFFFFFFFFFF01
:10EF2000FFFFFFFFFFFFFFFFFFFFFFFFFFFFFFFFF1
:10EF3000FFFFFFFFFFFFFFFFFFFFFFFFFFFFFFFFE1
:10EF4000FFFFFFFFFFFFFFFFFFFFFFFFFFFFFFFFD1
:10EF5000FFFFFFFFFFFFFFFFFFFFFFFFFFFFFFFFC1
:10EF6000FFFFFFFFFFFFFFFFFFFFFFFFFFFFFFFFB1
:10EF7000FFFFFFFFFFFFFFFFFFFFFFFFFFFFFFFFA1
:10EF8000FFFFFFFFFFFFFFFFFFFFFFFFFFFFFFFF91
:10EF9000FFFFFFFFFFFFFFFFFFFFFFFFFFFFFFFF81
:10EFA000FFFFFFFFFFFFFFFFFFFFFFFFFFFFFFFF71
:10EFB000FFFFFFFFFFFFFFFFFFFFFFFFFFFFFFFF61
:10EFC000FFFFFFFFFFFFFFFFFFFFFFFFFFFFFFFF51
:10EFD000FFFFFFFFFFFFFFFFFFFFFFFFFFFFFFFF41
:10EFE000FFFFFFFFFFFFFFFFFFFFFFFFFFFFFFFF31
:10EFF000FFFFFFFFFFFFFFFFFFFFFFFFFFFFFFFF21
:10F00000FFFFFFFFFFFFFFFFFFFFFFFFFFFFFFFF10
:10F01000FFFFFFFFFFFFFFFFFFFFFFFFFFFFFFFF00
:10F02000FFFFFFFFFFFFFFFFFFFFFFFFFFFFFFFFF0
:10F03000FFFFFFFFFFFFFFFFFFFFFFFFFFFFFFFFE0
:10F04000FFFFFFFFFFFFFFFFFFFFFFFFFFFFFFFFD0
:10F05000FFFFFFFFFFFFFFFFFFFFFFFFFFFFFFFFC0
:10F06000FFFFFFFFFFFFFFFFFFFFFFFFFFFFFFFFB0
:10F07000FFFFFFFFFFFFFFFFFFFFFFFFFFFFFFFFA0
:10F08000FFFFFFFFFFFFFFFFFFFFFFFFFFFFFFFF90
:10F09000FFFFFFFFFFFFFFFFFFFFFFFFFFFFFFFF80
:10F0A000FFFFFFFFFFFFFFFFFFFFFFFFFFFFFFFF70
:10F0B000FFFFFFFFFFFFFFFFFFFFFFFFFFFFFFFF60
:10F0C000FFFFFFFFFFFFFFFFFFFFFFFFFFFFFFFF50
:10F0D000FFFFFFFFFFFFFFFFFFFFFFFFFFFFFFFF40
:10F0E000FFFFFFFFFFFFFFFFFFFFFFFFFFFFFFFF30
:10F0F000FFFFFFFFFFFFFFFFFFFFFFFFFFFFFFFF20
:10F10000FFFFFFFFFFFFFFFFFFFFFFFFFFFFFFFF0F
:10F11000FFFFFFFFFFFFFFFFFFFFFFFFFFFFFFFFFF
:10F12000FFFFFFFFFFFFFFFFFFFFFFFFFFFFFFFFEF
:10F13000FFFFFFFFFFFFFFFFFFFFFFFFFFFFFFFFDF
:10F14000FFFFFFFFFFFFFFFFFFFFFFFFFFFFFFFFCF
:10F15000FFFFFFFFFFFFFFFFFFFFFFFFFFFFFFFFBF
:10F16000FFFFFFFFFFFFFFFFFFFFFFFFFFFFFFFFAF
:10F17000FFFFFFFFFFFFFFFFFFFFFFFFFFFFFFFF9F
:10F18000FFFFFFFFFFFFFFFFFFFFFFFFFFFFFFFF8F
:10F19000FFFFFFFFFFFFFFFFFFFFFFFFFFFFFFFF7F
:10F1A000FFFFFFFFFFFFFFFFFFFFFFFFFFFFFFFF6F
:10F1B000FFFFFFFFFFFFFFFFFFFFFFFFFFFFFFFF5F
:10F1C000FFFFFFFFFFFFFFFFFFFFFFFFFFFFFFFF4F
:10F1D000FFFFFFFFFFFFFFFFFFFFFFFFFFFFFFFF3F
:10F1E000FFFFFFFFFFFFFFFFFFFFFFFFFFFFFFFF2F
:10F1F000FFFFFFFFFFFFFFFFFFFFFFFFFFFFFFFF1F
:10F20000FFFFFFFFFFFFFFFFFFFFFFFFFFFFFFFF0E
:10F21000FFFFFFFFFFFFFFFFFFFFFFFFFFFFFFFFFE
:10F22000FFFFFFFFFFFFFFFFFFFFFFFFFFFFFFFFEE
:10F23000FFFFFFFFFFFFFFFFFFFFFFFFFFFFFFFFDE
:10F24000FFFFFFFFFFFFFFFFFFFFFFFFFFFFFFFFCE
:10F25000FFFFFFFFFFFFFFFFFFFFFFFFFFFFFFFFBE
:10F26000FFFFFFFFFFFFFFFFFFFFFFFFFFFFFFFFAE
:10F27000FFFFFFFFFFFFFFFFFFFFFFFFFFFFFFFF9E
:10F28000FFFFFFFFFFFFFFFFFFFFFFFFFFFFFFFF8E
:10F29000FFFFFFFFFFFFFFFFFFFFFFFFFFFFFFFF7E
:10F2A000FFFFFFFFFFFFFFFFFFFFFFFFFFFFFFFF6E
:10F2B000FFFFFFFFFFFFFFFFFFFFFFFFFFFFFFFF5E
:10F2C000FFFFFFFFFFFFFFFFFFFFFFFFFFFFFFFF4E
:10F2D000FFFFFFFFFFFFFFFFFFFFFFFFFFFFFFFF3E
:10F2E000FFFFFFFFFFFFFFFFFFFFFFFFFFFFFFFF2E
:10F2F000FFFFFFFFFFFFFFFFFFFFFFFFFFFFFFFF1E
:10F30000FFFFFFFFFFFFFFFFFFFFFFFFFFFFFFFF0D
:10F31000FFFFFFFFFFFFFFFFFFFFFFFFFFFFFFFFFD
:10F32000FFFFFFFFFFFFFFFFFFFFFFFFFFFFFFFFED
:10F33000FFFFFFFFFFFFFFFFFFFFFFFFFFFFFFFFDD
:10F34000FFFFFFFFFFFFFFFFFFFFFFFFFFFFFFFFCD
:10F35000FFFFFFFFFFFFFFFFFFFFFFFFFFFFFFFFBD
:10F36000FFFFFFFFFFFFFFFFFFFFFFFFFFFFFFFFAD
:10F37000FFFFFFFFFFFFFFFFFFFFFFFFFFFFFFFF9D
:10F38000FFFFFFFFFFFFFFFFFFFFFFFFFFFFFFFF8D
:10F39000FFFFFFFFFFFFFFFFFFFFFFFFFFFFFFFF7D
:10F3A000FFFFFFFFFFFFFFFFFFFFFFFFFFFFFFFF6D
:10F3B000FFFFFFFFFFFFFFFFFFFFFFFFFFFFFFFF5D
:10F3C000FFFFFFFFFFFFFFFFFFFFFFFFFFFFFFFF4D
:10F3D000FFFFFFFFFFFFFFFFFFFFFFFFFFFFFFFF3D
:10F3E000FFFFFFFFFFFFFFFFFFFFFFFFFFFFFFFF2D
:10F3F000FFFFFFFFFFFFFFFFFFFFFFFFFFFFFFFF1D
:10F40000FFFFFFFFFFFFFFFFFFFFFFFFFFFFFFFF0C
:10F41000FFFFFFFFFFFFFFFFFFFFFFFFFFFFFFFFFC
:10F42000FFFFFFFFFFFFFFFFFFFFFFFFFFFFFFFFEC
:10F43000FFFFFFFFFFFFFFFFFFFFFFFFFFFFFFFFDC
:10F44000FFFFFFFFFFFFFFFFFFFFFFFFFFFFFFFFCC
:10F45000FFFFFFFFFFFFFFFFFFFFFFFFFFFFFFFFBC
:10F46000FFFFFFFFFFFFFFFFFFFFFFFFFFFFFFFFAC
:10F47000FFFFFFFFFFFFFFFFFFFFFFFFFFFFFFFF9C
:10F48000FFFFFFFFFFFFFFFFFFFFFFFFFFFFFFFF8C
:10F49000FFFFFFFFFFFFFFFFFFFFFFFFFFFFFFFF7C
:10F4A000FFFFFFFFFFFFFFFFFFFFFFFFFFFFFFFF6C
:10F4B000FFFFFFFFFFFFFFFFFFFFFFFFFFFFFFFF5C
:10F4C000FFFFFFFFFFFFFFFFFFFFFFFFFFFFFFFF4C
:10F4D000FFFFFFFFFFFFFFFFFFFFFFFFFFFFFFFF3C
:10F4E000FFFFFFFFFFFFFFFFFFFFFFFFFFFFFFFF2C
:10F4F000FFFFFFFFFFFFFFFFFFFFFFFFFFFFFFFF1C
:10F50000FFFFFFFFFFFFFFFFFFFFFFFFFFFFFFFF0B
:10F51000FFFFFFFFFFFFFFFFFFFFFFFFFFFFFFFFFB
:10F52000FFFFFFFFFFFFFFFFFFFFFFFFFFFFFFFFEB
:10F53000FFFFFFFFFFFFFFFFFFFFFFFFFFFFFFFFDB
:10F54000FFFFFFFFFFFFFFFFFFFFFFFFFFFFFFFFCB
:10F55000FFFFFFFFFFFFFFFFFFFFFFFFFFFFFFFFBB
:10F56000FFFFFFFFFFFFFFFFFFFFFFFFFFFFFFFFAB
:10F57000FFFFFFFFFFFFFFFFFFFFFFFFFFFFFFFF9B
:10F58000FFFFFFFFFFFFFFFFFFFFFFFFFFFFFFFF8B
:10F59000FFFFFFFFFFFFFFFFFFFFFFFFFFFFFFFF7B
:10F5A000FFFFFFFFFFFFFFFFFFFFFFFFFFFFFFFF6B
:10F5B000FFFFFFFFFFFFFFFFFFFFFFFFFFFFFFFF5B
:10F5C000FFFFFFFFFFFFFFFFFFFFFFFFFFFFFFFF4B
:10F5D000FFFFFFFFFFFFFFFFFFFFFFFFFFFFFFFF3B
:10F5E000FFFFFFFFFFFFFFFFFFFFFFFFFFFFFFFF2B
:10F5F000FFFFFFFFFFFFFFFFFFFFFFFFFFFFFFFF1B
:10F60000FFFFFFFFFFFFFFFFFFFFFFFFFFFFFFFF0A
:10F61000FFFFFFFFFFFFFFFFFFFFFFFFFFFFFFFFFA
:10F62000FFFFFFFFFFFFFFFFFFFFFFFFFFFFFFFFEA
:10F63000FFFFFFFFFFFFFFFFFFFFFFFFFFFFFFFFDA
:10F64000FFFFFFFFFFFFFFFFFFFFFFFFFFFFFFFFCA
:10F65000FFFFFFFFFFFFFFFFFFFFFFFFFFFFFFFFBA
:10F66000FFFFFFFFFFFFFFFFFFFFFFFFFFFFFFFFAA
:10F67000FFFFFFFFFFFFFFFFFFFFFFFFFFFFFFFF9A
:10F68000FFFFFFFFFFFFFFFFFFFFFFFFFFFFFFFF8A
:10F69000FFFFFFFFFFFFFFFFFFFFFFFFFFFFFFFF7A
:10F6A000FFFFFFFFFFFFFFFFFFFFFFFFFFFFFFFF6A
:10F6B000FFFFFFFFFFFFFFFFFFFFFFFFFFFFFFFF5A
:10F6C000FFFFFFFFFFFFFFFFFFFFFFFFFFFFFFFF4A
:10F6D000FFFFFFFFFFFFFFFFFFFFFFFFFFFFFFFF3A
:10F6E000FFFFFFFFFFFFFFFFFFFFFFFFFFFFFFFF2A
:10F6F000FFFFFFFFFFFFFFFFFFFFFFFFFFFFFFFF1A
:10F70000FFFFFFFFFFFFFFFFFFFFFFFFFFFFFFFF09
:10F71000FFFFFFFFFFFFFFFFFFFFFFFFFFFFFFFFF9
:10F72000FFFFFFFFFFFFFFFFFFFFFFFFFFFFFFFFE9
:10F73000FFFFFFFFFFFFFFFFFFFFFFFFFFFFFFFFD9
:10F74000FFFFFFFFFFFFFFFFFFFFFFFFFFFFFFFFC9
:10F75000FFFFFFFFFFFFFFFFFFFFFFFFFFFFFFFFB9
:10F76000FFFFFFFFFFFFFFFFFFFFFFFFFFFFFFFFA9
:10F77000FFFFFFFFFFFFFFFFFFFFFFFFFFFFFFFF99
:10F78000FFFFFFFFFFFFFFFFFFFFFFFFFFFFFFFF89
:10F79000FFFFFFFFFFFFFFFFFFFFFFFFFFFFFFFF79
:10F7A000FFFFFFFFFFFFFFFFFFFFFFFFFFFFFFFF69
:10F7B000FFFFFFFFFFFFFFFFFFFFFFFFFFFFFFFF59
:10F7C000FFFFFFFFFFFFFFFFFFFFFFFFFFFFFFFF49
:10F7D000FFFFFFFFFFFFFFFFFFFFFFFFFFFFFFFF39
:10F7E000FFFFFFFFFFFFFFFFFFFFFFFFFFFFFFFF29
:10F7F000FFFFFFFFFFFFFFFFFFFFFFFFFFFFFFFF19
:10F80000FFFFFFFFFFFFFFFFFFFFFFFFFFFFFFFF08
:10F81000FFFFFFFFFFFFFFFFFFFFFFFFFFFFFFFFF8
:10F82000FFFFFFFFFFFFFFFFFFFFFFFFFFFFFFFFE8
:10F83000FFFFFFFFFFFFFFFFFFFFFFFFFFFFFFFFD8
:10F84000FFFFFFFFFFFFFFFFFFFFFFFFFFFFFFFFC8
:10F85000FFFFFFFFFFFFFFFFFFFFFFFFFFFFFFFFB8
:10F86000FFFFFFFFFFFFFFFFFFFFFFFFFFFFFFFFA8
:10F87000FFFFFFFFFFFFFFFFFFFFFFFFFFFFFFFF98
:10F88000FFFFFFFFFFFFFFFFFFFFFFFFFFFFFFFF88
:10F89000FFFFFFFFFFFFFFFFFFFFFFFFFFFFFFFF78
:10F8A000FFFFFFFFFFFFFFFFFFFFFFFFFFFFFFFF68
:10F8B000FFFFFFFFFFFFFFFFFFFFFFFFFFFFFFFF58
:10F8C000FFFFFFFFFFFFFFFFFFFFFFFFFFFFFFFF48
:10F8D000FFFFFFFFFFFFFFFFFFFFFFFFFFFFFFFF38
:10F8E000FFFFFFFFFFFFFFFFFFFFFFFFFFFFFFFF28
:10F8F000FFFFFFFFFFFFFFFFFFFFFFFFFFFFFFFF18
:10F90000FFFFFFFFFFFFFFFFFFFFFFFFFFFFFFFF07
:10F91000FFFFFFFFFFFFFFFFFFFFFFFFFFFFFFFFF7
:10F92000FFFFFFFFFFFFFFFFFFFFFFFFFFFFFFFFE7
:10F93000FFFFFFFFFFFFFFFFFFFFFFFFFFFFFFFFD7
:10F94000FFFFFFFFFFFFFFFFFFFFFFFFFFFFFFFFC7
:10F95000FFFFFFFFFFFFFFFFFFFFFFFFFFFFFFFFB7
:10F96000FFFFFFFFFFFFFFFFFFFFFFFFFFFFFFFFA7
:10F97000FFFFFFFFFFFFFFFFFFFFFFFFFFFFFFFF97
:10F98000FFFFFFFFFFFFFFFFFFFFFFFFFFFFFFFF87
:10F99000FFFFFFFFFFFFFFFFFFFFFFFFFFFFFFFF77
:10F9A000FFFFFFFFFFFFFFFFFFFFFFFFFFFFFFFF67
:10F9B000FFFFFFFFFFFFFFFFFFFFFFFFFFFFFFFF57
:10F9C000FFFFFFFFFFFFFFFFFFFFFFFFFFFFFFFF47
:10F9D000FFFFFFFFFFFFFFFFFFFFFFFFFFFFFFFF37
:10F9E000FFFFFFFFFFFFFFFFFFFFFFFFFFFFFFFF27
:10F9F000FFFFFFFFFFFFFFFFFFFFFFFFFFFFFFFF17
:10FA0000FFFFFFFFFFFFFFFFFFFFFFFFFFFFFFFF06
:10FA1000FFFFFFFFFFFFFFFFFFFFFFFFFFFFFFFFF6
:10FA2000FFFFFFFFFFFFFFFFFFFFFFFFFFFFFFFFE6
:10FA3000FFFFFFFFFFFFFFFFFFFFFFFFFFFFFFFFD6
:10FA4000FFFFFFFFFFFFFFFFFFFFFFFFFFFFFFFFC6
:10FA5000FFFFFFFFFFFFFFFFFFFFFFFFFFFFFFFFB6
:10FA6000FFFFFFFFFFFFFFFFFFFFFFFFFFFFFFFFA6
:10FA7000FFFFFFFFFFFFFFFFFFFFFFFFFFFFFFFF96
:10FA8000FFFFFFFFFFFFFFFFFFFFFFFFFFFFFFFF86
:10FA9000FFFFFFFFFFFFFFFFFFFFFFFFFFFFFFFF76
:10FAA000FFFFFFFFFFFFFFFFFFFFFFFFFFFFFFFF66
:10FAB000FFFFFFFFFFFFFFFFFFFFFFFFFFFFFFFF56
:10FAC000FFFFFFFFFFFFFFFFFFFFFFFFFFFFFFFF46
:10FAD000FFFFFFFFFFFFFFFFFFFFFFFFFFFFFFFF36
:10FAE000FFFFFFFFFFFFFFFFFFFFFFFFFFFFFFFF26
:10FAF000FFFFFFFFFFFFFFFFFFFFFFFFFFFFFFFF16
:10FB0000FFFFFFFFFFFFFFFFFFFFFFFFFFFFFFFF05
:10FB1000FFFFFFFFFFFFFFFFFFFFFFFFFFFFFFFFF5
:10FB2000FFFFFFFFFFFFFFFFFFFFFFFFFFFFFFFFE5
:10FB3000FFFFFFFFFFFFFFFFFFFFFFFFFFFFFFFFD5
:10FB4000FFFFFFFFFFFFFFFFFFFFFFFFFFFFFFFFC5
:10FB5000FFFFFFFFFFFFFFFFFFFFFFFFFFFFFFFFB5
:10FB6000FFFFFFFFFFFFFFFFFFFFFFFFFFFFFFFFA5
:10FB7000FFFFFFFFFFFFFFFFFFFFFFFFFFFFFFFF95
:10FB8000FFFFFFFFFFFFFFFFFFFFFFFFFFFFFFFF85
:10FB9000FFFFFFFFFFFFFFFFFFFFFFFFFFFFFFFF75
:10FBA000FFFFFFFFFFFFFFFFFFFFFFFFFFFFFFFF65
:10FBB000FFFFFFFFFFFFFFFFFFFFFFFFFFFFFFFF55
:10FBC000FFFFFFFFFFFFFFFFFFFFFFFFFFFFFFFF45
:10FBD000FFFFFFFFFFFFFFFFFFFFFFFFFFFFFFFF35
:10FBE000FFFFFFFFFFFFFFFFFFFFFFFFFFFFFFFF25
:10FBF000FFFFFFFFFFFFFFFFFFFFFFFFFFFFFFFF15
:10FC0000FFFFFFFFFFFFFFFFFFFFFFFFFFFFFFFF04
:10FC1000FFFFFFFFFFFFFFFFFFFFFFFFFFFFFFFFF4
:10FC2000FFFFFFFFFFFFFFFFFFFFFFFFFFFFFFFFE4
:10FC3000FFFFFFFFFFFFFFFFFFFFFFFFFFFFFFFFD4
:10FC4000FFFFFFFFFFFFFFFFFFFFFFFFFFFFFFFFC4
:10FC5000FFFFFFFFFFFFFFFFFFFFFFFFFFFFFFFFB4
:10FC6000FFFFFFFFFFFFFFFFFFFFFFFFFFFFFFFFA4
:10FC7000FFFFFFFFFFFFFFFFFFFFFFFFFFFFFFFF94
:10FC8000FFFFFFFFFFFFFFFFFFFFFFFFFFFFFFFF84
:10FC9000FFFFFFFFFFFFFFFFFFFFFFFFFFFFFFFF74
:10FCA000FFFFFFFFFFFFFFFFFFFFFFFFFFFFFFFF64
:10FCB000FFFFFFFFFFFFFFFFFFFFFFFFFFFFFFFF54
:10FCC000FFFFFFFFFFFFFFFFFFFFFFFFFFFFFFFF44
:10FCD000FFFFFFFFFFFFFFFFFFFFFFFFFFFFFFFF34
:10FCE000FFFFFFFFFFFFFFFFFFFFFFFFFFFFFFFF24
:10FCF000FFFFFFFFFFFFFFFFFFFFFFFFFFFFFFFF14
:10FD0000FFFFFFFFFFFFFFFFFFFFFFFFFFFFFFFF03
:10FD1000FFFFFFFFFFFFFFFFFFFFFFFFFFFFFFFFF3
:10FD2000FFFFFFFFFFFFFFFFFFFFFFFFFFFFFFFFE3
:10FD3000FFFFFFFFFFFFFFFFFFFFFFFFFFFFFFFFD3
:10FD4000FFFFFFFFFFFFFFFFFFFFFFFFFFFFFFFFC3
:10FD5000FFFFFFFFFFFFFFFFFFFFFFFFFFFFFFFFB3
:10FD6000FFFFFFFFFFFFFFFFFFFFFFFFFFFFFFFFA3
:10FD7000FFFFFFFFFFFFFFFFFFFFFFFFFFFFFFFF93
:10FD8000FFFFFFFFFFFFFFFFFFFFFFFFFFFFFFFF83
:10FD9000FFFFFFFFFFFFFFFFFFFFFFFFFFFFFFFF73
:10FDA000FFFFFFFFFFFFFFFFFFFFFFFFFFFFFFFF63
:10FDB000FFFFFFFFFFFFFFFFFFFFFFFFFFFFFFFF53
:10FDC000FFFFFFFFFFFFFFFFFFFFFFFFFFFFFFFF43
:10FDD000FFFFFFFFFFFFFFFFFFFFFFFFFFFFFFFF33
:10FDE000FFFFFFFFFFFFFFFFFFFFFFFFFFFFFFFF23
:10FDF000FFFFFFFFFFFFFFFFFFFFFFFFFFFFFFFF13
:10FE0000FFFFFFFFFFFFFFFFFFFFFFFFFFFFFFFF02
:10FE1000FFFFFFFFFFFFFFFFFFFFFFFFFFFFFFFFF2
:10FE2000FFFFFFFFFFFFFFFFFFFFFFFFFFFFFFFFE2
:10FE3000FFFFFFFFFFFFFFFFFFFFFFFFFFFFFFFFD2
:10FE4000FFFFFFFFFFFFFFFFFFFFFFFFFFFFFFFFC2
:10FE5000FFFFFFFFFFFFFFFFFFFFFFFFFFFFFFFFB2
:10FE6000FFFFFFFFFFFFFFFFFFFFFFFFFFFFFFFFA2
:10FE7000FFFFFFFFFFFFFFFFFFFFFFFFFFFFFFFF92
:10FE8000FFFFFFFFFFFFFFFFFFFFFFFFFFFFFFFF82
:10FE9000FFFFFFFFFFFFFFFFFFFFFFFFFFFFFFFF72
:10FEA000FFFFFFFFFFFFFFFFFFFFFFFFFFFFFFFF62
:10FEB000FFFFFFFFFFFFFFFFFFFFFFFFFFFFFFFF52
:10FEC000FFFFFFFFFFFFFFFFFFFFFFFFFFFFFFFF42
:10FED000FFFFFFFFFFFFFFFFFFFFFFFFFFFFFFFF32
:10FEE000FFFFFFFFFFFFFFFFFFFFFFFFFFFFFFFF22
:10FEF000FFFFFFFFFFFFFFFFFFFFFFFFFFFFFFFF12
:10FF0000FFFFFFFFFFFFFFFFFFFFFFFFFFFFFFFF01
:10FF1000FFFFFFFFFFFFFFFFFFFFFFFFFFFFFFFFF1
:10FF2000FFFFFFFFFFFFFFFFFFFFFFFFFFFFFFFFE1
:10FF3000FFFFFFFFFFFFFFFFFFFFFFFFFFFFFFFFD1
:10FF4000FFFFFFFFFFFFFFFFFFFFFFFFFFFFFFFFC1
:10FF5000FFFFFFFFFFFFFFFFFFFFFFFFFFFFFFFFB1
:10FF6000FFFFFFFFFFFFFFFFFFFFFFFFFFFFFFFFA1
:10FF7000FFFFFFFFFFFFFFFFFFFFFFFFFFFFFFFF91
:10FF8000FFFFFFFFFFFFFFFFFFFFFFFFFFFFFFFF81
:10FF9000FFFFFFFFFFFFFFFFFFFFFFFFFFFFFFFF71
:10FFA000FFFFFFFFFFFFFFFFFFFFFFFFFFFFFFFF61
:10FFB000FFFFFFFFFFFFFFFFFFFFFFFFFFFFFFFF51
:10FFC000FFFFFFFFFFFFFFFFFFFFFFFFFFFFFFFF41
:10FFD000FFFFFFFFFFFFFFFFFFFFFFFFFFFFFFFF31
:10FFE000FFFFFFFFFFFFFFFFFFFFFFFFFFFFFFFF21
:10FFF000FFFFFFFFFFFFFFFFFFFFFFFFFFFFFFFF11
:02000004007F7B
:10300000FFFFFFFFFFFFFFFFFFFFFFFFFFFFFFFFD0
:10301000DFFFFFFFFFFFFFFFFFFFFFFFFFFFFFFFE0
:10302000FFFFFFFFFFFFFFFFFFFFFFFFFFFFFFFFB0
:10303000FE7FFEFFFFFFFFFFFFFFFFFFFFFFFFFF22
:10304000FFFFFFFFFFFFFFFFFFFFFFFFFFFFFFFF90
:10305000FFFFFFFFFFFFFFFFFFFFFFFFFFFFFFFF80
:10306000FFFFFFFFFFFFFFFFFFFFFFFFFFFFFFFF70
:10307000FFFFFFFFFFFFFFFFFFFFFFFFFFFFFFFF60
:10308000FFFFFFFFFFFFFFFFFFFFFFFFFFFFFFFF50
:10309000FFFFFFFFFFFFFFFFFFFFFFFFFFFFFFFF40
:1030A000FFFFFFFFFFFFFFFFFFFFFFFFFFFFFFFF30
:1030B000FFFFFFFFFFFFFFFFFFFFFFFFFFFFFFFF20
:1030C000FFFFFFFFFFFFFFFFFFFFFFFFFFFFFFFF10
:1030D000FFFFFFFFFFFFFFFFFFFFFFFFFFFFFFFF00
:1030E000FFFFFFFFFFFFFFFFFFFFFFFFFFFFFFFFF0
:1030F000FFFFFFFFFFFFFFFFFFFFFFFFFFFFFFFFE0
:10310000FFFFFFFFFFFFFFFFFFFFFFFFFFFFFFFFCF
:10311000FFFFFFFFFFFFFFFFFFFFFFFFFFFFFFFFBF
:10312000FFFFFFFFFFFFFFFFFFFFFFFFFFFFFFFFAF
:10313000FFFFFFFFFFFFFFFFFFFFFFFFFFFFFFFF9F
:10314000FFFFFFFFFFFFFFFFFFFFFFFFFFFFFFFF8F
:10315000FFFFFFFFFFFFFFFFFFFFFFFFFFFFFFFF7F
:10316000FFFFFFFFFFFFFFFFFFFFFFFFFFFFFFFF6F
:10317000FFFFFFFFFFFFFFFFFFFFFFFFFFFFFFFF5F
:10318000FFFFFFFFFFFFFFFFFFFFFFFFFFFFFFFF4F
:10319000FFFFFFFFFFFFFFFFFFFFFFFFFFFFFFFF3F
:1031A000FFFFFFFFFFFFFFFFFFFFFFFFFFFFFFFF2F
:1031B000FFFFFFFFFFFFFFFFFFFFFFFFFFFFFFFF1F
:1031C000FFFFFFFFFFFFFFFFFFFFFFFFFFFFFFFF0F
:1031D000FFFFFFFFFFFFFFFFFFFFFFFFFFFFFFFFFF
:1031E000FFFFFFFFFFFFFFFFFFFFFFFFFFFFFFFFEF
:1031F000FFFFFFFFFFFFFFFFFFFFFFFFFFFFFFFFDF
:10320000FFFFFFFFFFFFFFFFFFFFFFFFFFFFFFFFCE
:10321000FFFFFFFFFFFFFFFFFFFFFFFFFFFFFFFFBE
:10322000FFFFFFFFFFFFFFFFFFFFFFFFFFFFFFFFAE
:10323000FFFFFFFFFFFFFFFFFFFFFFFFFFFFFFFF9E
:10324000FFFFFFFFFFFFFFFFFFFFFFFFFFFFFFFF8E
:10325000FFFFFFFFFFFFFFFFFFFFFFFFFFFFFFFF7E
:10326000FFFFFFFFFFFFFFFFFFFFFFFFFFFFFFFF6E
:10327000FFFFFFFFFFFFFFFFFFFFFFFFFFFFFFFF5E
:10328000FFFFFFFFFFFFFFFFFFFFFFFFFFFFFFFF4E
:10329000FFFFFFFFFFFFFFFFFFFFFFFFFFFFFFFF3E
:1032A000FFFFFFFFFFFFFFFFFFFFFFFFFFFFFFFF2E
:1032B000FFFFFFFFFFFFFFFFFFFFFFFFFFFFFFFF1E
:1032C000FFFFFFFFFFFFFFFFFFFFFFFFFFFFFFFF0E
:1032D000FFFFFFFFFFFFFFFFFFFFFFFFFFFFFFFFFE
:1032E000FFFFFFFFFFFFFFFFFFFFFFFFFFFFFFFFEE
:1032F000FFFFFFFFFFFFFFFFFFFFFFFFFFFFFFFFDE
:10330000FFFFFFFFFFFFFFFFFFFFFFFFFFFFFFFFCD
:10331000FFFFFFFFFFFFFFFFFFFFFFFFFFFFFFFFBD
:10332000FFFFFFFFFFFFFFFFFFFFFFFFFFFFFFFFAD
:10333000FFFFFFFFFFFFFFFFFFFFFFFFFFFFFFFF9D
:10334000FFFFFFFFFFFFFFFFFFFFFFFFFFFFFFFF8D
:10335000FFFFFFFFFFFFFFFFFFFFFFFFFFFFFFFF7D
:10336000FFFFFFFFFFFFFFFFFFFFFFFFFFFFFFFF6D
:10337000FFFFFFFFFFFFFFFFFFFFFFFFFFFFFFFF5D
:10338000FFFFFFFFFFFFFFFFFFFFFFFFFFFFFFFF4D
:10339000FFFFFFFFFFFFFFFFFFFFFFFFFFFFFFFF3D
:1033A000FFFFFFFFFFFFFFFFFFFFFFFFFFFFFFFF2D
:1033B000FFFFFFFFFFFFFFFFFFFFFFFFFFFFFFFF1D
:1033C000FFFFFFFFFFFFFFFFFFFFFFFFFFFFFFFF0D
:1033D000FFFFFFFFFFFFFFFFFFFFFFFFFFFFFFFFFD
:1033E000FFFFFFFFFFFFFFFFFFFFFFFFFFFFFFFFED
:1033F000FFFFFFFFFFFFFFFFFFFFFFFFFFFFFFFFDD
:10340000FFFFFFFFFFFFFFFFFFFFFFFFFFFFFFFFCC
:10341000FFFFFFFFFFFFFFFFFFFFFFFFFFFFFFFFBC
:10342000FFFFFFFFFFFFFFFFFFFFFFFFFFFFFFFFAC
:10343000FFFFFFFFFFFFFFFFFFFFFFFFFFFFFFFF9C
:10344000FFFFFFFFFFFFFFFFFFFFFFFFFFFFFFFF8C
:10345000FFFFFFFFFFFFFFFFFFFFFFFFFFFFFFFF7C
:10346000FFFFFFFFFFFFFFFFFFFFFFFFFFFFFFFF6C
:10347000FFFFFFFFFFFFFFFFFFFFFFFFFFFFFFFF5C
:10348000FFFFFFFFFFFFFFFFFFFFFFFFFFFFFFFF4C
:10349000FFFFFFFFFFFFFFFFFFFFFFFFFFFFFFFF3C
:1034A000FFFFFFFFFFFFFFFFFFFFFFFFFFFFFFFF2C
:1034B000FFFFFFFFFFFFFFFFFFFFFFFFFFFFFFFF1C
:1034C000FFFFFFFFFFFFFFFFFFFFFFFFFFFFFFFF0C
:1034D000FFFFFFFFFFFFFFFFFFFFFFFFFFFFFFFFFC
:1034E000FFFFFFFFFFFFFFFFFFFFFFFFFFFFFFFFEC
:1034F000FFFFFFFFFFFFFFFFFFFFFFFFFFFFFFFFDC
:10350000FFFFFFFFFFFFFFFFFFFFFFFFFFFFFFFFCB
:10351000FFFFFFFFFFFFFFFFFFFFFFFFFFFFFFFFBB
:10352000FFFFFFFFFFFFFFFFFFFFFFFFFFFFFFFFAB
:10353000FFFFFFFFFFFFFFFFFFFFFFFFFFFFFFFF9B
:10354000FFFFFFFFFFFFFFFFFFFFFFFFFFFFFFFF8B
:10355000FFFFFFFFFFFFFFFFFFFFFFFFFFFFFFFF7B
:10356000FFFFFFFFFFFFFFFFFFFFFFFFFFFFFFFF6B
:10357000FFFFFFFFFFFFFFFFFFFFFFFFFFFFFFFF5B
:10358000FFFFFFFFFFFFFFFFFFFFFFFFFFFFFFFF4B
:10359000FFFFFFFFFFFFFFFFFFFFFFFFFFFFFFFF3B
:1035A000FFFFFFFFFFFFFFFFFFFFFFFFFFFFFFFF2B
:1035B000FFFFFFFFFFFFFFFFFFFFFFFFFFFFFFFF1B
:1035C000FFFFFFFFFFFFFFFFFFFFFFFFFFFFFFFF0B
:1035D000FFFFFFFFFFFFFFFFFFFFFFFFFFFFFFFFFB
:1035E000FFFFFFFFFFFFFFFFFFFFFFFFFFFFFFFFEB
:1035F000FFFFFFFFFFFFFFFFFFFFFFFFFFFFFFFFDB
:10360000FFFFFFFFFFFFFFFFFFFFFFFFFFFFFFFFCA
:10361000FFFFFFFFFFFFFFFFFFFFFFFFFFFFFFFFBA
:10362000FFFFFFFFFFFFFFFFFFFFFFFFFFFFFFFFAA
:10363000FFFFFFFFFFFFFFFFFFFFFFFFFFFFFFFF9A
:10364000FFFFFFFFFFFFFFFFFFFFFFFFFFFFFFFF8A
:10365000FFFFFFFFFFFFFFFFFFFFFFFFFFFFFFFF7A
:10366000FFFFFFFFFFFFFFFFFFFFFFFFFFFFFFFF6A
:10367000FFFFFFFFFFFFFFFFFFFFFFFFFFFFFFFF5A
:10368000FFFFFFFFFFFFFFFFFFFFFFFFFFFFFFFF4A
:10369000FFFFFFFFFFFFFFFFFFFFFFFFFFFFFFFF3A
:1036A000FFFFFFFFFFFFFFFFFFFFFFFFFFFFFFFF2A
:1036B000FFFFFFFFFFFFFFFFFFFFFFFFFFFFFFFF1A
:1036C000FFFFFFFFFFFFFFFFFFFFFFFFFFFFFFFF0A
:1036D000FFFFFFFFFFFFFFFFFFFFFFFFFFFFFFFFFA
:1036E000FFFFFFFFFFFFFFFFFFFFFFFFFFFFFFFFEA
:1036F000FFFFFFFFFFFFFFFFFFFFFFFFFFFFFFFFDA
:10370000FFFFFFFFFFFFFFFFFFFFFFFFFFFFFFFFC9
:10371000FFFFFFFFFFFFFFFFFFFFFFFFFFFFFFFFB9
:10372000FFFFFFFFFFFFFFFFFFFFFFFFFFFFFFFFA9
:10373000FFFFFFFFFFFFFFFFFFFFFFFFFFFFFFFF99
:10374000FFFFFFFFFFFFFFFFFFFFFFFFFFFFFFFF89
:10375000FFFFFFFFFFFFFFFFFFFFFFFFFFFFFFFF79
:10376000FFFFFFFFFFFFFFFFFFFFFFFFFFFFFFFF69
:10377000FFFFFFFFFFFFFFFFFFFFFFFFFFFFFFFF59
:10378000FFFFFFFFFFFFFFFFFFFFFFFFFFFFFFFF49
:10379000FFFFFFFFFFFFFFFFFFFFFFFFFFFFFFFF39
:1037A000FFFFFFFFFFFFFFFFFFFFFFFFFFFFFFFF29
:1037B000FFFFFFFFFFFFFFFFFFFFFFFFFFFFFFFF19
:1037C000FFFFFFFFFFFFFFFFFFFFFFFFFFFFFFFF09
:1037D000FFFFFFFFFFFFFFFFFFFFFFFFFFFFFFFFF9
:1037E000FFFFFFFFFFFFFFFFFFFFFFFFFFFFFFFFE9
:1037F000FFFFFFFFFFFFFFFFFFFFFFFFFFFFFFFFD9
:10380000FFFFFFFFFFFFFFFFFFFFFFFFFFFFFFFFC8
:10381000DFFFFFFFFFFFFFFFFFFFFFFFFFFFFFFFD8
:10382000FFFFFFFFFFFFFFFFFFFFFFFFFFFFFFFFA8
:10383000FE7FFEFFFFFFFFFFFFFFFFFFFFFFFFFF1A
:10384000FFFFFFFFFFFFFFFFFFFFFFFFFFFFFFFF88
:10385000FFFFFFFFFFFFFFFFFFFFFFFFFFFFFFFF78
:10386000FFFFFFFFFFFFFFFFFFFFFFFFFFFFFFFF68
:10387000FFFFFFFFFFFFFFFFFFFFFFFFFFFFFFFF58
:10388000FFFFFFFFFFFFFFFFFFFFFFFFFFFFFFFF48
:10389000FFFFFFFFFFFFFFFFFFFFFFFFFFFFFFFF38
:1038A000FFFFFFFFFFFFFFFFFFFFFFFFFFFFFFFF28
:1038B000FFFFFFFFFFFFFFFFFFFFFFFFFFFFFFFF18
:1038C000FFFFFFFFFFFFFFFFFFFFFFFFFFFFFFFF08
:1038D000FFFFFFFFFFFFFFFFFFFFFFFFFFFFFFFFF8
:1038E000FFFFFFFFFFFFFFFFFFFFFFFFFFFFFFFFE8
:1038F000FFFFFFFFFFFFFFFFFFFFFFFFFFFFFFFFD8
:10390000FFFFFFFFFFFFFFFFFFFFFFFFFFFFFFFFC7
:10391000FFFFFFFFFFFFFFFFFFFFFFFFFFFFFFFFB7
:10392000FFFFFFFFFFFFFFFFFFFFFFFFFFFFFFFFA7
:10393000FFFFFFFFFFFFFFFFFFFFFFFFFFFFFFFF97
:10394000FFFFFFFFFFFFFFFFFFFFFFFFFFFFFFFF87
:10395000FFFFFFFFFFFFFFFFFFFFFFFFFFFFFFFF77
:10396000FFFFFFFFFFFFFFFFFFFFFFFFFFFFFFFF67
:10397000FFFFFFFFFFFFFFFFFFFFFFFFFFFFFFFF57
:10398000FFFFFFFFFFFFFFFFFFFFFFFFFFFFFFFF47
:10399000FFFFFFFFFFFFFFFFFFFFFFFFFFFFFFFF37
:1039A000FFFFFFFFFFFFFFFFFFFFFFFFFFFFFFFF27
:1039B000FFFFFFFFFFFFFFFFFFFFFFFFFFFFFFFF17
:1039C000FFFFFFFFFFFFFFFFFFFFFFFFFFFFFFFF07
:1039D000FFFFFFFFFFFFFFFFFFFFFFFFFFFFFFFFF7
:1039E000FFFFFFFFFFFFFFFFFFFFFFFFFFFFFFFFE7
:1039F000FFFFFFFFFFFFFFFFFFFFFFFFFFFFFFFFD7
:103A0000FFFFFFFFFFFFFFFFFFFFFFFFFFFFFFFFC6
:103A1000FFFFFFFFFFFFFFFFFFFFFFFFFFFFFFFFB6
:103A2000FFFFFFFFFFFFFFFFFFFFFFFFFFFFFFFFA6
:103A3000FFFFFFFFFFFFFFFFFFFFFFFFFFFFFFFF96
:103A4000FFFFFFFFFFFFFFFFFFFFFFFFFFFFFFFF86
:103A5000FFFFFFFFFFFFFFFFFFFFFFFFFFFFFFFF76
:103A6000FFFFFFFFFFFFFFFFFFFFFFFFFFFFFFFF66
:103A7000FFFFFFFFFFFFFFFFFFFFFFFFFFFFFFFF56
:103A8000FFFFFFFFFFFFFFFFFFFFFFFFFFFFFFFF46
:103A9000FFFFFFFFFFFFFFFFFFFFFFFFFFFFFFFF36
:103AA000FFFFFFFFFFFFFFFFFFFFFFFFFFFFFFFF26
:103AB000FFFFFFFFFFFFFFFFFFFFFFFFFFFFFFFF16
:103AC000FFFFFFFFFFFFFFFFFFFFFFFFFFFFFFFF06
:103AD000FFFFFFFFFFFFFFFFFFFFFFFFFFFFFFFFF6
:103AE000FFFFFFFFFFFFFFFFFFFFFFFFFFFFFFFFE6
:103AF000FFFFFFFFFFFFFFFFFFFFFFFFFFFFFFFFD6
:103B0000FFFFFFFFFFFFFFFFFFFFFFFFFFFFFFFFC5
:103B1000FFFFFFFFFFFFFFFFFFFFFFFFFFFFFFFFB5
:103B2000FFFFFFFFFFFFFFFFFFFFFFFFFFFFFFFFA5
:103B3000FFFFFFFFFFFFFFFFFFFFFFFFFFFFFFFF95
:103B4000FFFFFFFFFFFFFFFFFFFFFFFFFFFFFFFF85
:103B5000FFFFFFFFFFFFFFFFFFFFFFFFFFFFFFFF75
:103B6000FFFFFFFFFFFFFFFFFFFFFFFFFFFFFFFF65
:103B7000FFFFFFFFFFFFFFFFFFFFFFFFFFFFFFFF55
:103B8000FFFFFFFFFFFFFFFFFFFFFFFFFFFFFFFF45
:103B9000FFFFFFFFFFFFFFFFFFFFFFFFFFFFFFFF35
:103BA000FFFFFFFFFFFFFFFFFFFFFFFFFFFFFFFF25
:103BB000FFFFFFFFFFFFFFFFFFFFFFFFFFFFFFFF15
:103BC000FFFFFFFFFFFFFFFFFFFFFFFFFFFFFFFF05
:103BD000FFFFFFFFFFFFFFFFFFFFFFFFFFFFFFFFF5
:103BE000FFFFFFFFFFFFFFFFFFFFFFFFFFFFFFFFE5
:103BF000FFFFFFFFFFFFFFFFFFFFFFFFFFFFFFFFD5
:103C0000FFFFFFFFFFFFFFFFFFFFFFFFFFFFFFFFC4
:103C1000FFFFFFFFFFFFFFFFFFFFFFFFFFFFFFFFB4
:103C2000FFFFFFFFFFFFFFFFFFFFFFFFFFFFFFFFA4
:103C3000FFFFFFFFFFFFFFFFFFFFFFFFFFFFFFFF94
:103C4000FFFFFFFFFFFFFFFFFFFFFFFFFFFFFFFF84
:103C5000FFFFFFFFFFFFFFFFFFFFFFFFFFFFFFFF74
:103C6000FFFFFFFFFFFFFFFFFFFFFFFFFFFFFFFF64
:103C7000FFFFFFFFFFFFFFFFFFFFFFFFFFFFFFFF54
:103C8000FFFFFFFFFFFFFFFFFFFFFFFFFFFFFFFF44
:103C9000FFFFFFFFFFFFFFFFFFFFFFFFFFFFFFFF34
:103CA000FFFFFFFFFFFFFFFFFFFFFFFFFFFFFFFF24
:103CB000FFFFFFFFFFFFFFFFFFFFFFFFFFFFFFFF14
:103CC000FFFFFFFFFFFFFFFFFFFFFFFFFFFFFFFF04
:103CD000FFFFFFFFFFFFFFFFFFFFFFFFFFFFFFFFF4
:103CE000FFFFFFFFFFFFFFFFFFFFFFFFFFFFFFFFE4
:103CF000FFFFFFFFFFFFFFFFFFFFFFFFFFFFFFFFD4
:103D0000FFFFFFFFFFFFFFFFFFFFFFFFFFFFFFFFC3
:103D1000FFFFFFFFFFFFFFFFFFFFFFFFFFFFFFFFB3
:103D2000FFFFFFFFFFFFFFFFFFFFFFFFFFFFFFFFA3
:103D3000FFFFFFFFFFFFFFFFFFFFFFFFFFFFFFFF93
:103D4000FFFFFFFFFFFFFFFFFFFFFFFFFFFFFFFF83
:103D5000FFFFFFFFFFFFFFFFFFFFFFFFFFFFFFFF73
:103D6000FFFFFFFFFFFFFFFFFFFFFFFFFFFFFFFF63
:103D7000FFFFFFFFFFFFFFFFFFFFFFFFFFFFFFFF53
:103D8000FFFFFFFFFFFFFFFFFFFFFFFFFFFFFFFF43
:103D9000FFFFFFFFFFFFFFFFFFFFFFFFFFFFFFFF33
:103DA000FFFFFFFFFFFFFFFFFFFFFFFFFFFFFFFF23
:103DB000FFFFFFFFFFFFFFFFFFFFFFFFFFFFFFFF13
:103DC000FFFFFFFFFFFFFFFFFFFFFFFFFFFFFFFF03
:103DD000FFFFFFFFFFFFFFFFFFFFFFFFFFFFFFFFF3
:103DE000FFFFFFFFFFFFFFFFFFFFFFFFFFFFFFFFE3
:103DF000FFFFFFFFFFFFFFFFFFFFFFFFFFFFFFFFD3
:103E0000FFFFFFFFFFFFFFFFFFFFFFFFFFFFFFFFC2
:103E1000FFFFFFFFFFFFFFFFFFFFFFFFFFFFFFFFB2
:103E2000FFFFFFFFFFFFFFFFFFFFFFFFFFFFFFFFA2
:103E3000FFFFFFFFFFFFFFFFFFFFFFFFFFFFFFFF92
:103E4000FFFFFFFFFFFFFFFFFFFFFFFFFFFFFFFF82
:103E5000FFFFFFFFFFFFFFFFFFFFFFFFFFFFFFFF72
:103E6000FFFFFFFFFFFFFFFFFFFFFFFFFFFFFFFF62
:103E7000FFFFFFFFFFFFFFFFFFFFFFFFFFFFFFFF52
:103E8000FFFFFFFFFFFFFFFFFFFFFFFFFFFFFFFF42
:103E9000FFFFFFFFFFFFFFFFFFFFFFFFFFFFFFFF32
:103EA000FFFFFFFFFFFFFFFFFFFFFFFFFFFFFFFF22
:103EB000FFFFFFFFFFFFFFFFFFFFFFFFFFFFFFFF12
:103EC000FFFFFFFFFFFFFFFFFFFFFFFFFFFFFFFF02
:103ED000FFFFFFFFFFFFFFFFFFFFFFFFFFFFFFFFF2
:103EE000FFFFFFFFFFFFFFFFFFFFFFFFFFFFFFFFE2
:103EF000FFFFFFFFFFFFFFFFFFFFFFFFFFFFFFFFD2
:103F0000FFFFFFFFFFFFFFFFFFFFFFFFFFFFFFFFC1
:103F1000FFFFFFFFFFFFFFFFFFFFFFFFFFFFFFFFB1
:103F2000FFFFFFFFFFFFFFFFFFFFFFFFFFFFFFFFA1
:103F3000FFFFFFFFFFFFFFFFFFFFFFFFFFFFFFFF91
:103F4000FFFFFFFFFFFFFFFFFFFFFFFFFFFFFFFF81
:103F5000FFFFFFFFFFFFFFFFFFFFFFFFFFFFFFFF71
:103F6000FFFFFFFFFFFFFFFFFFFFFFFFFFFFFFFF61
:103F7000FFFFFFFFFFFFFFFFFFFFFFFFFFFFFFFF51
:103F8000FFFFFFFFFFFFFFFFFFFFFFFFFFFFFFFF41
:103F9000FFFFFFFFFFFFFFFFFFFFFFFFFFFFFFFF31
:103FA000FFFFFFFFFFFFFFFFFFFFFFFFFFFFFFFF21
:103FB000FFFFFFFFFFFFFFFFFFFFFFFFFFFFFFFF11
:103FC000FFFFFFFFFFFFFFFFFFFFFFFFFFFFFFFF01
:103FD000FFFFFFFFFFFFFFFFFFFFFFFFFFFFFFFFF1
:103FE000FFFFFFFFFFFFFFFFFFFFFFFFFFFFFFFFE1
:103FF000FFFFFFFFFFFFFFFFFFFFFFFFFFFFFFFFD1
:10400000FFFFFFFF0000000000000000FFFFFFFFB8
:10401000FFFFFFFF0000000000000000FFFFFFFFA8
:10402000FFFFFFFF0000000000000000FFFFFFFF98
:10403000FFFFFFFF0000000000000000FFFFFFFF88
:10404000FFFFFFFF0000000000000000FFFFFFFF78
:10405000FFFFFFFF0000000000000000FFFFFFFF68
:10406000FFFFFFFF0000000000000000FFFFFFFF58
:10407000FFFFFFFF0000000000000000FFFFFFFF48
:10408000FFFFFFFFFFFFFFFFFFFFFFFFFFFFFFFF40
:10409000FFFFFFFFFFFFFFFFFFFFFFFFFFFFFFFF30
:1040A000FFFFFFFFFFFFFFFFFFFFFFFFFFFFFFFF20
:1040B000FFFFFFFFFFFFFFFFFFFFFFFFFFFFFFFF10
:1040C000FFFFFFFFFFFFFFFFFFFFFFFFFFFFFFFF00
:1040D000FFFFFFFFFFFFFFFFFFFFFFFFFFFFFFFFF0
:1040E000FFFFFFFFFFFFFFFFFFFFFFFFFFFFFFFFE0
:1040F000FFFFFFFFFFFFFFFFFFFFFFFFFFFFFFFFD0
:10410000FFFFFFFFFFFFFFFFFFFFFFFFFFFFFFFFBF
:10411000FFFFFFFFFFFFFFFFFFFFFFFFFFFFFFFFAF
:10412000FFFFFFFFFFFFFFFFFFFFFFFFFFFFFFFF9F
:10413000FFFFFFFFFFFFFFFFFFFFFFFFFFFFFFFF8F
:10414000FFFFFFFFFFFFFFFFFFFFFFFFFFFFFFFF7F
:10415000FFFFFFFFFFFFFFFFFFFFFFFFFFFFFFFF6F
:10416000FFFFFFFFFFFFFFFFFFFFFFFFFFFFFFFF5F
:10417000FFFFFFFFFFFFFFFFFFFFFFFFFFFFFFFF4F
:10418000FFFFFFFFFFFFFFFFFFFFFFFFFFFFFFFF3F
:10419000FFFFFFFFFFFFFFFFFFFFFFFFFFFFFFFF2F
:1041A000FFFFFFFFFFFFFFFFFFFFFFFFFFFFFFFF1F
:1041B000FFFFFFFFFFFFFFFFFFFFFFFFFFFFFFFF0F
:1041C000FFFFFFFFFFFFFFFFFFFFFFFFFFFFFFFFFF
:1041D000FFFFFFFFFFFFFFFFFFFFFFFFFFFFFFFFEF
:1041E000FFFFFFFFFFFFFFFFFFFFFFFFFFFFFFFFDF
:1041F000FFFFFFFFFFFFFFFFFFFFFFFFFFFFFFFFCF
:10420000FFFFFFFFFFFFFFFFFFFFFFFFFFFFFFFFBE
:10421000FFFFFFFFFFFFFFFFFFFFFFFFFFFFFFFFAE
:10422000FFFFFFFFFFFFFFFFFFFFFFFFFFFFFFFF9E
:10423000FFFFFFFFFFFFFFFFFFFFFFFFFFFFFFFF8E
:10424000FFFFFFFFFFFFFFFFFFFFFFFFFFFFFFFF7E
:10425000FFFFFFFFFFFFFFFFFFFFFFFFFFFFFFFF6E
:10426000FFFFFFFFFFFFFFFFFFFFFFFFFFFFFFFF5E
:10427000FFFFFFFFFFFFFFFFFFFFFFFFFFFFFFFF4E
:10428000FFFFFFFFFFFFFFFFFFFFFFFFFFFFFFFF3E
:10429000FFFFFFFFFFFFFFFFFFFFFFFFFFFFFFFF2E
:1042A000FFFFFFFFFFFFFFFFFFFFFFFFFFFFFFFF1E
:1042B000FFFFFFFFFFFFFFFFFFFFFFFFFFFFFFFF0E
:1042C000FFFFFFFFFFFFFFFFFFFFFFFFFFFFFFFFFE
:1042D000FFFFFFFFFFFFFFFFFFFFFFFFFFFFFFFFEE
:1042E000FFFFFFFFFFFFFFFFFFFFFFFFFFFFFFFFDE
:1042F000FFFFFFFFFFFFFFFFFFFFFFFFFFFFFFFFCE
:10430000FFFFFFFFFFFFFFFFFFFFFFFFFFFFFFFFBD
:10431000FFFFFFFFFFFFFFFFFFFFFFFFFFFFFFFFAD
:10432000FFFFFFFFFFFFFFFFFFFFFFFFFFFFFFFF9D
:10433000FFFFFFFFFFFFFFFFFFFFFFFFFFFFFFFF8D
:10434000FFFFFFFFFFFFFFFFFFFFFFFFFFFFFFFF7D
:10435000FFFFFFFFFFFFFFFFFFFFFFFFFFFFFFFF6D
:10436000FFFFFFFFFFFFFFFFFFFFFFFFFFFFFFFF5D
:10437000FFFFFFFFFFFFFFFFFFFFFFFFFFFFFFFF4D
:10438000FFFFFFFFFFFFFFFFFFFFFFFFFFFFFFFF3D
:10439000FFFFFFFFFFFFFFFFFFFFFFFFFFFFFFFF2D
:1043A000FFFFFFFFFFFFFFFFFFFFFFFFFFFFFFFF1D
:1043B000FFFFFFFFFFFFFFFFFFFFFFFFFFFFFFFF0D
:1043C000FFFFFFFFFFFFFFFFFFFFFFFFFFFFFFFFFD
:1043D000FFFFFFFFFFFFFFFFFFFFFFFFFFFFFFFFED
:1043E000FFFFFFFFFFFFFFFFFFFFFFFFFFFFFFFFDD
:1043F000FFFFFFFFFFFFFFFFFFFFFFFFFFFFFFFFCD
:10440000FFFFFFFFFFFFFFFFFFFFFFFFFFFFFFFFBC
:10441000FFFFFFFFFFFFFFFFFFFFFFFFFFFFFFFFAC
:10442000FFFFFFFFFFFFFFFFFFFFFFFFFFFFFFFF9C
:10443000FFFFFFFFFFFFFFFFFFFFFFFFFFFFFFFF8C
:10444000FFFFFFFFFFFFFFFFFFFFFFFFFFFFFFFF7C
:10445000FFFFFFFFFFFFFFFFFFFFFFFFFFFFFFFF6C
:10446000FFFFFFFFFFFFFFFFFFFFFFFFFFFFFFFF5C
:10447000FFFFFFFFFFFFFFFFFFFFFFFFFFFFFFFF4C
:10448000FFFFFFFFFFFFFFFFFFFFFFFFFFFFFFFF3C
:10449000FFFFFFFFFFFFFFFFFFFFFFFFFFFFFFFF2C
:1044A000FFFFFFFFFFFFFFFFFFFFFFFFFFFFFFFF1C
:1044B000FFFFFFFFFFFFFFFFFFFFFFFFFFFFFFFF0C
:1044C000FFFFFFFFFFFFFFFFFFFFFFFFFFFFFFFFFC
:1044D000FFFFFFFFFFFFFFFFFFFFFFFFFFFFFFFFEC
:1044E000FFFFFFFFFFFFFFFFFFFFFFFFFFFFFFFFDC
:1044F000FFFFFFFFFFFFFFFFFFFFFFFFFFFFFFFFCC
:10450000FFFFFFFFFFFFFFFFFFFFFFFFFFFFFFFFBB
:10451000FFFFFFFFFFFFFFFFFFFFFFFFFFFFFFFFAB
:10452000FFFFFFFFFFFFFFFFFFFFFFFFFFFFFFFF9B
:10453000FFFFFFFFFFFFFFFFFFFFFFFFFFFFFFFF8B
:10454000FFFFFFFFFFFFFFFFFFFFFFFFFFFFFFFF7B
:10455000FFFFFFFFFFFFFFFFFFFFFFFFFFFFFFFF6B
:10456000FFFFFFFFFFFFFFFFFFFFFFFFFFFFFFFF5B
:10457000FFFFFFFFFFFFFFFFFFFFFFFFFFFFFFFF4B
:10458000FFFFFFFFFFFFFFFFFFFFFFFFFFFFFFFF3B
:10459000FFFFFFFFFFFFFFFFFFFFFFFFFFFFFFFF2B
:1045A000FFFFFFFFFFFFFFFFFFFFFFFFFFFFFFFF1B
:1045B000FFFFFFFFFFFFFFFFFFFFFFFFFFFFFFFF0B
:1045C000FFFFFFFFFFFFFFFFFFFFFFFFFFFFFFFFFB
:1045D000FFFFFFFFFFFFFFFFFFFFFFFFFFFFFFFFEB
:1045E000FFFFFFFFFFFFFFFFFFFFFFFFFFFFFFFFDB
:1045F000FFFFFFFFFFFFFFFFFFFFFFFFFFFFFFFFCB
:10460000FFFFFFFFFFFFFFFFFFFFFFFFFFFFFFFFBA
:10461000FFFFFFFFFFFFFFFFFFFFFFFFFFFFFFFFAA
:10462000FFFFFFFFFFFFFFFFFFFFFFFFFFFFFFFF9A
:10463000FFFFFFFFFFFFFFFFFFFFFFFFFFFFFFFF8A
:10464000FFFFFFFFFFFFFFFFFFFFFFFFFFFFFFFF7A
:10465000FFFFFFFFFFFFFFFFFFFFFFFFFFFFFFFF6A
:10466000FFFFFFFFFFFFFFFFFFFFFFFFFFFFFFFF5A
:10467000FFFFFFFFFFFFFFFFFFFFFFFFFFFFFFFF4A
:10468000FFFFFFFFFFFFFFFFFFFFFFFFFFFFFFFF3A
:10469000FFFFFFFFFFFFFFFFFFFFFFFFFFFFFFFF2A
:1046A000FFFFFFFFFFFFFFFFFFFFFFFFFFFFFFFF1A
:1046B000FFFFFFFFFFFFFFFFFFFFFFFFFFFFFFFF0A
:1046C000FFFFFFFFFFFFFFFFFFFFFFFFFFFFFFFFFA
:1046D000FFFFFFFFFFFFFFFFFFFFFFFFFFFFFFFFEA
:1046E000FFFFFFFFFFFFFFFFFFFFFFFFFFFFFFFFDA
:1046F000FFFFFFFFFFFFFFFFFFFFFFFFFFFFFFFFCA
:10470000FFFFFFFFFFFFFFFFFFFFFFFFFFFFFFFFB9
:10471000FFFFFFFFFFFFFFFFFFFFFFFFFFFFFFFFA9
:10472000FFFFFFFFFFFFFFFFFFFFFFFFFFFFFFFF99
:10473000FFFFFFFFFFFFFFFFFFFFFFFFFFFFFFFF89
:10474000FFFFFFFFFFFFFFFFFFFFFFFFFFFFFFFF79
:10475000FFFFFFFFFFFFFFFFFFFFFFFFFFFFFFFF69
:10476000FFFFFFFFFFFFFFFFFFFFFFFFFFFFFFFF59
:10477000FFFFFFFFFFFFFFFFFFFFFFFFFFFFFFFF49
:10478000FFFFFFFFFFFFFFFFFFFFFFFFFFFFFFFF39
:10479000FFFFFFFFFFFFFFFFFFFFFFFFFFFFFFFF29
:1047A000FFFFFFFFFFFFFFFFFFFFFFFFFFFFFFFF19
:1047B000FFFFFFFFFFFFFFFFFFFFFFFFFFFFFFFF09
:1047C000FFFFFFFFFFFFFFFFFFFFFFFFFFFFFFFFF9
:1047D000FFFFFFFFFFFFFFFFFFFFFFFFFFFFFFFFE9
:1047E000FFFFFFFFFFFFFFFFFFFFFFFFFFFFFFFFD9
:1047F000FFFFFFFFFFFFFFFFFFFFFFFFFFFFFFFFC9
:10480000FFFFFFFFFFFFFFFFFFFFFFFFFFFFFFFFB8
:104810000000000000000000FFFFFFFFFFFFFFFFA0
:104820000000000000000000FFFFFFFFFFFFFFFF90
:104830000000000000000000FFFFFFFFFFFFFFFF80
:104840000000000000000000FFFFFFFFFFFFFFFF70
:104850000000000000000000FFFFFFFFFFFFFFFF60
:104860000000000000000000FFFFFFFFFFFFFFFF50
:104870000000000000000000FFFFFFFFFFFFFFFF40
:104880000000000000000000FFFFFFFFFFFFFFFF30
:10489000FFFFFFFFFFFFFFFFFFFFFFFFFFFFFFFF28
:1048A000FFFFFFFFFFFFFFFFFFFFFFFFFFFFFFFF18
:1048B000FFFFFFFFFFFFFFFFFFFFFFFFFFFFFFFF08
:1048C000FFFFFFFFFFFFFFFFFFFFFFFFFFFFFFFFF8
:1048D000FFFFFFFFFFFFFFFFFFFFFFFFFFFFFFFFE8
:1048E000FFFFFFFFFFFFFFFFFFFFFFFFFFFFFFFFD8
:1048F000FFFFFFFFFFFFFFFFFFFFFFFFFFFFFFFFC8
:10490000FFFFFFFFFFFFFFFFFFFFFFFFFFFFFFFFB7
:10491000FFFFFFFFFFFFFFFFFFFFFFFFFFFFFFFFA7
:10492000FFFFFFFFFFFFFFFFFFFFFFFFFFFFFFFF97
:10493000FFFFFFFFFFFFFFFFFFFFFFFFFFFFFFFF87
:10494000FFFFFFFFFFFFFFFFFFFFFFFFFFFFFFFF77
:10495000FFFFFFFFFFFFFFFFFFFFFFFFFFFFFFFF67
:10496000FFFFFFFFFFFFFFFFFFFFFFFFFFFFFFFF57
:10497000FFFFFFFFFFFFFFFFFFFFFFFFFFFFFFFF47
:10498000FFFFFFFFFFFFFFFFFFFFFFFFFFFFFFFF37
:10499000FFFFFFFFFFFFFFFFFFFFFFFFFFFFFFFF27
:1049A000FFFFFFFFFFFFFFFFFFFFFFFFFFFFFFFF17
:1049B000FFFFFFFFFFFFFFFFFFFFFFFFFFFFFFFF07
:1049C000FFFFFFFFFFFFFFFFFFFFFFFFFFFFFFFFF7
:1049D000FFFFFFFFFFFFFFFFFFFFFFFFFFFFFFFFE7
:1049E000FFFFFFFFFFFFFFFFFFFFFFFFFFFFFFFFD7
:1049F000FFFFFFFFFFFFFFFFFFFFFFFFFFFFFFFFC7
:104A0000FFFFFFFFFFFFFFFFFFFFFFFFFFFFFFFFB6
:104A1000FFFFFFFFFFFFFFFFFFFFFFFFFFFFFFFFA6
:104A2000FFFFFFFFFFFFFFFFFFFFFFFFFFFFFFFF96
:104A3000FFFFFFFFFFFFFFFFFFFFFFFFFFFFFFFF86
:104A4000FFFFFFFFFFFFFFFFFFFFFFFFFFFFFFFF76
:104A5000FFFFFFFFFFFFFFFFFFFFFFFFFFFFFFFF66
:104A6000FFFFFFFFFFFFFFFFFFFFFFFFFFFFFFFF56
:104A7000FFFFFFFFFFFFFFFFFFFFFFFFFFFFFFFF46
:104A8000FFFFFFFFFFFFFFFFFFFFFFFFFFFFFFFF36
:104A9000FFFFFFFFFFFFFFFFFFFFFFFFFFFFFFFF26
:104AA000FFFFFFFFFFFFFFFFFFFFFFFFFFFFFFFF16
:104AB000FFFFFFFFFFFFFFFFFFFFFFFFFFFFFFFF06
:104AC000FFFFFFFFFFFFFFFFFFFFFFFFFFFFFFFFF6
:104AD000FFFFFFFFFFFFFFFFFFFFFFFFFFFFFFFFE6
:104AE000FFFFFFFFFFFFFFFFFFFFFFFFFFFFFFFFD6
:104AF000FFFFFFFFFFFFFFFFFFFFFFFFFFFFFFFFC6
:104B0000FFFFFFFFFFFFFFFFFFFFFFFFFFFFFFFFB5
:104B1000FFFFFFFFFFFFFFFFFFFFFFFFFFFFFFFFA5
:104B2000FFFFFFFFFFFFFFFFFFFFFFFFFFFFFFFF95
:104B3000FFFFFFFFFFFFFFFFFFFFFFFFFFFFFFFF85
:104B4000FFFFFFFFFFFFFFFFFFFFFFFFFFFFFFFF75
:104B5000FFFFFFFFFFFFFFFFFFFFFFFFFFFFFFFF65
:104B6000FFFFFFFFFFFFFFFFFFFFFFFFFFFFFFFF55
:104B7000FFFFFFFFFFFFFFFFFFFFFFFFFFFFFFFF45
:104B8000FFFFFFFFFFFFFFFFFFFFFFFFFFFFFFFF35
:104B9000FFFFFFFFFFFFFFFFFFFFFFFFFFFFFFFF25
:104BA000FFFFFFFFFFFFFFFFFFFFFFFFFFFFFFFF15
:104BB000FFFFFFFFFFFFFFFFFFFFFFFFFFFFFFFF05
:104BC000FFFFFFFFFFFFFFFFFFFFFFFFFFFFFFFFF5
:104BD000FFFFFFFFFFFFFFFFFFFFFFFFFFFFFFFFE5
:104BE000FFFFFFFFFFFFFFFFFFFFFFFFFFFFFFFFD5
:104BF000FFFFFFFFFFFFFFFFFFFFFFFFFFFFFFFFC5
:104C0000FFFFFFFFFFFFFFFFFFFFFFFFFFFFFFFFB4
:104C1000FFFFFFFFFFFFFFFFFFFFFFFFFFFFFFFFA4
:104C2000FFFFFFFFFFFFFFFFFFFFFFFFFFFFFFFF94
:104C3000FFFFFFFFFFFFFFFFFFFFFFFFFFFFFFFF84
:104C4000FFFFFFFFFFFFFFFFFFFFFFFFFFFFFFFF74
:104C5000FFFFFFFFFFFFFFFFFFFFFFFFFFFFFFFF64
:104C6000FFFFFFFFFFFFFFFFFFFFFFFFFFFFFFFF54
:104C7000FFFFFFFFFFFFFFFFFFFFFFFFFFFFFFFF44
:104C8000FFFFFFFFFFFFFFFFFFFFFFFFFFFFFFFF34
:104C9000FFFFFFFFFFFFFFFFFFFFFFFFFFFFFFFF24
:104CA000FFFFFFFFFFFFFFFFFFFFFFFFFFFFFFFF14
:104CB000FFFFFFFFFFFFFFFFFFFFFFFFFFFFFFFF04
:104CC000FFFFFFFFFFFFFFFFFFFFFFFFFFFFFFFFF4
:104CD000FFFFFFFFFFFFFFFFFFFFFFFFFFFFFFFFE4
:104CE000FFFFFFFFFFFFFFFFFFFFFFFFFFFFFFFFD4
:104CF000FFFFFFFFFFFFFFFFFFFFFFFFFFFFFFFFC4
:104D0000FFFFFFFFFFFFFFFFFFFFFFFFFFFFFFFFB3
:104D1000FFFFFFFFFFFFFFFFFFFFFFFFFFFFFFFFA3
:104D2000FFFFFFFFFFFFFFFFFFFFFFFFFFFFFFFF93
:104D3000FFFFFFFFFFFFFFFFFFFFFFFFFFFFFFFF83
:104D4000FFFFFFFFFFFFFFFFFFFFFFFFFFFFFFFF73
:104D5000FFFFFFFFFFFFFFFFFFFFFFFFFFFFFFFF63
:104D6000FFFFFFFFFFFFFFFFFFFFFFFFFFFFFFFF53
:104D7000FFFFFFFFFFFFFFFFFFFFFFFFFFFFFFFF43
:104D8000FFFFFFFFFFFFFFFFFFFFFFFFFFFFFFFF33
:104D9000FFFFFFFFFFFFFFFFFFFFFFFFFFFFFFFF23
:104DA000FFFFFFFFFFFFFFFFFFFFFFFFFFFFFFFF13
:104DB000FFFFFFFFFFFFFFFFFFFFFFFFFFFFFFFF03
:104DC000FFFFFFFFFFFFFFFFFFFFFFFFFFFFFFFFF3
:104DD000FFFFFFFFFFFFFFFFFFFFFFFFFFFFFFFFE3
:104DE000FFFFFFFFFFFFFFFFFFFFFFFFFFFFFFFFD3
:104DF000FFFFFFFFFFFFFFFFFFFFFFFFFFFFFFFFC3
:104E0000FFFFFFFFFFFFFFFFFFFFFFFFFFFFFFFFB2
:104E1000FFFFFFFFFFFFFFFFFFFFFFFFFFFFFFFFA2
:104E2000FFFFFFFFFFFFFFFFFFFFFFFFFFFFFFFF92
:104E3000FFFFFFFFFFFFFFFFFFFFFFFFFFFFFFFF82
:104E4000FFFFFFFFFFFFFFFFFFFFFFFFFFFFFFFF72
:104E5000FFFFFFFFFFFFFFFFFFFFFFFFFFFFFFFF62
:104E6000FFFFFFFFFFFFFFFFFFFFFFFFFFFFFFFF52
:104E7000FFFFFFFFFFFFFFFFFFFFFFFFFFFFFFFF42
:104E8000FFFFFFFFFFFFFFFFFFFFFFFFFFFFFFFF32
:104E9000FFFFFFFFFFFFFFFFFFFFFFFFFFFFFFFF22
:104EA000FFFFFFFFFFFFFFFFFFFFFFFFFFFFFFFF12
:104EB000FFFFFFFFFFFFFFFFFFFFFFFFFFFFFFFF02
:104EC000FFFFFFFFFFFFFFFFFFFFFFFFFFFFFFFFF2
:104ED000FFFFFFFFFFFFFFFFFFFFFFFFFFFFFFFFE2
:104EE000FFFFFFFFFFFFFFFFFFFFFFFFFFFFFFFFD2
:104EF000FFFFFFFFFFFFFFFFFFFFFFFFFFFFFFFFC2
:104F0000FFFFFFFFFFFFFFFFFFFFFFFFFFFFFFFFB1
:104F1000FFFFFFFFFFFFFFFFFFFFFFFFFFFFFFFFA1
:104F2000FFFFFFFFFFFFFFFFFFFFFFFFFFFFFFFF91
:104F3000FFFFFFFFFFFFFFFFFFFFFFFFFFFFFFFF81
:104F4000FFFFFFFFFFFFFFFFFFFFFFFFFFFFFFFF71
:104F5000FFFFFFFFFFFFFFFFFFFFFFFFFFFFFFFF61
:104F6000FFFFFFFFFFFFFFFFFFFFFFFFFFFFFFFF51
:104F7000FFFFFFFFFFFFFFFFFFFFFFFFFFFFFFFF41
:104F8000FFFFFFFFFFFFFFFFFFFFFFFFFFFFFFFF31
:104F9000FFFFFFFFFFFFFFFFFFFFFFFFFFFFFFFF21
:104FA000FFFFFFFFFFFFFFFFFFFFFFFFFFFFFFFF11
:104FB000FFFFFFFFFFFFFFFFFFFFFFFFFFFFFFFF01
:104FC000FFFFFFFFFFFFFFFFFFFFFFFFFFFFFFFFF1
:104FD000FFFFFFFFFFFFFFFFFFFFFFFFFFFFFFFFE1
:104FE000FFFFFFFFFFFFFFFFFFFFFFFFFFFFFFFFD1
:104FF000FFFFFFFFFFFFFFFFFFFFFFFFFFFFFFFFC1
:102C0000FFFFFFFFFFFFFFFFFFFFFFFFFFFFFFFFD4
:102C1000FFFFFFFFFFFFFFFFFFFFFFFFFFFFFFFFC4
:102C2000FFFFFFFFFFFFFFFFFFFFFFFFFFFFFFFFB4
:102C3000FFFFFFFFFFFFFFFFFFFFFFFFFFFFFFFFA4
:102C4000FFFFFFFFFFFFFFFFFFFFFFFFFFFFFFFF94
:102C5000FFFFFFFFFFFFFFFFFFFFFFFFFFFFFFFF84
:102C6000FFFFFFFFFFFFFFFFFFFFFFFFFFFFFFFF74
:102C7000FFFFFFFFFFFFFFFFFFFFFFFFFFFFFFFF64
:102C8000FFFFFFFFFFFFFFFFFFFFFFFFFFFFFFFF54
:102C9000FFFFFFFFFFFFFFFFFFFFFFFFFFFFFFFF44
:102CA000FFFFFFFFFFFFFFFFFFFFFFFFFFFFFFFF34
:102CB000FFFFFFFFFFFFFFFFFFFFFFFFFFFFFFFF24
:102CC000FFFFFFFFFFFFFFFFFFFFFFFFFFFFFFFF14
:102CD000FFFFFFFFFFFFFFFFFFFFFFFFFFFFFFFF04
:102CE000FFFFFFFFFFFFFFFFFFFFFFFFFFFFFFFFF4
:102CF000FFFFFFFFFFFFFFFFFFFFFFFFFFFFFFFFE4
:102D0000FFFFFFFFFFFFFFFFFFFFFFFFFFFFFFFFD3
:102D1000FFFFFFFFFFFFFFFFFFFFFFFFFFFFFFFFC3
:102D2000FFFFFFFFFFFFFFFFFFFFFFFFFFFFFFFFB3
:102D3000FFFFFFFFFFFFFFFFFFFFFFFFFFFFFFFFA3
:102D4000FFFFFFFFFFFFFFFFFFFFFFFFFFFFFFFF93
:102D5000FFFFFFFFFFFFFFFFFFFFFFFFFFFFFFFF83
:102D6000FFFFFFFFFFFFFFFFFFFFFFFFFFFFFFFF73
:102D7000FFFFFFFFFFFFFFFFFFFFFFFFFFFFFFFF63
:102D8000FFFFFFFFFFFFFFFFFFFFFFFFFFFFFFFF53
:102D9000FFFFFFFFFFFFFFFFFFFFFFFFFFFFFFFF43
:102DA000FFFFFFFFFFFFFFFFFFFFFFFFFFFFFFFF33
:102DB000FFFFFFFFFFFFFFFFFFFFFFFFFFFFFFFF23
:102DC000FFFFFFFFFFFFFFFFFFFFFFFFFFFFFFFF13
:102DD000FFFFFFFFFFFFFFFFFFFFFFFFFFFFFFFF03
:102DE000FFFFFFFFFFFFFFFFFFFFFFFFFFFFFFFFF3
:102DF000FFFFFFFFFFFFFFFFFFFFFFFFFFFFFFFFE3
:102E0000FFFFFFFFFFFFFFFFFFFFFFFFFFFFFFFFD2
:102E1000FFFFFFFFFFFFFFFFFFFFFFFFFFFFFFFFC2
:102E2000FFFFFFFFFFFFFFFFFFFFFFFFFFFFFFFFB2
:102E3000FFFFFFFFFFFFFFFFFFFFFFFFFFFFFFFFA2
:102E4000FFFFFFFFFFFFFFFFFFFFFFFFFFFFFFFF92
:102E5000FFFFFFFFFFFFFFFFFFFFFFFFFFFFFFFF82
:102E6000FFFFFFFFFFFFFFFFFFFFFFFFFFFFFFFF72
:102E7000FFFFFFFFFFFFFFFFFFFFFFFFFFFFFFFF62
:102E8000FFFFFFFFFFFFFFFFFFFFFFFFFFFFFFFF52
:102E9000FFFFFFFFFFFFFFFFFFFFFFFFFFFFFFFF42
:102EA000FFFFFFFFFFFFFFFFFFFFFFFFFFFFFFFF32
:102EB000FFFFFFFFFFFFFFFFFFFFFFFFFFFFFFFF22
:102EC000FFFFFFFFFFFFFFFFFFFFFFFFFFFFFFFF12
:102ED000FFFFFFFFFFFFFFFFFFFFFFFFFFFFFFFF02
:102EE000FFFFFFFFFFFFFFFFFFFFFFFFFFFFFFFFF2
:102EF000FFFFFFFFFFFFFFFFFFFFFFFFFFFFFFFFE2
:102F0000FFFFFFFFFFFFFFFFFFFFFFFFFFFFFFFFD1
:102F1000FFFFFFFFFFFFFFFFFFFFFFFFFFFFFFFFC1
:102F2000FFFFFFFFFFFFFFFFFFFFFFFFFFFFFFFFB1
:102F3000FFFFFFFFFFFFFFFFFFFFFFFFFFFFFFFFA1
:102F4000FFFFFFFFFFFFFFFFFFFFFFFFFFFFFFFF91
:102F5000FFFFFFFFFFFFFFFFFFFFFFFFFFFFFFFF81
:102F6000FFFFFFFFFFFFFFFFFFFFFFFFFFFFFFFF71
:102F7000FFFFFFFFFFFFFFFFFFFFFFFFFFFFFFFF61
:102F8000FFFFFFFFFFFFFFFFFFFFFFFFFFFFFFFF51
:102F9000FFFFFFFFFFFFFFFFFFFFFFFFFFFFFFFF41
:102FA000FFFFFFFFFFFFFFFFFFFFFFFFFFFFFFFF31
:102FB000FFFFFFFFFFFFFFFFFFFFFFFFFFFFFFFF21
:102FC000FFFFFFFFFFFFFFFFFFFFFFFFFFFFFFFF11
:102FD000FFFFFFFFFFFFFFFFFFFFFFFFFFFFFFFF01
:102FE000FFFFFFFFFFFFFFFFFFFFFFFFFFFFFFFFF1
:102FF000FFFFFFFFFFFFFFFFFFFFFFFFFFFFFFFFE1
:00000001FF
