:020000040000fa
:10000000f0ff032075e40100f51b0200f91b02005c
:10001000011c0200051c0200091c02000000000077
:10002000000000000000000000000000f71e0100ba
:10003000fd1b020000000000f71e0100f71e01007a
:10004000f71e0100f71e0100f71e0100f71e010058
:10005000f71e0100f71e0100f71e0100f71e010048
:10006000f71e0100f71e0100f71e0100f71e010038
:10007000f71e0100f71e0100f71e0100f71e010028
:10008000f71e0100f71e0100f71e0100f71e010018
:10009000f71e0100f71e0100f71e0100f71e010008
:1000a000f71e0100f71e0100f71e0100f71e0100f8
:1000b000f71e0100f71e0100f71e0100f71e0100e8
:1000c000f71e0100f71e0100f71e0100f71e0100d8
:1000d000f71e0100f71e0100f71e0100f71e0100c8
:1000e000f71e0100f71e01000000000000000000e4
:1000f00000000000f71e0100f71e0100f71e0100be
:10010000f71e0100f71e0100f71e0100f71e010097
:10011000f71e0100f71e0100f71e0100f71e010087
:10012000f71e0100f71e0100f71e0100f71e010077
:10013000f71e0100f71e0100f71e0100f71e010067
:10014000f71e0100f71e0100f71e0100f71e010057
:10015000f71e0100f71e0100f71e0100f71e010047
:10016000f71e0100f71e0100f71e0100f71e010037
:10017000f71e0100f71e0100f71e0100f71e010027
:10018000f71e0100f71e0100f71e0100f71e010017
:10019000f71e010021490100f71e0100f71e0100b2
:1001a000f71e0100f71e0100f71e0100f71e0100f7
:1001b000f71e0100f71e0100f71e0100f71e0100e7
:1001c000f71e0100f71e0100f71e0100f71e0100d7
:1001d000f71e0100f71e0100f71e0100f71e0100c7
:1001e000f71e0100f71e0100f71e0100f71e0100b7
:1001f000f71e0100f71e0100f71e0100f71e0100a7
:10020000f71e0100f71e0100f71e0100f71e010096
:10021000f71e0100f71e0100f71e0100995b0100a7
:10022000f71e0100f71e0100f71e0100f71e010076
:10023000f71e0100f71e0100f71e0100f71e010066
:10024000f71e0100f71e0100f71e0100f71e010056
:10025000f71e0100f71e0100f71e0100f71e010046
:04026000f71e010084
:020000040000fa
:10026400f8b500bff8bc08bc9e467047d50702002d
:10027400f8b500bff8bc08bc9e467047b107020041
:020000040000fa
:0802840044e400000100000049
:020000040000fa
:10028c00000000409841d73f0883ae3f26c4853f0d
:10029c00ca045d3fcb44343f00840b3f40c2e23e76
:1002ac0063ffb93e3f3b913eac75683e81ae3f3e2d
:1002bc0094e5163ebd1aee3dd14dc53da97e9c3d43
:1002cc001bad733dfdd84a3d2502223d6b28f93c00
:1002dc00a44bd03ca76ba73c49887e3c61a1553c04
:1002ec00c5b62c3c49c8033cc4d5da3b0cdfb13b4a
:1002fc00f4e3883b53e45f3bfddf363bc8d60d3b54
:10030c0087c8e43a0eb5bb3a349c923aca7d693a36
:10031c00a559403a992f173a79ffed3918c9c439c4
:10032c00498c9b39df487239acfe483982ad1f3994
:10033c003355f63891f5cc386d8ea338991f7a3831
:10034c00e4a85038202a27381ca3fd37a913d4372a
:10035c00957baa37b1da8037ca305737b07d2d3745
:10036c0031c1033719fbd936372bb0365851863685
:10037c00476d5c36d27e3236c4850836e781de3571
:10038c000873b435f0588a35693360353c0236351c
:10039c0034c50b35177ce134ae26b734c1c48c346c
:1003ac001556623472da37349e510d345cbbe2332d
:1003bc007217b833a5658d33b6a5623369d7373359
:1003cc0080fa0c33bd0ee232df13b732a7098c3240
:1003dc00d4ef603225c63532588c0a322942df31cf
:1003ec0055e7b331977b8831aafe5c3147703131c8
:1003fc0028d00531051eda309459ae308b8282300c
:10040c00a1985630899b2a30f68afe2f9b66d22ff4
:10041c00292ea62f4fe1792fbe7f4d2f2209212f98
:10042c00297df42e7edbc72ecb239b2eba556e2e48
:10043c00f270412e1a75142ed661e72dcb36ba2ddb
:10044c009cf38c2de8975f2d4f23322d7095042d46
:10045c00e6edd62c4c2ca92c3b507b2c4c594d2c1e
:10046c0012471f2c2319f12b10cfc22b6968942b28
:10047c00bde4652b9843372b8384082b07a7d92a17
:10048c00abaaaa2af08e7b2a5a534c2a66f71c2a4e
:10049c00927aed2958dcbd292f1c8e298c395e29c6
:1004ac00e1332e299e0afe282fbdcd28fe4a9d2819
:1004bc0070b36c28ebf53b28cd110b287306da27ab
:1004cc0036d3a8276d77772768f24527774314270b
:1004dc00e269e226f164b026e6337e26fdd54b2692
:1004ec00704a19267390e62537a7b325e48d80252d
:1004fc00a2434d2590c71925c918e6246136b224ac
:10050c00681f7e24e6d24924dd4f15244a95e0234a
:10051c0022a2ab2351757623bf0d4123496a0b23cd
:10052c00c789d522076b9f22cd0c6922d76d322249
:10053c00d88cfb217868c42157ff8c210950552198
:10054c0017591d21ff18e520318eac2013b77320ed
:10055c00fc913a20351d0120f856c71f723d8d1fa6
:10056c00bece521fe708181fe5e9dc1e9f6fa11ec7
:10057c00e997651e8160291e10c7ec1d28c9af1da7
:10058c004364721dc495341def5af61cf0b0b71cb1
:10059c00d394781c8503391cd0f9f81b5d74b81bf7
:1005ac00ae6f771b1ce8351bd7d9f31ae140b11a93
:1005bc000c196e1af45d2a1a000be6195a1ba119b4
:1005cc00ef895b19665115191c6cce1820d486184e
:1005dc002c833e189e72f5176f9bab172ff6601786
:1005ec00f77a15175f21c91677e07b16b4ae2d1676
:1005fc00e781de15284f8e15c80a3d1537a8ea1479
:10060c00f01997145e514214ba3eec13e8d09413cf
:10061c0050f53b13ab97e112c9a1851255fb27127c
:10062c008089c811a72e6711e3c9031181369e106a
:10063c005e4b361021dacb0f38ae5e0fa88bee0e68
:10064c00782d7b0eb243040ec670890d12460a0d2e
:10065c00273f860c4cbbfc0b35f46c0b79f0d50aa0
:10066c00f36e360a1ec68c095eadd608cada1008bf
:10067c00d4413607f0613e06caa518056a399a03bb
:10068c00000000000040d73faf3f863f5d3f343f46
:10069c000c3fe33eba3e913e683e403e173eee3d77
:1006ac00c53d9c3d743d4b3d223df93cd03ca73ca7
:1006bc007f3c563c2d3c043cdb3bb23b893b603bd6
:1006cc00373b0e3be53abc3a933a693a403a173a13
:1006dc00ee39c5399c39723949392039f638cd385b
:1006ec00a4387a3851382738fe37d437aa378137af
:1006fc0057372d370437da36b03686365c36323615
:10070c000936df35b4358a35603536350c35e1348c
:10071c00b7348d34623438340d34e333b8338d331d
:10072c00633338330d33e232b7328c3261323632c6
:10073c000b32df31b43188315d3131310631da3091
:10074c00ae30833057302b30ff2fd22fa62f7a2f7d
:10075c004d2f212ff42ec82e9b2e6e2e412e142e93
:10076c00e72dba2d8d2d602d322d052dd72ca92cd2
:10077c007b2c4d2c1f2cf12bc32b942b662b372b46
:10078c00092bda2aab2a7c2a4c2a1d2aed29be29f0
:10079c008e295e292e29fe28ce289d286d283c28de
:1007ac000b28da27a927772746271427e226b02615
:1007bc007e264c261926e725b42581254d251a259c
:1007cc00e624b2247e244a241524e123ac23762388
:1007dc0041230b23d6229f2269223222fc21c421e1
:1007ec008d2155211d21e520ad2074203b200120b9
:1007fc00c71f8d1f531f181fdd1ea11e661e291e2d
:10080c00ed1db01d721d351df61cb81c791c391c54
:10081c00f91bb81b771b361bf41ab11a6e1a2a1a5d
:10082c00e619a1195c191519ce1887183f18f51778
:10083c00ac1761171517c9167c162e16df158e15f9
:10084c003d15eb1497144214ec1395133c13e21260
:10085c0086122812c911671104119e103610cc0f84
:10086c005f0fef0e7b0e040e890d0a0d860cfd0b2f
:10087c006d0bd60a360a8d09d708110836073e06c5
:10088c0019059a0300000000404040403f3f3f3fa5
:10089c003f3f3e3e3e3e3e3e3d3d3d3d3d3d3c3c74
:1008ac003c3c3c3c3c3b3b3b3b3b3b3a3a3a3a3a8c
:1008bc003a393939393939383838383838383737a6
:1008cc0037373737363636363636353535353535be
:1008dc0034343434343433333333333332323232da
:1008ec00323231313131313130303030302f2f2ff5
:1008fc002f2f2f2e2e2e2e2e2e2d2d2d2d2d2c2c12
:10090c002c2c2c2c2b2b2b2b2b2a2a2a2a2a2a292f
:10091c002929292928282828282727272727262650
:10092c002626262625252525242424242423232372
:10093c002323222222222221212121202020202097
:10094c001f1f1f1f1e1e1e1e1d1d1d1d1c1c1c1cc3
:10095c001b1b1b1b1a1a1a1a1919191918181817f4
:10096c00171716161616151515141414131313122f
:10097c001211111110100f0f0e0e0e0d0d0c0b0b82
:10098c000a0a090807060504000000000000000020
:10099c0068be2800f87c5100da3b7a0036fba200d6
:1009ac0035bbcb00007cf400c03d1d019d00460111
:1009bc00c1c46e01548a97017f51c0016c1ae901c0
:1009cc0043e511022fb23a0257816302e5528c02c1
:1009dc000327b502dbfddd0295d706035cb42f03bc
:1009ec0059945803b77781039f5eaa033b49d303fd
:1009fc00b737fc033c2a2504f4204e040c1c770466
:100a0c00ad1ba0040320c9043829f20479371b0557
:100a1c00f24a4405cc636d05368296055ba6bf058c
:100a2c0067d0e80587001206e8363b06b773640604
:100a3c0021b78d065401b7067e52e006cdaa0907f0
:100a4c006f0a330793715c0767e085071c57af0784
:100a5c00e0d5d807e45c020857ec2b086b845508ea
:100a6c004f257f0836cfa8085082d208cf3efc080d
:100a7c00e7042609c9d44f09a8ae7909b992a3098c
:100a8c002e81cd093c7af709197e210af88c4b0a84
:100a9c0010a7750a97cc9f0ac4fdc90acc3af40a70
:100aac00e9831e0b52d9480b3f3b730beba99d0bf3
:100abc008e25c80b62aef20ba4441d0c8ee8470cbd
:100acc005b9a720c4a5a9d0c9728c80c8005f30c43
:100adc0043f11d0d21ec480d59f6730d2c109f0d93
:100aec00db39ca0da873f50dd7bd200eab184c0e13
:100afc006984770e5601a30eb98fce0ed82ffa0e3d
:100b0c00fbe1250f6ca6510f757d7d0f5f67a90f5b
:100b1c007764d50f0a75011065992d10d7d159102e
:100b2c00b11e86104280b210def6de10d7820b1199
:100b3c008224381135dc641146aa91110e8fbe1136
:100b4c00e68aeb112a9e181235c94512640c7312f1
:100b5c001868a012b1dccd12906afb121a1229137c
:100b6c00b4d35613c5af8413b4a6b213eeb8e013c6
:100b7c00dde60e14f0303d1497976b14431b9a145a
:100b8c0068bcc8147d7bf714f958261555555515b6
:100b9c0010718415a6acb3159a08e3156e85121660
:100bac00a8234216d1e3711674c6a1161fccd11618
:100bbc0062f50117d142321702b56217904c9317a8
:100bcc00150ac41733eef4178df92518ca2c5718cb
:100bdc0093888818980dba1889bceb181e961d19a5
:100bec000f9b4f191acc8119032ab41990b5e61929
:100bfc008d6f191ac9584c1a1c727f1a5ebcb21a26
:100c0c007038e61a37e7191b9fc94d1b98e0811bfa
:100c1c001a2db61b23b0ea1bb66a1f1cde5d541cd2
:100c2c00af8a891c41f2be1cb795f41c39762a1d7b
:100c3c00f994601d33f3961d2992cd1d2873041e63
:100c4c0088973b1ea900731ef7afaa1ee9a6e21ee9
:100c5c0001e71a1fcf71531fed488c1f046ec51f7f
:100c6c00cbe2fe1f08a938208ec272204231ad2083
:100c7c0019f7e7201b16232161905e2117689a2132
:100c8c007f9fd621f0381322d8365022bd9b8d225f
:100c9c003c6acb2211a50923104f48232d6b8723c7
:100cac007bfcc62330060724a38b47245290882450
:100cbc00e417ca2429260c251fbf4e25f4e69125de
:100ccc000ca2d52500f51926a6e45e261176a426dd
:100cdc009aaeea26e4933127e02b7927d47cc127fe
:100cec00628d0a2891645428d1099f280985ea2825
:100cfc00a1de3629891f84294c51d229197e212a3b
:100d0c00d8b0712a38f5c22ac957152b10e6682bb2
:100d1c00a2aebd2b46c1132c182f6b2cb00ac42cc1
:100d2c0055681e2d375e7a2dab04d82d8076372e64
:100d3c0059d1982e1d36fc2e7fc9612fa2b4c92f14
:100d4c00df253430c851a1305874113188d2843128
:100d5c004ebcfb313a8f7632eeb9f532d9c07933cd
:100d6c00b4440334cb0b9334870f2a350d91c9351a
:100d7c00e2397336a25229373625ef372cbec938e3
:100d8c00109ec139365ae73a96c6653c00000040c1
:100d9c000000290051007a00a300cc00f4001d01d2
:100dac0046016f019801c001e90112023b02640285
:100dbc008c02b502de020703300359038103aa0338
:100dcc00d303fc0325044e047704a004c904f204e5
:100ddc001b0544056d059705c005e90512063b0684
:100dec0064068e06b706e0060a0733075c0786071b
:100dfc00af07d90702082c0856087f08a908d308a2
:100e0c00fc08260950097a09a409ce09f709210a18
:100e1c004c0a760aa00aca0af40a1f0b490b730b78
:100e2c009e0bc80bf30b1d0c480c730c9d0cc80cc3
:100e3c00f30c1e0d490d740d9f0dca0df50d210ef1
:100e4c004c0e780ea30ecf0efa0e260f520f7d0ffe
:100e5c00a90fd50f01102e105a108610b310df10e9
:100e6c000c11381165119211bf11ec1119124612a7
:100e7c007312a012ce12fb12291357138513b3133e
:100e8c00e1130f143d146c149a14c914f71426159d
:100e9c0055158415b415e315131642167216a216c1
:100eac00d2160217321763179317c417f5172618a3
:100ebc0057188918ba18ec181e1950198219b41938
:100ecc00e719191a4c1a7f1ab31ae61a1a1b4e1b79
:100edc00821bb61beb1b1f1c541c8a1cbf1cf51c55
:100eec002a1d611d971dce1d041e3c1e731eab1ebc
:100efc00e31e1b1f531f8c1fc51fff1f39207320a0
:100f0c00ad20e82023215f219a21d72113225022e2
:100f1c008e22cb220a2348238723c7230724482465
:100f2c008924ca240c254f259225d6251a265f26fe
:100f3c00a426eb2632277927c1270b2854289f2873
:100f4c00eb2837298429d229212a722ac32a152b66
:100f5c00692bbe2b142c6b2cc42c1e2d7a2dd82d4a
:100f6c00372e992efc2e622fca2f3430a13011311e
:100f7c008531fc317732f6327a33033493342a35a7
:100f8c00ca3573362937ef37ca38c239e73a663c67
:100f9c0000400000000000000101010101010202fb
:100fac000202020203030303030304040404040403
:100fbc0004050505050505060606060606070707ca
:100fcc000707070808080808080809090909090992
:100fdc000a0a0a0a0a0a0b0b0b0b0b0b0c0c0c0c57
:100fec000c0c0d0d0d0d0d0d0e0e0e0e0e0e0f0f1d
:100ffc000f0f0f0f101010101011111111111112e1
:10100c0012121212121313131313141414141414a3
:10101c001515151515161616161616171717171764
:10102c00181818181819191919191a1a1a1a1a1a23
:10103c001b1b1b1b1c1c1c1c1c1d1d1d1d1d1e1edf
:10104c001e1e1e1f1f1f1f2020202020212121219a
:10105c00222222222323232324242424252525254c
:10106c0026262626272727272828282929292a2af9
:10107c002a2a2b2b2b2c2c2c2d2d2d2e2e2f2f2f9b
:10108c00303031313232323333343535363637381d
:10109c00393a3b3c4000000000000000bf2a24030a
:1010ac007cd9470649906a095ed38b0c2b27ab0f72
:1010bc006e10c8124414e2153cb8f8186a820b1c66
:1010cc007bf9191fc5a423225d0c282528b92628d5
:1010dc00eb341f2b620a112e4dc5fb3087f2de3329
:1010ec001320ba3632dd8c3970ba563cb749173feb
:1010fc00641ece4150cd7a44e6ec1c473315b449fe
:10110c00f3df3f4ca4e8bf4e94cc3351ef2a9b53f2
:10111c00d2a4f55554dd42589979825adf20b45c3b
:10112c00897cd75e2f38ec60ac01f2622589e864cb
:10113c001f81cf66809ea668a3986d6a5f29246c78
:10114c00140dca6db1025f6fc5cbe270842c557261
:10115c00d0ebb57344d304753caf4176da4e6c7763
:10116c0013848478b0238a795a057d7a9d035d7b3c
:10117c00edfb297cb1cee37c3f5f8a7de9931d7e3c
:10118c00fb559d7ec391097f8e36627fb336a77f58
:10119c008d87d87f8121f67fffffff7f8121f67f2e
:1011ac008d87d87fb336a77f8e36627fc391097f38
:1011bc00fb559d7ee9931d7e3f5f8a7db1cee37c1e
:1011cc00edfb297c9d035d7b5a057d7ab0238a79e2
:1011dc0013848478da4e6c773caf417644d3047533
:1011ec00d0ebb573842c5572c5cbe270b1025f6f36
:1011fc00140dca6d5f29246ca3986d6a809ea66835
:10120c001f81cf662589e864ac01f2622f38ec604f
:10121c00897cd75edf20b45c9979825a54dd4258c0
:10122c00d2a4f555ef2a9b5394cc3351a4e8bf4e6e
:10123c00f3df3f4c3315b449e6ec1c4750cd7a44f0
:10124c00641ece41b749173f70ba563c32dd8c391b
:10125c001320ba3687f2de334dc5fb30620a112eed
:10126c00eb341f2b28b926285d0c2825c5a4232276
:10127c007bf9191f6a820b1c3cb8f8184414e21550
:10128c006e10c8122b27ab0f5ed38b0c49906a09da
:10129c007cd94706bf2a24030000000041d5dbfca3
:1012ac008426b8f9b76f95f6a22c74f3d5d854f000
:1012bc0092ef37edbceb1deac44707e7967df4e3ec
:1012cc008506e6e03b5bdcdda3f3d7dad846d9d75d
:1012dc0015cbe0d49ef5eed1b33a04cf790d21cce9
:1012ec00eddf45c9ce2273c69045a9c349b6e8c007
:1012fc009ce131beb03285bb1a13e3b8cdea4bb6d4
:10130c000d20c0b35c1740b16c33ccae11d564acbe
:10131c002e5b0aaaac22bda767867da521df4ba355
:10132c00778328a1d1c7139f54fe0d9ddb76179ba5
:10133c00e17e3099806159975d679295a1d6db93d8
:10134c00ecf235924ffda0903b341d8f7cd3aa8dcf
:10135c0030144a8cbc2cfb8ac450be8926b19388ad
:10136c00ed7b7b8750dc7586a6fa828563fca284b4
:10137c001304d6834f311c83c1a07582176ce28194
:10138c0005aa62813d6ef68072c99d804dc9588058
:10139c00737827807fde0980010000807fde098062
:1013ac00737827804dc9588072c99d803d6ef68038
:1013bc0005aa6281176ce281c1a075824f311c8332
:1013cc001304d68363fca284a6fa828550dc75864e
:1013dc00ed7b7b8726b19388c450be89bc2cfb8add
:1013ec0030144a8c7cd3aa8d3b341d8f4ffda090ba
:1013fc00ecf23592a1d6db935d679295806159979b
:10140c00e17e3099db76179b54fe0d9dd1c7139f5f
:10141c00778328a121df4ba367867da5ac22bda7ce
:10142c002e5b0aaa11d564ac6c33ccae5c1740b100
:10143c000d20c0b3cdea4bb61a13e3b8b03285bb5e
:10144c009ce131be49b6e8c09045a9c3ce2273c613
:10145c00eddf45c9790d21ccb33a04cf9ef5eed121
:10146c0015cbe0d4d846d9d7a3f3d7da3b5bdcdd78
:10147c008506e6e0967df4e3c44707e7bceb1dea7e
:10148c0092ef37edd5d854f0a22c74f3b76f95f6d4
:10149c008426b8f941d5dbfc0000000000002403d1
:1014ac0048066a098c0cab0fc812e215f9180b1c14
:1014bc001a1f2322282526281f2b112efb30df3341
:1014cc00ba368c39563c173fce417a441c47b44946
:1014dc003f4cbf4e33519b53f5554258825ab35c27
:1014ec00d75eeb60f162e864cf66a6686d6a236c28
:1014fc00c96d5e6fe2705472b573047541766b778b
:10150c00847889797c7a5c7b297ce37c897d1d7e5f
:10151c009c7e097f617fa67fd87ff57fff7ff57f5b
:10152c00d87fa67f617f097f9c7e1d7e897de37cb1
:10153c00297c5c7b7c7a897984786b77417604751d
:10154c00b5735472e2705e6fc96d236c6d6aa668d8
:10155c00cf66e864f162eb60d75eb35c825a4258a6
:10156c00f5559b533351bf4e3f4cb4491c477a44fd
:10157c00ce41173f563c8c39ba36df33fb30112e37
:10158c001f2b2628282523221a1f0b1cf918e215bd
:10159c00c812ab0f8c0c6a09480624030000dcfc53
:1015ac00b8f996f674f355f038ed1eea07e7f5e353
:1015bc00e6e0ddddd8dadad7e1d4efd105cf21cc06
:1015cc0046c974c6aac3e9c032be86bbe4b84cb6e1
:1015dc00c1b341b1cdae65ac0baabea77ea54da3e0
:1015ec0029a1159f0f9d189b31995a979395dd93bf
:1015fc003792a2901e8fac8d4b8cfc8abf8995883c
:10160c007c8777868485a484d7831d837782e38146
:10161c006481f7809f805a8028800b8001800b802a
:10162c0028805a809f80f7806481e38177821d83b4
:10163c00d783a484848577867c879588bf89fc8a28
:10164c004b8cac8d1e8fa2903792dd9393955a974d
:10165c003199189b0f9d159f29a14da37ea5bea75f
:10166c000baa65accdae41b1c1b34cb6e4b886bbe8
:10167c0032bee9c0aac374c646c921cc05cfefd18e
:10168c00e1d4dad7d8dadddde6e0f5e307e71eeae8
:10169c0038ed55f074f396f6b8f9dcfc0000000058
:1016ac00000306090c101316191c1f2225282b2ebb
:1016bc00313336393c3f414447494c4e51535558d0
:1016cc005a5c5e60626466686a6b6d6f707173748d
:1016dc00757678797a7a7b7c7d7d7e7e7e7f7f7f46
:1016ec007f7f7f7f7e7e7e7d7d7c7b7a7a7978762c
:1016fc0075747371706f6d6b6a68666462605e5c42
:10170c005a585553514e4c494744413f3c39363356
:10171c00312e2b2825221f1c191613100c09060319
:10172c0000fdfaf7f4f0edeae7e4e1dedbd8d5d220
:10173c00cfcdcac7c4c1bfbcb9b7b4b2afadaba8eb
:10174c00a6a4a2a09e9c9a9896959391908f8d8c0e
:10175c008b8a888786868584838382828281818135
:10176c008181818182828283838485868687888a2f
:10177c008b8c8d8f9091939596989a9c9ea0a2a4f9
:10178c00a6a8abadafb2b4b7b9bcbfc1c4c7cacdc4
:10179c00cfd2d5d8dbdee1e4e7eaedf0f4f7fafde1
:0417ac00000000bf7a
:020000040000fa
:1017b0009fed010a704700bf17b7d1382de9f84fe8
:1017c000f548f64cf649c4f8ac0000f2022c00f2e1
:1017d000044840f28f20c4f82a01c4f842014ff0b7
:1017e0000d0001f5007384f860014ff0080a4ff016
:1017f0000309ec48a3640025b7ee006a40f6cd4229
:10180000012347f6ff77a4f816a784f818974ff03e
:101810000f0a40f26669c4f8bcc04ff4005e4ff492
:10182000804c40f2ae7684ed3b6ac4f82417c4f8cd
:10183000cc80c4f846e1a4f86e61c4f81c57a4f843
:101840002057c4f84250a4f86850c4f82e51a4f8a8
:101850005020a4f85620a4f85c20a4f87a20a4f81c
:101860008a20a4f89a20a4f85021a4f8627084f881
:101870006d3084f87ca084f88ca084f89ca0a4f837
:101880005ec1a4f86891c4e96a00c748dfedc77a71
:101890009fedc77ac4f83802c4f84802c4f8580269
:1018a00042f26666c5204ff0605b4ff4404ea4f8ec
:1018b0002263a4f836030e26a4f85603bd4884ed2f
:1018c000707ac4ed7e7ac4ed867ac4ed8a7a84f8a3
:1018d0007e31a4f88421a4f88a21a4f89091c4f858
:1018e000b05184f8b45184f8363784f8ca3284f899
:1018f000da32a4f81c53c4f83c5384f84053a4f8db
:1019000006e284f80862c4f868b2c4f878b2c4f891
:1019100088b2c4f898b2c4f8a8b2c4f8b8b2c4f88f
:101920003803c4f858031520a4f88074a4f8f00311
:1019300004f5836704f59a6087ed007adfed9e6a0f
:1019400084f8a064a4f8aee484f8b06401f2022e36
:1019500043f23336994fc4f874e404f5a568a4f84b
:10196000be6404f59c6ec0f800b041f69a16622081
:10197000c4f81075924f88ed006aceed006ac4f885
:101980005c5384f86053a4f82054a4f83c57c4f87e
:101990006e5484f87b54a4f88654a4f88c5484f8cc
:1019a0009134a4f89ec484f8c0a484f8f134c4f837
:1019b000145584f81855c4f86a55c4f89273c4f8dd
:1019c000a273a4f80c64c4f86665a4f80e0584f844
:1019d000ae3584f8633684f87a3643f2a403a4f86b
:1019e000903544f6cd436f4ea4f8fa35754bc4f8e4
:1019f000e065c4f8e465c4f8503704f5b9664ff003
:101a00000d07714ba4f838c484f84874dff8bce1c2
:101a1000a4f846c4a4f8f4054ff0400c4ff0804001
:101a2000a4f80026c4f856366ff0004201f50173a1
:101a300047f6b86801f206214ff6fd7b0627c4f889
:101a40005c36c4f8d6e6a4f8f2c63060c4f8bc260a
:101a5000a4f89655a4f89c95c4f8e85584f8ec557c
:101a600084f810a6c4f85457c4f85857a4f8685618
:101a7000c4f8c45684f8c856a4f8bc85a4f80eb6b9
:101a800084f8f476c4f8c026c4f8f856c4f80017f1
:101a9000a4f8fc56a4f8085720f03af804f1a8027c
:101aa00004f1b803c4f85c57c4f86057c4f864572d
:101ab000c4f86857c4f86c57a4f87057626704f507
:101ac000ae75c4f8843004f5d27204f1c803c4e9d9
:101ad0003f25c4f8943002f2c452f43304f5ee6b9f
:101ae00004f1780a04f14e0904f1880804f1540e57
:101af00004f5c771c4f8e430c4e935226e3b543aaa
:101b0000c4e9058e04f1980c04f5be7e04f15a0771
:101b100004f5c47604f59470c4f810b7c4f804a0b2
:101b200004f5a07b04f10c0ac4f80890e16304f109
:101b30001c0904f1dc01c4f8f830c4f8f42004f105
:101b40004003a2f5dd62c4e909c76663a063c4f877
:101b500004b1c4f808a1c4f80c91c4f8a4e0c4f816
:101b6000b4e0c4f8c4e0c4f81021c4f85811c4f8b3
:101b7000983104f5197104f16603c4f89c31c4f876
:101b8000f01104f5ec6302f23a72b63104f1e806a2
:101b900004f160001ce000bff88700000020002076
:101ba000102800209cc4200000004041cdcc8c4077
:101bb0000000000000680f0c00803b45cd4c0f0e6c
:101bc000717d8f82b80b7017ae078f02ff7f018087
:101bd00004f5c17704f5b37c04f5b67804f16c051f
:101be000c4f87821c4f8c01204f25e72c4f8c83197
:101bf000c4f8dc31c4f8703201f24a4104f55f7375
:101c000004f29c4b04f5d76a04f5e87904f51d7ecf
:101c1000c4f81461c4f8200104f5257604f5217098
:101c2000c4f82471c4f838c104f52d7704f5297c73
:101c3000c4f83c81c4f8a05104f5017804f5866528
:101c4000c4f87411c4f8cc21c4f8d821c4f86022b7
:101c5000c4f8803204f54d72a1f2e6310433c4f8c1
:101c60002cb7c4f830a7c4f80092c4f810e2c4f846
:101c70002062c4f83002c4f84072c4f850c2c4f8fc
:101c80009082c4f8e051c4f8a012c4f8b032c4f88d
:101c9000c42204f5457204f5487e04f5557604f532
:101ca0000d7004f5fa7704f5117c04f5097804f554
:101cb000157904f5057a04f5647304f20a41c4f851
:101cc000742304f57f7204f5687bc4f87053c4f87c
:101cd000d0e2c4f8d46204f53675c4f8e002c4f862
:101ce000e47204f5327004f23a76c4f8f0c204f5f6
:101cf000f277c4f8f48204f5f37cc4f8009304f599
:101d00003a7ec4f804a304f5427804f53e79c4f899
:101d10006c33c4f8781304f2144304f56d7a04f5b7
:101d20007171c4f81023c4f83023c4f8502304f2ae
:101d30003472c4f868b3c4f88c53c4f89c03c4f874
:101d4000ac63c4f8b073c4f8c0c3c4f8cce3c4f83f
:101d5000d083c4f8d493c4e9f633c4f8e033c4e9bb
:101d6000caaac4e9d211c4f8bc2304f26471c4f84d
:101d7000e43304f5b162c4f8e83304f5ed6304f527
:101d80007b7604f21e4704f5bf6c04f2645504f23e
:101d9000fe5004f2ac5e04f2444804f2cc4904f272
:101da0007a4ac4f82814c4f8c83404f2c45104f5bb
:101db0009e63c4f8ec2404f2ba5204f27c5bc4f8cb
:101dc0000464c4f82c7404f2844604f2ac47c4f8ea
:101dd00060c4c4f86454c4f86804c4f898e404f215
:101de000bc4004f28e55c4f8b88404f2dc5cc4f83c
:101df000d89404f2245ec4f8e8a404f27e4804f205
:101e0000f25904f2545ac4f80835c4f8201504f203
:101e1000945304f5e961c4f8a824c4f8002504f239
:101e20001472c4f8f8b4c4f8fc64c4f8047504f57a
:101e30008b66c4f83005c4f83455c4f838c5c4f806
:101e400050e5c4f85c85c4f86095c4f8f813c4f88c
:101e50003c35c4f84035c4f84435c4f84835c4f8b6
:101e60004c35c4f874a504f5ed63c4f8502434323d
:101e700004f2364704f24a7504f29a5c04f20c5eee
:101e800004f26c4804f28a4904f5926b04f2346a55
:101e900004f5c561c4f87835c4f82426c4f83c3686
:101ea000c4f8743604f21c62c4f8406404f2a463fb
:101eb00004f2d46604f2dc40c4f85474c4f88455c7
:101ec00004f5de6704f26665c4f8a4c5c4f8a8e5a5
:101ed00004f58c7c04f2546ec4f8d085c4f8d49513
:101ee000c4f8d8b5c4f808a6c4f8181604f26a7a7b
:101ef00004f20671c4f83026c4f8486604f5cf62cf
:101f000004f2e466c4f8843604f2626804f55f7390
:101f100004f5d16904f5d36bc4f880c6c4f8ace607
:101f2000c4f8b405c4f84c76c4f8705604f20c70ca
:101f300004f5c865c4f85016c4f8b016c4f8902665
:101f400004f27e31c4f8e026c4f8946604f5e96230
:101f5000c4f8a06604f20c67c4f8b486c4f8d0963e
:101f6000c4f844a704f23476c4f8ecb6c4f8883751
:101f70000433c4f88027c4f88c17c4f89037c4f829
:101f80007457c4f87c67c4f884a7c4f878771af04b
:101f9000a3fc20461ef06af804f110001ef066f85b
:101fa00004f120001ef062f804f130001bf02cfd5b
:101fb00004f14c001df006ff04f152001df002ff79
:101fc00004f158001df0fefe04f15e001df0fafe63
:101fd00004f164001df0f6fe04f16a001ef01cfb23
:101fe00004f170001cf0c0f804f180001cf0bcf893
:101ff00004f190001cf0b8f804f1a0001ef0d4f831
:1020000004f1b0001ef0d0f804f1c0001ef0ccf8ce
:1020100004f1d0001cf0e2fe04f1e0001bf02cff04
:1020200004f1f0001df0aef904f58e7019f054fbc8
:1020300004f59a7019f050fb04f5a6701df0c2fe6d
:1020400004f5aa701cf090f804f5b2701df0bafe09
:1020500004f5b5701df0b6fe04f5b8701df086faf3
:1020600004f5c0701df0aefe04f5c3701df0aafead
:1020700004f5c6701df0a6fe04f5ca7016f02cf922
:1020800004f5dc701df006f804f5e5601df06efa4d
:1020900004f5e2701df0eaff04f5ea701af086fd1f
:1020a00004f5f6701cf0fafa04f5fe701cf05cf80a
:1020b00004f503701cf0f2fa04f507701cf0eefa58
:1020c00004f50b701cf0eafa04f50f701cf0e6fa48
:1020d00004f513701cf0e2fa04f517701cf050f9c7
:1020e00004f51b701cf04cf904f51f701cf048f946
:1020f00004f523701cf044f904f527701cf040f936
:1021000004f52b701cf03cf904f52f701df02efa2d
:1021100004f533701df02afa04f537701ef074fcd4
:1021200004f53b701ef070fc04f53f701ef06cfc73
:1021300004f543701ff05efc04f546701df042fe8e
:1021400004f21e301df03efe04f5497016f004fa4c
:1021500004f5517016f000fa04f5597014f0aef859
:1021600004f562701cf0defa04f566701cf0dafa11
:1021700004f56a701df0a2ff04f56e701df09eff5d
:1021800004f5727011f04af804f57d701ff04cfbf5
:1021900004f580601df0b6fe04f581601df012feae
:1021a00004f582601cf076ff04f21c401df00afe6c
:1021b00004f224401ff03af804f5e7601df002fe37
:1021c00004f25c401bf020fc04f58f601ef024fa42
:1021d00004f27c401df0f6fd04f282401df0f2fd99
:1021e00004f591601df0eefd04f28e401ef014fa2d
:1021f00004f294401bf0b8ff04f2a4401bf0b4ffbb
:1022000004f2b4401bf0b0ff04f2c4401cf0b8f874
:1022100004f2d4401cf042fa04f2e4401df076f9d6
:1022200004f2f44016f092fd04f21c501bf024fe60
:1022300004f22c501df0a6f804f5ab6019f04cfa2e
:1022400004f5ae601df03aff04f234401df0bafd13
:1022500004f23c401bf088ff04f24c401df02effbe
:1022600004f5b0601ff0e0fa04f28c501df0aafdf6
:1022700004f292501df0a6fd04f5b3601df0a2fd1e
:1022800004f5b4601df072f904f5b6601df03afe75
:1022900004f5b7601df096fd04f5b8601cf0fafe79
:1022a00004f2cc5016f018f804f5be601df08afd5b
:1022b00004f2f6501df086fd04f2fc501df082fd84
:1022c00004f204601bf050ff04f214601ff092fb54
:1022d00004f5c4601ff0a8fa04f22c601ff0c0f8e7
:1022e00004f5e86017f0bcfb04f5c7601ff0ecf8dc
:1022f00004f244601bf088fb04f5cc601ef08cf9fe
:1023000004f264601df05efd04f26c601df02ef9b5
:1023100004f27c601cf062fd04f28c601cf05efd37
:1023200004f29c601ef0c2fe04f5d56015f0d4ffe7
:1023300004f2cc601cf0f6f904f2dc601ef07cfcc8
:1023400004f5dd601af0c8fa04f204701df03afddd
:1023500004f5f36001f0feff084b094a1b6802f523
:10236000587502f5e76402f5f36002f5fc615a6006
:102370001d601c6358639963bde8f88ffc2e002034
:102380004055000010b55f4c04f20c701af088fa4a
:1023900004f5b8701df0e0f804f1a0001df0eefea9
:1023a00004f1b0001df0eafe04f1c0001df0e6feed
:1023b00004f170001bf0c0fe04f180001bf0bcfeb5
:1023c00004f190001bf0b8fe20461df03bfe04f126
:1023d00010001df037fe04f120001df033fe04f163
:1023e000e0001bf033fd04f224401ef017ff04f55b
:1023f000ea701af095fb04f1d0001cf0cbfc04f558
:102400006a701df047fe04f5e86017f0f5fa04f273
:102410006c601df0a1f804f5aa701bf08dfe04f5a8
:102420007d701ff0f9f904f5c4601ff0f5f904f2ae
:10243000dc601ef0f3fb04f1f0001cf097ff04f5e4
:10244000497016f03bf804f214601ff0cdfa04f264
:102450008c601cf09ffc04f29c601ef01bfe04f5d7
:102460002f701df079f804f543701ff0bdfa04f2e7
:102470002c601ef0ebff04f27c601cf08bfc04f57a
:10248000dd601af00dfa04f566701cf03df904f5f4
:10249000b4601df061f804f204601bf04dfe04f519
:1024a000c7601ff007f804f2cc601cf02df904f2ad
:1024b00094401bf041fe04f244601bf08dfa04f5d9
:1024c000d56015f0c9fe04f5e5601df045f804f58a
:1024d0006e701df0dffd04f5517015f0efff04f58f
:1024e00033701df039f804f562701cf00df904f535
:1024f000597013f053fe04f5f360bde8104001f08d
:102500005fbf00bf0020002010b54b4c04f58e705b
:1025100019f0acf804f5ab6019f0a8f804f24c40df
:102520001df0b8fd04f130001bf056fa04f25c40d7
:102530001bf052fa04f23c401bf0fefd04f59a70c9
:1025400019f094f804f5ca7015f086fe04f2b44050
:102550001bf0f2fd04f21c501bf078fc04f2cc508e
:1025600015f07afe04f5e2701df06cfd04f22c50bb
:102570001cf0fcfe04f5fe701bf0defd04f5ae6001
:102580001df088fd04f517701bf0ecfe04f51b70c0
:102590001bf0e8fe04f523701bf0e4fe04f2a440f7
:1025a0001bf0cafd04f5b0601ff036f904f5f670b3
:1025b0001cf06af804f503701cf066f804f5077067
:1025c0001cf062f804f2e4401cf096ff04f2c440f0
:1025d0001bf0c8fe04f2f44016f076fb04f2d4407f
:1025e0001cf052f804f51f701bf0bcfe04f52770b8
:1025f0001bf0b8fe04f52b701bf0b4fe04f50b7055
:102600001cf042f804f50f701cf03ef804f513704e
:102610001cf03af804f537701ef0eaf904f53b7047
:102620001ef0e6f904f53f701ef0e2f904f5727051
:10263000bde8104010f046bd0020002010b5084c49
:10264000fff7a0fe238813b1013b238010bd0a23ae
:102650002380fff759ff2388013b238010bd00bf73
:04266000042f002023
:020000040000fa
:10266400ffffff7fffffff7fffffff7fffffff7f76
:10267400ffffff7fffffff7fffffff7fffffff7f66
:10268400ffffff7fffffff7fffffff7fffffff7f56
:10269400ffffff7fffffff7fffffff7fffffff7f46
:1026a400ffffff7fffffff7fffffff7fffffff7f36
:1026b400ffffff7fffffff7fffffff7fffffff7f26
:1026c400ffffff7fffffff7fffffff7fffffff7f16
:1026d400ffffff7fffffff7fffffff7fffffff7f06
:1026e400ffffff7fffffff7fffffff7fffffff7ff6
:1026f400ffffff7fffffff7fffffff7fffffff7fe6
:10270400ffffff7fffffff7fffffff7fffffff7fd5
:10271400ffffff7fffffff7fffffff7fffffff7fc5
:10272400ffffff7fffffff7fffffff7fffffff7fb5
:10273400ffffff7fffffff7fffffff7fffffff7fa5
:10274400ffffff7fffffff7fffffff7fffffff7f95
:10275400ffffff7fffffff7fffffff7fffffff7f85
:10276400ffffff7fffffff7fffffff7fffffff7f75
:10277400ffffff7fffffff7fffffff7fffffff7f65
:10278400ffffff7fffffff7fffffff7fffffff7f55
:10279400ffffff7fffffff7fffffff7fffffff7f45
:1027a400ffffff7fffffff7fffffff7fffffff7f35
:1027b400ffffff7fffffff7fffffff7fffffff7f25
:1027c400ffffff7fffffff7fffffff7fffffff7f15
:1027d400ffffff7fffffff7fffffff7fffffff7f05
:1027e400ffffff7fffffff7fffffff7fffffff7ff5
:1027f400ffffff7fffffff7fffffff7fffffff7fe5
:10280400ffffff7fffffff7fffffff7fffffff7fd4
:10281400ffffff7fffffff7fffffff7fffffff7fc4
:10282400ffffff7fffffff7fffffff7fffffff7fb4
:10283400ffffff7fffffff7fffffff7fffffff7fa4
:10284400ffffff7fffffff7fffffff7fffffff7f94
:10285400ffffff7fffffff7fffffff7fffffff7f84
:10286400ffffff7fc2be807f23f6027fee9e867e3f
:1028740021b20b7ee928927da0fc197dce26a37c93
:1028840023a12d7c7b65b97bd86d467b63b4d47a58
:102894006b33647a64e5f479e4c48679a2cc19795b
:1028a40078f7ad785f4043786ea2d977dc187177fa
:1028b400fb9e09773a30a37624c83d765d62d975cc
:1028c400a4fa7575d18c1375d414b274b38e517483
:1028d4008df6f1739648937318813573729cd87290
:1028e40017977c728e6d2172721cc7716fa06d7107
:1028f40044f61471c21abd70cc0a667053c30f70cb
:102904005c41ba6ff981656f4c82116f873fbe6e6f
:10291400e9b66b6ec2e5196e6ec9c86d565f786d07
:10292400f0a4286dc297d96c5b358b6c587b3d6cd9
:102934006267f06b2bf7a36b7428586b08f90c6b68
:10294400ba66c26a6c6f786a07112f6a7e49e669b3
:10295400d0169e69057756692b680f695ee8c868ca
:10296400c0f582687c8e3d68c5b0f867d85ab467f4
:10297400f98a7067733f2d679b76ea66cb2ea8664b
:1029840066666666d61b25668c4de465fff9a3650d
:10299400ae1f64651ebd2465dad0e5647559a7646d
:1029a40085556964aac32b6487a2ee63c6f0b1633c
:1029b40016ad75632bd63963c26afe629869c36229
:1029c40073d188621da14e6264d714621d73db61ea
:1029d4002073a26149d669617c9b31619ec1f96013
:1029e4009b47c260602c8b60e26e5460170e1e60c1
:1029f400fc08e85f905eb25fd60d7d5fd515485f39
:102a04009975135f302cdf5eac38ab5e239a775e2a
:102a1400af4f445e6c58115e7ab3de5dfd5fac5d12
:102a24001b5d7a5dfda9485dd145175dc72fe65c46
:102a34001167b55ce6ea845c7dba545c13d5245c0a
:102a4400e539f55b35e8c55b46df965b5e1e685b82
:102a5400c7a4395bcc710b5bbb84dd5ae4dcaf5a91
:102a64009a79825aff7fff7fff7fff7fff7fff7f7f
:102a7400ff7fff7fff7fff7fff7fff7fff7fff7f62
:102a8400ff7fff7fff7fff7fff7fff7fff7fff7f52
:102a9400ff7fff7fff7fff7fff7fff7fff7fff7f42
:102aa400ff7fff7fff7fff7fff7fff7fff7fff7f32
:102ab400ff7fff7fff7fff7fff7fff7fff7fff7f22
:102ac400ff7fff7fff7fff7fff7fff7fff7fff7f12
:102ad400ff7fff7fff7fff7fff7fff7fff7fff7f02
:102ae400ff7fff7fff7fff7fff7fff7fff7fff7ff2
:102af400ff7fff7fff7fff7fff7fff7fff7fff7fe2
:102b0400ff7fff7fff7fff7fff7fff7fff7fff7fd1
:102b1400ff7fff7fff7fff7fff7fff7fff7fff7fc1
:102b2400ff7fff7fff7fff7fff7fff7fff7fff7fb1
:102b3400ff7fff7fff7fff7fff7fff7fff7fff7fa1
:102b4400ff7fff7fff7fff7fff7fff7fff7fff7f91
:102b5400ff7fff7fff7fff7fff7fff7fff7fff7f81
:102b6400ff7fff7fff7f817f037f877e0c7e927dc7
:102b74001a7da37c2e7cb97b467bd57a647af57961
:102b840087791a79ae784378da7771770a77a376fa
:102b94003e76d97576751475b2745274f273937364
:102ba4003673d9727d722172c7716e711571bd70e1
:102bb40066701070ba6f666f126fbe6e6c6e1a6eae
:102bc400c96d786d296dda6c8b6c3d6cf06ba46b00
:102bd400586b0d6bc26a786a2f6ae6699e695669fa
:102be4000f69c96883683e68f967b46771672d67c0
:102bf400ea66a86666662566e465a4656465256577
:102c0400e664a76469642c64ef63b26376633a6331
:102c1400fe62c36289624f621562db61a2616a610e
:102c24003261fa60c2608b6054601e60e85fb25f1c
:102c34007d5f485f135fdf5eab5e785e445e115e6e
:102c4400df5dac5d7a5d495d175de65cb55c855c16
:102c5400555c255cf55bc65b975b685b3a5b0b5b1d
:102c6400de5ab05a825a00007f7f7f7f7f7f7f7f4a
:102c74007f7f7f7f7f7f7f7f7f7f7f7f7f7f7f7f60
:102c84007f7f7f7f7f7f7f7f7f7f7f7f7f7f7f7f50
:102c94007f7f7f7f7f7f7f7f7f7f7f7f7f7f7f7f40
:102ca4007f7f7f7f7f7f7f7f7f7f7f7f7f7f7f7f30
:102cb4007f7f7f7f7f7f7f7f7f7f7f7f7f7f7f7f20
:102cc4007f7f7f7f7f7f7f7f7f7f7f7f7f7f7f7f10
:102cd4007f7f7f7f7f7f7f7f7f7f7f7f7f7f7f7f00
:102ce4007f7f7f7f7f7f7f7f7f7f7f7f7e7e7d7df6
:102cf4007c7c7b7b7a7a7a79797878777777767641
:102d04007575757474747373727272717171707095
:102d1400706f6f6f6e6e6e6d6d6d6d6c6c6c6b6bda
:102d24006b6a6a6a6a696969696868686767676714
:102d34006666666665656565646464646363636347
:102d440063626262626161616161606060605f5f71
:102d54005f5f5f5e5e5e5e5e5d5d5d5d5d5d5c5c96
:102d64005c5c5c5b5b5b5b5b5b0000000000000029
:102d7400334f500b00000010148e9813669ea0165b
:102d84003b584c19e87ab61b11eaee1d00000020ee
:102d94009aedf02137efc623b3f88525281c312797
:102da400becaca2854ff542aa45bd12bcd3c412d62
:102db4001bcaa52e000000304ab8503176b09832b4
:102dc400948ed83328e5103539364236d1f56c3730
:102dd400008c91388956b0393caac93a23d4dd3bda
:102de400731aed3c63bdf73dd7f7fd3e000000408c
:102df400d907fe409b3df8411fccee4233dbe14353
:102e0400e98fd144d20cbe453e72a7466ede8d4793
:102e1400c36d7148e43a5249e55e304a65f10b4ba3
:102e2400b108e54bd6b9bb4cc118904d5038624e31
:102e3400672a324f000000503fc9cb507c95955112
:102e440056735d52b9702353ef9ae753a7fea95402
:102e540001a86a5593a2295675f9e65649b7a257af
:102e64003de65c581690155934becc599a79825a6d
:102e7400efca365b86bae95b61509b5c37944b5d65
:102e8400768dfa5d4643a85e91bc545f00000060f5
:102e94000214aa60cefe526164c6fa619470a16203
:102ea400fa0247630583eb63f9f58e64eb603165e1
:102eb400cdc8d265663273665aa21267291db167fe
:102ec4002ea74e68a844eb68b4f9866950ca216af3
:102ed4005ebabb6aa6cd546bd107ed6b726c846c81
:102ee40001ff1a6de1c2b06d5abb456ea1ebd96efc
:102ef400d5566d6f0000007018ea917000182371a8
:102f04008a8cb371754a43726d54d27212ad607378
:102f1400ee56ee7382547b743aa807757854937511
:102f24008d5b1e76bfbfa8764383327746a8bb77f6
:102f3400e4304478311fcc7834755379e634da7947
:102f44003a60607a15f9e57a53016b7bc57aef7bb9
:102f54003467737c5dc8f67cf79f797daeeffb7dab
:102f640026b97d7efbfdfe7ec0bf7f7fffffff7f16
:102f7400c0bf7f7ffbfdfe7e26b97d7eaeeffb7d6d
:102f8400f79f797d5dc8f67c3467737cc57aef7be7
:102f940053016b7b15f9e57a3a60607ae634da79a5
:102fa40034755379311fcc78e430447846a8bb7724
:102fb40043833277bfbfa8768d5b1e7678549375b2
:102fc4003aa8077582547b74ee56ee7312ad6073a3
:102fd4006d54d272754a43728a8cb371001823718e
:102fe40018ea917000000070d5566d6fa1ebd96e90
:102ff4005abb456ee1c2b06d01ff1a6d726c846cf0
:10300400d107ed6ba6cd546b5ebabb6a50ca216a78
:10301400b4f98669a844eb682ea74e68291db167e8
:103024005aa2126766327366cdc8d265eb60316509
:10303400f9f58e640583eb63fa0247639470a16229
:1030440064c6fa61cefe52610214aa6000000060f8
:1030540091bc545f4643a85e768dfa5d37944b5d10
:1030640061509b5c86bae95befca365b9a79825af7
:1030740034becc59169015593de65c5849b7a25751
:1030840075f9e65693a2295601a86a55a7fea954d4
:10309400ef9ae753b970235356735d527c9595515b
:1030a4003fc9cb5000000050672a324f5038624e5f
:1030b400c118904dd6b9bb4cb108e54b65f10b4b2b
:1030c400e55e304ae43a5249c36d71486ede8d477d
:1030d4003e72a746d20cbe45e98fd14433dbe143af
:1030e4001fccee429b3df841d907fe400000004052
:1030f400d7f7fd3e63bdf73d731aed3c23d4dd3baa
:103104003caac93a8956b039008c9138d1f56c374c
:103114003936423628e51035948ed83376b0983255
:103124004ab85031000000301bcaa52ecd3c412db9
:10313400a45bd12b54ff542abecaca28281c3127a9
:10314400b3f8852537efc6239aedf021000000205f
:1031540011eaee1de87ab61b3b584c19669ea01680
:10316400148e981300000010334f500b0000000021
:103174000000500b00109913a1164c19b61bef1d3b
:103184000020f121c72386253127cb28552ad12bae
:10319400412da62e003051319932d93311354236a2
:1031a4006d379238b039ca3ade3bed3cf83dfe3e0d
:1031b4000040fe40f841ef42e243d244be45a746f8
:1031c4008e4771485249304a0c4be54bbc4c904dec
:1031d400624e324f0050cc5096515d522353e85307
:1031e400aa546b552a56e756a3575d581659cd591c
:1031f400825a375bea5b9b5c4c5dfb5da85e555f66
:103204000060aa605361fb61a1624763ec638f6451
:103214003165d36573661367b1674f68eb68876977
:10322400226abc6a556bed6b846c1b6db16d466e86
:10323400da6e6d6f007092702371b4714372d27242
:103244006173ee737b74087593751e76a976337774
:10325400bc774478cc785379da79607ae67a6b7bf8
:10326400ef7b737cf77c7a7dfc7d7e7eff7e807fa6
:10327400ff7f807fff7e7e7efc7d7a7df77c737c82
:10328400ef7b6b7be67a607ada795379cc78447891
:10329400bc773377a9761e76937508757b74ee73c5
:1032a4006173d2724372b4712371927000706d6f46
:1032b400da6e466eb16d1b6d846ced6b556bbc6a3a
:1032c400226a8769eb684f68b16713677366d365d1
:1032d40031658f64ec634763a162fb615361aa604b
:1032e4000060555fa85efb5d4c5d9b5cea5b375bf1
:1032f400825acd5916595d58a357e7562a566b552d
:10330400aa54e85323535d529651cc500050324f87
:10331400624e904dbc4ce54b0c4b304a52497148bf
:103324008e47a746be45d244e243ef42f841fe40f1
:103334000040fe3ef83ded3cde3bca3ab0399238df
:103344006d3742361135d933993251310030a62eba
:10335400412dd12b552acb2831278625c723f1218e
:103364000020ef1db61b4c19a11699130010500b29
:1033740000000000000b101417191c1e2022242624
:1033840027292a2c2d2f30313334353637393a3b1f
:103394003c3d3e3f40414243444546474848494af4
:1033a4004b4c4d4e4e4f5051525253545555565707
:1033b4005858595a5b5b5c5d5d5e5f5f606161623a
:1033c40063636465656666676868696a6a6b6b6c83
:1033d4006d6d6e6e6f6f70717172727373747475dc
:1033e40076767777787879797a7a7b7b7c7c7d7d41
:1033f4007e7e7f7f7f7f7f7e7e7d7d7c7c7b7b7af4
:103404007a7979787877777676757474737372725b
:103414007171706f6f6e6e6d6d6c6b6b6a6a6968db
:10342400686766666565646363626161605f5f5e69
:103434005d5d5c5b5b5a5958585756555554535209
:103444005251504f4e4e4d4c4b4a494848474645c1
:1034540044434241403f3e3d3c3b3a3937363534a4
:103464003331302f2d2c2a2927262422201e1c19e3
:083474001714100b000000bf4b
:020000040000fa
:04347c00704700bfd6
:020000040000fa
:103480002de9f04f4168804693b0d0e91023d1e98f
:1034900000011ef0ebfbd8e90a2314f077ff8a46ff
:1034a000d8f808108146d8e91223d1e900011ef0ae
:1034b000ddfbd8e90c2314f069ff0f46d8f80c1097
:1034c000d8e914230646d1e900011ef0cffbd8e964
:1034d0000e2314f05bff002204460d4600234846ed
:1034e00051461df097ff002840f061815146484643
:1034f000cde9009a1ef01efbb8f81ca01ffa80fb55
:10350000da4540f24f8158461ef038fb02460b4622
:10351000dde900011ef0aafbcde90001da46002238
:103520000023304639461df075ff002840f04c81dd
:10353000304639461ef0fefab8f81eb01ffa80f980
:10354000cb4540f24d8148461ef018fb02460b4623
:10355000304639461ef08afbcde90201cb460022f7
:103560000023204629461df055ff002840f0268103
:10357000204629461ef0defab8f8206087b2be4227
:1035800040f2298138461ef0f9fa02460b462046e1
:1035900029461ef06bfbcde904013e46b8f82290a7
:1035a000b8f82650d8f8184019fb0baa15fb06a648
:1035b000b6b2771cbfb204ebc70292ed007b04ebfe
:1035c000c60306eb090cb9442f44d3e900ab04eb66
:1035d000c70704ebc90308938ded067b51ec170b6d
:1035e00097ed007b089f8ded0e7b97ed007b0ceb3c
:1035f000050e04ebce0e8ded0c7b9eed007b04ebf7
:10360000cc0c8ded107b9ced007b2e4404ebc606ac
:103610008ded087b96ed007b52465b468ded0a7b77
:103620001ef024fbdde9002314f0b0fe52465b4699
:103630000df0aafa524606460f465b46dde9080140
:103640001ef014fbdde9022314f0a0fe02460b4637
:10365000304639460df098fa524606460f465b460c
:10366000dde90a011ef002fbdde9042314f08efe01
:1036700002460b46304639460df086fadde908234e
:1036800006460f46dde90c011ef0f0fadde90623df
:103690001ef0ecfa52465b460df076fadde90023a7
:1036a00014f074fedde9022314f070fe02460b46ae
:1036b000304639460df068fadde90a2306460f4622
:1036c000dde910011ef0d2fadde908231ef0cefa82
:1036d00052465b460df058fadde9022314f056fe1f
:1036e000dde9042314f052fe02460b46304639460b
:1036f0000df04afadde90a2306460f46dde90e0120
:103700001ef0b4fadde906231ef0b0fa52465b461d
:103710000df03afadde9002314f038fedde9042368
:1037200014f034fe02460b46304639460df02cfab2
:103730004d4404ebc504dde9102306460f46d4e9e9
:1037400000011ef093fadde90e231ef08ffadde989
:103750000c231ef08bfadde906230df015fadde9e6
:103760000a230df011fadde908230df00dfa524697
:103770005b461ef07bfadde9002314f007fedde96d
:10378000022314f003fedde9042314f0fffd0246da
:103790000b46304639460df0f7f9c8e9040113b07d
:1037a000bde8f08f9fed127b8ded007bb7e69fedbe
:1037b000107b4ff0000a8ded007bb0e69fed0c7b97
:1037c00000268ded047be9e69fed097b4ff0000bb1
:1037d0008ded027bc3e69fed067b8ded047bdde680
:1037e0009fed037b8ded027bb9e600bfaff3008058
:1037f000000000000000000000230022c0e90423b4
:103800004ff4ea73038070476b2b40f27481838b13
:103810000b70838b1b0a4b70c38b8b70c38b1b0a83
:10382000cb70038c0b71038c1b0a4b71438c8b7117
:10383000438c1b0acb71838c0b72838c1b0a4b72db
:10384000c38c8b72c38c1b0acb72836a0b73836a23
:103850001b0a4b73438d8b7390f82b30cb73c36a69
:103860000b74c36a1b0a4b74c38d8b7490f82f3092
:10387000cb74036b0b75036b1b0a4b75438e8b75f7
:1038800090f83330cb75436b0b76436b1b0a4b764a
:10389000c38e8b7690f83730cb76836b0b77836b48
:1038a0001b0a4b77438f8b7790f83b30cb77c36bfa
:1038b00081f82030c36b1b0a81f82130c38f81f857
:1038c000223090f83f3081f82330036c81f82430a7
:1038d000036c1b0a81f82530b0f8423081f826309d
:1038e00090f8433081f82730436c81f82830436cde
:1038f0001b0a81f82930b0f8463081f82a3090f858
:10390000473081f82b30836c81f82c30836c1b0a94
:1039100081f82d30b0f84a3081f82e3090f84b30d5
:1039200081f82f30c36c81f83030c36c1b0a81f8ea
:103930003130b0f84e3081f8323090f84f3081f8a5
:103940003330036d81f83430036d1b0a81f8353054
:10395000b0f8523081f8363090f8533081f8373073
:10396000436d81f83830436d1b0a81f83930b0f867
:10397000563081f83a3090f8573081f83b30836dfb
:1039800081f83c30836d1b0a81f83d30b0f85a3025
:1039900081f83e3090f85b3081f83f30c36d81f89c
:1039a0004030c36d1b0a81f84130b0f85e3081f8b9
:1039b000423090f85f3081f84330036e81f8443034
:1039c000036e1b0a81f84530b0f8623081f846304a
:1039d00090f8633081f84730436e81f84830436e89
:1039e0001b0a81f84930b0f8663081f84a3090f807
:1039f000673081f84b30836e81f84c30836e1b0a40
:103a000081f84d30b0f86a3081f84e3090f86b3064
:103a100081f84f30c36e81f85030c36e1b0a81f8b5
:103a20005130b0f86e3081f8523090f86f3081f834
:103a30005330036f81f85430036f1b0a81f85530ff
:103a4000b0f8723081f8563090f8733081f8573002
:103a5000436f81f85830436f1b0a81f85930b0f832
:103a6000763081f85a3090f8773081f85b30836f88
:103a700081f85c30836f1b0a81f85d30b0f87a30d2
:103a800081f85e3090f87b3081f85f30c36f81f849
:103a90006030c36f1b0a81f86130b0f87e3081f866
:103aa000623090f87f3081f86330d0f8803081f850
:103ab0006430d0f880301b0a81f86530b0f882306d
:103ac00081f8663090f8833081f86730d0f8843020
:103ad00081f86830d0f884301b0a81f86930b0f87a
:103ae000863081f86a3090f8873081f86b306c232b
:103af0001380002070470120704700bf6c2a01d05e
:103b00000120704703460a78487802eb00222de92d
:103b1000f00f9a83c8788a7802eb0022da8348791a
:103b20000a7902eb00221a84c8798a7902eb002212
:103b30005a84487a0a7a02eb00229a84c87a8a7aee
:103b400002eb0022da8491f80d8091f80ea04fea82
:103b500018604fea0a454fea08224fea1a4491f8e2
:103b60000f8091f80ca052194ff0000b40eb0404a9
:103b700012eb0a004fea08620d7c91f811a044eba9
:103b80000b044fea182880184ff0000244eb080895
:103b9000801848eb05084fea0a24801891f812a013
:103ba00048eb0408cc7c80184fea0a4a48eb0a0a22
:103bb000240686184aeb0407c3e90a6791f81580c2
:103bc0008e7d4fea186435044fea08204fea164c00
:103bd00091f817800e7d401944eb0c0c4fea0865f4
:103be00080194ff000074ceb070c4fea18244019de
:103bf00091f8188091f819a0ce7e4ceb040480183f
:103c000044eb080491f81a8080184fea0a2a96b00b
:103c100044eb0a0a4fea084880184aeb08083606bf
:103c20008018009048eb060001909ded007b83ed2d
:103c30000c7b91f81d808e7f91f821a035044fea0e
:103c400018644fea08204fea164c91f81f800e7f47
:103c5000401944eb0c0c4fea086580194ff000073f
:103c60004ceb070c4fea1824401991f8208091f88a
:103c700023604ceb0404801844eb080491f8228084
:103c800080184fea0a2a44eb0a0a4fea08488018cb
:103c90004aeb080836068018029048eb06000390ad
:103ca0009ded027b83ed0e7b91f8258091f82660d7
:103cb00091f829a035044fea18644fea08204fea2a
:103cc000164c91f8278091f82460401944eb0c0cb5
:103cd0004fea086580194ff000074ceb070c4feadc
:103ce0001824401991f8288091f82b604ceb0404bb
:103cf000801844eb080491f82a8080184fea0a2ab9
:103d000044eb0a0a4fea084880184aeb08083606ce
:103d10008018049048eb060005909ded047b83ed30
:103d2000107b91f82d8091f82e6091f831a0350428
:103d30004fea18644fea08204fea164c91f82f809a
:103d400091f82c60401944eb0c0c4fea086580197f
:103d50004ff000074ceb070c4fea1824401991f87c
:103d6000308091f833604ceb0404801844eb080475
:103d700091f8328080184fea0a2a44eb0a0a4fea87
:103d8000084880184aeb080836068018069048eb69
:103d9000060007909ded067b83ed127b91f8358040
:103da00091f8366091f839a035044fea18644fea6b
:103db00008204fea164c91f8378091f8346040198a
:103dc00044eb0c0c4fea086580194ff000074cebf0
:103dd000070c4fea1824401991f8388091f83b609d
:103de0004ceb0404801844eb080491f83a808018e6
:103df0004fea0a2a44eb0a0a4fea084880184aebbd
:103e0000080836068018089048eb060009909dedda
:103e1000087b83ed147b91f83d8091f83e6091f82a
:103e200041a035044fea18644fea08204fea164cc7
:103e300091f83f8091f83c60401944eb0c0c4fea3c
:103e4000086580194ff000074ceb070c4fea182467
:103e5000401991f8408091f843604ceb04048018bd
:103e600044eb080491f8428080184fea0a2a44eb98
:103e70000a0a4fea084880184aeb080836068018f4
:103e80000a9048eb06000b909ded0a7b83ed167bb4
:103e900091f8458091f8466091f849a035044feac1
:103ea00018644fea08204fea164c91f8478091f8c1
:103eb0004460401944eb0c0c4fea086580194ff040
:103ec00000074ceb070c4fea1824401991f8488082
:103ed00091f84b604ceb0404801844eb080491f813
:103ee0004a8080184fea0a2a44eb0a0a4fea084837
:103ef00080184aeb0808360680180c9048eb06003c
:103f00000d909ded0c7b83ed187b91f84d8091f821
:103f10004e6091f851a035044fea18644fea08202a
:103f20004fea164c91f84f8091f84c60401944ebe1
:103f30000c0c4fea086580194ff000074ceb070c9a
:103f40004fea1824401991f8508091f853604cebd7
:103f50000404801844eb080491f8528080184fea5a
:103f60000a2a44eb0a0a4fea084880184aeb080874
:103f7000360680180e9048eb06000f909ded0e7be4
:103f800083ed1a7b91f8558091f856604fea1864da
:103f900035044fea08204fea164c91f8578091f803
:103fa0005460401944eb0c0c4fea086580194ff03f
:103fb00000074ceb070c4fea1824401991f8588081
:103fc00091f859a091f85b604ceb0404801844eb25
:103fd000080491f85a8080184fea0a2a44eb0a0a2a
:103fe0004fea084880184aeb0808360680181090f7
:103ff00048eb060011909ded107b83ed1c7b91f842
:104000005d8091f85e604fea082035044fea18643d
:10401000401991f85f804fea164591f85c6044ebd7
:10402000050c002780194fea08664ceb07054fea9c
:10403000182491f8607091f86180801945eb0404b0
:1040400091f86260801847eb04044fea0828801852
:1040500044eb08044fea064891f86360801844eb8b
:10406000080436068018129044eb060013909ded6c
:10407000127b83ed1e7b91f8656091f866803502b6
:104080004fea18444fea08404fea166c91f86780ef
:1040900091f8646028184ceb040c002785194fea4e
:1040a00008604ceb07064fea18242d1891f8698038
:1040b00091f8680046eb0404ad1840eb040491f855
:1040c0006a60ad184fea082844eb080491f86b8049
:1040d000ad184fea0646104646eb04044fea08685e
:1040e000aa18149244eb080215929ded147b83edff
:1040f000207b16b0bde8f00f704700bf01390329df
:104100000bd8dfe801f00806040210307047c068e1
:10411000704780687047406870470020704700bf54
:020000040000fa
:10412000f8b51f4690f84c30014613f04000164693
:1041300003f00f041cd0042c50d0082c36d1d1e948
:10414000102391f87400d1e90e4501281946104654
:104150002b46224659d01df041f940b132463b462c
:10416000204629461cf0d2fd003018bf0120f8bdc2
:104170009b0604f1ff341bd5072cf8d801a353f894
:1041800024f000bf01430000df4200006f41000047
:10419000c34200006f4100006f4100006f4100000a
:1041a0009b420000f1ee10fa00f1b4800020f8bd4f
:1041b000072cfbd801a353f824f000bf874200006e
:1041c00069420000ad4100004f420000ad410000d7
:1041d000ad410000ad4100002742000091f874306d
:1041e00091ed107ad1ed0e7a012b06ee902ab4ee05
:1041f000e77ad7d0f1ee10fad8ddf4eee67af1eef8
:1042000010faacbf01200020f8bd1df003f9002812
:10421000add032463b46204629461cf059fd0030c1
:1042200018bf0120f8bd91f874000128d1e91045ac
:10423000d1e90e2300f08280ab4208bfa242b5d282
:10424000bb4208bfb2422cbf01200020f8bd91f84c
:1042500074200b6c886b012a0ed08342a6d9b04221
:1042600034bf00200120f8bd91f87420b1f840302f
:10427000088f012ab6b2f0d1834297d2b0428cbfe8
:1042800000200120f8bd91f8742091f8403091f899
:104290003800012af6b2e0d1eee791f874c0bcf123
:1042a000010fd1e91045d1e90e233bd0a24273ebb7
:1042b0000501bff65cafb242bb41acbf012000209c
:1042c000f8bd91f874400a6c8b6b012c10d09a42a7
:1042d0007ff74dafb342b4bf00200120f8bd91f885
:1042e0007440b1f94020b1f93830012c36b2eed12a
:1042f0009a42bff63cafb342ccbf00200120f8bdcc
:1043000091f8744091f9402091f93830012c76b23f
:10431000ddd1ede7f4eee67af1ee10fa94bf01207c
:104320000020f8bd944275eb0301bff620af964222
:1043300077eb0303acbf01200020f8bd9d4208bf0e
:104340009442bff433af9f4208bf96422cbf012076
:104350000020f8bd02464ff6ff7300f1240170b44f
:1043600022f8043b0c46002342f8043ba24201f829
:10437000013bf9d1104a114c1168c4620025002498
:104380004ff400520126c0e90e45c0e9104580f8ff
:1043900074608364a0f84c30c0e91433836580f8fe
:1043a0005c30c0e9183380f86830c3660267026386
:1043b00070bc8862704700bffc2e00200000002007
:1043c000f8b590f84d30013b0446072b2cd8dfe8b8
:1043d00013f08000b7002b00f000fb00fb002c0066
:1043e0006900d2e9006732463b462046fff798fe57
:1043f000002800f0438194f86830002b00f03e81e3
:10440000236e002bc0f24381236d002b00f0398115
:10441000b4f85820002a40f0388194f854209b1ab0
:104420006366072384f84d30f8bdb0f85830b0f813
:104430005620591c9a42a0f85810f5d8016d90f8f2
:1044400054300b440022b3f5005f964688bf1146f6
:10445000a0f858201746002304eb070c1a4604eb7b
:10446000870700e0216d7d68e06a4e1c2665aa562c
:10447000425401339cf82410dab29142f2d80ef182
:10448000010e94f85530216d5ffa8ef7bb42e2d8e9
:10449000d4e91823591a914200f2c680002384f807
:1044a0004d30f8bdb0f85830b0f85620591c9a423b
:1044b000a0f85810b8d8416e90f8543000220b4440
:1044c00093424366a0f85820aedb022380f84d30bb
:1044d000f8bdb0f85830b0f85620591c9a42a0f8f0
:1044e000581000f28680016d90f854300b44002281
:1044f000b3f5005f4ff0000ea0f8582084bf0265ae
:1045000011467746002304eb070c1a4604eb870795
:1045100000e0216d7d68e06a4e1c2665aa56425473
:1045200001339cf82410dab29142f2d80ef1010e58
:1045300094f855305ffa8ef7bb4253d9216de1e70d
:10454000b0f85830b0f85620591c9a42a0f85810cc
:1045500029d800239e46a0f858301f46002304ebbc
:10456000070c1a4604eb8707216d7d68e06a4e1c34
:104570002665aa56425401339cf82410dab29142bf
:10458000f2d80ef1010e94f855305ffa8ef7bb4267
:10459000e4d894f85430226d1344b3f5005f84bf1f
:1045a000002384f84d30b4f85a300133a4f85a305f
:1045b000f8bdb0f85a20b0f8583001320133a0f8f5
:1045c0005a20a0f85830f8bd90f84c30826c03f0b7
:1045d0000f03013b072b4ed8dfe803f047444d4162
:1045e0004d4d4d35e36e226d9a4224bf012384f870
:1045f000683094f84c30a26c03f00f03013b072b9a
:1046000036d801a151f823f0414600003b46000096
:1046100071460000354600007146000071460000fa
:1046200071460000e3430000236f19448a42fff4ff
:10463000fbae33e716680027d5e616880027d2e6da
:1046400016780027cfe6d2e9006732463b4620467f
:10465000fff766fd90b1042384f84d30f8bd16686d
:104660000027f2e716880027efe716780027ece727
:1046700000260027b7e600260027e6e7c4e9106712
:10468000f8bd94f85420236f9b1a6366c9e6002195
:1046900008226366216584f84d20f8bd1c2b52d991
:1046a00090f84d300b7090f855304b70b0f8563094
:1046b0008b70b0f856301b0acb70036d0b71036d15
:1046c0001b0a4b71b0f852308b7190f85330cb719c
:1046d000c36a0b72c36a1b0a4b72c38d8b7290f84c
:1046e0002f30cb72036e0b73036e1b124b73b0f93a
:1046f00062308b7390f96330cb73436e0b74436eef
:104700001b124b74b0f966308b7490f96730cb7420
:10471000036f0b75036f1b0a4b75b0f872308b7506
:1047200090f87330cb75036b0b76036b1b0a4b76db
:10473000438e8b7690f83330cb7683201d23087719
:104740000020138070470120704700bf2de9f04f13
:10475000032a87b035d94b78013b072b31d8002687
:1047600080f84d6080f85560a0f85a6006658b7837
:104770000392ca7880f8546004460d460020002158
:1047800003eb0223c4e910019bb20222a4f85630c5
:10479000a4f8583084f86860666684f85c206b780a
:1047a000002b00f033824ff0040800bf15f80870aa
:1047b00008f10103dbb2032f03d8dfe807f0ab6693
:1047c00047070127384607b0bde8f08f05eb030a1d
:1047d000b24f9af803309af802103a6801eb0321bd
:1047e000506b89b20df1160206f05af80028e8d194
:1047f0003b68bdf816205b6b03ebc2035ffa86f9da
:104800005a6804eb890312685a60a1449af804209c
:1048100089f8242094f8543094f85c101344dbb2e7
:1048200011444ff40052b2fbf3f203fb02f284f89e
:104830005430226784f85c1001366978f2b208f1ce
:1048400006039142dbb27ad99846afe705eb030a3b
:10485000924f9af803309af802103a6801eb03215c
:10486000106b89b20df1160206f01af80028a8d1d3
:104870003b68bdf816201b6b5ffa86f903ebc20399
:1048800004eb89025b685360bfe7dff810b215f8ec
:104890000390dbf8002005eb030a10689af8021079
:1048a0009af803209af8013001eb022109eb032961
:1048b00089b20df116021ffa89f906f019f80028dd
:1048c00080d1dbf80020bdf816101368506803eba8
:1048d000c1030df116025b680093198806f084f895
:1048e00000287ff46fafdbf80010bdf81620496890
:1048f000009b02eb420201ebc20218464946536993
:1049000098475ffa86f904eb8903586000287ff422
:104910007caf57e705eb030aea5c9af802309af895
:1049200001009af803101b0403eb00235ffa86f9d9
:10493000134404eb890203eb0163536065e7994676
:1049400008f1070108f10803c9b2dbb24a46aa5cc4
:1049500084f84c206f5c032f3ff633afdfe807f09d
:1049600090553a022b444d4edf789978326801eb2e
:104970000721506b89b20df1160205f091ff002856
:104980007ff41faf3368bdf816105b6b94f84c20b2
:1049900003ebc1035b681b68a36402f00f0609f117
:1049a0000603711edbb207293ff60baf01a050f8da
:1049b00021f000bfc54b0000b34b0000c34700000f
:1049c000934b0000c3470000c3470000c3470000eb
:1049d000a14a00002b44314edf789978326801eb10
:1049e0000721106b89b20df1160205f059ff00285e
:1049f0007ff4e7ae3368bdf816101b6b94f84c20bb
:104a000003ebc1035b68a364c7e7244e15f803807a
:104a100032682b4410689978da7893f801a001eb9a
:104a2000022189b20df1160205f062ff00287ff421
:104a3000c9ae3268bdf816101368506803ebc103a5
:104a40000df11602d3f804b0bbf8001005f0ccff4e
:104a500000287ff4b7ae3268bdf81630526803eb19
:104a6000430302ebc30308eb0a2189b258465b6992
:104a70009847a06400283ff4a5ae94f84c208ce73a
:104a8000e918e85c8b784e78c9781b0403eb0623a1
:104a9000034403eb0163a3647fe700bffc2e002007
:104aa000ef180021787897f802a0cde900014feacd
:104ab000002c00984fea0a411ceb010c4fea106ee3
:104ac0004fea1a4a4eeb0a0ee85c97f803a01ceb7b
:104ad000000c4ff000014fea0a684eeb01004fea6c
:104ae0001a2a1ceb08084ff0000e40eb0a0c39792b
:104af000787997f806a018eb0e084ceb010c000231
:104b000018eb0e084ceb000c4fea0a4097f807a090
:104b100018eb0e014ceb00004fea0a6a11eb0e0194
:104b200040eb0a00c4e90e10120674d494f84c301d
:104b300009f10a0943f020035ffa89f984f84c303f
:104b400005eb090315f8090059789a78db7800eb32
:104b5000012000eb024000eb0360206605f062fede
:104b600009f10403dbb2e066eb5c039a84f874306d
:104b700009f105095ffa89f3934228d2eb5c012b16
:104b800025d06b7884f855302b7884f84d30002789
:104b900018e6e818ef5c817890f801c0c078090445
:104ba00001eb0c21394401eb00610020c4e90e1037
:104bb000bae7e918e85c497800eb0120c117c4e9bd
:104bc0000e01b1e7e85c0021c4e90e01ace794f8fe
:104bd0004c30a26c03f00f03013b072b13d8dfe826
:104be00003f00f0c120912121204d2e90023c4e9d7
:104bf0001023c6e712680023f9e712880023f6e7be
:104c000012780023f3e700220023f0e70422914604
:104c1000062305219be603eb06095ffa89f98fe776
:044c200000207047b9
:020000040000fa
:104c24002de9f04f4268036d12689a4295b01fdb7c
:104c3400436d9a4240f339828268836d12686ff043
:104c440000489a42c4461bda084b0a931d46c268c0
:104c5400036e12689a4220db436e9a4240f3db8172
:104c64006ff000430b9319461ae000bf0100008067
:104c7400dff81481c4468268836d12689a42e3dbcc
:104c8400c36d9a4240f3ef81c2686ff000430a9308
:104c94001d461268036e9a42deda3b4b0b931946ab
:104ca40090f9183090f91960078db0f82aa090f99e
:104cb4001ab0b0f82ee0b0f82c90428e049635412c
:104cc4004cfa03fcbc44554441fa0bf1144615fb61
:104cd4000ec5494411fb045189b24d1c4269c76990
:104ce40052f821a00c94adb208ea070c52f8254002
:104cf4000d9267460c9a0894cdf81cc0a4eb0a0cdc
:104d040001eb0e048cfb078900940026c3f12004f8
:104d14000027cde902670eeb050c114427460994e0
:104d240015441446009acdf84cc002eb040e28fa40
:104d340003f20292029c664609fa07fc6246144397
:104d440002940d9c54f82520119254f821200692c7
:104d540054f82620109254f82e201292009a0a99a0
:104d640054f822200592026a0b9c1140426a009179
:104d7400b3f1200c04ea020408d4029a49fa0cfca8
:104d840042ea0c02029201e001000080059a049daf
:104d9400a2eb0a064a461a410392dde90289009a07
:104da40086fb0267c5f120020a9218eb0a0807fa8b
:104db40002fe009a49ebea79cde9028990464fea6e
:104dc400e279069a2946b1f1200c26fa05f5a2eb00
:104dd4000a0658bf47fa0cfccbf1200286fb046795
:104de40045ea0e05cde90e890b9207fa02f858bf81
:104df40045ea0c05109a029926fa0bfc059e4cea2a
:104e0400080c4feae479a046cde90289a2eb060832
:104e1400089aa8eb0208079a6d18d044bbf1200e3b
:104e240088fb028958bf47fa0efe099a049958bfb5
:104e34004cea0e0c1ceb050528fa03f6b3f1200727
:104e440009fa02fc46ea0c0658bf49fa07f70f9a1a
:104e540058bf3e4306fb02f7009a49fa03fc02fbe3
:104e64000c7ca6fb02670a9a674407fa02f826fa42
:104e740001fc129a069e4cea080ca2eb0608059a5d
:104e8400a8eb0208009ab1f1200ed04488fb0289f5
:104e940058bf47fa0efe0a9a049f58bf4cea0e0cfc
:104ea4001ceb050509fa02fc049a28fa07f6203fd0
:104eb40046ea0c0658bf49fa07f749fa02fc039a76
:104ec40058bf3e4306fb02f704fb0c7c0b9aa6fb7f
:104ed4000467674407fa02f826fa0bfc119a069e47
:104ee4004cea080ca2eb0608089aa8eb0208079af9
:104ef400bbf1200ed04488fb028958bf47fa0efe4e
:104f0400099a58bf4cea0e0c1ceb050528fa03f667
:104f1400b3f1200709fa02fc46ea0c0658bf49fa25
:104f240007f7039a58bf3e4349fa03fc06fb02f70e
:104f340004fb0c7c0b9aa6fb0467674407fa02f88f
:104f440026fa0bfc139a0c9ebbf1200e58bf47faad
:104f54000efe4cea080c324458bf4cea0e0c96463e
:104f64000d9a1ceb050c52f82e50129aad1a119a98
:104f7400ad1a109aad1a089a1544069a1544059a62
:104f84001544079aa5eb0a0888fb0289099ab3f12c
:104f9400200709fa02f528fa03f646ea050658bf7f
:104fa40049fa07f70f9d009a58bf3e4306fb05f5e3
:104fb40049fa03f302fb0353a6fb02671f44049a56
:104fc4000a9b26fa02f107fa03f31943049bb2f190
:104fd400200558bf47fa05f547fa03f2039b58bf6b
:104fe400294301fb03f304fb0232a1fb04450b9ba1
:104ff400154405fa03f124fa0bf2bbf1200342ea4b
:1050040001025cbf45fa03f31a4312eb0c0202617e
:1050140015b0bde8f08fc16cc76b90f94240b2eb9c
:1050240001094feae27363ebe17a4a4653464fead9
:10503400e77bcde9002309fb0bf1dde9009a07fbcf
:105044000a11a9fb07230b44c4f1200722fa04f137
:1050540003fa07f7203c41ea07015cbf43fa04f472
:1050640021430b911ce6856b816c90f94140b2ebb6
:1050740001094feae2734feae57763ebe17a09fb52
:1050840007f105fb0a11a9fb05230b44c4f1200118
:1050940022fa04f503fa01f1203c45ea01055cbf5c
:1050a40043fa04f425430a95d1e5446c456b90f921
:1050b4004010b2eb04084feae2734feae57763eb82
:1050c400e47908fb07f4a8fb052305fb0944234402
:1050d400c1f1200422fa01fc03fa04f420394cea59
:1050e400040c5cbf43fa01f14cea010ce046c2e552
:1050f4004ff4e97200230280036170474d2b40f2a4
:105104000081037e0b70437e4b70837e8b70c3697a
:10511400cb70c3691b0a0b71c38b4b71c37f8b713b
:10512400036acb71036a1b0a0b72438c4b7290f8af
:1051340023308b72436acb72436a1b0a0b73c38c92
:105144004b7390f827308b73038dcb73038d1b0a3d
:105154000b74438d4b74438d1b0a8b74838dcb74fa
:10516400838d1b0a0b75c38d4b75c38d1b0a8b7501
:10517400038ecb75038e1b0a0b76438e4b76438ec0
:105184001b0a8b76436bcb76436b1b120b77b0f900
:1051940036304b7790f937308b77836bcb77836bd3
:1051a4001b1281f82030b0f93a3081f8213090f99f
:1051b4003b3081f82230c36b81f82330c36b1b1260
:1051c40081f82430b0f93e3081f8253090f93f3031
:1051d40081f8263090f8403081f8273090f841303b
:1051e40081f8283090f8423081f82930436c81f8f6
:1051f4002a30436c1b1281f82b30b0f9463081f809
:105204002c3090f9473081f82d30836c81f82e30a2
:10521400836c1b1281f82f30b0f94a3081f830309a
:1052240090f94b3081f83130c36c81f83230c36c63
:105234001b1281f83330b0f94e3081f8343090f9d4
:105244004f3081f83530036d81f83630036d1b1211
:1052540081f83730b0f9523081f8383090f9533052
:1052640081f83930436d81f83a30436d1b1281f86f
:105274003b30b0f9563081f83c3090f9573081f822
:105284003d30836d81f83e30836d1b1281f83f30d1
:10529400b0f95a3081f8403090f95b3081f84130f0
:1052a400c36d81f84230c36d1b1281f84330b0f9ed
:1052b4005e3081f8443090f95f3081f84530036ef8
:1052c40081f84630036e1b1281f84730b0f9623022
:1052d40081f8483090f9633081f84930436e81f8a1
:1052e4004a30436e1b1281f84b30b0f9663081f8b6
:1052f4004c3090f9673081f84d304e2313800020f4
:1053040070470120704700bf4e2a01d0012070472a
:105314000b7830b403764b7843768b7883764b796d
:105324000d79cc788a791b0403eb0523234403eb22
:105334000263c3614b7a0d7acc798a7a1b0403eb3e
:105344000523234403eb026303624b7b0d7bcc7a7e
:105354008a7b1b0403eb0523234403eb02634362b0
:105364000a7ccb7b03eb022303858a7c4b7c03eb17
:10537400022343850a7dcb7c03eb022383858a7d4c
:105384004b7d03eb0223c3850a7ecb7d03eb022313
:1053940003868a7e4b7e03eb022343864b7f0d7f7d
:1053a400cc7e8a7f1b0403eb0523234403eb0263b7
:1053b400436391f8213091f82050cc7f91f822205a
:1053c4001b0403eb0523234403eb0263836391f87b
:1053d400253091f8245091f8234091f826201b049d
:1053e40003eb0523234403eb0263c36391f82730e3
:1053f40080f8403091f8283080f8413091f8293015
:1054040080f8423091f82c3091f82b5091f82a40d2
:1054140091f82d201b0403eb0523234403eb0263c3
:10542400436491f8303091f82f5091f82e4091f860
:1054340031201b0403eb0523234403eb0263836441
:1054440091f8343091f8335091f8324091f8352086
:105454001b0403eb0523234403eb0263c36491f8a9
:10546400383091f8375091f8364091f839201b04c0
:1054740003eb0523234403eb0263036591f83c30fb
:1054840091f83b5091f83a4091f83d201b0403eb0e
:105494000523234403eb0263436591f8403091f8fc
:1054a4003f5091f83e4091f841201b0403eb052343
:1054b400234403eb0263836591f8443091f843502d
:1054c40091f8424091f845201b0403eb0523234443
:1054d40003eb0263c36591f8483091f8475091f8a3
:1054e400464091f849201b0403eb0523234403ebb6
:1054f4000263036691f84c3091f84b5091f84a409e
:1055040091f84d201b0403eb0523234403eb0263b2
:10551400436630bc00207047013903290bd8dfe80b
:1055240001f00806040210307047c06870478068b4
:0c5534007047406870470020704700bfbf
:020000040000fa
:105540003f000000c1a70000190602002506020066
:1055500039060200510602001100000039e1010085
:1055600069e1010075e1010095e10100b1e101008f
:10557000b60000004d14020061140200c5a700002f
:10558000cda700006d1402001300000089e60100a1
:105590009de60100a9e60100cde60100f5e6010067
:1055a0006100000059820100d9820100f1820100ee
:1055b0002d83010069830100c100000065e3010043
:1055c00081e301008de30100b1e30100d9e30100b3
:1055d000d00000004dde010079de010085de010013
:1055e000a9de0100d1de0100b11300009510020018
:1055f000ad100200c5a70000cda70000b910020041
:105600009100000059f501006df5010079f50100e8
:105610008df501009df50100c3120000c5300100a9
:105620001d320100293201004932010061320100be
:1056300031000000c1a70000c5fd0100d1fd01003f
:10564000edfd010009fe0100ef000000e919020074
:10565000f5190200c5a70000cda70000011a02003d
:10566000910c0000bd840100598501007185010085
:105670009d850100c58501009f000000f9f401002f
:105680000df5010019f501002df501003df50100b2
:105690005100000009e7010025e7010031e70100a2
:1056a00055e7010075e70100a10000007d0102003f
:1056b000a9010200c5a70000cda70000b5010200a6
:1056c000a10c0000c98c01004d8d0100698d010005
:1056d000958d0100bd8d010081000000d9d9010028
:1056e00009da010019da01003dda01005dda010092
:1056f000c1010000f9990100619a0100719a01004d
:10570000b19a0100e59a0100a10100006db6010007
:10571000d9b60100e9b6010019b7010045b701008b
:1057200053130000f1090200090a0200c5a7000096
:10573000cda70000150a02008113000095000200a9
:10574000bd000200c5a70000cda70000c9000200ef
:10575000e051000021cb0100adcb0100c5a7000046
:10576000cda70000bdcb010033000000c1a70000a1
:1057700095f00100a1f00100c5f00100f1f0010079
:10578000a1130000a1c80100d9c8010005c901008a
:1057900025c9010065c9010031130000b5140200dc
:1057a000c9140200c5a70000cda70000d51402004f
:1057b000b80000001918020029180200c5a700004f
:1057c000cda7000035180200910100006df3010023
:1057d00085f30100c5a70000cda7000091f30100eb
:1057e000f05100009d610100bd620100c5a70000ed
:1057f000cda70000cd62010061130000450002004a
:105800006d000200c5a70000cda7000079000200ce
:10581000211300001d0c0200390c0200c5a7000076
:10582000cda70000450c020043010000c1a7000005
:1058300005ff01000dff0100cda7000049ff010099
:10584000711300001d1202002d120200c5a70000f6
:10585000cda70000391202005113000095ed0100a0
:10586000dded0100c5a70000cda70000e9ed0100b6
:10587000ffff0000c1430000554300009d460000ab
:105880004d470000214c0000000000000000000017
:105890000000000000000000000000000000000008
:1058a000010000000c270020020000000020002062
:1058b0000300000010200020040000002020002031
:1058c0000500000030200020060000004c200020d1
:1058d000070000005220002008000000582000208f
:1058e000090000005e2000200a0000006420002063
:1058f0000b0000006a2000200c0000007020002037
:105900000d000000802000200e00000090200020ec
:105910000f000000a020002010000000b020002098
:1059200011000000c020002012000000d020002044
:1059300013000000e020002014000000f0200020f0
:10594000150000001c21002016000000342100205a
:10595000170000004c2100201800000054210020f6
:1059600019000000642100201a0000006a210020b4
:105970001b000000702100201c000000802100207e
:105980001d000000862100201e0000008c21002048
:105990001f0000009421002020000000b8210020fa
:1059a000210000002827002022000000c421002040
:1059b00023000000d421002024000000ec2100205e
:1059c00025000000fc210020260000000c22002001
:1059d000270000001c220020280000002c220020ac
:1059e000290000003c2200202a0000004c22002058
:1059f0002b0000005c2200202c0000006c22002004
:105a00002d0000007c2200202e0000008c220020af
:105a10002f0000009c22002030000000ac2200205b
:105a200031000000bc22002032000000cc22002007
:105a300033000000dc22002034000000ec220020b3
:105a400035000000fc220020360000000c2300205e
:105a50003700000018230020380000001e2300201b
:105a600039000000242300203a00000044230020d5
:105a70003b000000642300203c000000882300203d
:105a80003d000000982300203e000000a8230020d5
:105a90003f000000b823002040000000c823002081
:105aa00041000000f42300204200000000240020f8
:105ab00043000000082400204400000010240020bf
:105ac000450000001c240020460000002424002083
:105ad0004700000038270020480000005c24002018
:105ae00049000000782400204a0000007c240020a7
:105af0004b000000822400204c000000882400207d
:105b00004d0000008e2400204e0000009424002050
:105b10004f000000a424002050000000b424002006
:105b200051000000c424002052000000d4240020b2
:105b300053000000e424002054000000f42400205e
:105b4000550000001c250020560000002c250020d8
:105b50005700000058250020580000007025002044
:105b600059000000342400205a0000003c2400208a
:105b70005b0000004c2400205c0000008025002019
:105b80005d0000008c2500205e00000092250020b2
:105b90005f0000009825002060000000a025002084
:105ba00061000000b025002062000000b825002040
:105bb00063000000c025002064000000cc25002008
:105bc00065000000f025002066000000f62500209a
:105bd00067000000fc25002068000000042600206b
:105be00069000000142600206a0000002026002022
:105bf0006b0000002c2600206c00000040270020d5
:105c00006d000000382600206e00000044260020b1
:105c10006f00000060260020700000006426002055
:105c2000710000006c260020720000007c2600201d
:105c3000730000008c260020740000009c260020c9
:105c400075000000a826002076000000cc26002069
:105c500077000000dc26002078000000e826002005
:105c600079000000042700208d0000009827002004
:105c700000000000000000007a0002005c27002005
:105c80007b0002005e2700207c00020060270020cd
:105c90007d000200622700207e00020064270020b1
:105ca0007f00020066270020800002006827002095
:105cb000810002006a270020820002006c27002079
:105cc000830002006e27002084000200702700205d
:105cd000000000000000000085000200782700207e
:105ce000860002007c270020870002008027002019
:105cf00088000200842700208900020088270020f5
:105d00008a0002008c2700208b00020090270020d0
:105d10008c0002007427002000000000000000003a
:105d20000000000000000000000000000000000073
:105d30000000000000000000000000000000000063
:105d40000000000000000000000000000000000053
:0c5d500000000000000000008b37c08a3b
:020000040000fa
:105d5c000221c2680181212151704368184700bf9c
:105d6c0010b4c2685378052b2dd8dfe803f00f145c
:105d7c001a202603154b1b68052119730023537039
:105d8c000222436802815df8044b18470f490968e9
:105d9c0000240c73f3e70d4b1b68012119730023ce
:105dac00ede70a4b1b68022119730023e7e7074b49
:105dbc001b68032119730023e1e7044b1b680421c2
:105dcc0019730023dbe72223d9e700bffc2e002048
:105ddc00c168074a10b400244c701168c268097b72
:105dec0091700322028143685df8044b184700bf91
:105dfc00fc2e002030b50289c368032a83b007d07b
:105e0c000221142201815a704368984703b030bdb7
:105e1c00234d9a7859780446286801eb0221806b4f
:105e2c0089b20df1060204f085fd30bb2b68bdf87c
:105e3c0006009a6b6389e16800eb800002eb80023c
:105e4c00023b156990689bb2023104f10802a84725
:105e5c0048b1e3680221492221815a7063682046c7
:105e6c00984703b030bd2389e26802332381507018
:105e7c0063682046984703b030bd0128e36804d01e
:105e8c00022805d00221ff22e6e702214722e3e7a0
:105e9c00402220815a70636820469847b6e700bfbd
:105eac00fc2e002030b50289c368022a83b007d8c3
:105ebc000221142201815a704368984703b030bd07
:105ecc00214d9a7859780446286801eb0221806ba1
:105edc0089b20df1060204f02dfd18bb2b68bdf83c
:105eec000610986b2389e26801eb810100eb8100bd
:105efc00033bd0e902159bb240680332a847e36824
:105f0c0040b10221482221815a706368204698478b
:105f1c0003b030bd02222281587063682046984736
:105f2c0003b030bd0128e36804d0022805d002215b
:105f3c00ff22e8e702214722e5e7402220815a7040
:105f4c00636820469847b9e7fc2e002070b502899b
:105f5c00c368042a82b007d00221142201815a702e
:105f6c004368984702b070bd9e7859784b4add78eb
:105f7c00126801eb0621044689b285b1556b002de0
:105f8c0000f084800df10602284604f083fcf8b979
:105f9c00bdf8063005ebc3056b6818680de0156b92
:105fac00002d6cd00df10602284604f073fc78b974
:105fbc00bdf8063005ebc3056868ab78e1685a1e7e
:105fcc00072a48d8dfe802f0443e473247474711da
:105fdc00012848d002284ad0e3680221ff222181ff
:105fec005a70636820469847bce7d0e900528d7020
:105ffc00e168280ac870e168280c0871e1682d0e68
:10600c004d71e1688a71e168100ac871e168100c81
:10601c000872e168120e4a72e26800215170023374
:10602c00626823812046904702b070bd02688a7076
:10603c00e168100ac870e168100c0871e168120e72
:10604c004a71e9e702888a70e168120aca70e3e7cc
:10605c0002788a70e0e70222232322814b70636866
:10606c00204698477ee7e36802214322b7e7e368be
:10607c00208140225a7063682046984772e70221bb
:10608c00452201815a70436898476be702214622ea
:10609c0001815a704368984764e700bffc2e0020ca
:1060ac0070b50289c368032a82b007d0022114227a
:1060bc0001815a704368984702b070bd2e4d9a7892
:1060cc0059780446286801eb0221006889b20df169
:1060dc00060204f007fc58b10128e3683bd0022803
:1060ec0036d1402220815a70636820469847e3e7f6
:1060fc002a68bdf806101368506803ebc1030df154
:10610c0006025e68318804f069fce0b92b68bdf8c2
:10611c00062058686389e16802eb420200ebc20278
:10612c00023bd56830469bb2023104f10802a84705
:10613c00a0b1e3680221142221815a7063682046c1
:10614c00984702b070bd0128e36812d002280ed027
:10615c000221ff22f0e702214322ede72389e268c6
:10616c00023323815070636820469847a4e741228c
:10617c00b8e702214422dfe7fc2e0020f0b50289ab
:10618c00c368022a83b007d80221142201815a70f5
:10619c004368984703b0f0bd9a78454e5d783168f6
:1061ac0005eb0225adb204460df10602086829463e
:1061bc0004f098fb00285bd13368bdf806701a68b0
:1061cc00996802ebc7025768c1b19a681288aa4253
:1061dc0069d09a68128822b967e09a6832f8302040
:1061ec0042b1013080b29a6832f83020aa424feaac
:1061fc00c00cf2d19a6832f80c200abb5868398866
:10620c000df1060204f0eafb50bb3268bdf8063013
:10621c0050682289e16803eb430300ebc303033aa4
:10622c001b69384692b203319847e36860b3022188
:10623c00142221815a7063682046984703b0f0bd40
:10624c0098682289e1686044033a436892b2384600
:10625c000331984700289dd0e36802214222e8e7e9
:10626c000128e3681cd0022818d00221ff22e0e7a5
:10627c000128e3680fd00228f7d1402220815a7000
:10628c0063682046984785e702222281587063682c
:10629c00204698477ee702214322cae74122ede7d8
:1062ac0002214422c5e78446a4e79446a2e700bf36
:1062bc00fc2e00204189c2682e29f0b440f2b18036
:1062cc00034600212f2018815170da685d4d06209d
:1062dc009070da68d1702a68d968108c0871118caa
:1062ec00d868090a4171d968588988715989d86860
:1062fc00090ac171d96820200872d96882204872b5
:10630c00d9684d208872d9686120c872d968792003
:10631c000873d96831244c73d96834208873de68cb
:10632c003221f173de6830273774de687174de68f1
:10633c003627b774de68f474dc6833262675dc689f
:10634c006175d9688875516a002971d0506ad9680d
:10635c000078c875506ad96840780876506ad96850
:10636c0080784876506ad96800798876506ad968fe
:10637c004079c876506ad968c0790877506ad9686c
:10638c00007a4877506ad968407a8877506ad96819
:10639c00807ac877506ad968c07a81f82000506a30
:1063ac00d968007b81f82100506ad968807b81f81c
:1063bc002200506ad968c07b81f82300d968107b11
:1063cc0081f82400d968d08981f82500d189d86852
:1063dc00090a80f82610d968106981f8270011691c
:1063ec00d868090a80f828101169d868090c80f857
:1063fc0029101169d868090e80f82a10d96881f81b
:10640c002b20d968100a81f82c00d968100c81f85f
:10641c002d00d968120e81f82e205a681846f0bc4f
:10642c00104702241521048151704368f0bc1847b1
:10643c0023222d20d9688854013a162afad12a68c9
:10644c00bce700bffc2e0020c26810b402240481fb
:10645c00517043685df8044b184700bf054b064963
:10646c0003f16c0243f8041f9342fbd1034b03610d
:10647c00704700bf9c2d00205d5d0000a02d00200a
:10648c0030b4036908490948094a0a4d0a4c186096
:10649c0059600a480a499a600a4a5a65c3e9114583
:1064ac00c3e9130130bc7047dd5d0000c162000020
:1064bc006d5d000089610000ad600000595f000057
:0864cc00b15e0000015e00005a
:020000040000fa
:0464d400fee700bf20
:020000040000fa
:1064d8002de9f04f4168044687b0d0e90a23d1e995
:1064e80000011bf0bffbd4e9082311f04bff8946dc
:1064f800a1688046d4e91023d1e900011bf0b2fb62
:10650800d4e90e2311f03eff002206460f46002371
:1065180040464946b4f81ca01af078ff002840f01d
:106528008980404649461bf001fb85b255457bd220
:1065380028461bf01ffb02460b46404649461bf007
:1065480091fbcde9000100220023304639461af0bc
:106558005dff002874d1304639461bf0e7fa238ed8
:106568001ffa80f80af1010943451ffa89f96cd826
:106578009fed3d7b8ded027b13fb0955adb2d4f841
:1065880018c00cebc50393ed027bd3e900675544b3
:1065980051ec170b32463b4601350cebc5058ded2a
:1065a800047b1bf05ffbdde9002311f0ebfe3246b4
:1065b8003b460af0e5fad5e900ab80468946324603
:1065c8003b46504659461bf04dfbdde9022311f0ce
:1065d800d9fe42464b460af0d3fad5e90223804653
:1065e8008946304639460af0cbfadde904231bf028
:1065f80039fb52465b461bf035fbdde902230646b4
:106608000f46dde9000111f0bdfe02460b4630469b
:10661800394611f0b7fe42464b460af0b1fac4e9d2
:10662800040107b0bde8f08f9fed0f7b55468ded57
:10663800007b88e79fed0c7b00258ded007b82e7d2
:106648009fed097b8ded027b99e740461bf092fa9e
:1066580002460b46304639461bf004fb18fb095529
:10666800cde90201adb28ae7000000000000000099
:1066780000230022c0e904234ff49a730380704773
:10668800432b40f2dc80838b0b70838b1b0a4b708f
:10669800036a8b70036a1b0acb70438c0b7190f8ea
:1066a80023304b71436a8b71436a1b0acb71c38ccd
:1066b8000b7290f827304b72836a8b72836a1b0abd
:1066c800cb72438d0b7390f82b304b73c36a8b736b
:1066d800c36a1b0acb73c38d0b7490f82f304b74ad
:1066e800038e8b74038e1b0acb74836b0b75836bc1
:1066f8001b0a4b75438f8b7590f83b30cb75c36b7a
:106708000b76c36b1b0a4b76c38f8b7690f83f30a2
:10671800cb76036c0b77036c1b0a4b77b0f84230cf
:106728008b7790f84330cb77436c81f82030436cfb
:106738001b0a81f82130b0f8463081f8223090f8f1
:10674800473081f82330836c81f82430836c1b0a2e
:1067580081f82530b0f84a3081f8263090f84b306f
:1067680081f82730c36c81f82830c36c1b0a81f884
:106778002930b0f84e3081f82a3090f84f3081f83f
:106788002b30036d81f82c30036d1b0a81f82d30f6
:10679800b0f8523081f82e3090f8533081f82f300d
:1067a800436d81f83030436d1b0a81f83130b0f801
:1067b800563081f8323090f8573081f83330836d95
:1067c80081f83430836d1b0a81f83530b0f85a30bf
:1067d80081f8363090f85b3081f83730c36d81f836
:1067e8003830c36d1b0a81f83930b0f85e3081f853
:1067f8003a3090f85f3081f83b30036e81f83c30d6
:10680800036e1b0a81f83d30b0f8623081f83e30e3
:1068180090f8633081f83f30436e81f84030436e22
:106828001b0a81f84130b0f8663081f8423090f8a0
:10683800673081f8433044231380002070470120db
:10684800704700bf442a01d0012070474a780b786e
:1068580003eb02232de9f00f838391f8038091f86d
:1068680004a091f806c004464fea0a454fea1860aa
:106878004fea08234fea1a4291f8058091f802a0de
:106888005b1940eb02024ff0000b13eb0a054feacd
:10689800086342eb0b024fea1828ed184ff000008e
:1068a80042eb0808ca7991f808a02d1848eb0c08a3
:1068b80012022d1848eb02084a7a2d184fea0a4aa4
:1068c80048eb0a0a12062e184aeb0207c4e90867c1
:1068d80091f80b800e7b91f80fa033044fea1862f1
:1068e8004fea08254fea164c91f80d808e7aed187c
:1068f80042eb0c0c0027ab194fea08654ceb070c70
:106908004fea18225b1991f80e804e7c4ceb02027c
:106918001b1842eb080291f810801b184fea0a2a4c
:106928008eb042eb0a0a4fea08481b184aeb0808df
:1069380036061b18009348eb060301939ded007b78
:1069480084ed0a7bca7c8b7c03eb0223238691f8b7
:1069580015808e7d4fea186233044fea08254fea06
:10696800164c91f817800e7ded1842eb0c0c0027a1
:10697800ab194fea08654ceb070c4fea18225b1974
:1069880091f8188091f819a0ce7e4ceb02021b18e2
:1069980042eb080291f81a801b184fea0a2a42ebc8
:1069a8000a0a4fea08481b184aeb080836061b185b
:1069b800029348eb060303939ded027b84ed0e7b67
:1069c80091f81d808e7f91f821a033044fea186258
:1069d8004fea08254fea164c91f81f800e7fed18f4
:1069e80042eb0c0c0027ab194fea08654ceb070c7f
:1069f8004fea18225b1991f8208091f823604ceb3c
:106a080002021b1842eb080291f822801b184fea79
:106a18000a2a42eb0a0a4fea08481b184aeb0808f8
:106a280036061b18049348eb060305939ded047b7b
:106a380084ed107b91f8258091f8266091f829a0c3
:106a480033044fea18624fea08254fea164c91f8ca
:106a5800278091f82460ed1842eb0c0c0027ab1945
:106a68004fea08654ceb070c4fea18225b1991f8be
:106a7800288091f82b604ceb02021b1842eb0802ad
:106a880091f82a801b184fea0a2a42eb0a0a4feab1
:106a980008481b184aeb080836061b18069348ebeb
:106aa800060307939ded067b84ed127b91f82d80fc
:106ab80091f82e6091f831a033044fea18624fea3a
:106ac80008254fea164c91f82f8091f82c60ed18a4
:106ad80042eb0c0c0027ab194fea08654ceb070c8e
:106ae8004fea18225b1991f8308091f833604ceb2b
:106af80002021b1842eb080291f832801b184fea79
:106b08000a2a42eb0a0a4fea08481b184aeb080807
:106b180036061b18089348eb060309939ded087b7e
:106b280084ed147b91f8358091f836604fea08239c
:106b380035045d194fea18624fea164391f8378019
:106b480091f8346042eb030c0027ab194fea086553
:106b58004ceb07064fea18225b1991f8398091f837
:106b6800385046eb020291f83a601b1845eb0202d6
:106b78004fea08281b1842eb08024fea064891f82a
:106b88003b601b1842eb080236061b180a9342ebbf
:106b980006030b939ded0a7b84ed167b91f83d600f
:106ba80091f83e8033024fea18424fea08454fea0f
:106bb800166c91f83f8091f83c605d194ceb020c23
:106bc8000027ab194fea08654ceb07064fea182275
:106bd8005b1991f8418091f8405046eb02021b186e
:106be80045eb020291f842601b184fea082842eb75
:106bf800080291f843801b184fea064646eb02024a
:106c08004fea08681b180c9342eb08030d939ded9f
:106c18000c7b84ed187b0eb0bde8f00f704700bf09
:106c2800022905d0032907d0012903d00020704785
:0c6c38008068704740687047103070475b
:020000040000fa
:106c44000000000061d8280070b05100dc877a0091
:106c5400535ea3008433cc001c07f500cbd81d0180
:106c64003ea8460126756f01303f98010b06c1010d
:106c740068c9e901f488120260443b025bfb6302c9
:106c840095ad8c02be5ab5028702de029fa40603ac
:106c9400b9402f0384d65703b3658003f7eda803e7
:106ca400026fd10387e8f903375a2204c7c34a04a1
:106cb400ea247304537d9b04b6ccc304c912ec04c8
:106cc400404f1405d1813c0531aa640518c88c05d0
:106cd4003bdbb40553e3dc0516e004063ed12c0689
:106ce40082b654069d8f7c06485ca4063e1ccc06e6
:106cf40039cff306f5741b072e0d4307a0976a07d7
:106d04000a1492072882b907bae1e0077d3208081d
:106d140032742f089aa6560874c97d0883dca40827
:106d240089dfcb0849d2f20886b4190904864009e0
:106d340088466709d8f58d09ba93b409f51fdb09ac
:106d4400509a010a9402280a8b584e0afc9b740a32
:106d5400b4cc9a0a7deac00a23f5e60a72ec0c0b5d
:106d640039d0320b44a0580b645c7e0b6704a40b2f
:106d74001d98c90b5817ef0be981140ca2d7390cd5
:106d840058185f0cde43840c085aa90cad5ace0c7b
:106d9400a145f30cbd1a180dd8d93c0dca82610d5a
:106da4006c15860d9991aa0d2bf7ce0dfd45f30dab
:106db400ec7d170ed49e3b0e93a85f0e089b830eaa
:106dc4001176a70e8e39cb0e60e5ee0e6879120fa0
:106dd40089f5350fa459590f9da57c0f58d99f0fdc
:106de400bbf4c20faaf7e50f0de20810c9b32b10cc
:106df400c76c4e10f00c71102b9493106302b610f4
:106e04008257d8107493fa1023b61c117ebf3e111a
:106e14006faf6011e7858211d242a41120e6c5113b
:106e2400c06fe711a4df0812bb352a12f8714b12a8
:106e34004c946c12ab9c8d12088bae12575fcf1220
:106e44008c19f0129eb91013813f31132dab5113dd
:106e540097fc7113b93392138950b2130153d213af
:106e64001a3bf213cd08121415bc3114ed5451140d
:106e740050d370143a379014a880af1496afce1440
:106e840002c4ed14eabd0c154c9d2b1528624a155d
:106e94007b0c6915489c87158d11a6154b6cc41580
:106ea40084ace2153ad200166edd1e1623ce3c16d3
:106eb4005ca45a161d607816690196164588b316a7
:106ec400b4f4d016bd46ee16657e0b17b19b281799
:106ed400a79e45174f876217ae557f17cd099c179c
:106ee400b3a3b8176723d517f388f1175fd40d1828
:106ef400b4052a18fa1c46183d1a621885fd7d1837
:106f0400ddc699185076b518e80bd118b087ec187f
:106f1400b4e90719003223199f603e199e75591967
:106f24000a717419ee528f19581baa1955cac4193b
:106f3400f45fdf1940dcf919493f141a1d892e1a30
:106f4400c9b9481a5dd1621ae8cf7c1a78b5961a85
:106f54001c82b01ae535ca1ae2d0e31a2253fd1a8c
:106f6400b5bc161bac0d301b1846491b0866621bca
:106f74008d6d7b1bb85c941b9a33ad1b44f2c51b0f
:106f8400c898de1b3727f71ba39d0f1c1cfc271c6e
:106f9400b642401c8171581c9188701cf787881c6c
:106fa400c66fa01c0f40b81ce7f8cf1c5f9ae71c03
:106fb4008924ff1c7a97161d43f32d1df837451db0
:106fc400ad655c1d737c731d5f7c8a1d8465a11d8a
:106fd400f537b81dc6f3ce1d0a99e51dd527fc1d4e
:106fe4003ba0121e4f02291e264e3f1ed383551e60
:106ff4006aa36b1effac811ea6a0971e747ead1ef5
:107004007b46c31ed1f8d81e8a95ee1eb91c041ff8
:10701400748e191fcdea2e1fdb31441fb063591f34
:1070240061806e1f0388831faa7a981f6a58ad1f58
:107034005821c21f88d5d61f0f75eb1f00000020f2
:10704400000000200000290052007b00a300cc00b7
:10705400f5001e0147016f019801c101ea01130205
:107064003b0264028d02b502de0207032f035803bc
:107074008003a903d103fa0322044b0473049b0481
:10708400c404ec0414053d0565058d05b505dd0551
:1070940005062d0655067d06a406cc06f4061b0738
:1070a40043076b079207ba07e10708082f08570838
:1070b4007e08a508cc08f3081a09410967098e0956
:1070c400b509db09020a280a4e0a750a9b0ac10a95
:1070d400e70a0d0b330b590b7e0ba40bca0bef0bfa
:1070e400150c3a0c5f0c840ca90cce0cf30c180d87
:1070f4003d0d620d860dab0dcf0df30d170e3c0e3d
:10710400600e840ea70ecb0eef0e120f360f590f22
:107114007d0fa00fc30fe60f09102c104e10711035
:107124009410b610d810fb101d113f11611183117a
:10713400a411c611e71109122a124b126d128e12f4
:10714400af12cf12f01211133113521372139213a0
:10715400b213d213f2131214321451147114901482
:10716400b014cf14ee140d152c154a156915881595
:10717400a615c415e31501161f163d165b167816e1
:107184009616b416d116ee160b1729174617631761
:107194007f179c17b917d517f2170e182a18461817
:1071a40062187e189a18b518d118ed180819231901
:1071b4003e19591974198f19aa19c519df19fa1921
:1071c400141a2f1a491a631a7d1a971ab11aca1a6d
:1071d400e41afd1a171b301b491b621b7b1b941bf3
:1071e400ad1bc61bdf1bf71b101c281c401c581ca6
:1071f400711c891ca01cb81cd01ce81cff1c171d8a
:107204002e1d451d5c1d731d8a1da11db81dcf1d9e
:10721400e61dfc1d131e291e3f1e561e6c1e821edb
:10722400981ead1ec31ed91eef1e041f1a1f2f1f4a
:10723400441f591f6f1f841f981fad1fc21fd71fe4
:10724400eb1f0020002000000000000001010101ec
:107254000101020202020202030303030303040402
:1072640004040404040505050505050606060606ca
:107274000606070707070707080808080808080993
:1072840009090909090a0a0a0a0a0a0a0b0b0b0b5b
:107294000b0b0b0c0c0c0c0c0c0d0d0d0d0d0d0d26
:1072a4000e0e0e0e0e0e0e0f0f0f0f0f0f0f0f10f0
:1072b40010101010101011111111111111121212bd
:1072c400121212121213131313131313131414148c
:1072d400141414141415151515151515151616165c
:1072e400161616161616171717171717171717182f
:1072f4001818181818181818191919191919191902
:10730400191a1a1a1a1a1a1a1a1a1a1b1b1b1b1bd5
:107314001b1b1b1b1b1c1c1c1c1c1c1c1c1c1c1dad
:107324001d1d1d1d1d1d1d1d1d1d1e1e1e1e1e1e83
:107334001e1e1e1e1e1f1f1f1f1f1f1f1f1f1f1f5e
:0c7344001f20202020202020200000bf5f
:020000040000fa
:10735000ffffff7fffffff7fffffff7fffffff7f3d
:10736000ffffff7fffffff7fffffff7fffffff7f2d
:10737000ffffff7fffffff7fffffff7fffffff7f1d
:10738000ffffff7fffffff7fffffff7fffffff7f0d
:10739000ffffff7fffffff7fffffff7fffffff7ffd
:1073a000ffffff7fffffff7fffffff7fffffff7fed
:1073b000ffffff7fffffff7fffffff7fffffff7fdd
:1073c000ffffff7fffffff7fffffff7fffffff7fcd
:1073d000ffffff7fffffff7fffffff7fffffff7fbd
:1073e000ffffff7fffffff7fffffff7fffffff7fad
:1073f000ffffff7fffffff7fffffff7fffffff7f9d
:10740000ffffff7fffffff7fffffff7fffffff7f8c
:10741000ffffff7fffffff7fffffff7fffffff7f7c
:10742000ffffff7fffffff7fffffff7fffffff7f6c
:10743000ffffff7fffffff7fffffff7fffffff7f5c
:10744000ffffff7fffffff7fffffff7fffffff7f4c
:10745000ffffff7fffffff7fffffff7fffffff7f3c
:10746000ffffff7fffffff7fffffff7fffffff7f2c
:10747000ffffff7fffffff7fffffff7fffffff7f1c
:10748000ffffff7fffffff7fffffff7fffffff7f0c
:10749000ffffff7fffffff7fffffff7fffffff7ffc
:1074a000ffffff7fffffff7fffffff7fffffff7fec
:1074b000ffffff7fffffff7fffffff7fffffff7fdc
:1074c000ffffff7fffffff7fffffff7fffffff7fcc
:1074d000ffffff7fffffff7fffffff7fffffff7fbc
:1074e000ffffff7fffffff7fffffff7fffffff7fac
:1074f000ffffff7fffffff7fffffff7fffffff7f9c
:10750000ffffff7fffffff7fffffff7fffffff7f8b
:10751000ffffff7fffffff7fffffff7fffffff7f7b
:10752000ffffff7fffffff7fffffff7fffffff7f6b
:10753000ffffff7fffffff7fffffff7fffffff7f5b
:10754000ffffff7fffffff7fffffff7fffffff7f4b
:107550006cac162f3138752fcc81d42fb88a3430cb
:10756000775495308ce0f6307c305931d145bc31c0
:1075700018222032dfc68432ba35ea323e705033e8
:107580000478b733a84e1f34c9f587340b6ff13434
:1075900013bc5b358adec6351cd832367baa9f36d3
:1075a00058570d376be07b376d47eb371e8e5b38d6
:1075b0003cb6cc388ec13e39dbb1b139ef88253ac3
:1075c0009a489a3aaef20f3b0289863b710dfe3b18
:1075d000d881763c19e8ef3c1b426a3dc691e53df7
:1075e00007d9613ed019df3e16565d3fd18fdc3f93
:1075f000ffc85c40a103de40bb4160415685e341ca
:1076000080d067424925ed42c885734314f4fa439c
:107610004d72834494020d4510a79745ea612346b5
:107620005235b0467c233e479e2ecd47f6585d48e6
:10763000c3a4ee484b148149d8a9144ab867a94a93
:107640003e503f4bc265d64b9faa6e4c3821084d29
:10765000f2cba24d37ad3e4e77c7db4e271d7a4f9a
:10766000c0b01950c084ba50aa9b5c5107f8ff51b2
:10767000659ca452558b4a5370c7f15353539a5487
:107680009f314455fd64ef5518f09b56a4d54957da
:107690005818f957f0baa95830c05b59df2a0f5a69
:1076a000cbfdc35ac83b7a5bafe7315c5d04eb5c52
:1076b000b894a55da99b615e221c1f5f1819de5f4f
:1076c00086959e606f946061dc182462d925e9621a
:1076d0007bbeaf63dce577641e9f416567ed0c669a
:1076e000e4d3d966c955a8674f767868b8384a692f
:1076f0004ba01d6a55b0f26a2a6cc96b25d7a16ce4
:10770000a8f47b6d1bc8576eee54356f989e1470ad
:1077100094a8f5706776d8719d0bbd72c86ba37382
:10772000809a8b74689b7575277261766d224f778e
:10773000efaf3e786d1e3079ac71237a79ad187b4e
:10774000aad50f7c1bee087db0fa037e56ff007fa2
:10775000ffffff7fff7fff7fff7fff7fff7fff7fb9
:10776000ff7fff7fff7fff7fff7fff7fff7fff7f29
:10777000ff7fff7fff7fff7fff7fff7fff7fff7f19
:10778000ff7fff7fff7fff7fff7fff7fff7fff7f09
:10779000ff7fff7fff7fff7fff7fff7fff7fff7ff9
:1077a000ff7fff7fff7fff7fff7fff7fff7fff7fe9
:1077b000ff7fff7fff7fff7fff7fff7fff7fff7fd9
:1077c000ff7fff7fff7fff7fff7fff7fff7fff7fc9
:1077d000ff7fff7fff7fff7fff7fff7fff7fff7fb9
:1077e000ff7fff7fff7fff7fff7fff7fff7fff7fa9
:1077f000ff7fff7fff7fff7fff7fff7fff7fff7f99
:10780000ff7fff7fff7fff7fff7fff7fff7fff7f88
:10781000ff7fff7fff7fff7fff7fff7fff7fff7f78
:10782000ff7fff7fff7fff7fff7fff7fff7fff7f68
:10783000ff7fff7fff7fff7fff7fff7fff7fff7f58
:10784000ff7fff7fff7fff7fff7fff7fff7fff7f48
:10785000ff7fff7f172f752fd52f35309530f730ed
:107860005931bc3120328532ea325033b7331f34bc
:107870008834f1345c35c7353336a0360d377c3764
:10788000eb375c38cd383f39b239263a9a3a103b5b
:10789000873bfe3b773cf03c6a3de63d623edf3e87
:1078a0005d3fdd3f5d40de406041e4416842ed42c6
:1078b0007443fb4383440d4598452346b0463e47f9
:1078c000cd475d48ef488149154aa94a3f4bd64b01
:1078d0006f4c084da34d3f4edc4e7a4f1a50bb50b3
:1078e0005d510052a5524b53f2539a544455ef55f3
:1078f0009c564a57f957aa585c590f5ac45a7a5b92
:10790000325ceb5ca65d625e1f5fde5f9f60616163
:107910002462e962b063786442650d66da66a8673e
:1079200078684a691e6af36ac96ba26c7c6d586eee
:10793000356f1570f670d871bd72a3738c7476753f
:1079400061764f773f783079237a197b107c097df7
:10795000047e017fff7f00007f7f7f7f7f7f7f7faf
:107960007f7f7f7f7f7f7f7f7f7f7f7f7f7f7f7f27
:107970007f7f7f7f7f7f7f7f7f7f7f7f7f7f7f7f17
:107980007f7f7f7f7f7f7f7f7f7f7f7f7f7f7f7f07
:107990007f7f7f7f7f7f7f7f7f7f7f7f7f7f7f7ff7
:1079a0007f7f7f7f7f7f7f7f7f7f7f7f7f7f7f7fe7
:1079b0007f7f7f7f7f7f7f7f7f7f7f7f7f7f7f7fd7
:1079c0007f7f7f7f7f7f7f7f7f7f7f7f7f7f7f7fc7
:1079d0007f7f7f7f7f7f7f7f2f2f3030313131322c
:1079e0003233333334343535353636373737383844
:1079f00039393a3a3b3b3c3c3c3d3d3e3e3f3f40c3
:107a00004041414242434344454546464747484832
:107a1000494a4a4b4b4c4c4d4e4e4f4f5051515290
:107a200053535455555657575859595a5b5b5c5ddb
:107a30005e5e5f6061616263646465666768686911
:107a40006a6b6c6d6d6e6f7071727374757576772d
:0c7a500078797a7b7c7d7e7f7f0000bf10
:020000040000fa
:107a5c00000000004e3e01002cf9040075300b00b4
:107a6c00ebe3130037131f00ebbd2c007de33c0050
:107a7c004f834f00a69c6400b02e7c008338960088
:107a8c001cb9b20060afd1001b1af300fff716014e
:107a9c00a9473d019b07660140369101ebd1be0120
:107aac00d5d8ee0121492102da205602f15d8d0272
:107abc0042fec6028eff0203825f4103b01b8203ab
:107acc009531c503969e0a040060520408739c0409
:107adc00cfd4e8045d823705a27888057ab4db053b
:107aec00a9323106dcef8806aae8e20695193f07b1
:107afc00087f9d075715fe07c2d8600872c5c508d8
:107b0c007cd72c09de0a9609825b010a3cc56e0af9
:107b1c00cc43de0aded24f0b076ec30bc910390cf7
:107b2c0092b6b00cbd5a2a0d8ff8a50d3b8b230ec7
:107b3c00df0da30e877b240f2dcfa70fb4032d10c1
:107b4c00f113b410a4fa3c117cb2c71113365412c1
:107b5c00f57fe2129b8a72136b500414bccb971402
:107b6c00d2f62c15e2cbc31510455c166e5cf616de
:107b7c00000c9217b94d2f187e1bce18226f6e1960
:107b8c006b42101a0f8fb31ab64e581bf97afe1ba4
:107b9c00620da61c70ff4e1d924af91d29e8a41e09
:107bac008bd1511f00000020c36caf20031160214a
:107bbc00e3e511227be4c422d5057923f2422e247d
:107bcc00c794e42440f49b253a5a54268dbf0d27c4
:107bdc00051dc827636b832860a33f29adbdfc2915
:107bec00efb2ba2ac77b792bc910392c846af92ccd
:107bfc007f81ba2d3a4e7c2e2cc93e2fc7ea01301c
:107c0c0076abc5309d038a319deb4e32ce5b14337f
:107c1c00844cda330eb6a034b7906735c5d42e3603
:107c2c00797af636127abe37cacb8638d9674f398d
:107c3c007346183acb5fe13a0facaa3b6e23743c07
:107c4c0013be3d3d2a74073edb3dd13e50139b3f96
:107c5c00b0ec644025c22e41d68bf841ed41c242b6
:107c6c0092dc8b43f153554435a01e458db9e74545
:107c7c002798b04636347947ee85414887850949bf
:107c8c003b2bd149496f984af2495f4b7cb3254c49
:107c9c0032a4eb4c6314b14d63fc754e8a543a4fcd
:107cac003915fe4fd436c150c6b18351817e455231
:107cbc007c95065337efc65339848654114d455580
:107ccc0053420356a05cc0569d947c57fbe2375838
:107cdc007340f258c6a5ab59c00b645a396b1b5b89
:107cec000ebdd15b2bfa865c851b3b5d1d1aee5dd0
:107cfc00fdee9f5e3d93505f00000060752eae6000
:107d0c00d7175b616eb506629000b1629ef2596343
:107d1c00078501644ab1a764f1704c6595bdef65a8
:107d2c00de90916682e4316747b2d06700f46d68eb
:107d3c0092a30969f0baa3691e343c6a2e09d36a6e
:107d4c004434686b95affb6b65758d6c0b801d6d4a
:107d5c00edc9ab6d844d386e5c05c36e0fec4b6f8b
:107d6c004cfcd26fd33058707984db7021f25c718b
:107d7c00c574dc7171075a7243a5d5726e494f7385
:107d8c0037efc673f9913c74222db07434bc217555
:107d9c00c43a91757ea4fe7522f569768428d37653
:107dac008e3a3a773e279f77a9ea0178f880627875
:107dbc006be6c07856171d792410777957cdce799c
:107dcc00864b247a5e87777aa37dc87a312b177b12
:107ddc00f88c637b00a0ad7b6a61f57b6bce3a7c43
:107dec0050e47d7c7ea0be7c7200fd7cbe01397da2
:107dfc000fa2727d26dfa97ddfb6de7d2b27117edb
:107e0c00152e417ec0c96e7e65f8997e57b8c27e2c
:107e1c000108e97ee5e50c7fa0502e7fe4464d7ffe
:107e2c007dc7697f50d1837f5a639b7fb17cb07fc4
:107e3c00831cc37f1542d37fc9ece07f151cec7ffc
:107e4c008bcff47fd406fb7fb2c1fe7fffffff7f99
:107e5c00ffffff7f0000010005000b0014001f0056
:107e6c002d003d00500065007c009600b300d20050
:107e7c00f30017013d0166019101bf01ef012102e1
:107e8c0056028d02c702030341038203c5030b0490
:107e9c0052049c04e90438058805dc053106890682
:107eac00e3063f079d07fe076108c6082d099609e2
:107ebc00010a6f0ade0a500bc30b390cb10c2a0de8
:107ecc00a60d240ea30e240fa80f2d10b4103d11d7
:107edc00c8115412e2127313041498142d15c415fe
:107eec005c16f61692172f18ce186e19101ab41ab3
:107efc00581bfe1ba61c4f1df91da51e521f002052
:107f0c00af2060211222c52279232e24e5249c2542
:107f1c0054260e27c82783284029fd29bb2a792bf4
:107f2c00392cf92cbb2d7c2e3f2f0230c6308a31d8
:107f3c004f321433da33a13468352f36f636be3768
:107f4c0087384f39183ae13aab3b743c3e3d073e1b
:107f5c00d13e9b3f65402f41f941c2428c43554471
:107f6c001f45e845b146794742480a49d149984ae4
:107f7c005f4b264cec4cb14d764e3a4ffe4fc150f8
:107f8c00845145520753c753875445550356c05621
:107f9c007d573858f258ac59645a1b5bd25b875cde
:107fac003b5dee5da05e515f0060ae605b610762a1
:107fbc00b1625a630264a8644c65f06592663267dc
:107fcc00d1676e680a69a4693c6ad36a686bfc6bfa
:107fdc008d6c1e6dac6d386ec36e4c6fd36f58705c
:107fec00dc705d71dc715a72d6724f73c7733d745d
:107ffc00b07422759175ff756a76d3763a779f7750
:10800c0002786378c1781d797779cf79247a787a78
:10801c00c87a177b647bae7bf57b3b7c7e7cbf7c1c
:10802c00fd7c397d737daa7ddf7d117e417e6f7e67
:10803c009a7ec37ee97e0d7f2e7f4d7f6a7f847f83
:10804c009b7fb07fc37fd37fe17fec7ff57ffb7f8e
:10805c00ff7fff7fff7f000000000000000000009a
:10806c0000000001010101010101020202020203f0
:10807c0003030304040404050505060606070707a5
:10808c0008080809090a0a0a0b0b0c0c0d0d0e0e38
:10809c000f0f1010111112121313141515161617a9
:1080ac00181819191a1b1b1c1d1d1e1f1f202121fe
:1080bc0022232324252626272829292a2b2b2c2d3d
:1080cc002e2e2f303132323334353536373839396c
:1080dc003a3b3c3c3d3e3f40404142434444454694
:1080ec00474748494a4b4b4c4d4e4e4f50515252bc
:1080fc005354555556575758595a5a5b5c5d5d5eeb
:10810c005f5f606161626363646565666767686829
:10811c00696a6a6b6b6c6d6d6e6e6f6f707071717e
:10812c0072727373747475757676767777787878ef
:10813c007979797a7a7a7b7b7b7c7c7c7c7d7d7d82
:10814c007d7e7e7e7e7e7f7f7f7f7f7f7f7f7f7f3a
:0c815c007f7f7f7f7f7f7f7f7f0000bfe1
:020000040000fa
:108168002de9f047d0e91a45d0e91889824684b04c
:10817800c0e90489dae90823cae9064540464946c0
:1081880010f000f9dae90a2306460f462046294688
:1081980010f0f8f832463b4608f0f2fcdaf8043002
:1081a80093ed007b0646dae910230f4651ec170bd6
:1081b8008ded007b10f0e6f832463b4608f0e0fc17
:1081c800dae90c23cde902014046494610f0daf815
:1081d800daf80860dae90e23d6e900890f46064680
:1081e8002946204610f0cef832463b4608f0c8fc37
:1081f800dae9142304460d46dde9000110f0c2f85f
:1082080022462b4608f0bcfcdae9162304460d4644
:108218004046494610f0b6f822462b4608f0b0fc16
:10822800dae9122304460d464046494610f0aaf8fa
:10823800dde9022308f0a4fccae91a45cae91801d5
:1082480004b0bde8f08700bf00230022c0e9042382
:10825800c0e90623c0e91823c0e91a2340f62453cd
:10826800038070473f2b40f2cc80036a0b70036a8f
:108278001b0a4b70438c8b7090f82330cb70436a89
:108288000b71436a1b0a4b71c38c8b7190f82730b2
:10829800cb71836a0b72836a1b0a4b72438d8b7294
:1082a80090f82b30cb72c36a0b73c36a1b0a4b73eb
:1082b800c38d8b7390f82f30cb73036b0b74036be8
:1082c8001b0a4b74438e8b7490f83330cb74436b1a
:1082d8000b75436b1b0a4b75c38e8b7590f8373043
:1082e800cb75836b0b76836b1b0a4b76438f8b7630
:1082f80090f83b30cb76c36b0b77c36b1b0a4b777d
:10830800c38f8b7790f83f30cb77036c81f82030a0
:10831800036c1b0a81f82130b0f8423081f8223012
:1083280090f8433081f82330436c81f82430436c53
:108338001b0a81f82530b0f8463081f8263090f8cd
:10834800473081f82730836c81f82830836c1b0a0a
:1083580081f82930b0f84a3081f82a3090f84b304b
:1083680081f82b30c36c81f82c30c36c1b0a81f860
:108378002d30b0f84e3081f82e3090f84f3081f81b
:108388002f30036d81f83030036d1b0a81f83130ce
:10839800b0f8523081f8323090f8533081f83330e9
:1083a800436d81f83430436d1b0a81f83530b0f8dd
:1083b800563081f8363090f8573081f83730836d71
:1083c80081f83830836d1b0a81f83930b0f85a309b
:1083d80081f83a3090f85b3081f83b30c36d81f812
:1083e8003c30c36d1b0a81f83d30b0f85e3081f82f
:1083f8003e3090f85f3081f83f30402313800020f2
:1084080070470120704700bf402a01d00120704703
:108418002de9f00f91f8018091f802a091f804c0bd
:1084280004464fea0a454fea18604fea08234fea24
:108438001a4291f8038091f800a05b1940eb020200
:108448004ff0000b13eb0a054fea086342eb0b02ef
:108458004fea1828ed184ff0000042eb08084a7957
:1084680091f806a02d1848eb0c0812022d1848ebbd
:108478000208ca792d184fea0a4a48eb0a0a120676
:108488002e184aeb0207c4e9086791f809808e7a2a
:1084980091f80da033044fea18624fea08254fea15
:1084a800164c91f80b800e7aed1842eb0c0c002755
:1084b800ab194fea08654ceb070c4fea18225b1919
:1084c80091f80c80ce7b4ceb02021b1842eb0802a1
:1084d80091f80e801b184fea0a2a8eb042eb0a0a5e
:1084e8004fea08481b184aeb080836061b18009381
:1084f80048eb060301939ded007b84ed0a7b91f820
:1085080011808e7c91f815a033044fea18624fea67
:1085180008254fea164c91f813800e7ced1842ebb3
:108528000c0c0027ab194fea08654ceb070c4fea17
:1085380018225b1991f81480ce7d4ceb02021b18af
:1085480042eb080291f816801b184fea0a2a42eb00
:108558000a0a4fea08481b184aeb080836061b188f
:10856800029348eb060303939ded027b84ed0c7b9d
:1085780091f819808e7e91f81da033044fea186295
:108588004fea08254fea164c91f81b800e7eed182d
:1085980042eb0c0c0027ab194fea08654ceb070cb3
:1085a8004fea18225b1991f81c80ce7f4ceb02022f
:1085b8001b1842eb080291f81e801b184fea0a2a82
:1085c80042eb0a0a4fea08481b184aeb0808360625
:1085d8001b18049348eb060305939ded047b84ed7b
:1085e8000e7b91f8218091f8226091f825a0330440
:1085f8004fea18624fea08254fea164c91f8238093
:1086080091f82060ed1842eb0c0c0027ab194feaeb
:1086180008654ceb070c4fea18225b1991f8248087
:1086280091f827604ceb02021b1842eb080291f804
:1086380026801b184fea0a2a42eb0a0a4fea084822
:108648001b184aeb080836061b18069348eb060366
:1086580007939ded067b84ed107b91f8298091f8b6
:108668002a6091f82da033044fea18624fea0825d2
:108678004fea164c91f82b8091f82860ed1842ebe0
:108688000c0c0027ab194fea08654ceb070c4feab6
:1086980018225b1991f82c804ceb02021b1842eb54
:1086a800080291f82e8091f82f601b184fea0a2ac9
:1086b80042eb0a0a4fea08481b184aeb0808360634
:1086c8001b18089348eb060309939ded087b84ed7e
:1086d800127b91f8318091f832604fea0823350413
:1086e8005d194fea18624fea164391f8338091f802
:1086f800306042eb030c0027ab194fea08654cebde
:1087080007064fea18225b1991f8358091f8345022
:1087180046eb020291f836601b1845eb02024fea5d
:1087280008281b1842eb08024fea064891f8376000
:108738001b1842eb080236061b180a9342eb060385
:108748000b939ded0a7b84ed147b91f8396091f8c9
:108758003a8033024fea18424fea08454fea166c4e
:1087680091f83b8091f838605d194ceb020c0027ba
:10877800ab194fea08654ceb07064fea18225b195c
:1087880091f83d8091f83c5046eb02021b1845ebee
:10879800020291f83e601b184fea082842eb0802d3
:1087a80091f83f801b184fea064646eb02024fea53
:1087b80008681b180c9342eb08030d939ded0c7b86
:1087c80084ed167b0eb0bde8f00f70470139032920
:1087d8000bd8dfe801f008060402183070471030a3
:1087e800704780687047406870470020704700bf36
:020000040000fa
:1087f80000006efedcfc4bfbbaf92af89cf60ff57c
:1088080084f3faf173f0eeee6cededeb70eaf7e855
:1088180082e711e6a3e43ae3d5e174e019dfc3ddaa
:1088280072dc26dbe0d9a0d866d732d605d5dfd3ef
:10883800bfd2a6d194d08acf87ce8ccd98ccadcbe1
:10884800c9caeec91bc950c88fc7d5c625c67ec5bb
:10885800dfc44ac4bec33bc3c1c251c2ebc18ec14f
:108868003bc1f1c0b1c07bc04fc02cc014c005c013
:1088780000c005c014c02cc04fc07bc0b1c0f1c03f
:108888003bc18ec1ebc151c2c1c23bc3bec34ac4c6
:10889800dfc47ec525c6d5c68fc750c81bc9eec95b
:1088a800c9caadcb98cc8ccd87ce8acf94d0a6d16f
:1088b800bfd2dfd305d532d666d7a0d8e0d926db1c
:1088c80072dcc3dd19df74e0d5e13ae3a3e411e615
:1088d80082e7f7e870eaedeb6cedeeee73f0faf193
:1088e80084f30ff59cf62af8baf94bfbdcfc6efe14
:1088f800000092012403b5044606d6076409f10a6c
:108908007c0c060e8d0f1211941213149015091772
:108918007e18ef195d1bc61c2b1e8c1fe7203d22fd
:108928008e23da24202660279a28ce29fb2a212c98
:10893800412d5a2e6c2f7630793174326833533486
:1089480037351236e536b03771382b39db39823a8c
:10895800213bb63b423cc53c3f3daf3d153e723ed8
:10896800c53e0f3f4f3f853fb13fd43fec3ffb3ff4
:108978000040fb3fec3fd43fb13f853f4f3f0f3fa7
:10898800c53e723e153eaf3d3f3dc53c423cb63b01
:10899800213b823adb392b397138b037e53612364c
:1089a8003735533468337432793176306c2f5a2e18
:1089b800412d212cfb2ace299a2860272026da244b
:1089c8008e233d22e7208c1f2b1ec61c5d1bef1932
:1089d8007e18091790151314941212118d0f060e94
:1089e8007c0cf10a6409d6074606b50424039201f3
:1089f80000000000004000400040004000400040ef
:108a0800004000400040004000400040004000405e
:108a1800004000400040004000400040004000404e
:108a2800004000400040004000400040004000403e
:108a3800004000400040004000400040004000402e
:108a4800004000400040004000400040004000401e
:108a5800004000400040004000400040004000400e
:108a680000400040004000400040000000000000be
:108a780000000000000000000000000000000000ee
:108a880000000000000000000000000000000000de
:108a980000000000000000000000000000000000ce
:108aa80000000000000000000000000000000000be
:108ab80000000000000000000000000000000000ae
:108ac800000000000000000000000000000000009e
:108ad800000000000000000000000000000000008e
:108ae800000000000000000000000000000000007e
:108af800000000000000000000000000000000006e
:108b0800000000000000000000000000000000005d
:108b1800000000000000000000000000000000004d
:108b2800000000000000000000000000000000003d
:108b3800000000000000000000000000000000002d
:108b4800000000000000000000000000000000001d
:108b5800000000000000000000000000000000000d
:108b680000000000000000000000000000000000fd
:108b780000000000000000000000000000000000ed
:108b880000000000000000000000000000000000dd
:108b980000000000000000000000000000000000cd
:108ba80000000000000000000000000000000000bd
:108bb80000000000000000000000000000000000ad
:108bc800000000000000000000000000000000009d
:108bd800000000000000000000000000000000008d
:108be800000000000000000000000000000000007d
:108bf8000000000000003303cd04660600089a094f
:108c0800330bcd0c660e00109a113313cd14661673
:108c180000189a19331bcd1c661e00209a21332395
:108c2800cd24662600289a29332bcd2c662e0030b9
:108c38009a313333cd34663600389a39333bcd3cdc
:108c4800663e0040663ecd3c333b9a390038663676
:108c5800cd3433339a310030662ecd2c332b9a29fc
:108c680000286626cd2433239a210020661ecd1cb9
:108c7800331b9a1900186616cd1433139a11001075
:108c8800660ecd0c330b9a0900086606cd04330333
:108c98009a01000000000000000000000000000031
:108ca80000000000000000000000000000000000bc
:108cb80000000000000000000000000000000000ac
:108cc800000000000000000000000000000000009c
:108cd800000000000000000000000000000000008c
:108ce800000000000000000000000000000000007c
:108cf800000000000000000000000000000000006c
:108d0800000000000000000000000000000000005b
:108d1800000000000000000000000000000000004b
:108d2800000000000000000000000000000000003b
:108d3800000000000000000000000000000000002b
:108d4800000000000000000000000000000000001b
:108d5800000000000000000000000000000000000b
:108d680000000000000000000000000000000000fb
:108d780000000000000000000000000000000000eb
:108d880000000000000000000000000000000000db
:108d980000000000000000000000000000000000cb
:108da80000000000000000000000000000000000bb
:108db80000000000000000000000000000000000ab
:108dc800000000000000000000000000000000009b
:108dd800000000000000000000000000000000008b
:108de800000000000000000000000000000000007b
:088df80000000000000000bfb4
:020000040000fa
:108e00004ff480734385704781847047838cc3849b
:108e1000704700bf90f82b304bb990f8292032b141
:108e2000c28c914201d9c3847047511ac1847047e2
:108e30002de9f04790f82b30b74d04460026012b62
:108e400023d16069c3689847002800f0698294f8cc
:108e50002a30062b00f28a82dfe803f09cb182669a
:108e60004136040094f82c10552900f0598102294c
:108e700000f05681606903689847606943699847c4
:108e8000002384f82b3084f82930a34e0027002bd0
:108e900040f0d180606983689847002800f0cb805b
:108ea0006069a28c4368e284984794f829300546ab
:108eb000062b00f20281dfe813f01301fa00030130
:108ec000eb00d000b2009e00606900210368984763
:108ed00094f8303084f82a3094f82b30afe7e38de3
:108ee000e26894f82c00d15c17f068fa6369e28daf
:108ef000e16884f82c00895c1a6818469047e28d76
:108f00002189531c8b42e1688a5cc0f24281552a58
:108f100000f0f481022a00f0f181062284f82a2070
:108f2000e38594f82b308ae7238994f82c001b0af8
:108f300019462b7017f042fa636984f82c001a68fe
:108f40002978184690472b78552b00f00281022b88
:108f500000f0ff80042384f82a3094f82b306ee769
:108f6000217a94f82c00297017f028fa636984f8a4
:108f70002c001a682978184690472b78552b00f05a
:108f8000ea80022b00f0e780032384f82a3094f86b
:108f90002b3054e717f01efa552184f82c0017f0f7
:108fa0000dfa636984f82c001a68e6851846552185
:108fb0009047012384f82a3094f82b303fe794f847
:108fc000281094f82c0017f0f9f9636984f82c0044
:108fd0001a6894f828101846904794f82830552bb2
:108fe00000f0a380022b00f0a080022384f82a3036
:108ff00094f82b3023e794f82c30552b7fd0022b9c
:109000007dd09d4240f08280e3681b781a2b00f2ed
:109010008a812269204652f82330984706e00028ca
:1090200040f0c18094f8303084f8293094f82b3027
:10903000002b3ff42fafe38c1bb9a28c84f82930ae
:10904000e284364e33689a6a2ab19a6a92f84d20c1
:10905000042a00f0c380bde8f087014694f82c0094
:1090600017f0acf9e38de26884f82c00d554e38d59
:10907000228901339bb29a42e3857fd8552d00f0b7
:109080003481022d00f03181062384f82930cde7a8
:109090007388628903eb00239bb29a4273805cd28f
:1090a000e36815211f702046fdf7d4f9bee720b113
:1090b00094f82830834200f0418184f82970b5e7a4
:1090c000014694f82c00758017f078f9552d84f836
:1090d0002c0035d0022d33d0032384f82930a5e7a6
:1090e0005528a3d117f076f9294684f82c0017f0fb
:1090f00065f9012384f82c0084f8293096e7db43d6
:10910000dbb29d4284f82c303ff47eaf1321204621
:10911000fdf7a0f98ae700bfe42e0020fc2e002016
:10912000c943c9b284f82c10a4e60221052284f8b0
:10913000313084f8301084f82a2094f82b307ee601
:109140000322052384f8315084f8302084f8293034
:109150006ce70421eae70321e8e70146238194f85c
:109160002c0017f02bf9552de78584f82c0007d03b
:10917000022d05d0042384f8293057e7552df7d167
:109180000422052384f8315084f8302084f82930f3
:109190004ce7552a00f0bb80022a00f0b880042278
:1091a00084f82a20bce694f83180b8f1550f84d1b8
:1091b00094f82830834280d117f00cf9414684f8a6
:1091c0002c0017f0fbf8294684f82c0017f0f6f86d
:1091d000022384f82c0084f8293027e79b6a606911
:1091e00093f85c50036998470435854280f2a0806b
:1091f0003368996a9a6ab1f85810b2f856209142c9
:10920000c0f0968060699b6a0027a3f8587002211d
:1092100003689847606994f8281003689847336892
:1092200060699a6a036892f85c10984760693946e9
:1092300003689847336860699a6a036892f85a101d
:109240009847336860699a6a0368b2f85a10090a45
:10925000984717f0bff8022117f0b0f894f82810db
:1092600017f0acf833689b6a93f85c1017f0a6f817
:10927000394617f0a3f833689b6a93f85a1017f031
:109280009df833689b6ab3f85a10090a17f096f8ec
:109290003268814600254fea8708936a6069434433
:1092a00002685b6813f805a051469047514648464e
:1092b00017f084f83268936a3b44013593f8241020
:1092c000abb299428146e8d8936a013793f85510ba
:1092d000bbb29942ded86069b9f1020f14bf4946aa
:1092e000fd210368bde8f04718470622052384f8ee
:1092f000315084f8302084f8293097e6062184f82c
:109300003120052284f8301084f82a2008e6042150
:1093100084f83120052284f8301084f82a20ffe5f3
:1093200094f82b30b1e521212046fdf793f87de636
:10933000114a536801335360bde8f087014694f841
:109340002c0017f03bf8552d84f82c0005d0022d89
:1093500003d0022384f8293068e60222052384f82a
:10936000315084f8302084f829305fe6002384f8f7
:109370002b3084f8293088e5e42e0020f0b4c16059
:109380000b4c0c490c4e0d4d42814ff0ff3780f8cd
:1093900028300b4a4762002306604560c0e9064159
:1093a000026280f82b3080f82930f0bc704700bf93
:1093b000098e0000158e0000318e0000018e000025
:0493c0000d8e00000e
:020000040000fa
:1093c4004368d0ed0f5ad3ed007af4eee57af1ee6e
:1093d40010faf0b508d4d0ed105af4eee57af1eeb7
:1093e40010fad8bff0ee675a836890ed116ad3ed96
:1093f400007af4eec67af1ee10fa08d490ed126a0f
:10940400f4eec67af1ee10fad8bfb0ee676ac3681c
:1094140090ed137ad3ed007af4eec77af1ee10faf8
:1094240008d490ed147af4eec77af1ee10fad8bfae
:10943400b0ee677a90ed0c3a90ed0d5ad0ed093a02
:10944400d0ed0e4a90ed0a4ad0ed0b6ac18b478ce1
:10945400426975eec35a36ee456a25eea33a37eef5
:10946400647a26ee045afceec33a67ee264abcee52
:10947400c54a13ee903afceee46a9eb214ee103a3a
:1094840016ee904a1ffa83fc11fb0c63a5b217fb7e
:1094940005339bb25c1ca4b207ee906a02eb830e08
:1094a40002eb8406deed002ad6ed001af8eee77a28
:1094b4005e1873ee673a31eee27a07ee90ca02eb79
:1094c400860eb0ee626a9eed002af8eee77aa3ee0d
:1094d400876a214402eb810c35ee674a32ee627ae8
:1094e4003b44a4ee076a02eb83033e4407ee105aa2
:1094f400dced007a93ed001a394402eb860602eba8
:109504008101f8eec76a96ed005a91ed007a37eec4
:10951400c23a3c4474eee66a02eb840271ee620adb
:10952400d2ed005a37ee457a73ee614aa6eea06a90
:1095340037ee657a74eea24a35ee415a77ee677ad1
:1095440064eea34a35ee425ab0ee467aa4ee847a2b
:1095540035ee225a75eec15a77eea17a25ee045af9
:1095640075eee15a77ee817aa5ee267a75eea25a67
:1095740077ee827a65eea35a77eee27aa5eea67ac2
:1095840067eea37a67ee847aa7eea67a80ed047a72
:10959400f0bd00bf002340f2d31202800361704784
:1095a4003b2b40f2bb80038b0b70038b1b0a4b706d
:1095b400438b8b70438b1b0acb70838b0b71838b18
:1095c4001b0a4b71c38b8b71c38b1b0acb71038c2e
:1095d4000b72038c1b0a4b72438c8b72438c1b0ad9
:1095e400cb72436a0b73436a1b0a4b73c38c8b7332
:1095f40090f82730cb73836a0b74836a1b0a4b740d
:10960400438d8b7490f82b30cb74c36a0b75c36a8b
:109614001b0a4b75c38d8b7590f82f30cb75036b7c
:109624000b76036b1b0a4b76438e8b7690f83330a4
:10963400cb76436b0b77436b1b0a4b77c38e8b77cd
:1096440090f83730cb77836b81f82030836b1b0a1b
:1096540081f82130438f81f8223090f83b3081f833
:109664002330c36b81f82430c36b1b0a81f8253087
:10967400c38f81f8263090f83f3081f82730036c8f
:1096840081f82830036c1b0a81f82930b0f8423085
:1096940081f82a3090f8433081f82b30436c81f8fc
:1096a4002c30436c1b0a81f82d30b0f8463081f819
:1096b4002e3090f8473081f82f30836c81f83030a9
:1096c400836c1b0a81f83130b0f84a3081f83230ab
:1096d40090f84b3081f83330c36c81f83430c36c6c
:1096e4001b0a81f83530b0f84e3081f8363090f8e6
:1096f4004f3081f83730036d81f83830036d1b0a21
:1097040081f83930b0f8523081f83a3090f853305b
:1097140081f83b303c2313800020704701207047c0
:109724003c2a01d0012070474a780b7803eb0223ce
:1097340030b40383ca788b7803eb022343834a79da
:109744000b7903eb02238383ca798b7903eb02231e
:10975400c3834a7a0b7a03eb02230384ca7a8b7a93
:1097640003eb022343848b7b4d7b0c7bca7b1b0462
:1097740003eb0523234403eb026343628b7c4d7ca0
:109784000c7cca7c1b0403eb0523234403eb026318
:1097940083628b7d4d7d0c7dca7d1b0403eb052309
:1097a400234403eb0263c3628b7e4d7e0c7eca7e30
:1097b4001b0403eb0523234403eb026303638b7f46
:1097c4004d7f0c7fca7f1b0403eb0523234403eb6b
:1097d4000263436391f8223091f8215091f82040bc
:1097e40091f823201b0403eb0523234403eb0263ba
:1097f400836391f8263091f8255091f8244091f82c
:1098040027201b0403eb0523234403eb0263c363f8
:1098140091f82a3091f8295091f8284091f82b209a
:109824001b0403eb0523234403eb0263036491f855
:109834002e3091f82d5091f82c4091f82f201b04d4
:1098440003eb0523234403eb0263436491f83230b2
:1098540091f8315091f8304091f833201b0403eb18
:109864000523234403eb0263836491f8363091f8b3
:10987400355091f8344091f837201b0403eb05234d
:10988400234403eb0263c36491f83a3091f83950ee
:1098940091f8384091f83b201b0403eb0523234443
:1098a40003eb0263036530bc0020704701390329d0
:1098b4000bd8dfe801f00806040210307047c068d6
:1098c400704780687047406870470020704700bf49
:020000040000fa
:1098d4002de9f04f43691d7885b00446002d00f052
:1098e400838090f86030002b6cd094ed147bd0e929
:1098f4001201d4e916898ded007b63680393d3e9e3
:1099040000abd4e90c230ef03ffdd4e90e23064648
:109914000f46504659460ef037fd32463b4607f097
:1099240031f9d4e9102306460f46404649460ef065
:109934002bfd02460b463046394618f095f9d4e91a
:109944000a2380468946504659460ef01dfd42467c
:109954004b4607f017f9dde9006732463b4607f04e
:1099640011f9d4e90823cde90001504659460ef017
:109974000bfd32463b4607f005f982468b46c4e9a7
:1099840014abe368d3e90067dde9002330463946c8
:1099940017f03efd002830d05046594632463b462b
:1099a40017f01afd00283ad1c4e90667039bd3e9ee
:1099b4000023c4e91689c4e9122384f8605005b071
:1099c400bde8f08f816891ed007b0022002380eddb
:1099d400147bc0e91223c0e916238ded007b904669
:1099e40099461046194688e700220023c0e9062359
:1099f40084f8605005b0bde8f08f2369d3e90067af
:109a0400dde900233046394617f0e6fc50b15046f4
:109a1400594632463b4617f0fbfc0028c4d0c4e943
:109a24001467c1e7dde90067bee700bf0022002339
:109a3400c0e9062330b48168d1e90045c0e91223a6
:109a4400c0e9162340f6c442c0e91445028080f8f8
:109a5400603030bc704700bf272b71d9036a0b708c
:109a6400036a1b0a4b70438c8b7090f82330cb70c5
:109a7400436a0b71436a1b0a4b71c38c8b7190f858
:109a84002730cb71836a0b72836a1b0a4b72438d36
:109a94008b7290f82b30cb72c36a0b73c36a1b0aa8
:109aa4004b73c38d8b7390f82f30cb73036b0b7494
:109ab400036b1b0a4b74438e8b7490f83330cb7456
:109ac400436b0b75436b1b0a4b75c38e8b7590f8f8
:109ad4003730cb75836b0b76836b1b0a4b76438fc6
:109ae4008b7690f83b30cb76c36b0b77c36b1b0a3a
:109af4004b77c38f8b7790f83f30cb77036c81f82b
:109b04002030036c1b0a81f82130b0f8423081f810
:109b1400223090f8433081f82330436c81f82430ac
:109b2400436c1b0a81f82530b0f8463081f82630a2
:109b340090f8473081f8273028231380002070479d
:109b440001207047282a01d0012070472de9f00f29
:109b540091f8018091f802a091f804c004464feafc
:109b64000a454fea18604fea08234fea1a4291f86f
:109b7400038091f800a05b1940eb02024ff0000b48
:109b840013eb0a054fea086342eb0b024fea18286d
:109b9400ed184ff0000042eb08084a7991f806a04e
:109ba4002d1848eb0c0812022d1848eb0208ca794c
:109bb4002d184fea0a4a48eb0a0a12062e184aebf5
:109bc4000207c4e9086791f809808e7a91f80da01c
:109bd40033044fea18624fea08254fea164c91f80d
:109be4000b800e7aed1842eb0c0c0027ab194feaf0
:109bf40008654ceb070c4fea18225b1991f80c80ae
:109c0400ce7b4ceb02021b1842eb080291f80e804b
:109c14001b184fea0a2a88b042eb0a0a4fea08489e
:109c24001b184aeb080836061b18009348eb06037a
:109c340001939ded007b84ed0a7b91f811808e7c6d
:109c440091f815a033044fea18624fea08254fea49
:109c5400164c91f813800e7ced1842eb0c0c002787
:109c6400ab194fea08654ceb070c4fea18225b1955
:109c740091f81480ce7d4ceb02021b1842eb0802d3
:109c840091f816801b184fea0a2a42eb0a0a4fea97
:109c940008481b184aeb080836061b18029348ebc1
:109ca400060303939ded027b84ed0c7b91f81980f0
:109cb4008e7e4fea082335045d194fea18624fea95
:109cc400164391f81b800e7e42eb030c0027ab1960
:109cd4004fea08654ceb07064fea18225b1991f826
:109ce4001d800d7f46eb02028e7f1b1845eb02029e
:109cf4004fea08281b1842eb08024fea0648ce7fb9
:109d04001b1842eb080236061b18049342eb0603a9
:109d140005939ded047b84ed0e7b91f8216091f811
:109d2400228033024fea18424fea08454fea166c84
:109d340091f8238091f820605d194ceb020c002708
:109d4400ab194fea08654ceb07064fea18225b197a
:109d540091f8258091f8245046eb02021b1845eb3c
:109d6400020291f826601b184fea082842eb080209
:109d740091f827801b184fea064646eb02024fea89
:109d840008681b18069342eb080307939ded067bb6
:109d940084ed107b08b0bde8f00f70470139052948
:109da40010d8dfe801f00507090b0d0318307047e0
:109db4004068704780687047c068704700697047a2
:089dc400406970470020704760
:020000040000fa
:109dcc002de9f04fc3681d7887b00446002d00f0d4
:109ddc008b8090f85830002b74d094ed127bd0e926
:109dec001001d4e914898ded007b63680393d3e9ea
:109dfc0000abd4e90a230ef0c3fad4e90c230646cf
:109e0c000f46504659460ef0bbfa32463b4606f01a
:109e1c00b5fed4e90e2306460f46404649460ef0e1
:109e2c00affa02460b463046394617f019ffd4e913
:109e3c00082306460f4650465946cde904670ef0f6
:109e4c009ffa32463b4606f099fedde90067324642
:109e5c003b4606f093fed4e90623804689465046dd
:109e6c0059460ef08dfa32463b4606f087fe2e4fd1
:109e7c0082468b464ff0ff3632463b46c4e912ab66
:109e8c004046494617f0a4fa002836d050465946a9
:109e9c0032463b4617f09cfa002842d0c4e91267c0
:109eac00b046b946c4e90489039b9ded047bd3e914
:109ebc00002384ed147bc4e9102384f8585007b0b8
:109ecc00bde8f08f816891ed007b0022002380edce
:109edc00127bc0e91023c0e914238ded007b904662
:109eec0099461046194680e700220023c0e9042356
:109efc0084f8585007b0bde8f08f4ff0ff366ff480
:109f0c0080174046494632463b4617f07dfa0028fa
:109f1c00c8d05046594632463b4617f075fa0028d1
:109f2c00bcd1b046b946bde7ffffef7f002200234e
:109f3c00c0e9042330b48168d1e90045c0e910239d
:109f4c00c0e9142340f6b442c0e91245028080f8ff
:109f5c00583030bc704700bf272b6dd983690b700c
:109f6c0083691b0a4b70438b8b70c37ecb70c369a8
:109f7c000b71c3691b0a4b71c38b8b71c37fcb7184
:109f8c00036a0b72036a1b0a4b72438c8b7290f838
:109f9c002330cb72436a0b73436a1b0a4b73c38c1b
:109fac008b7390f82730cb73836a0b74836a1b0a0c
:109fbc004b74438d8b7490f82b30cb74c36a0b7538
:109fcc00c36a1b0a4b75c38d8b7590f82f30cb75fc
:109fdc00036b0b76036b1b0a4b76438e8b7690f8d8
:109fec003330cb76436b0b77436b1b0a4b77c38eab
:109ffc008b7790f83730cb77836b81f82030836b7d
:10a00c001b0a81f82130438f81f8223090f83b30c5
:10a01c0081f82330c36b81f82430c36b1b0a81f8a1
:10a02c002530c38f81f8263090f83f3081f82730e7
:10a03c00282313800020704701207047282a01d064
:10a04c00012070472de9f00f91f8018091f802a0e2
:10a05c0091f804c004464fea0a454fea18604feaeb
:10a06c0008234fea1a4291f8038091f800a05b197b
:10a07c0040eb02024ff0000b13eb0a054fea0863aa
:10a08c0042eb0b024fea1828ed184ff0000042eba0
:10a09c0008084a7991f806a02d1848eb0c08120212
:10a0ac002d1848eb0208ca792d184fea0a4a48ebda
:10a0bc000a0a12062e184aeb0207c4e9066791f841
:10a0cc0009808e7a91f80da033044fea18624fea9a
:10a0dc0008254fea164c91f80b800e7aed1842ebde
:10a0ec000c0c0027ab194fea08654ceb070c4fea38
:10a0fc0018225b1991f80c80ce7b4ceb02021b18da
:10a10c0042eb080291f80e801b184fea0a2a88b01d
:10a11c0042eb0a0a4fea08481b184aeb08083606b5
:10a12c001b18009348eb060301939ded007b84ed17
:10a13c00087b91f811808e7c91f815a033044feabe
:10a14c0018624fea08254fea164c91f813800e7ce2
:10a15c00ed1842eb0c0c0027ab194fea08654cebe1
:10a16c00070c4fea18225b1991f81480ce7d4ceb4a
:10a17c0002021b1842eb080291f816801b184feada
:10a18c000a2a42eb0a0a4fea08481b184aeb08084d
:10a19c0036061b18029348eb060303939ded027bd6
:10a1ac0084ed0a7b91f819808e7e4fea08233504e2
:10a1bc005d194fea18624fea164391f81b800e7e28
:10a1cc0042eb030c0027ab194fea08654ceb070672
:10a1dc004fea18225b1991f81d800d7f46eb0202a5
:10a1ec008e7f1b1845eb02024fea08281b1842eb26
:10a1fc0008024fea0648ce7f1b1842eb08023606cf
:10a20c001b18049342eb060305939ded047b84ed30
:10a21c000c7b91f8216091f8228033024fea1842ae
:10a22c004fea08454fea166c91f8238091f82060ac
:10a23c005d194ceb020c0027ab194fea08654ceb8f
:10a24c0007064fea18225b1991f8258091f82450e3
:10a25c0046eb02021b1845eb020291f826601b1814
:10a26c004fea082842eb080291f827801b184feaa6
:10a27c00064646eb02024fea08681b18069342ebaf
:10a28c00080307939ded067b84ed0e7b08b0bde8bb
:10a29c00f00f7047013903290bd8dfe801f00806ed
:10a2ac00040210307047c06870478068704740687f
:08a2bc0070470020704700bf4d
:020000040000fa
:10a2c4002de9f04f4268c36a12689a4289b0c0f21d
:10a2d400c180036b9a4240f3f28082686ff00043be
:10a2e40001939c461268c36c9a4280f2bc80864bf0
:10a2f40007931e4690f9343090f91420b0f81c806e
:10a30400b0f83ce0c78bd0f810901e414cfa02fc28
:10a31400c444b6441efb07ce1ffa8efe09eb8e0c16
:10a3240059f82e60dcf804104feae67bcd17be44e2
:10a33400b2460c468e1b019f816907ea010701970b
:10a34400cde90445019c65eb0b01a6fb04674feacc
:10a354008e0504fb01770695079c856bcde902ab5e
:10a36400c2f1200c07fa0cfbb2f1200104ea050447
:10a3740026fa02f8dde9025659f82ea048ea0b083d
:10a384005cbf47fa01f148ea010818eb05014feafe
:10a39400ea7bb046baeb0506a6fb046707916bebb4
:10a3a400080104fb0177c3f1200e07fa0ef526fa23
:10a3b40003f12943069db3f12008a94458bf47fa85
:10a3c40008f8dde90267079d58bf41ea0801d9f89a
:10a3d4000480491916eb080647ebe877cde90267d4
:10a3e400dde9047806910299ce1b0199a1fb04458d
:10a3f400039961eb0808b6eb0a0668eb0b0824fa2c
:10a4040003f7b3f1200905fa0efe47ea0e0758bf19
:10a4140045fa09f945fa03f358bf47ea090706fb69
:10a4240003f307fb0833a6fb07671f4426fa02f869
:10a4340007fa0cfc203a48ea0c0858bf47fa02f223
:10a44400069b58bf48ea020818eb0301c16009b033
:10a45400bde8f08f2c4b01939c468268c36c126854
:10a464009a42fff644af036d9a4204dd6ff0004355
:10a4740007931e463ee7d0f840e0816c90f94440d3
:10a484007646b2eb01084feae2734feae67763ebf4
:10a49400e17908fb07f10efb0911a8fb0e230b441d
:10a4a400c4f1200122fa04f603fa01f1203c46ea41
:10a4b40001065cbf43fa04f4264307961ae7846a4c
:10a4c400056a90f92410b2eb04084feae2734feaec
:10a4d400e57763ebe47908fb07f405fb0944a8fb83
:10a4e40005232344c1f1200422fa01fc03fa04f4f5
:10a4f40020394cea040c5cbf43fa01f14cea010c2c
:10a50400cdf804c0a9e700bf010000804ff49972a0
:10a5140000230280c3607047312b40f29b80037d8f
:10a524000b7083694b7083691b0a8b70438bcb70f0
:10a53400c37e0b71838b4b71838b1b0a8b71c38b13
:10a54400cb71c38b1b0a0b72036a4b72036a1b1217
:10a554008b72b0f92230cb7290f923300b7390f8e0
:10a5640024304b73836a8b73836a1b12cb73b0f9e9
:10a574002a300b7490f92b304b74c36a8b74c36a02
:10a584001b12cb74b0f92e300b7590f92f304b752c
:10a59400036b8b75036b1b12cb75b0f932300b76e2
:10a5a40090f933304b7690f834308b76836bcb76de
:10a5b400836b1b0a0b77438f4b7790f83b308b7779
:10a5c400838fcb77838f1b0a81f82030036c81f84b
:10a5d4002130036c1b1281f82230b0f9423081f82b
:10a5e400233090f9433081f8243090f8443081f8d6
:10a5f4002530836c81f82630836c1b1281f8273058
:10a60400b0f94a3081f8283090f94b3081f829307c
:10a61400c36c81f82a30c36c1b1281f82b30b0f95b
:10a624004e3081f82c3090f94f3081f82d30036d85
:10a6340081f82e30036d1b1281f82f30b0f952309f
:10a6440081f8303090f9533081f83130322313805f
:10a654000020704701207047322a01d00120704742
:10a664000b7830b40375cb788d784c780a791b0459
:10a6740003eb0523234403eb026383618a794b795b
:10a6840003eb022383830a7acb7903eb0223c3838c
:10a69400cb7a8d7a4c7a0a7b1b0403eb0523234483
:10a6a40003eb026303624b7b80f824300b7ccd7b8d
:10a6b4008c7b4a7c1b0403eb0523234403eb0263da
:10a6c40083620b7dcd7c8c7c4a7d1b0403eb0523cc
:10a6d400234403eb0263c3620b7ecd7d8c7d4a7ef3
:10a6e4001b0403eb0523234403eb026303638b7e08
:10a6f40080f834304b7f0d7fcc7e8a7f1b0403ebc4
:10a704000523234403eb0263836391f82020cb7f6a
:10a7140003eb0223838791f8233091f8225091f8b8
:10a72400214091f824201b0403eb0523234403eb6d
:10a734000263036491f8253080f8443091f828309e
:10a7440091f8275091f8264091f829201b0403eb37
:10a754000523234403eb0263836491f82c3091f8be
:10a764002b5091f82a4091f82d201b0403eb05236c
:10a77400234403eb0263c36491f8303091f82f5003
:10a7840091f82e4091f831201b0403eb0523234458
:10a7940003eb0263036530bc00207047022905d037
:10a7a400032907d0012903d000207047806870472f
:08a7b400406870470c3070474b
:020000040000fa
:10a7bc00704700bf704700bf00201080704700bf7b
:10a7cc00101c18bf012070470020704700207047f4
:10a7dc000020704700201080704700bf0020704799
:10a7ec00704700bf704700bf10f1800f05d00028e4
:10a7fc0000db7047404240b270477f20704700bf7b
:10a80c0010f5004f05d0002800db7047404200b225
:10a81c00704747f6ff707047b0f1004f03d0002827
:10a82c00b8bf404270476ff000407047b1f1004f25
:10a83c0008bf00280ed000280b4671f1000102461b
:10a84c0002db104619467047424263eb4303104645
:10a85c00194670474ff0ff306ff00041704700bf52
:10a86c00b5eec00af1ee10fa48bfb1ee400a7047df
:10a87c0038b555ec104b0022002310ee100a294677
:10a88c0016f0c2fd10b105f100431d4645ec104b0e
:10a89c0038bd00bf98b10388994219d0ebb110b400
:10a8ac00002300e074b101339bb230f833408c428a
:10a8bc00f8d139b1002013805df8044b704710803b
:10a8cc00012070470023022013805df8044b704771
:10a8dc00002311b113800020704700231380022045
:10a8ec00704700bf98b10388994219d0ebb110b4ee
:10a8fc00002300e074b101339bb230f833408c423a
:10a90c00f8d139b1002013805df8044b70471080ea
:10a91c00012070470023022013805df8044b704720
:10a92c00002311b1138000207047002313800220f4
:10a93c00704700bfa8b1038899421bd0fbb110b47b
:10a94c00002300e084b101339bb203eb830430f8a5
:10a95c0024408c42f6d139b1002013805df8044bb1
:10a96c0070471080012070470023022013805df88f
:10a97c00044b7047002311b1138000207047002353
:10a98c0013800220704700bfa8b1038899421bd0e6
:10a99c00fbb110b4002300e084b101339bb203eb94
:10a9ac00430430f834408c42f6d139b10020138086
:10a9bc005df8044b70471080012070470023022083
:10a9cc0013805df8044b7047002311b113800020f5
:10a9dc007047002313800220704700bfa8b1038882
:10a9ec0099421bd0fbb110b4002300e084b10133b9
:10a9fc009bb203eb430430f834408c42f6d139b1ae
:10aa0c00002013805df8044b7047108001207047c4
:10aa1c000023022013805df8044b7047002311b112
:10aa2c00138000207047002313800220704700bf62
:10aa3c00c8b1c1b1bab1f0b40588b5b107460024ac
:10aa4c0007e0b4b204eb440500eb850730f8255061
:10aa5c005db1a94204f10106f3d1bd789542f0d164
:10aa6c001c80002002e0012070470220f0bc7047df
:10aa7c000828dfed2e7a38bf08202028b4eee70a2c
:10aa8c002de9f047044628bf2024f1ee10fa06dc2d
:10aa9c00dfed277ab4eee70af1ee10fa35d5254f43
:10aaac00002604f1ff384ff0010a0afa08f8404674
:10aabc0017f08cf832463b460df062fc15f016fc94
:10aacc00054608f1ff3017f081f8023c80468946b4
:10aadc00e4b2631c2846ddb216f004fe42464b4637
:10aaec0016f076fc70b10afa04f017f06ff83b46da
:10aafc0032460df045fc15f0f9fb013c631c054694
:10ab0c00e7d100252846bde8f087b5eec00af1ee86
:10ab1c0010fa4abff1ee407a10ee100a17ee900ac6
:10ab2c0016f0e0fd06460f46bbe700bf0000004fe5
:10ab3c00000000cf0000e041012303fa00f007ee13
:10ab4c00900af8eee77a6ff07e0327ee800abdeeee
:10ab5c00c00a10ee102a10b29842b8bf18467f28cf
:10ab6c00a8bf7f2040b27047012303fa00f007ee24
:10ab7c00900af8eee77a084a27ee800a47f6ff7348
:10ab8c00fdeec07a17ee900a9042b8bf104698427c
:10ab9c00a8bf184600b270470180ffff08b501231b
:10abac0003fa00f007ee900af8ee677a67ee807a07
:10abbc0017ee900a14f076f8094a4ff0ff339042e2
:10abcc0071eb030cb8bf10466ff00042b8bf1946ca
:10abdc0082424ff0000373eb010cb8bf104608bd66
:10abec0001000080012303fa00f007ee900af8ee52
:10abfc00e77a27ee800abdeec00a10ee103a18b2c2
:10ac0c0000f3070040b27047012303fa00f007ee8f
:10ac1c00900af8eee77a27ee800abdeec00a10ee35
:10ac2c00103a03f30f0000b2704700bf08b50123c0
:10ac3c0003fa00f007ee900af8ee677a67ee807a76
:10ac4c0017ee900a14f02ef8b0f1004f71f1ff33ab
:10ac5c00b8bf4ff000406ff00042b8bf4ff0ff316b
:10ac6c000023824273eb010cb8bf104608bd00bf35
:020000040000fa
:10ac7c002de9f04f4368b0f93e20b3f900309a4209
:10ac8c0087b020dcb0f940209a4280f2f9808368ca
:10ac9c00b0f94220b3f9003047f6ff719a420391a4
:10acac001add7f4a0492c368b0f94640b3f900300c
:10acbc009c4220dcb0f948409c4280f2c48047f6ac
:10accc00ff73059319e0764903918368b0f942202c
:10acdc00b3f900309a42e4dcb0f944209a4280f295
:10acec00c080c368b0f94640b3f9003047f6ff7234
:10acfc009c420492dedd6a4b059390f9189090f912
:10ad0c00197090f91ab0b0f822a0b0f82480b0f8fd
:10ad1c0028c0c58c868d029741fa09f13a415144fd
:10ad2c00424443fa0bf312fb0c122b4413fb062781
:10ad3c00bfb207f101081ffa88f80ceb0801bc44fc
:10ad4c004469b0f81ce034f917a08b190ceb06021f
:10ad5c0008eb060534f9122034f9133034f9155088
:10ad6c0034f9111034f9188001929b1a5b1b039a69
:10ad7c0034f91cc03e445b1a434434f91670c68b3c
:10ad8c00048c02ea0e0e1a46049b33401e4636b261
:10ad9c001346019a0196059ea8eb0a080ffa8efe3f
:10adac00a1eb0c013b44aceb0a0c2640634434464b
:10adbc0008fb0ef6039346fa09f6019bd21bed1b1a
:10adcc00a7eb0a07b244029ea1eb0801a2eb0c020e
:10addc000cfb03fc4cfa06fc0efb01f1019e039be1
:10adec0041fa09f106fb02f206fb01f1029e0efb91
:10adfc0003f33241019e24b243fa09f3a5eb080593
:10ae0c0004fb07f706fb03f6029b0efb05f5e24479
:10ae1c0047fa0bf745fa09f91941ba4404fb02f257
:10ae2c001e41514404fb09f942fa0bf204fb06f4ef
:10ae3c0049fa0bf90a4444fa0bf491444c44048249
:10ae4c0007b0bde8f08fb0f93c50b0f932405b1b55
:10ae5c0090f9365004fb03f343fa05f423b205933f
:10ae6c004be7b0f93a20b0f930609b1a90f93520d5
:10ae7c0006fb03f343fa02f633b204931a4612e7c5
:10ae8c00b0f93810b0f92ee090f934205b1a0efbb3
:10ae9c0003f343fa02fe0ffa8ef30393194614e7f9
:10aeac000180ffff40f2d112002302800382704721
:10aebc002f2b40f29180037e0b70437e4b70837e70
:10aecc008b70838bcb70838b1b0a0b71c38b4b7179
:10aedc00c38b1b0a8b71038ccb71038c1b0a0b72fb
:10aeec00438c4b72438c1b0a8b72838ccb72838c7e
:10aefc001b0a0b73c38c4b73c38c1b0a8b73038d94
:10af0c00cb73038d1b0a0b74438d4b74438d1b0a3f
:10af1c008b74838dcb74838d1b0a0b75c38d4b7512
:10af2c0090f92f308b75038ecb7590f931300b76f1
:10af3c00438e4b7690f933308b7690f83430cb7659
:10af4c0090f835300b7790f836304b77038f8b7742
:10af5c0090f93930cb77438f81f8203090f93b3022
:10af6c0081f82130838f81f8223090f93d3081f8bf
:10af7c002330c38f81f8243090f93f3081f825308d
:10af8c00b0f8403081f8263090f9413081f8273004
:10af9c00b0f8423081f8283090f9433081f82930ec
:10afac00b0f8443081f82a3090f9453081f82b30d4
:10afbc00b0f8463081f82c3090f9473081f82d30bc
:10afcc00b0f8483081f82e3090f9493081f82f30a4
:10afdc00302313800020704701207047302a01d0a5
:10afec00012070470b7803764b7843768b78837609
:10affc000a79cb7803eb022383838a794b7903ebb1
:10b00c000223c3830a7acb7903eb022303848a7a63
:10b01c004b7a03eb022343840a7bcb7a03eb0223a8
:10b02c0083848a7b4b7b03eb0223c3840a7ccb7b1c
:10b03c0003eb022303858a7c4b7c03eb02234385c1
:10b04c000a7dcb7c03eb022383858a7d4b7d03eb4e
:10b05c000223c3850a7ecb7d03eb022303868a7e03
:10b06c004b7e03eb02234386cb7e80f834300b7f80
:10b07c0080f835304b7f80f83630ca7f8b7f03ebfe
:10b08c000223038791f8212091f8203003eb02234f
:10b09c00438791f8232091f8223003eb0223838716
:10b0ac0091f8252091f8243003eb0223c38791f803
:10b0bc00272091f8263003eb0223a0f8403091f8ba
:10b0cc00292091f8283003eb0223a0f8423091f8a4
:10b0dc002b2091f82a3003eb0223a0f8443091f88e
:10b0ec002d2091f82c3003eb0223a0f8463091f878
:10b0fc002f2091f82e3003eb0223a0f848300020cb
:10b10c00704700bf013903290bd8dfe801f00806ae
:10b11c00040210307047c068704780687047406800
:08b12c0070470020704700bfce
:020000040000fa
:10b134002de9f04f436990f83440d0f83ce090f8a2
:10b144003590d0f840c08669c0f810c08efb03abc0
:10b15400c4f12002b4f120012afa04f30bfa02f23a
:10b1640043ea020358bf4bfa01f18cfb066758bf50
:10b174000b43c9f1200107fa01f126fa09f287b05d
:10b184004bfa04f50a43b9f120044168c0f80ce015
:10b19400cde9046758bf47fa04f4d1f80080466a41
:10b1a40090f8381058bf2243059c88fb06abd21890
:10b1b40044fa09f4c1f120092afa01f30bfa09f956
:10b1c40045eb0404b1f1200558bf4bfa05f543eaf9
:10b1d400090358bf2b438568866ad5f8009090f818
:10b1e400395089fb06679b184bfa01f1c5f120021f
:10b1f40041eb040426fa05fab5f1200107fa02f23c
:10b204004aea020a5cbf47fa01f14aea010a1aeb68
:10b21400030347fa05f5009345eb04030193dde9c5
:10b224000045494a90f837704ff0ff33944275eb6c
:10b234000301b8bfcde9002390f83610c269c1f10b
:10b2440020048efb02ab2afa01f60bfa04f4b1f1e6
:10b25400200546ea0406046a5cbf4bfa05f52e4352
:10b26400c7f120028cfb044505fa02f2b7f1200c69
:10b2740024fa07f343ea020358bf45fa0cfcc26af6
:10b2840058bf43ea0c0390f83ac09e1945fa07f7f1
:10b294004bfa01f188fb02abccf1200247eb010130
:10b2a4002afa0cf3bcf120050bfa02f243ea02037a
:10b2b4005cbf4bfa05f52b43026b90f83b509e198b
:10b2c4004bfa0cf489fb0223c5f1200744eb01017e
:10b2d40022fa05fcb5f1200403fa07f74cea070c3f
:10b2e4005cbf43fa04f44cea040c43fa05f51ceb86
:10b2f4000603029345eb01030393dde90245124a79
:10b304004ff0ff33944275eb0301dde90045b8bf0c
:10b31400cde902236ff00042a2424ff0000373eb29
:10b324000501b8bf1446dde90223c4636ff000448d
:10b3340094424ff0000575eb0301b8bf2246026446
:10b3440007b0bde8f08f00bf01000080002340f685
:10b3540022520280c0e90333c0e90f33704700bfb3
:10b36400272b7bd943690b7043691b124b70b0f9cf
:10b3740016308b7090f91730cb7083690b71836929
:10b384001b124b71b0f91a308b7190f91b30cb71d1
:10b39400c3690b72c3691b124b72b0f91e308b72f6
:10b3a40090f91f30cb72036a0b73036a1b124b7341
:10b3b400b0f922308b7390f92330cb73436a0b744a
:10b3c400436a1b124b74b0f926308b7490f9273002
:10b3d400cb74836a0b75836a1b124b75b0f92a30e0
:10b3e4008b7590f92b30cb75c36a0b76c36a1b122d
:10b3f4004b76b0f92e308b7690f92f30cb76036be9
:10b404000b77036b1b124b77b0f932308b7790f9c3
:10b414003330cb7790f8343081f8203090f83530e1
:10b4240081f8213090f8363081f8223090f83730a6
:10b4340081f8233090f8383081f8243090f839308e
:10b4440081f8253090f83a3081f8263090f83b3076
:10b4540081f827302823138000207047012070478b
:10b46400282a01d0012070478b78ca7830b44d78ef
:10b474000c781b0403eb0523234403eb02634361b1
:10b484008b794d790c79ca791b0403eb052323448a
:10b4940003eb026383618b7a4d7a0c7aca7a1b04bc
:10b4a40003eb0523234403eb0263c3618b7b4d7bd6
:10b4b4000c7bca7b1b0403eb0523234403eb0263cd
:10b4c40003628b7c4d7c0c7cca7c1b0403eb052340
:10b4d400234403eb026343628b7d4d7d0c7dca7d67
:10b4e4001b0403eb0523234403eb026383628b7e7b
:10b4f4004d7e0c7eca7e1b0403eb0523234403eb21
:10b504000263c3628b7f4d7f0c7fca7f1b0403ebf6
:10b514000523234403eb0263036391f8203080f88e
:10b52400343091f8213080f8353091f8223080f8a9
:10b53400363091f8233080f8373091f8243080f891
:10b54400383091f8253080f8393091f8263080f879
:10b554003a3091f8273080f83b3030bc00207047f7
:10b56400013903290bd8dfe801f008060402103082
:10b5740070470c30704780687047406870470020ff
:04b58400704700bf4d
:020000040000fa
:10b588002de9f04fd0e91023044683b0d0e9040137
:10b598000cf0f8fed4e90e89d4e9062306460f46d6
:10b5a800404649460cf0eefe32463b4605f0e8fac6
:10b5b80065680646d5e900230f46d4e908010cf072
:10b5c800e1fe32463b4605f0dbfad4e91423824615
:10b5d8008b46d4e90a010cf0d5fed4e91267cde90f
:10b5e8000001d4e90c23304639460cf0cbfedde9e6
:10b5f800002305f0c5fa02460b465046594616f098
:10b6080031fbc4e91089c4e90201d5e90023c4e982
:10b618001467c4e90e23c4e9120103b0bde8f08f32
:10b6280000230022c0e90223c0e90e23c0e9102349
:10b63800c0e91223c0e9142340f6e44303807047ad
:10b64800272b6bd903690b7003691b0a4b70438a5c
:10b658008b70c37ccb7043690b7143691b0a4b71b8
:10b66800c38a8b71c37dcb7183690b7283691b0a93
:10b678004b72438b8b72c37ecb72c3690b73c369e6
:10b688001b0a4b73c38b8b73c37fcb73036a0b7417
:10b69800036a1b0a4b74438c8b7490f82330cb7469
:10b6a800436a0b75436a1b0a4b75c38c8b7590f8fc
:10b6b8002730cb75836a0b76836a1b0a4b76438dda
:10b6c8008b7690f82b30cb76c36a0b77c36a1b0a4c
:10b6d8004b77c38d8b7790f82f30cb77036b81f83e
:10b6e8002030036b1b0a81f82130438e81f8223009
:10b6f80090f8333081f82330436b81f82430436b62
:10b708001b0a81f82530c38e81f8263090f837302f
:10b7180081f82730282313800020704701207047c4
:10b72800282a01d0012070472de9f00f91f80180f7
:10b7380091f802a091f804c004464fea0a454fea7e
:10b7480018604fea08234fea1a4291f8038091f8eb
:10b7580000a05b1940eb02024ff0000b13eb0a0547
:10b768004fea086342eb0b024fea1828ed184ff036
:10b77800000042eb08084a7991f806a02d1848eb1a
:10b788000c0812022d1848eb0208ca792d184fea46
:10b798000a4a48eb0a0a12062e184aeb0207c4e9bd
:10b7a800046791f809808e7a91f80da033044fea66
:10b7b80018624fea08254fea164c91f80b800e7a6a
:10b7c800ed1842eb0c0c0027ab194fea08654ceb5f
:10b7d800070c4fea18225b1991f80c80ce7b4cebd2
:10b7e80002021b1842eb080291f80e801b184fea60
:10b7f8000a2a88b042eb0a0a4fea08481b184aeba3
:10b80800080836061b18009348eb060301939dedc4
:10b81800007b84ed067b91f811808e7c91f815a051
:10b8280033044fea18624fea08254fea164c91f89c
:10b8380013800e7ced1842eb0c0c0027ab194fea75
:10b8480008654ceb070c4fea18225b1991f8148035
:10b85800ce7d4ceb02021b1842eb080291f81680d1
:10b868001b184fea0a2a42eb0a0a4fea08481b1833
:10b878004aeb080836061b18029348eb06030393a5
:10b888009ded027b84ed087b91f819808e7e4fea4e
:10b89800082335045d194fea18624fea164391f8f8
:10b8a8001b800e7e42eb030c0027ab194fea08659c
:10b8b8004ceb07064fea18225b1991f81d800d7fa3
:10b8c80046eb02028e7f1b1845eb02024fea08285e
:10b8d8001b1842eb08024fea0648ce7f1b1842ebc2
:10b8e800080236061b18049342eb060305939dede8
:10b8f800047b84ed0a7b91f8216091f82280330261
:10b908004fea18424fea08454fea166c91f823802f
:10b9180091f820605d194ceb020c0027ab194fea37
:10b9280008654ceb07064fea18225b1991f8258049
:10b9380091f8245046eb02021b1845eb020291f8dd
:10b9480026601b184fea082842eb080291f8278066
:10b958001b184fea064646eb02024fea08681b1816
:10b96800069342eb080307939ded067b84ed0c7b61
:10b9780008b0bde8f00f7047012905d0022901d1b0
:0cb988000830704700207047406870478e
:020000040000fa
:10b994002de9f04fc4680789e178a37894f801c0d1
:10b9a40062792679090401eb0321bb1f9bb2614430
:10b9b400b3fbf2fc02fb1c3c01eb0661bcf1000f83
:10b9c4000ad1013a0546072a05d8dfe802f0586c87
:10b9d400047e0404040a28461421bde8f04ffaf753
:10b9e40037bddb0842d0013b9bb204f1080c091bb4
:10b9f4000cebc30ca046ae462046c47990f808a0d0
:10ba040027024fea1a464fea0a43220e90f809a089
:10ba14008479fb1846eb02024ff000091f194fea24
:10ba24000a6342eb09024fea1a26ff18847a4ff0a0
:10ba3400000542eb0606c27a7f1966411202047bb6
:10ba44007f1942eb0606427b7f194fea04446641a4
:10ba54000b187f194fea026200f1080046eb02025c
:10ba64008445c3e90072c8d17546444600230222c6
:10ba74002a8163706b682846bde8f04f1847002b95
:10ba8400f4d0fb1f9bb201330e460b44c1f10601f7
:10ba940001e0ec6816463444721c605c30709a42d3
:10baa400f7d1ec68e2e75b08e0d0013ba21c9bb253
:10bab40002eb4303091b2246d679907900eb06205a
:10bac400885202329342f7d1d0e79b08ced0013b93
:10bad4009bb2271d091b07eb83072246137ad079f3
:10bae40096791b0403eb0023507a334403eb006381
:10baf4008b5004329742f1d1b8e700bff0b4c36869
:10bb040041899d795a7902eb052295b26a1c8a42d1
:10bb140014dad9789c785e781a79090401eb042147
:10bb2400dc79314401eb0262611e144607297bd89b
:10bb3400dfe801f03b4d7a5e7a7a7a081521f0bc91
:10bb4400faf786bc00214db38cb2234456589e703c
:10bb5400c36856582344360ade70c36856582344d3
:10bb6400360c1e71c36856582344360e5e71c6687f
:10bb7400531826445f68b771c6685f6826443f0a55
:10bb8400f771c668df88264408313772c668df79e2
:10bb940034448bb267729d42c368d5d8aa1c002175
:10bba400028159704368f0bc1847002df6d06f1e0f
:10bbb40012fa87f70137c2f10102214611f8016b2d
:10bbc4000b44b9429e540c46c368f6d1e6e7002103
:10bbd400002de3d00b44545a9c70c368545a0b4450
:10bbe4000231240a8eb2dc70ae42c368f2d3d5e7c8
:10bbf4000021002dd2d08cb2234456589e70c368c5
:10bc040056582344360ade70c36856582344360c0b
:10bc14001e71c6685358344404311b0e8eb26371ce
:10bc2400ae42c368e7d3b9e7142188e72de9f041b0
:10bc3400c168254b8d781c68cb784a780f791b0432
:10bc440003eb052313443f06626833f807c01288e8
:10bc540062451f4435d063681e8886b1002303e023
:10bc6400656835f8322052b101339bb203eb4302cd
:10bc7400656835f8325065454feac206f0d163680d
:10bc84009b5bcbb1636802891e44053a0546336960
:10bc94000531384692b2984740b9eb6802222a81ae
:10bca40058706b682846bde8f041184728461421af
:10bcb400bde8f041faf7ccbb4121bde8f041faf709
:10bcc400c7bb0026dbe700bffc2e00202de9f041b6
:10bcd400c168264b8d781c68cb784a780f791b0491
:10bce40003eb052313443f06626833f807c0128848
:10bcf40062451f4438d063681e8886b1002303e080
:10bd0400656835f8322052b101339bb203eb43022c
:10bd1400656835f8325065454feac206f0d163686c
:10bd24009b5be3b16268438916440546023bf468b1
:10bd3400023138469bb205f10802a04748b92b8965
:10bd4400ea6802332b8150706b682846bde8f041e5
:10bd5400184728461421bde8f041faf779bb412180
:10bd6400bde8f041faf774bb0026d8e7fc2e0020aa
:10bd740003690349034a04485862c3e90712704738
:10bd8400d1bc000031bc000001bb00000369014ac2
:08bd94009a62704795b90000a6
:020000040000fa
:10bd9c000000000000000000000000000000000097
:10bdac000000000000000000000000000000000087
:10bdbc000000000000000000000000000000000077
:10bdcc000000000000000000000000000000000067
:10bddc000000000000000000000000000000000057
:10bdec000000000000000000000000000000000047
:10bdfc000000000000000000000000000000000037
:10be0c000000000000000000000000000000000026
:10be1c000000000000000000000000000000000016
:10be2c000000000000000000000000000000000006
:10be3c0000000000000000000000000000000000f6
:10be4c0000000000000000000000000000000000e6
:10be5c0000000000000000000000000000000000d6
:10be6c0000000000000000000000000000000000c6
:10be7c0000000000000000000000000000000000b6
:10be8c0000000000000000000000000000000000a6
:10be9c000000000000000000000000000000000096
:10beac000000000000000000000000000000000086
:10bebc000000000000000000000000000000000076
:10becc000000000000000000000000000000000066
:10bedc000000000000000000000000000000000056
:10beec000000000000000000000000000000000046
:10befc000000000000000000000000000000000036
:10bf0c000000000000000000000000000000000025
:10bf1c000000000000000000000000000000000015
:10bf2c000000000000000000000000000000000005
:10bf3c0000000000000000000000000000000000f5
:10bf4c0000000000000000000000000000000000e5
:10bf5c0000000000000000000000000000000000d5
:10bf6c0000000000000000000000000000000000c5
:10bf7c0000000000000000000000000000000000b5
:10bf8c0000000000000000000000000000000000a5
:10bf9c000000000000000000000000000000000095
:10bfac000000000000000000000000000000000085
:10bfbc000000000000000000000000000000000075
:10bfcc000000000000000000000000000000000065
:10bfdc000000000000000000000000000000000055
:10bfec000000000000000000000000000000000045
:10bffc000000000000000000000000000000000035
:10c00c000000000000000000000000000000000024
:10c01c000000000000000000000000000000000014
:10c02c000000000000000000000000000000000004
:10c03c0000000000000000000000000000000000f4
:10c04c0000000000000000000000000000000000e4
:10c05c0000000000000000000000000000000000d4
:10c06c0000000000000000000000000000000000c4
:10c07c0000000000000000000000000000000000b4
:10c08c0000000000000000000000000000000000a4
:10c09c000000000000000000000000000000000094
:10c0ac000000000000000000000000000000000084
:10c0bc000000000000000000000000000000000074
:10c0cc000000000000000000000000000000000064
:10c0dc000000000000000000000000000000000054
:10c0ec000000000000000000000000000000000044
:10c0fc000000000000000000000000000000000034
:10c10c000000000000000000000000000000000023
:10c11c000000000000000000000000000000000013
:10c12c000000000000000000000000000000000003
:10c13c0000000000000000000000000000000000f3
:10c14c0000000000000000000000000000000000e3
:10c15c0000000000000000000000000000000000d3
:10c16c0000000000000000000000000000000000c3
:10c17c0000000000000000000000000000000000b3
:10c18c0000000000000000000000000000000000a3
:08c19c0000000000000000bfdc
:020000040000fa
:10c1a4002de9f04fc3681e788db0002e00f0db80bf
:10c1b40090f83c20002a00f0c780846bc26a036bad
:10c1c400d0f834e00b93a2464feae47bcde900ab10
:10c1d400d317c1694768046ad7f800c04feae17b06
:10c1e40001fb03f502fb0b55a1fb02232b4490f941
:10c1f4002a10c4fb0c239b46c1f120041346cb40f8
:10c204000bfa04f492462343b1f12005cde908abbf
:10c21400069303d44bfa05f52b430693446a019b1a
:10c224004feae47b04fb03f25b46dde900ab0afb67
:10c234000322099ba4fb0a450b4115441946e20f4e
:10c24400069b42ea4502b3eb02085d4a4feae573f6
:10c2540061eb030990454ff0ff3379eb0301b8bf5d
:10c2640090466ff00042b8bf99460023424573ebf5
:10c274000901c246b8bf9246826990f92980cb462b
:10c28400b8bf9b468cfb02341a462346cde90023f3
:10c29400019bc8f1200422fa08f103fa04f42143b3
:10c2a400446990f92820b8f1200558bf43fa05f5f0
:10c2b4008cfb0434cde906340b9c019b58bf294305
:10c2c4004fead47c43fa08f811eb0a014cea4e0c0d
:10c2d40048eb0b084feaee7911eb0c01029148eba5
:10c2e4000901dde90689c2f11f02069d0391a2f14d
:10c2f4002003494605fa03f39140c2f1200519438e
:10c3040028fa05f508fa02fc1ceb040341ea0501ce
:10c31400049341eb0e030593dde90223dde90445b3
:10c32400b2f1004f73f10003c0e90c4521db4ff07b
:10c3340000426ff04043a24273eb05013bdac0e9cf
:10c344000c236ff000432ce083681b68c262002456
:10c3540000254fea630edb0782630b93cde90045aa
:10c3640022462b4635e7066180f83c600db0bde8f7
:10c37400f08fdde90245124a4ff0ff33944275eb2a
:10c3840003030ddadde904454ff000424ff040436a
:10c39400944275eb030111dac0e90c23084b00e069
:10c3a400234603613b68c362c0f838a080f83c6050
:10c3b4000db0bde8f08f6ff00043f2e7004bf0e7fb
:10c3c400010000800022836802611b68c26230b4ed
:10c3d400dd17e90740f6b24441ea5301db07048064
:10c3e400826380f83c20c0e90c3130bc704700bf48
:10c3f400162b43d943690b7043691b124b70b0f978
:10c4040016308b7090f91730cb7083690b71836988
:10c414001b124b71b0f91a308b7190f91b30cb7130
:10c42400c3690b72c3691b124b72b0f91e308b7255
:10c4340090f91f30cb72036a0b73036a1b124b73a0
:10c44400b0f922308b7390f92330cb73436a0b74a9
:10c45400436a1b124b74b0f926308b7490f9273061
:10c46400cb7490f828300b7590f829304b7590f800
:10c474002a308b75172313800020704701207047e2
:10c48400172a01d0012070478b78ca7830b44d78d0
:10c494000c781b0403eb0523234403eb0263436181
:10c4a4008b794d790c79ca791b0403eb052323445a
:10c4b40003eb026383618b7a4d7a0c7aca7a1b048c
:10c4c40003eb0523234403eb0263c3618b7b4d7ba6
:10c4d4000c7bca7b1b0403eb0523234403eb02639d
:10c4e40003628b7c4d7c0c7cca7c1b0403eb052310
:10c4f400234403eb026343620b7d80f828304b7db9
:10c5040080f829308b7d80f82a3030bc00207047b9
:10c51400013903290bd8dfe801f0080604021030c2
:10c524007047c06870478068704740687047002053
:04c53400704700bf8d
:020000040000fa
:10c538002de9f04f43698bb01b780893002b00f06e
:10c54800dc8090f84420002a00f0c880046c426b1c
:10c55800836bd0f83ce00993a346d3174feae47cf9
:10c56800416a4768846a0d46ce17cde90456059e90
:10c5780001fb03f502fb0655a1fb02233968049170
:10c588000e462b4490f93210c4fb062315461e466e
:10c59800c1f1200422fa01facde9065603fa04f49f
:10c5a800b1f120054aea040a04d4079b43fa05f5c9
:10c5b8004aea050ac46a079b04fb0cf2e6170bfb60
:10c5c8000622a4fb0b451544e20f42ea4502baebea
:10c5d800020843fa01f3584a046a19464feae57318
:10c5e80061eb030990454ff0ff3379eb0301b8bfc6
:10c5f80090466ff00042b8bf99460023424573eb5e
:10c608000901cb4690f93190c168b8bf9b46049b9d
:10c61800096883fb0456c9f12003c24606fa03f3ee
:10c6280025fa09f8b8bf9246b9f1200258bf46fa70
:10c6380002f248ea030846fa09f9099e049b90f9b0
:10c64800304058bf48ea0208c269f50f83fb02234d
:10c6580018eb0a0845ea4e05cde9042349eb0b0916
:10c668004feaee7218eb050549eb0202dde9048991
:10c67800c4f11f04049b0095a4f1200c03fa0cfce0
:10c688004b460192a340c4f12005424628fa05f51d
:10c69800a24043ea0c03921943ea050343eb0e0355
:10c6a800dde9008903930292dde90245cb17414594
:10c6b80073eb0903c0e90e4527daca074b10a242fb
:10c6c80073eb050432db81613b684363089bc0f868
:10c6d80040a080f844300bb0bde8f08f83681b6839
:10c6e80042634ff0000b4ff0000c4fea630edb077c
:10c6f800026409935a46634632e7089b8361089ba4
:10c7080080f844300bb0bde8f08f0369dde90045df
:10c718001968cb178c4275eb03030adadde9024589
:10c72800ca074b10944275eb0304ccdac0e90e2318
:10c73800c9e72146c7e700bf0100008000228368df
:10c7480082611b68426330b4dd17e90740f6c244d2
:10c7580041ea5301db070480026480f84420c0e901
:10c768000e3130bc704700bf162b43d9c3690b701c
:10c77800c3691b124b70b0f91e308b7090f91f30d3
:10c78800cb70036a0b71036a1b124b71b0f922302c
:10c798008b7190f92330cb71436a0b72436a1b1279
:10c7a8004b72b0f926308b7290f92730cb72836abe
:10c7b8000b73836a1b124b73b0f92a308b7390f991
:10c7c8002b30cb73c36a0b74c36a1b124b74b0f95a
:10c7d8002e308b7490f92f30cb7490f830300b7565
:10c7e80090f831304b7590f832308b7517231380e1
:10c7f8000020704701207047172a01d00120704798
:10c808008b78ca7830b44d780c781b0403eb052379
:10c81800234403eb0263c3618b794d790c79ca79a0
:10c828001b0403eb0523234403eb026303628b7aa7
:10c838004d7a0c7aca7a1b0403eb0523234403ebd5
:10c84800026343628b7b4d7b0c7bca7b1b0403eb2f
:10c858000523234403eb026383628b7c4d7c0c7cb1
:10c86800ca7c1b0403eb0523234403eb0263c36266
:10c878000b7d80f830304b7d80f831308b7d80f82f
:10c88800323030bc002070470139052910d8dfe864
:10c8980001f00507090b0d03183070474068704711
:10c8a80080687047c0687047006970474069704782
:04c8b80000207047a5
:020000040000fa
:04c8bc0000207047a1
:020000040000fa
:10c8c0002de9f84fc5682b7804463bb900200021bc
:10c8d000c4e9040184f85130bde8f88f90f8513074
:10c8e000002b51d18268d2e90001c4e9040184f827
:10c8f0005030d4f804a0dae9008902460b464046dd
:10c90000494615f0b3f90022002306460f4614f0fd
:10c9100065fd002862d00ff28019d9e90089c4e9c9
:10c920001267c4e91089012384f85030dae9000164
:10c9300032463b46c4e90e01d4e9060105f0d0f9c0
:10c9400006460f46c4e90a6732463b46404649461a
:10c9500014f0bef900284fd000200021c4e91001d6
:10c96000002384f85030d4e912230bf00ffd0b465e
:10c970000246d4e90e0115f079f92b7884f851308c
:10c98000c4e90401bde8f88f90f95030002b7bd04a
:10c990005a1c0ed0012b7ad04368d3e90001002342
:10c9a00084f850302b7884f85130c4e90401bde894
:10c9b000f88fd0e91089d0e90c6732463b464046f3
:10c9c000494614f085f958b3002100200023c4e93a
:10c9d000100184f850304ff00041c4e700220023da
:10c9e0003046394614f016fd80bb2b7884f8513060
:10c9f000c4e90489bde8f88f32463b4640464946c3
:10ca000015f034f9c4e9100141ec100b0bf0ecfa0d
:10ca100053ec102b10ee100a19460bf0b7fca2e7ee
:10ca200032463b464046494615f020f9c4e910011c
:10ca300041ec100b0bf0d8fa53ec102b10ee100a4f
:10ca400019460bf0a3fc01f100418ce70ff24809f5
:10ca5000d9e90089ff23c4e9108984f8503007f12f
:10ca60000043a664e364dae900abd4e90803324684
:10ca700003f10041c4e90eab3b4605f031f906462f
:10ca80000f46c4e90c6798e7d0e9040131e7d0e923
:10ca90001089d0e90a6757e7182d4454fb21f93f64
:10caa00000220023c0e90423c0e90a23c0e90c23c3
:10cab000c0e90e23c0e91023c0e9122374220280ca
:10cac000a0f85030704700bf0f2b29d983690b7035
:10cad00083691b0a4b70438b8b70c37ecb70c36919
:10cae0000b71c3691b0a4b71c38b8b71c37fcb71f5
:10caf000036a0b72036a1b0a4b72438c8b7290f8a9
:10cb00002330cb72436a0b73436a1b0a4b73c38c8b
:10cb10008b7390f82730cb7310231380002070475d
:10cb200001207047102a01d0012070472de9f00f35
:10cb30008b7891f8018082b00024cde900348446de
:10cb4000cc7800984fea08251b04eb184fea1862ce
:10cb50004ff0000591f80080cde900454fea104004
:10cb600040eb020213eb0805009b009891f805804a
:10cb70004ff000094fea036342eb0902040aed1883
:10cb80004ff000000b7942eb04048a792d1843eb37
:10cb900004044fea08282d1844eb08044fea024821
:10cba000ca792d1844eb080412062e1844eb02072c
:10cbb000cce906674c7a91f80a8023024fea0846ce
:10cbc000270e0c7a9e194fea184291f80b8042eb1f
:10cbd00007070025331947eb05044fea08655b1981
:10cbe0004e7b0d7b4fea182244eb02021b1845ebeb
:10cbf00002028c7b1b184fea062646eb0202ce7b14
:10cc00001b184fea044444eb0202360613eb000af9
:10cc100042eb060bcce908ab02b0bde8f00f704761
:10cc2000013903290bd8dfe801f0080604021030af
:10cc30007047c06870478068704740687047002040
:04cc4000704700bf7a
:020000040000fa
:04cc4400704700bf76
:020000040000fa
:10cc4800f8b57549754b764a764cb1f900701b8872
:10cc58007548b4f9004075491288d0f8a061744d40
:10cc68000988d0f8a001db1b724f121b724c3f8859
:10cc7800a4f86e77c90016f4807f4fea031347f6cd
:10cc8800ff764fea02122f78a4f870171bb212b27f
:10cc98000cbf00213146a4f85e37a4f86a17a4f83f
:10cca80060270fbb654e96f800c0c0f3402084454e
:10ccb80002d0307000287ad1d4f87817b1f9001072
:10ccc80049b36e88a988b5f906005d4da4f8646774
:10ccd80013445b422a88a4f86237a4f86617a4f8bc
:10cce8006807a4f85c27f8bd69780131c9b2092939
:10ccf8006970e1d9b4f96c1700294ff0000118bf29
:10cd0800002669702970d4f87817a4f86c67b1f90f
:10cd180000100029d5d110f007f8b0f5404fa881d0
:10cd2800ea89ab8a3cd2b2f5404f05d3b0f5804fc3
:10cd38003cbf03f188018bb2424ae881a2fb036140
:10cd4800c827890907fb113189b208443e4ba982db
:10cd5800a2fb0016b609a3fb00c107fb160689094a
:10cd68004ff47a7707fb1101384fa861c1eb0141f5
:10cd7800a3fb0131c6eb06463b88a2fb0626c6f399
:10cd88008f16c1f38f11632b2e826e806982a98062
:10cd980011d8b5f90600b4f95e37b4f9602794e7fd
:10cda800b2f5804fc8d203f140018bb2c4e701212c
:10cdb8006f70297080e700233b800ff0b5ff2b8947
:10cdc800c31a1bb207ee903a0746f8eee77a3fb26d
:10cdd80017ee900aab836f8114f086fc0ca3d3e99d
:10cde80000230bf0cffa13f083fa07ee100afdeeda
:10cdf800c77a6e88a988b4f95e37b4f960272f819d
:10ce080017ee900a00b285ed087ae8805de700bf6a
:10ce18001904560e2d625040a82e0020902e002096
:10ce2800922e0020aa2e002000800041962e00207d
:10ce38005c2e0020942e0020002000208f2e002041
:10ce4800ac2e00201f85eb51d34d6210982e002088
:10ce580070b5394dd5f87c37b3f900302bb9d5f812
:10ce68007837b3f9001000295cd005f5f1610ec9d7
:10ce7800b1f90000b3f90060b2f900202f4c47f671
:10ce8800ff7140f6b833081a8a1a03fb00f0891bb1
:10ce980003fb02f2000c03fb01f30021120c1b0c34
:10cea80060620846c4e90a2307f0eefc244b1a6bbb
:10ceb800d00303d4626a22f07f421a67204b1a6bb0
:10cec800910303d4a26a22f07f425a671c4b1a6b63
:10ced800520303d4e26a22f07f429a67d5f8783782
:10cee800b3f90030bbb9174b1b88d3b1164a2023be
:10cef80053711369002bfcd10022a361c4e90233ea
:10cf08002361a3826380a380a383e3802262bde8b8
:10cf180070400ff0edbe0ff0f9fe0a4b42f21072ae
:10cf28001a8070bd054c40f2db537720c4e9093301
:10cf3800e36207f0a9fcb9e7002000205c2e00207e
:10cf4800006001419a2e0020001c0042064b00227e
:10cf5800002119629a61c3e902221a619a825a80f1
:0ccf68009a809a83da8070475c2e0020cb
:020000040000fa
:10cf74002de9f843d0e90c670446d0e90823394683
:10cf840030460bf001fa65688046d5e900238946ee
:10cf9400d4e90a010bf0f8f942464b4603f0f2fdde
:10cfa400d4e90423c4e90201304639460bf0ecf914
:10cfb400d5e9002306460f46d4e906010bf0e4f94f
:10cfc40032463b4603f0defdc4e90c01bde8f883bc
:10cfd40000230022c0e90223c0e90c2340f61453c5
:10cfe400038070471f2b4fd903690b7003691b0a19
:10cff4004b70438a8b70c37ccb7043690b7143695c
:10d004001b0a4b71c38a8b71c37dcb7183690b720d
:10d0140083691b0a4b72438b8b72c37ecb72c369c9
:10d024000b73c3691b0a4b73c38b8b73c37fcb73a3
:10d03400036a0b74036a1b0a4b74438c8b7490f859
:10d044002330cb74436a0b75436a1b0a4b75c38c3c
:10d054008b7590f82730cb75836a0b76836a1b0a2d
:10d064004b76438d8b7690f82b30cb76c36a0b7757
:10d07400c36a1b0a4b77c38d8b7790f82f30cb771d
:10d08400202313800020704701207047202a01d0fc
:10d09400012070472de9f00f91f8018091f802a06a
:10d0a40091f804c004464fea0a454fea18604fea73
:10d0b40008234fea1a4291f8038091f800a05b1903
:10d0c40040eb02024ff0000b13eb0a054fea086332
:10d0d40042eb0b024fea1828ed184ff0000042eb28
:10d0e40008084a7991f806a02d1848eb0c0812029a
:10d0f4002d1848eb0208ca792d184fea0a4a48eb62
:10d104000a0a12062e184aeb0207c4e9046791f8ca
:10d1140009808e7a91f80da033044fea18624fea21
:10d1240008254fea164c91f80b800e7aed1842eb65
:10d134000c0c0027ab194fea08654ceb070c4feabf
:10d1440018225b1991f80c80ce7b4ceb02021b1861
:10d1540042eb080291f80e801b184fea0a2a86b0a7
:10d1640042eb0a0a4fea08481b184aeb080836063d
:10d174001b18009348eb060301939ded007b84ed9f
:10d18400067b91f811808e7c4fea082335045d19e3
:10d194004fea18624fea164391f813800e7c42eb73
:10d1a400030c0027ab194fea08654ceb07064fea5e
:10d1b40018225b1991f815800d7d46eb02028e7dd5
:10d1c4001b1845eb02024fea08281b1842eb080221
:10d1d4004fea0648ce7d1b1842eb080236061b18a0
:10d1e400029342eb060303939ded027b84ed087bdf
:10d1f4004e7e91f81a8033024fea18424fea0845ee
:10d204004fea166c91f81b800e7e5d194ceb020cf4
:10d214000027ab194fea08654ceb07064fea1822c2
:10d224005b1991f81d800d7f46eb02021b1845eb3c
:10d2340002028e7f1b184fea082842eb080291f87d
:10d244001f801b184fea064646eb02024fea0868a5
:10d254001b18049342eb080305939ded047b84edb6
:10d264000a7b06b0bde8f00f704700bf012905d066
:10d27400022901d108307047002070474068704788
:020000040000fa
:10d28400024b40f204521a80704700bf0040004134
:10d2940008b513460a46194614f08efc012008bd51
:10d2a400034a13889bb223f030031843108070475d
:10d2b4000040004130b4134c134d00232a882380ce
:10d2c4000c071cd12c88a4b224f0300444f02004b0
:10d2d4000346091a92b22c801030cc1853f8045b20
:10d2e40025608342f9d108490b889bb202f03002d1
:10d2f40023f030031a4301200a8030bc70471846db
:10d3040030bc7047162c00200040004130b4104d52
:10d31400104c002322882b804d0716d123880568e2
:10d324009bb223f0300343f01003238023880d6065
:10d3340092b29bb223f0300302f030021a434368e6
:10d344004b600120228030bc7047184630bc7047c7
:10d35400162c002000400041084a30b4091a002568
:10d36400031f0c1d00f5fe701580e21853f8041f0e
:10d3740011608342f9d1012030bc7047162c002083
:10d38400064b074a002119805061138803f03003cb
:10d3940013b94af20353938001207047162c0020de
:10d3a400004000410c4a30b4091a0025031f0c1d2b
:10d3b40000f5fe701580e21853f8041f11608342d3
:10d3c400f9d1064a138803f0300313b94af2035320
:10d3d4009380012030bc7047162c0020004000418f
:10d3e40010b4064b064c01464af20152002020803c
:10d3f400012059619a805df8044b70470040004158
:10d40400162c0020124b994201d000207047f0b432
:10d41400104b114e114c124a124f00251d80064428
:10d424004af2045c0b46301950f8045f43f8045b7d
:10d43400a342f9d15161a2f804c0538adb07fcd599
:10d444001034bc4201f11001ecd10120f0bc704752
:10d4540000408000162c0020ecbf7fff10408000ad
:10d464000040004110428000a0f50003a3f5804372
:10d47400b3f5007f0dd80246074b084810b44ff4ab
:10d4840025410024048001205a6199805df8044bf1
:10d4940070470020704700bf00400041162c002058
:10d4a400054b0649088a1a8802431a801a8892b2e0
:10d4b4000a821888704700bf162c002000400041e3
:10d4c400014b588a704700bf00400041024b588a04
:10d4d400c04300f00100704700400041024b4af293
:10d4e400115258619a80704700400041024b4af241
:10d4f400125258619a80704700400041014b98696c
:10d50400704700bf00400041024b4af216529a8015
:10d51400704700bf00400041024bd86ac0f380004e
:10d52400704700bf00400041014bd86a704700bffc
:10d5340000400041024b188ac0f30020704700bf2e
:10d5440000400041024b4af217529a80704700bfd4
:10d5540000400041024b4af232529a80704700bfa9
:10d56400004000410349044b00204af23352088032
:0cd574009a807047162c002000400041f7
:020000040000fa
:10d58000064b8021072219765a831a7e510703d54c
:10d590009a6a1a7e5207fbd4704700bf00200141ef
:10d5a0000a4b0b4a1a604ff440314ff622029a811f
:10d5b0001a465960d369002bfcd11368034943f024
:10d5c00002031360cb69002bfcd17047002001419e
:10d5d000040110400048704700879303002849d099
:10d5e000f8b50468002c43d03a4b002908bf19460f
:10d5f000b1eb041f05463ed2b1ebc40f55d30a462a
:10d60000e004610b002314f07ff9c0f5803084b290
:10d610004ff48047304b1a6822f002021a60da6930
:10d62000002afcd168689c810228d5e902652dd0ca
:10d63000196821f0706121f46041394341f0807133
:10d6400019605a6822f40152304322f00702024363
:10d650002a435a60204ad369002bfcd113681e4923
:10d6600043f002031360cb69002bfcd10120f8bd0d
:10d670002046f8bd70470a462005210b002314f010
:10d6800043f9c0f5803084b20027c3e71c6824f05a
:10d69000706424f460443c431c60596845ea060009
:10d6a00021f0470108435860d4e704eb44038b4260
:10d6b0000dd84ff440300a460023a4fb000114f0bb
:10d6c00023f9c0f5803084b24ff40047a2e7002769
:10d6d0003c469fe7008793030020014108b5054bb6
:10d6e000588b10f0070004d05b8b5b0701d0fff76d
:10d6f00047ff08bd00200141054a13689b0706d477
:10d70000136843f002031360d369002bfcd1704708
:10d7100000200141054a13689b0706d5136823f0d2
:10d7200002031360d369002bfcd170470020014134
:10d73000044a536843f480335360d369002bfcd10f
:10d74000704700bf00200141044a536823f480332e
:10d750005360d369002bfcd1704700bf002001410a
:10d76000c8b1b9b10c4a10b4014404464042137e1a
:10d77000db07fcd5536803f00703012b14bf2378a4
:10d7800030f81430936201348c42f0d101205df8fe
:10d79000044b70470120704700200141024b187e66
:10d7a00000f00100704700bf00200141034a137ed2
:10d7b000db07fcd580b29062704700bf00200141ba
:10d7c000024b187ec0f34000704700bf00200141ab
:10d7d000044a536843f400335360d369002bfcd1ef
:10d7e000704700bf00200141044a536823f400330e
:10d7f0005360d369002bfcd1704700bf002001416a
:10d8000020b338b5134b5b8b5c070d4619d1fdb1c6
:10d81000104a0024137e5907fcd5538b5b0713d1a4
:10d82000536803f00703012b936a14bf035520f8d4
:10d8300014300134a542edd1281bb0fa80f0400924
:10d8400038bdfff79dfee2e7002038bd002070479d
:10d850002c46f1e700200141024b187ec0f3800006
:10d86000704700bf00200141014b986a704700bf1c
:04d870000020014152
:020000040000fa
:10d8740043692de9f0471d78d0f804a00446002d33
:10d8840049d090f84030002b3fd0d0e90e01d4e9c4
:10d8940008230af079fddae9002306460f46d4e9a5
:10d8a4000a010af071fd32463b4603f06bf9d4e9f4
:10d8b400062306460f46d4e90c010af065fd02462c
:10d8c4000b463046394614f0cff9e368d3e90067d4
:10d8d4008046894602460b463046394613f098fd89
:10d8e40048b92369d3e9006742464b463046394676
:10d8f40013f072fda0b1c4e90667dae9002384f8e5
:10d904004050c4e90e23bde8f0878368d3e90001e1
:10d91400c4e90e01bbe700220023c0e90623ece7bb
:10d9240046464f46e7e700bf00220023c0e906232e
:10d93400c0e90e2340f6b452028080f840307047ac
:10d94400172b3fd9036a0b70036a1b0a4b70438c75
:10d954008b7090f82330cb70436a0b71436a1b0ab7
:10d964004b71c38c8b7190f82730cb71836a0b7227
:10d97400836a1b0a4b72438d8b7290f82b30cb72e7
:10d98400c36a0b73c36a1b0a4b73c38d8b7390f802
:10d994002f30cb73036b0b74036b1b0a4b74438ed6
:10d9a4008b7490f83330cb74436b0b75436b1b0a49
:10d9b4004b75c38e8b7590f83730cb751823138055
:10d9c4000020704701207047182a01d001207047b9
:10d9d4002de9f00f91f8018091f802a091f804c0ac
:10d9e40004464fea0a454fea18604fea08234fea13
:10d9f4001a4291f8038091f800a05b1940eb0202ef
:10da04004ff0000b13eb0a054fea086342eb0b02dd
:10da14004fea1828ed184ff0000042eb08084a7945
:10da240091f806a02d1848eb0c0812022d1848ebab
:10da34000208ca792d184fea0a4a48eb0a0a120664
:10da44002e184aeb0207c4e9086791f809808e7a18
:10da54004fea08253304ed184fea18624fea1643db
:10da640091f80b800e7a42eb030c0027ab194feab6
:10da740008654ceb07064fea18225b1991f80d80f4
:10da84000d7b46eb02028e7b1b1845eb02024fea2c
:10da940008281b1842eb08024fea0648ce7b84b0e4
:10daa4001b1842eb080236061b18009342eb0603d0
:10dab40001939ded007b84ed0a7b4e7c91f81280ee
:10dac40033024fea18424fea08454fea166c91f8c0
:10dad40013800e7c5d194ceb020c0027ab194fea46
:10dae40008654ceb07064fea18225b1991f815807c
:10daf4000d7d46eb02021b1845eb02028e7d1b18be
:10db04004fea082842eb080291f817801b184feae5
:10db1400064646eb02024fea08681b18029342ebe2
:10db2400080303939ded027b84ed0c7b04b0bde8f8
:10db3400f00f70470139052910d8dfe801f0050717
:10db4400090b0d03183070474068704780687047b0
:10db5400c06870470069704740697047002070478b
:020000040000fa
:10db6400c3682de970431d7846680446002d44d0ef
:10db740090f83830002b3ad0d0e90c01d4e90623d0
:10db84000af002fcd6e9002380468946d4e908015c
:10db94000af0fafb42464b4602f0f4ffd4e90423b0
:10dba40080468946d4e90a010af0eefb02460b4698
:10dbb4004046494614f058f84ff0ff32164b804661
:10dbc400894613f009fce8b94ff0ff326ff4801373
:10dbd4004046494613f01cfcc8b9c4e90489d6e997
:10dbe400002384f83850c4e90c23bde870838368ab
:10dbf400d3e90001c4e90c01c0e700220023c0e915
:10dc04000423ece74ff0ff38dff80c90e5e74ff022
:10dc1400ff386ff48019e0e7ffffef7f0022002355
:10dc2400c0e90423c0e90c2340f6a452028080f822
:10dc340038307047172b3dd983690b7083691b0af1
:10dc44004b70438b8b70c37ecb70c3690b71c369fc
:10dc54001b0a4b71c38b8b71c37fcb71036a0b722d
:10dc6400036a1b0a4b72438c8b7290f82330cb727d
:10dc7400436a0b73436a1b0a4b73c38c8b7390f810
:10dc84002730cb73836a0b74836a1b0a4b74438dee
:10dc94008b7490f82b30cb74c36a0b75c36a1b0a60
:10dca4004b75c38d8b7590f82f30cb75182313806b
:10dcb4000020704701207047182a01d001207047c6
:10dcc4002de9f00f91f8018091f802a091f804c0b9
:10dcd40004464fea0a454fea18604fea08234fea20
:10dce4001a4291f8038091f800a05b1940eb0202fc
:10dcf4004ff0000b13eb0a054fea086342eb0b02eb
:10dd04004fea1828ed184ff0000042eb08084a7952
:10dd140091f806a02d1848eb0c0812022d1848ebb8
:10dd24000208ca792d184fea0a4a48eb0a0a120671
:10dd34002e184aeb0207c4e9066791f809808e7a27
:10dd44004fea08253304ed184fea18624fea1643e8
:10dd540091f80b800e7a42eb030c0027ab194feac3
:10dd640008654ceb07064fea18225b1991f80d8001
:10dd74000d7b46eb02028e7b1b1845eb02024fea39
:10dd840008281b1842eb08024fea0648ce7b84b0f1
:10dd94001b1842eb080236061b18009342eb0603dd
:10dda40001939ded007b84ed087b4e7c91f81280fd
:10ddb40033024fea18424fea08454fea166c91f8cd
:10ddc40013800e7c5d194ceb020c0027ab194fea53
:10ddd40008654ceb07064fea18225b1991f8158089
:10dde4000d7d46eb02021b1845eb02028e7d1b18cb
:10ddf4004fea082842eb080291f817801b184feaf3
:10de0400064646eb02024fea08681b18029342ebef
:10de1400080303939ded027b84ed0a7b04b0bde807
:10de2400f00f7047013903290bd8dfe801f0080629
:10de3400040210307047c0687047806870474068bb
:08de440070470020704700bf89
:020000040000fa
:10de50002de9f047816882b0d0e90a238246d1e9f2
:10de600000010af093fadae90e2302f08dfe3ea3d8
:10de7000d3e9002304460d4612f048ff00285dd088
:10de8000204629463aa3d3e9002313f0effe0446c7
:10de90000d46cae90e4545ec104b0af0a5f8daf834
:10dea0000430d3e9006753ec102b304639460af0b2
:10deb0006dfa31a3d3e900238046894620462946de
:10dec00013f0d4fe41ec100b0af08ef8304653ec00
:10ded000102b39460af05afa27a3d3e90023cde9db
:10dee00000012046294602f04ffe41ec100b0af0db
:10def0007bf8304653ec102b39460af047fadae942
:10df00000c4506460f4642464b462046294602f03f
:10df10003bfedde90023cae904012046294602f060
:10df200033fe3246cae906013b462046294602f046
:10df30002bfecae9080102b0bde8f08710a3d3e9bf
:10df400000232046294613f065fa40b120462946b1
:10df500007a3d3e9002302f017fe04460d46cae9e1
:10df60000e4598e7aff30080182d4454fb2109407b
:10df7000182d4454fb21194065732d3852c10040bf
:10df8000182d4454fb2109c000230022c0e90423ba
:10df9000c0e90623c0e90823c0e90e234ff4da7371
:10dfa000038070470f2b2bd9836a0b70836a1b0a7f
:10dfb0004b70438d8b7090f82b30cb70c36a0b7114
:10dfc000c36a1b0a4b71c38d8b7190f82f30cb71d4
:10dfd000036b0b72036b1b0a4b72438e8b7290f8b0
:10dfe0003330cb72436b0b73436b1b0a4b73c38e83
:10dff0008b7390f83730cb73102313800020704759
:10e0000001207047102a01d0012070472de9f00f40
:10e010008b7891f8018082b00024cde900348446e9
:10e02000cc7800984fea08251b04eb184fea1862d9
:10e030004ff0000591f80080cde900454fea10400f
:10e0400040eb020213eb0805009b009891f8058055
:10e050004ff000094fea036342eb0902040aed188e
:10e060004ff000000b7942eb04048a792d1843eb42
:10e0700004044fea08282d1844eb08044fea02482c
:10e08000ca792d1844eb080412062e1844eb020737
:10e09000cce90a674c7a91f80a8023024fea0846d5
:10e0a000270e0c7a9e194fea184291f80b8042eb2a
:10e0b00007070025331947eb05044fea08655b198c
:10e0c0004e7b0d7b4fea182244eb02021b1845ebf6
:10e0d00002028c7b1b184fea062646eb0202ce7b1f
:10e0e0001b184fea044444eb0202360613eb000a05
:10e0f00042eb060bcce90cab02b0bde8f00f704769
:10e10000013904290ed8dfe801f00507090b0300e7
:10e110002030704740687047806870471030704703
:08e12000183070470020704721
:020000040000fa
:10e128008168d0b5d0e906230446d1e900010af098
:10e1380029f9d4e90c2302f023fd21a3d3e9002314
:10e1480006460f4612f0defd20b3304639461ea3c0
:10e15800d3e9002313f086fd06460f46c4e90c6791
:10e16800d4e908233046394602f00afd41ec100b89
:10e1780009f036ff636851ec100bd3e900230af06d
:10e1880001f902460b46d4e90a0102f0f9fcc4e998
:10e198000401d0bd0ea3d3e900233046394613f05d
:10e1a80035f940b13046394607a3d3e9002302f0d8
:10e1b800e7fc06460f46c4e90c67d1e7aff30080d9
:10e1c800182d4454fb210940182d4454fb211940b3
:10e1d800182d4454fb2109c000230022c0e9042360
:10e1e800c0e90c234ff4d27303807047172b3dd935
:10e1f80083690b7083691b0a4b70438b8b70c37eda
:10e20800cb70c3690b71c3691b0a4b71c38b8b71cc
:10e21800c37fcb71036a0b72036a1b0a4b72438c70
:10e228008b7290f82330cb72436a0b73436a1b0ad4
:10e238004b73c38c8b7390f82730cb73836a0b7442
:10e24800836a1b0a4b74438d8b7490f82b30cb7404
:10e25800c36a0b75c36a1b0a4b75c38d8b7590f81f
:10e268002f30cb751823138000207047012070478a
:10e27800182a01d0012070472de9f00f91f801808c
:10e2880091f802a091f804c004464fea0a454fea03
:10e2980018604fea08234fea1a4291f8038091f870
:10e2a80000a05b1940eb02024ff0000b13eb0a05cc
:10e2b8004fea086342eb0b024fea1828ed184ff0bb
:10e2c800000042eb08084a7991f806a02d1848eb9f
:10e2d8000c0812022d1848eb0208ca792d184feacb
:10e2e8000a4a48eb0a0a12062e184aeb0207c4e942
:10e2f800066791f809808e7a4fea08253304ed18ed
:10e308004fea18624fea164391f80b800e7a42ebf7
:10e31800030c0027ab194fea08654ceb07064fead8
:10e3280018225b1991f80d800d7b46eb02028e7b5b
:10e338001b1845eb02024fea08281b1842eb08029b
:10e348004fea0648ce7b84b01b1842eb080236061b
:10e358001b18009342eb060301939ded007b84edaf
:10e36800087b4e7c91f8128033024fea18424fea3c
:10e3780008454fea166c91f813800e7c5d194ceb3a
:10e38800020c0027ab194fea08654ceb07064fea69
:10e3980018225b1991f815800d7d46eb02021b18b7
:10e3a80045eb02028e7d1b184fea082842eb080253
:10e3b80091f817801b184fea064646eb02024fea0f
:10e3c80008681b18029342eb080303939ded027b38
:10e3d80084ed0a7b04b0bde8f00f7047022905d030
:10e3e800032907d0012903d00020704780687047af
:08e3f8004068704710307047c7
:020000040000fa
:10e400004368d0ed0b7a93ed007ab4eee77af1ee43
:10e4100010fa70b408d4d0ed0c7ab4eee77af1eecd
:10e4200010fad8bff0ee477a8368d0ed0d6a93ed0d
:10e43000007ab4eee67af1ee10fa08d4d0ed0e6a66
:10e44000b4eee67af1ee10fad8bff0ee476a90ed3e
:10e45000095ad0ed0a5a90ed067a90ed086a868a3c
:10e46000056977eec57a76eee56a27ee877a26eebd
:10e47000866afceec77afceec66a17ee903a9cb24a
:10e4800016ee903a721c99b212fb014293b207ee5b
:10e49000904a05eb8302d2ed005ad2ed014af8ee24
:10e4a000e77a334477ee677a34eee57af0ee653a50
:10e4b000013306ee901a05eb8303e7ee273a70bcb2
:10e4c00093ed005a93ed014af8eee66ab0ee637af6
:10e4d00076ee666a35ee656a75ee845aa6ee267aa1
:10e4e00075eee45a67eea67a75eec55aa5eea77ae0
:10e4f00080ed037a704700bf002340f233120280a0
:10e50000c3607047232b60d9838a0b70838a1b0af0
:10e510004b7083698b7083691b0acb70438b0b71c3
:10e52000c37e4b71838b8b71838b1b0acb71036a08
:10e530000b72036a1b0a4b72438c8b7290f8233068
:10e54000cb72436a0b73436a1b0a4b73c38c8b7386
:10e5500090f82730cb73836a0b74836a1b0a4b7461
:10e56000438d8b7490f82b30cb74c36a0b75c36ae0
:10e570001b0a4b75c38d8b7590f82f30cb75036bd1
:10e580000b76036b1b0a4b76438e8b7690f83330f9
:10e59000cb76436b0b77436b1b0a4b77c38e8b7722
:10e5a00090f83730cb77836b81f82030836b1b0a70
:10e5b00081f82130438f81f8223090f83b3081f888
:10e5c000233024231380002070470120704700bfb0
:10e5d000242a01d0012070474a780b7803eb0223ec
:10e5e00030b483820b79cd788c784a791b0403eba5
:10e5f0000523234403eb02638361ca798b7903eb20
:10e60000022383838b7a4d7a0c7aca7a1b0403eb3c
:10e610000523234403eb026303628b7b4d7b0c7b5e
:10e62000ca7b1b0403eb0523234403eb0263436211
:10e630008b7c4d7c0c7cca7c1b0403eb05232344a0
:10e6400003eb026383628b7d4d7d0c7dca7d1b04d1
:10e6500003eb0523234403eb0263c3624d7e8b7ef1
:10e660000c7eca7e1b0403eb0523234403eb0263e9
:10e6700003638b7f4d7f0c7fca7f1b0403eb052355
:10e68000234403eb0263436391f8223091f8215055
:10e6900091f8204091f823201b0403eb0523234429
:10e6a00003eb0263836330bc00207047022905d06e
:10e6b000032907d0012903d00020704780687047e4
:08e6c000406870470c30704700
:020000040000fa
:10e6c8002de9f04f099f154604468e461e46002b3d
:10e6d80040f0cc808a42b2fa82fc4cd9bcf1000fdf
:10e6e8000bd0ccf1200801fa0cfe20fa08f802fa47
:10e6f8000cf548ea0e0e00fa0cf44fea15491ffa19
:10e7080085f8befbf9fa210c09fb1ae30afb08fba2
:10e7180041ea03439b452ad9eb180af1ff3004d29a
:10e728009b4502d9aaf102002b44a3eb0b03a4b228
:10e73800b3fbf9f209fb123302fb08f844ea03447d
:10e74800a04516d92c1902f1ff3303d2a04501d9ef
:10e75800931e2c44a4eb080443ea004027b124fa92
:10e768000cf400233c607b603146bde8f08f5046d6
:10e77800dbe71346eee702b9ffdebcf1000f2ed14e
:10e788008b1a01264fea154eaab2b3fbfef8210cec
:10e798000efb183308fb02f941ea0343994561d996
:10e7a800eb1808f1ff3004d2994502d9a8f102000c
:10e7b8002b44a3eb0903a4b2b3fbfef10efb113308
:10e7c8004a4344ea0344a2424ed92c1901f1ff33cb
:10e7d80003d2a24201d98b1e2c44a41abce7ccf167
:10e7e800200e02fa0cf521fa0ef901fa0cf320fac0
:10e7f8000efe4eea03034fea154800fa0cf4b9fb83
:10e80800f8f11ffa85fe08fb1192180c01fb0ef6b1
:10e8180040ea0242964221d9aa1801f1ff3003d2f8
:10e82800964201d9881e2a44921b9bb2b2fbf8f982
:10e8380008fb192209fb0efe43ea02439e450fd945
:10e84800eb1809f1ff3604d29e4502d9a9f1020658
:10e858002b44a3eb0e0346ea004693e70846e3e79a
:10e868004e46f6e74046a4e70b46b6e78b4206d984
:10e87800002f7ed00026c7e90001304674e7b3fabe
:10e8880083fcbcf1000f0fd18b4201d3824209d81f
:10e89800841a61eb030e0120002f6dd0c7e9004eea
:10e8a800002661e76046f7e7ccf1200e03fa0cf387
:10e8b80022fa0ef521fa0ef41d4301fa0cf320faa0
:10e8c8000ef10b434fea154a00fa0cf6b4fbfaf9bd
:10e8d8001ffa85f80afb19401c0c09fb08f144eae9
:10e8e8000044a14202fa0cf23fd92c1909f1ff3079
:10e8f80004d2a14202d9a9f102002c44641a9bb2a5
:10e90800b4fbfaf90afb194409fb08f843ea044185
:10e9180088452cd9691809f1ff3304d2884502d9f2
:10e92800a9f10203294443ea0040a1eb0801a0fb36
:10e9380002894945c2464c4602d306d1464504d20f
:10e94800b8eb020a69eb05040138afb1b6eb0a036c
:10e9580061eb040606fa0efe23fa0cf34eea0303f3
:10e9680026fa0cf6c7e900369ae74846c6e74b464a
:0ce97800d9e73e463846f7e63e46f5e695
:020000040000fa
:10e988002de9f84fc36893f800b08246bbf1000f39
:10e9980008d14368d3e90023c0e904238af828b0e2
:10e9a800bde8f88f90f8283043b98368d3e900238d
:10e9b800c0e904238af828b0bde8f88f4368d0e995
:10e9c8000467d3e9004532463b462046294613f002
:10e9d80049f9002200238046894612f0fbfc28b33f
:10e9e8009aed067b51ec170b42464b4617ee108a00
:10e9f800894612f00bfd002846d042464b46304669
:10ea0800394602f0bdf822a3d3e9002304460d4697
:10ea180012f078f90028c1d0204629461ea3d3e970
:10ea2800002313f01ff9cae90401b7e70022002305
:10ea38004046494612f0eafc0028afd09aed087b20
:10ea480053ec172b404609f1004117ee108a9946fe
:10ea580012f0c0fcc0b142464b463046394613f06e
:10ea680001f90fa3d3e9002304460d4612f0cefcaa
:10ea7800002893d02046294607a3d3e9002302f0b3
:10ea88007ff8cae9040189e7cae9044586e700bfb7
:10ea9800182d4454fb210940182d4454fb211940da
:10eaa800182d4454fb2109c000220023c0e9042387
:10eab8004ff49272028080f8283070470f2b29d9c2
:10eac80083690b7083691b0a4b70438b8b70c37e01
:10ead800cb70c3690b71c3691b0a4b71c38b8b71f4
:10eae800c37fcb71036a0b72036a1b0a4b72438c98
:10eaf8008b7290f82330cb72436a0b73436a1b0afc
:10eb08004b73c38c8b7390f82730cb73102313800f
:10eb18000020704701207047102a01d0012070475b
:10eb28002de9f00f8b7891f8018082b00024cde9af
:10eb380000348446cc7800984fea08251b04eb186b
:10eb48004fea18624ff0000591f80080cde90045c2
:10eb58004fea104040eb020213eb0805009b0098b7
:10eb680091f805804ff000094fea036342eb090270
:10eb7800040aed184ff000000b7942eb04048a797f
:10eb88002d1843eb04044fea08282d1844eb080419
:10eb98004fea0248ca792d1844eb080412062e18c9
:10eba80044eb0207cce906674c7a91f80a80230205
:10ebb8004fea0846270e0c7a9e194fea184291f838
:10ebc8000b8042eb07070025331947eb05044fea92
:10ebd80008655b194e7b0d7b4fea182244eb020255
:10ebe8001b1845eb02028c7b1b184fea062646ebe6
:10ebf8000202ce7b1b184fea044444eb020236069d
:10ec080013eb000a42eb060bcce908ab02b0bde8f7
:10ec1800f00f7047013903290bd8dfe801f0080627
:10ec2800040210307047c0687047806870474068b9
:08ec380070470020704700bf87
:020000040000fa
:10ec40004368b0f92220b3f900309a422de9f04729
:10ec500057dcb0f924209a4272da8168b0f9323078
:10ec6000b1f9001047f6ff778b423a4652dd3b4c34
:10ec7000234690f9145090f92660b0f81880418d21
:10ec8000b0f81ae0d0f810c0b0f816a0b0f828908c
:10ec900034412f414744214411fb0e7189b201ebed
:10eca0000e080ceb48040ceb410eb4f90270bef9ef
:10ecb00002e03cf911403cf918c002ea0a0203eafa
:10ecc000090312b21bb202fb03f1aeeb04082744a6
:10ecd000a7eb0e07314102fb08f2aceb040e2a4110
:10ece000a7eb0c0709b203fb0ef3224401fb07f16b
:10ecf00043fa06f641fa05f532442a448281bde81a
:10ed0000f087164f3a468168b0f93230b1f90010f9
:10ed10008b42acdcb0f934308b4203da47f6ff7437
:10ed20002346a6e7b0f93040b0f92c30091b90f922
:10ed30002e4003fb01f141fa04f31bb21c4698e795
:10ed4000b0f92040b0f91c2090f91e101b1b02fbeb
:10ed500003f343fa01f212b21746d4e70180ffff32
:10ed600040f2311200230280838170471d2b4ed95f
:10ed7000037d0b70c38a4b70c38a1b0a8b70038b95
:10ed8000cb70038b1b0a0b71438b4b71438b1b0a9c
:10ed90008b71838bcb7190f91d300b72837f4b721b
:10eda000038c8b7290f92130cb72438c0b7390f9ea
:10edb00023304b73838c8b7390f92530cb7390f891
:10edc00026300b74038d4b74038d1b0a8b74438d9b
:10edd000cb74438d1b0a0b75838d4b7590f92d30c9
:10ede0008b7590f82e30cb75038e0b7690f9313001
:10edf0004b76438e8b7690f93330cb76838e0b77c0
:10ee000090f935304b771e23138000207047012086
:10ee1000704700bf1e2a01d0012070470b78037590
:10ee20008a784b7803eb0223c3820a79cb7803eb11
:10ee3000022303838a794b7903eb022343830a7a03
:10ee4000cb7903eb022383834b7a8377ca7a8b7a5d
:10ee500003eb022303844a7b0b7b03eb02234384f3
:10ee6000ca7b8b7b03eb022383840b7c80f82630e8
:10ee70008a7c4b7c03eb022303850a7dcb7c03eb6e
:10ee8000022343858a7d4b7d03eb02238385cb7d63
:10ee900080f82e304a7e0b7e03eb02230386ca7e67
:10eea0008b7e03eb022343864a7f0b7f03eb022317
:10eeb00083860020704700bf022905d0032907d0b0
:10eec000012903d000207047806870474068704770
:04eed0000c3070474b
:020000040000fa
:10eed4002de9f843c5682b78044623b9036184f807
:10eee4003130bde8f88390f83130002b52d182687c
:10eef4001268026180f83030d4f804c0dcf800e015
:10ef04007046beeb02064feae2794feae07161eb2c
:10ef14000907022e77f1000375db720842eac77213
:10ef240001234ff0ff366069e26284f83030a66254
:10ef3400dcf800306362b2eb600f6fdc6ff000400e
:10ef4400e061361a300ea66226f07f4200f1010c11
:10ef5400002656492b7851f8207051f82c00e56aa8
:10ef6400c01b00fb06f64feae07902fb0966a0fb32
:10ef740002123244080e40ea0220384480fb05564f
:10ef8400a80f626a84f8313040ea8600121a2261be
:10ef9400bde8f88390f93030002b00f082805a1cd1
:10efa4000cd0012b7fd042680023126880f83030e7
:10efb4002b78026184f83130bde8f883866a006af0
:10efc40086425ad800231f46a36284f830301a467a
:10efd4001846012635492b7851f8200051f826604f
:10efe400e16a361a06fb02f54feae67907fb095592
:10eff400a6fb07672f44320e42ea07221044404220
:10f0040080fb0156bce7013677f1ff331ddb2b781b
:10f0140084f83130c4f810e0bde8f8834feae079b1
:10f024004feac97141ea5001d317c0070ef06efed2
:10f03400e061864285d800231a46a36284f8303002
:10f044001e4618464ff0010c83e7b2eb0e0269eb43
:10f054000103520842eac3724ff0ff36ff23a0694e
:10f06400e26284f83030a662dcf800306362b2eb0e
:10f07400600f0adc6ff000402062361a300ea66280
:10f0840026f07f470022461ca4e74feae0794feac6
:10f09400c97141ea5001d317c0070ef037fe206250
:10f0a4008ee7026928e7866ac069c2e75c7a0000d5
:10f0b4000023722202800361c0e90733c0e90933e7
:10f0c400c3620386704700bf072b19d943690b70cd
:10f0d40043691b124b70b0f916308b7090f91730de
:10f0e400cb7083690b7183691b124b71b0f91a30b1
:10f0f4008b7190f91b30cb7108231380002070476b
:10f1040001207047082a01d0012070478b78ca7803
:10f1140030b44d780c781b0403eb0523234403eb34
:10f12400026343618b794d790c79ca791b0403eb33
:10f134000523234403eb0263836130bc0020704742
:10f14400013903290bd8dfe801f008060402103066
:10f154007047c068704780687047406870470020f7
:04f16400704700bf31
:020000040000fa
:10f168002de9f84fc36893f800b08246bbf1000f51
:10f1780045d090f83030002b3bd0d0e90a67daf858
:10f188000430d3e90089dae908234046494609f002
:10f19800f9f832463b4601f0f3fcdae90623044667
:10f1a8000d464046494609f0edf832463b4601f027
:10f1b800e7fcdff88c9006460f464ff0ff384246d2
:10f1c8004b46cae90a672046294612f003f9f0b10e
:10f1d8003046394642464b4612f0fcf858b3cae965
:10f1e8000a8944464d46cae904458af830b0bde864
:10f1f800f88f8368d3e90067c0e90a67bfe7002290
:10f208000023c0e904238af830b0bde8f88f4ff036
:10f21800ff386ff480192046294642464b4612f0c3
:10f22800f5f80028dfd03046394642464b4612f002
:10f23800edf80028d3d144464d46cae90445d4e741
:10f24800ffffef7f00220023c0e904238368d3e98e
:10f258000023c0e90a2340f694420023028080f884
:10f26800303070470f2b29d983690b7083691b0acb
:10f278004b70438b8b70c37ecb70c3690b71c369b2
:10f288001b0a4b71c38b8b71c37fcb71036a0b72e3
:10f29800036a1b0a4b72438c8b7290f82330cb7233
:10f2a800436a0b73436a1b0a4b73c38c8b7390f8c6
:10f2b8002730cb731023138000207047012070473c
:10f2c800102a01d0012070472de9f00f8b7891f8b2
:10f2d800018082b00024cde900348446cc780098bf
:10f2e8004fea08251b04eb184fea18624ff0000597
:10f2f80091f80080cde900454fea104040eb02024a
:10f3080013eb0805009b009891f805804ff0000961
:10f318004fea036342eb0902040aed184ff00000bc
:10f328000b7942eb04048a792d1843eb04044fea65
:10f3380008282d1844eb08044fea0248ca792d180a
:10f3480044eb080412062e1844eb0207cce90667c2
:10f358004c7a91f80a8023024fea0846270e0c7a65
:10f368009e194fea184291f80b8042eb07070025d7
:10f37800331947eb05044fea08655b194e7b0d7b93
:10f388004fea182244eb02021b1845eb02028c7b61
:10f398001b184fea062646eb0202ce7b1b184feae3
:10f3a800044444eb0202360613eb000a42eb060b58
:10f3b800cce908ab02b0bde8f00f7047013903296a
:10f3c8000bd8dfe801f00806040210307047c06867
:10f3d800704780687047406870470020704700bfda
:020000040000fa
:10f3e8002de9f84f43691d780446002d3fd090f869
:10f3f8003830002b35d0d0e90c676368d3e9008931
:10f40800d4e90a234046494608f0bcff32463b4649
:10f4180001f0b6fbd4e9082382468b4640464946ac
:10f4280008f0b0ff32463b4601f0aafb8046894609
:10f43800c4e90c89e368d3e9006752465b46304665
:10f44800394611f0e3ffd0b14046494632463b46c3
:10f4580011f0c0ff28bbc4e9066784f83850bde83e
:10f46800f88f8368d3e90067c0e90c67c5e7002215
:10f478000023c0e9062384f83850bde8f88f2369d3
:10f48800d3e9006752465b463046394611f0a2ff81
:10f4980050b14046494632463b4611f0b7ff002876
:10f4a800d9d0c4e90c67d6e756465f46d3e700bf14
:10f4b80000220023c0e906238368d3e90023c0e9ba
:10f4c8000c2340f6a4420023028080f838307047ad
:10f4d8000f2b2bd9036a0b70036a1b0a4b70438ce2
:10f4e8008b7090f82330cb70436a0b71436a1b0a08
:10f4f8004b71c38c8b7190f82730cb71836a0b7278
:10f50800836a1b0a4b72438d8b7290f82b30cb7237
:10f51800c36a0b73c36a1b0a4b73c38d8b7390f852
:10f528002f30cb73102313800020704701207047c1
:10f53800102a01d0012070472de9f00f8b7891f83f
:10f54800018082b00024cde900348446cc7800984c
:10f558004fea08251b04eb184fea18624ff0000524
:10f5680091f80080cde900454fea104040eb0202d7
:10f5780013eb0805009b009891f805804ff00009ef
:10f588004fea036342eb0902040aed184ff000004a
:10f598000b7942eb04048a792d1843eb04044feaf3
:10f5a80008282d1844eb08044fea0248ca792d1898
:10f5b80044eb080412062e1844eb0207cce908674e
:10f5c8004c7a91f80a8023024fea0846270e0c7af3
:10f5d8009e194fea184291f80b8042eb0707002565
:10f5e800331947eb05044fea08655b194e7b0d7b21
:10f5f8004fea182244eb02021b1845eb02028c7bef
:10f608001b184fea062646eb0202ce7b1b184fea70
:10f61800044444eb0202360613eb000a42eb060be5
:10f62800cce90aab02b0bde8f00f704701390529f3
:10f6380010d8dfe801f00507090b0d0318307047f3
:10f648004068704780687047c068704700697047b5
:08f65800406970470020704773
:020000040000fa
:10f660002de9d0430446d0e90a23d0e9040108f08b
:10f670008dfe6368d3e9006780468946d4e9062396
:10f680003046394608f082fe42464b4601f07cfa8d
:10f69000d4e9022380468946d4e9080108f076fec1
:10f6a00002460b464046494612f0e0fac4e90a67b2
:10f6b000c4e90201bde8d08300230022c0e902238f
:10f6c000c0e90a2340f6045303807047172b3bd947
:10f6d00003690b7003691b0a4b70438a8b70c37cf0
:10f6e000cb7043690b7143691b0a4b71c38a8b71e1
:10f6f000c37dcb7183690b7283691b0a4b72438b89
:10f700008b72c37ecb72c3690b73c3691b0a4b73c5
:10f71000c38b8b73c37fcb73036a0b74036a1b0a9f
:10f720004b74438c8b7490f82330cb74436a0b7505
:10f73000436a1b0a4b75c38c8b7590f82730cb75c9
:10f74000182313800020704701207047182a01d029
:10f75000012070472de9f00f91f8018091f802a087
:10f7600091f804c004464fea0a454fea18604fea90
:10f7700008234fea1a4291f8038091f800a05b1920
:10f7800040eb02024ff0000b13eb0a054fea08634f
:10f7900042eb0b024fea1828ed184ff0000042eb45
:10f7a00008084a7991f806a02d1848eb0c081202b7
:10f7b0002d1848eb0208ca792d184fea0a4a48eb7f
:10f7c0000a0a12062e184aeb0207c4e9046791f8e8
:10f7d00009808e7a4fea08253304ed184fea186243
:10f7e0004fea164391f80b800e7a42eb030c002788
:10f7f000ab194fea08654ceb07064fea18225b1974
:10f8000091f80d800d7b46eb02028e7b1b1845ebb9
:10f8100002024fea08281b1842eb08024fea06488a
:10f82000ce7b84b01b1842eb080236061b180093ef
:10f8300042eb060301939ded007b84ed067b4e7c3d
:10f8400091f8128033024fea18424fea08454fea16
:10f85000166c91f813800e7c5d194ceb020c00279e
:10f86000ab194fea08654ceb07064fea18225b1903
:10f8700091f815800d7d46eb02021b1845eb020244
:10f880008e7d1b184fea082842eb080291f817807a
:10f890001b184fea064646eb02024fea08681b189f
:10f8a000029342eb080303939ded027b84ed087bfa
:10f8b00004b0bde8f00f7047012905d0022901d13d
:0cf8c00008307047002070474068704717
:020000040000fa
:10f8cc002de9d0430446d0e90a23d0e9040108f01d
:10f8dc0057fd6368d3e9006780468946d4e906235f
:10f8ec003046394608f04cfd42464b4601f046f98d
:10f8fc00d4e9022380468946d4e9080108f040fd8a
:10f90c0002460b464046494612f0aaf9c4e90a677a
:10f91c00c4e90201bde8d08300230022c0e9022320
:10f92c00c0e90a2340f6f44303807047172b3bd9f8
:10f93c0003690b7003691b0a4b70438a8b70c37c81
:10f94c00cb7043690b7143691b0a4b71c38a8b7172
:10f95c00c37dcb7183690b7283691b0a4b72438b1a
:10f96c008b72c37ecb72c3690b73c3691b0a4b7357
:10f97c00c38b8b73c37fcb73036a0b74036a1b0a31
:10f98c004b74438c8b7490f82330cb74436a0b7597
:10f99c00436a1b0a4b75c38c8b7590f82730cb755b
:10f9ac00182313800020704701207047182a01d0bb
:10f9bc00012070472de9f00f91f8018091f802a019
:10f9cc0091f804c004464fea0a454fea18604fea22
:10f9dc0008234fea1a4291f8038091f800a05b19b2
:10f9ec0040eb02024ff0000b13eb0a054fea0863e1
:10f9fc0042eb0b024fea1828ed184ff0000042ebd7
:10fa0c0008084a7991f806a02d1848eb0c08120248
:10fa1c002d1848eb0208ca792d184fea0a4a48eb10
:10fa2c000a0a12062e184aeb0207c4e9046791f879
:10fa3c0009808e7a4fea08253304ed184fea1862d4
:10fa4c004fea164391f80b800e7a42eb030c002719
:10fa5c00ab194fea08654ceb07064fea18225b1905
:10fa6c0091f80d800d7b46eb02028e7b1b1845eb4b
:10fa7c0002024fea08281b1842eb08024fea06481c
:10fa8c00ce7b84b01b1842eb080236061b18009381
:10fa9c0042eb060301939ded007b84ed067b4e7ccf
:10faac0091f8128033024fea18424fea08454feaa8
:10fabc00166c91f813800e7c5d194ceb020c002730
:10facc00ab194fea08654ceb07064fea18225b1995
:10fadc0091f815800d7d46eb02021b1845eb0202d6
:10faec008e7d1b184fea082842eb080291f817800c
:10fafc001b184fea064646eb02024fea08681b1831
:10fb0c00029342eb080303939ded027b84ed087b8b
:10fb1c0004b0bde8f00f7047012905d0022901d1ce
:0cfb2c00083070470020704740687047a8
:020000040000fa
:10fb38002de9d0430446d0e90a23d0e9040108f0ae
:10fb480021fc6368d3e9006780468946d4e9062327
:10fb58003046394608f016fc42464b4601f010f88c
:10fb6800d4e9022380468946d4e9080108f00afc52
:10fb780002460b464046494612f074f8c4e90a6743
:10fb8800c4e90201bde8d08300230022c0e90223b2
:10fb9800c0e90a2340f6d44303807047172b3bd9aa
:10fba80003690b7003691b0a4b70438a8b70c37c13
:10fbb800cb7043690b7143691b0a4b71c38a8b7104
:10fbc800c37dcb7183690b7283691b0a4b72438bac
:10fbd8008b72c37ecb72c3690b73c3691b0a4b73e9
:10fbe800c38b8b73c37fcb73036a0b74036a1b0ac3
:10fbf8004b74438c8b7490f82330cb74436a0b7529
:10fc0800436a1b0a4b75c38c8b7590f82730cb75ec
:10fc1800182313800020704701207047182a01d04c
:10fc2800012070472de9f00f91f8018091f802a0aa
:10fc380091f804c004464fea0a454fea18604feab3
:10fc480008234fea1a4291f8038091f800a05b1943
:10fc580040eb02024ff0000b13eb0a054fea086372
:10fc680042eb0b024fea1828ed184ff0000042eb68
:10fc780008084a7991f806a02d1848eb0c081202da
:10fc88002d1848eb0208ca792d184fea0a4a48eba2
:10fc98000a0a12062e184aeb0207c4e9046791f80b
:10fca80009808e7a4fea08253304ed184fea186266
:10fcb8004fea164391f80b800e7a42eb030c0027ab
:10fcc800ab194fea08654ceb07064fea18225b1997
:10fcd80091f80d800d7b46eb02028e7b1b1845ebdd
:10fce80002024fea08281b1842eb08024fea0648ae
:10fcf800ce7b84b01b1842eb080236061b18009313
:10fd080042eb060301939ded007b84ed067b4e7c60
:10fd180091f8128033024fea18424fea08454fea39
:10fd2800166c91f813800e7c5d194ceb020c0027c1
:10fd3800ab194fea08654ceb07064fea18225b1926
:10fd480091f815800d7d46eb02021b1845eb020267
:10fd58008e7d1b184fea082842eb080291f817809d
:10fd68001b184fea064646eb02024fea08681b18c2
:10fd7800029342eb080303939ded027b84ed087b1d
:10fd880004b0bde8f00f7047012905d0022901d160
:0cfd98000830704700207047406870473a
:020000040000fa
:10fda4002de9f04fd0e909a5c668d0f804c004696c
:10fdb400dcf8001086fb056783b0cde9006747696e
:10fdc40087fb018901998afb0445760846eac176d6
:10fdd4004f10610841eac57189194fea65064fea77
:10fde400580545eac97590f9204047eb060669189d
:10fdf4004fea690746eb0707002c4edd013cc4f1ce
:10fe0400200507fa05f5b4f1200621fa04f158bfdc
:10fe140047fa06f641ea050158bf31432741d0e9c4
:10fe24000b84856990f921e0c669c0f828a085fb98
:10fe34000445c8fb0645cef12009bef1200b24fa87
:10fe44000ef605fa09f958bf45fa0bfb46ea09060e
:10fe5400194c58bf46ea0b068a1b45fa0efe67eb9f
:10fe64000e034ff0ff35a24273eb0501b8bf2246e3
:10fe74006ff00044dcf800104162b8bf2b46944296
:10fe84004ff0000575eb0301b8bf2246c0f830807f
:10fe9400c262826003b0bde8f08fc4f10104a4f132
:10fea400200601fa06f6a740c4f1200521fa05f55b
:10feb40037432f43a140b2e701000080002340f6fe
:10fec400e24202808360c0e90933c0e90b33704722
:10fed400152b40d9c3680b70c3681b124b70b0f963
:10fee4000e308b7090f90f30cb7003690b7103697e
:10fef4001b124b71b0f912308b7190f91330cb7126
:10ff040043690b7243691b124b72b0f916308b7242
:10ff140090f91730cb7283690b7383691b124b738f
:10ff2400b0f91a308b7390f91b30cb73c3690b741f
:10ff3400c3691b124b74b0f91e308b7490f91f30d7
:10ff4400cb7490f820300b7590f821304b75162344
:10ff54001380002070470120704700bf162a01d08b
:10ff6400012070478b78ca7830b44d780c781b0424
:10ff740003eb0523234403eb0263c3608b794d79c0
:10ff84000c79ca791b0403eb0523234403eb0263b6
:10ff940003618b7a4d7a0c7aca7a1b0403eb05232e
:10ffa400234403eb026343618b7b4d7b0c7bca7b55
:10ffb4001b0403eb0523234403eb026383618b7c63
:10ffc4004d7c0c7cca7c1b0403eb0523234403eb0c
:10ffd4000263c3610b7d80f820304b7d80f82130b3
:10ffe40030bc0020704700bf012905d0022901d18f
:0cfff400083070470020704740687047dc
:020000040000fa
:020000040001f9
:100000004268836a12689a422de9f04306dbc36aac
:100010009a423ddd6ff00044002202e02e4c4ff08a
:10002000ff3290f91010c668c1f1200cb1f1200523
:1000300002fa0cf724fa01f358bf42fa05f543ea35
:100040000703028b58bf2b4313449bb206eb830775
:1000500056f8232045697e68d317b6eb020e4feaa7
:10006000e67805ea040668eb0307aefb064506fbe7
:10007000075505fa0cf724fa01f6203946ea070677
:100080005cbf45fa01f10e4392198260bde8f0832e
:10009000c569446a90f92010b2eb04084feae27394
:1000a0004feae57763ebe47908fb07f4a8fb052347
:1000b00005fb09442344c1f1200522fa01f4b1f102
:1000c000200603fa05f544ea05045cbf43fa06f688
:1000d000344343fa01f2a4e7010000804ff4fb72bd
:1000e000002302808360704770b440f21b44a34237
:1000f0006fd90c46002340f20446c568ed582570c0
:10010000c568ed582d0a6570c568ed582d0ca570b1
:10011000c568ed5804332d0eb342e57004f10404b4
:10012000ebd1037c81f80434436981f805344369d9
:100130001b0a81f80634c38a81f80734c37d81f82d
:100140000834038b81f80934038b1b0a81f80a34c5
:10015000c36981f80b34c3691b0a81f80c34c38b63
:1001600081f80d34c37f81f80e3490f8203081f887
:100170000f34436a81f81034436a1b0a81f8113442
:10018000c38c81f8123490f8273081f81334836ad5
:1001900081f81434836a1b0a81f81534438d81f881
:1001a000163490f82b3081f81734c36a81f818346c
:1001b000c36a1b0a81f81934c38d81f81a3490f888
:1001c0002f3081f81b3440f21c430020138070bc98
:1001d0007047012070bc704740f21c439a4201d026
:1001e00001207047c368f0b40a461c1f03f5806cf9
:1001f000937857781678d5781b0443ea072333435e
:1002000043ea056344f8043f644502f10402efd178
:1002100091f804340374d1f805344361b1f809341a
:100220000383d1f80b34c36191f80f3480f8203088
:10023000d1f810344362d1f814348362d1f8183401
:10024000c362f0bc00207047012905d0022901d10a
:0c0250000830704700207047406870477d
:020000040000fa
:020000040001f9
:10025c002de9f84fc36893f800b08246bbf1000f4c
:10026c0008d14368d3e90023c0e904238af828b0f5
:10027c00bde8f88f90f8283043b98368d3e90023a0
:10028c00c0e904238af828b0bde8f88f4368d0e9a8
:10029c000467d3e9004532463b462046294611f017
:1002ac00dffc002200238046894611f091f8a0b1b2
:1002bc009aed067b51ec170b42464b4617ee108a13
:1002cc00894611f0a1f830b342464b4630463946c8
:1002dc0000f054fccae90401c8e7002200234046a0
:1002ec00494611f091f80028c0d09aed087b53ece8
:1002fc00172b404609f1004117ee108a994611f070
:10030c0067f840b142464b463046394611f0a8fcde
:10031c00cae90401aae7cae90445a7e700220023b9
:10032c00c0e904236422028080f82830704700bfa3
:10033c000f2b29d983690b7083691b0a4b70438b74
:10034c008b70c37ecb70c3690b71c3691b0a4b7175
:10035c00c38b8b71c37fcb71036a0b72036a1b0a4d
:10036c004b72438c8b7290f82330cb72436a0b73b5
:10037c00436a1b0a4b73c38c8b7390f82730cb7377
:10038c00102313800020704701207047102a01d0e1
:10039c00012070472de9f00f8b7891f8018082b025
:1003ac000024cde900348446cc7800984fea082527
:1003bc001b04eb184fea18624ff0000591f800800f
:1003cc00cde900454fea104040eb020213eb080563
:1003dc00009b009891f805804ff000094fea0363e9
:1003ec0042eb0902040aed184ff000000b7942ebc6
:1003fc0004048a792d1843eb04044fea08282d18bd
:10040c0044eb08044fea0248ca792d1844eb08045f
:10041c0012062e1844eb0207cce906674c7a91f8c9
:10042c000a8023024fea0846270e0c7a9e194feadf
:10043c00184291f80b8042eb07070025331947eb64
:10044c0005044fea08655b194e7b0d7b4fea1822b9
:10045c0044eb02021b1845eb02028c7b1b184fea83
:10046c00062646eb0202ce7b1b184fea044444ebf3
:10047c000202360613eb000a42eb060bcce908ab82
:10048c0002b0bde8f00f7047013903290bd8dfe843
:10049c0001f00806040210307047c068704780688d
:0c04ac007047406870470020704700bf98
:020000040000fa
:020000040001f9
:1004b8008368624942682de9f04f1d688469036ac0
:1004c8004ff080460027b046b946c5fb04894fea7d
:1004d800d87545ea49052b441d0e05f1010e51f862
:1004e800254051f82e500362a5eb040823f07f4500
:1004f80088fb05894fea1865126845ea09252544ed
:10050800c5fb026787b0b846c5693746cde90478a8
:10051800f60f2c4646ea4806059f14eb060a484e95
:100528004feae5784feae77748eb070bb2454ff01b
:10053800ff377beb070cb8bfbb46a3f15537b8bff5
:10054800b2463e0e06f1010e51f826c051f82e6053
:1005580027f07f47a6eb0c06454686fb07783e0e3c
:1005680046ea0826b44400274ff08046ccfb0267d1
:10057800f60f46ea4706a61900964feae77645ebd6
:1005880006060196dde900892d4e4ff0ff37b0458c
:1005980079eb070cb8bfcde9006703f155373b0e7f
:1005a8005e1c51f8233051f8266027f07f47f61a71
:1005b80086fb0767310e41ea07210b444ff080465e
:1005c8000027c3fb0267f30f43ea4703e3180293cc
:1005d8004feae77345eb03030393dde90245184a45
:1005e8004ff0ff33944275eb03016ff00044b8bf3e
:1005f800cde902230025544575eb0b015246b8bfdf
:100608002246dde90045c2606ff00042a2424ff089
:10061800000373eb0501b8bf1446dde9022304614a
:100628006ff0004494424ff0000575eb0301b8bf2a
:100638002246426107b0bde8f08f00bfa410000059
:100648000100008000234ff4d9720280c0e903330f
:1006580043610362704700bf072b19d983690b7088
:1006680083691b124b70b0f91a308b7090f91b30ec
:10067800cb70c3690b71c3691b124b71b0f91e3083
:100688008b7190f91f30cb710823138000207047bd
:1006980001207047082a01d0012070478b78ca785a
:1006a80030b44d780c781b0403eb0523234403eb8b
:1006b800026383618b794d790c79ca791b0403eb4a
:1006c8000523234403eb0263c36130bc0020704759
:1006d800013904290ed8dfe801f00507090b0300ea
:1006e8001430704740687047806870470c30704716
:0806f80010307047002070472c
:020000040000fa
:020000040001f9
:100700002de9f04f817fd0f820c0466990f81f8016
:1007100083b08cfb0667c1f12004cde90067b1f11d
:10072000200526fa01fe07fa04f446684eea040e94
:1007300058bf47fa05f53468019f58bf4eea050ec9
:1007400085690f4185fb0445c8f12009b8f12001f6
:1007500005fa09f9009724fa08f747ea09075cbf88
:1007600045fa01f10f43314c009917eb0e0245fa9f
:1007700008f848eb01034ff0ff35a24273eb050187
:10078000b8bf22466ff00044b8bf2b4694424ff0ea
:10079000000575eb030190f81ce0c168b8bf224664
:1007a0008cfb01898260cef12002bef1200109faa2
:1007b00002f228fa0ef747ea020758bf49fa01f198
:1007c000427f046958bf0f433168c2f1200684fba1
:1007d0000145b2f1200c05fa06f624fa02f141eacd
:1007e00006015cbf45fa0cfc41ea0c0111eb070a5b
:1007f00049fa0ef345fa02f242eb030b0b4a4ff0b3
:10080000ff3392457beb0301b8bf92466ff0004483
:10081000b8bf9b460025544575eb0b015246b8bf47
:100820002246026203b0bde8f08f00bf01000080e5
:10083000002340f61252028083600362704700bfbb
:10084000132b37d9c3680b70c3681b124b70b0f9f8
:100850000e308b7090f90f30cb7003690b71036908
:100860001b124b71b0f912308b7190f91330cb71b0
:1008700043690b7243691b124b72b0f916308b72cd
:1008800090f91730cb7283690b7383691b124b731a
:10089000b0f91a308b7390f91b30cb73037f0b7454
:1008a000437f4b74837f8b74c37fcb74142313807b
:1008b0000020704701207047142a01d001207047a2
:1008c0008b78ca7830b44d780c781b0403eb052381
:1008d000234403eb0263c3608b794d790c79ca79a9
:1008e0001b0403eb0523234403eb026303618b7ab0
:1008f0004d7a0c7aca7a1b0403eb0523234403ebdd
:10090000026343618b7b4d7b0c7bca7b1b0403eb37
:100910000523234403eb026383610b7c03774b7c49
:1009200043778b7c8377cb7cc37730bc00207047c8
:10093000012905d0022901d10830704700207047f5
:040940004068704754
:020000040000fa
:020000040001f9
:1009440038b5c5682b78044623b90022026184f8bf
:10095400313038bd90f83130cbbb8268d2ed007aab
:1009640080f83030c0ed047a636893ed007a77ee56
:10097400677af5eec07af1ee10fa55dd94ed056a6a
:100984009fed527ac4ed0b7ac6ee276a012284f8f1
:10099400302084ed0a7a1b686362c4ed076ab4ee02
:1009a400e67af1ee10fa46d89fed497a002384edf9
:1009b4000a7a84f83030d4ed0b6ad4ed097a2b78b6
:1009c40084f83130e6eec77ac4ed047a38bd90f984
:1009d4003030002b71d05a1c0bd0012b70d04268e0
:1009e4000023126880f830302b78026184f83130ab
:1009f40038bdd0ed0a7ad0ed086af4eee67af1ee6d
:100a040010fa2dd80023dfed336aa36284f8303066
:100a140094ed0b7ad4ed097a2b7884f83130e7ee33
:100a2400667ac4ed047a38bd2fd42b7884f831303b
:100a340084ed047a38bd37ee667a84ed0a7a17eecf
:100a4400100a10f053fe41ec100b07f0cbfa51ecf6
:100a5400100b0ff04ffc07ee900a27eea77aaae7d7
:100a640077eee67ac4ed0a7a17ee900a10f03efead
:100a740041ec100b07f0b6fa51ec100b0ff03afcf6
:100a840007ee900a67eee76ac2e794ed066a9fed07
:100a94000f7ab1ee466ac6ee276aff2284f8302048
:100aa400f1ee677ac4ed0b7a84ed0a7a1b6863620f
:100ab400c4ed086af0ee477a9fe7d0ed047a53e775
:100ac40090ed0a7ad0ed076a69e700bfdb0fc93ff2
:100ad4000000000000000080002373210022018038
:100ae40002860361c361036243628362c362704727
:100af400072b15d943690b7043691b0a4b70c38ad2
:100b04008b70c37dcb7083690b7183691b0a4b7136
:100b1400438b8b71c37ecb710823138000207047f5
:100b240001207047082a01d0012070478b78ca78c9
:100b340030b44d780c781b0403eb0523234403ebfa
:100b4400026343618b794d790c79ca791b0403ebf9
:100b54000523234403eb0263836130bc0020704708
:100b6400013903290bd8dfe801f00806040210302c
:100b74007047c068704780687047406870470020bd
:040b8400704700bff7
:020000040000fa
:020000040001f9
:100b880030b591ea030f00f18280841a71eb030cef
:100b980005d2121953eb0c03001b71eb0c0140f248
:100ba800000ccff6e07c1cea430f52d0bceb410f9f
:100bb8005fd90c0da4eb135e5ff0010c6cf31f51b1
:100bc8006cf31f53def1200c2ad303fa0cf54019fd
:100bd80041f1000122fa0ef5401923fa0ef5694198
:100be80012fa0cf2cd0208d349085fea30005fea36
:100bf800320228bf42f001020134013c5fea500c86
:100c080072f1004250f1000051eb04514ff400130f
:100c180013eb410f38bf30bd6ff31301002030bd17
:100c2800bef1200ebef1200f1ed223fa0ef5401998
:100c380041f10001cef1200c124218bf012203fa43
:100c48000cf52a43cee711ea5c0f04bf002000210f
:100c580030bd1cea410f04bf01f00041002030bd47
:100c680001f00041002030bd21f4801101eb045156
:100c780030bd004218bf41f00101bceb410f08bf75
:100c880030bd4ff0fe4141f47801002030bd83f0c3
:100c98000043841a71eb030e07d28ef0004e001b3e
:100ca80071eb0e01121953eb0e0340f2000ccff654
:100cb800e07c1cea430fc6d0bceb410f72d90c0d87
:100cc800a4eb135ec90241ea5051c00241f0004151
:100cd800db0243ea5253d20243f00043def1200c18
:100ce80041d312fa0cf522fa0ef203fa0cf542ea95
:100cf800050218bf42f0010223fa0ef3801a994147
:100d0800e30ac4f30a0411f0404f03d418d0013c9d
:100d180040004941013c23d44205c00a40ea415001
:100d2800c90a51eac3715fea500c72f1004250f1ee
:100d3800000051eb045130bd01002fd00020203cb1
:100d48000029f9d0b1fa81fcdcf1200e11fa0cf17e
:100d580030fa0ef510fa0cf02943a4eb0c04d9e78d
:100d68000020d90730bdaef1200ebef1200f0dd204
:100d7800cef1200c03fa0cf533fa0ef32a4318bf10
:100d880043f00103c01a61f10001b9e721f0004105
:100d9800c00a40ea4150c90a01eb045130bd0020a5
:100da800002130bd004218bf41f00101bceb410fea
:0e0db8007ff467afbceb430f3ff463af30bd79
:020000040000fa
:020000040001f9
:020dc600704774
:020000040000fa
:020000040001f9
:100dc8002de97043c5682b78044623b9038284f85b
:100dd8003130bde8708390f83130002b3bd1826808
:100de800b2f90010018280f830306368b3f900006e
:100df800421a012a5ddd0121606984f83010d203ae
:100e0800b3f90030a3844ff0ff36b2eb600fc4e9aa
:100e18000a6256dc6ff00040e061361a310c0a0aab
:100e2800a662c9b2561c47482b7830f9122030f90f
:100e38001660a58ce06ab61a01fb06f102eb2122c6
:100e480012b2c01302fb00f2a5ebe232228284f850
:100e58003130bde8708390f93030002b6cd05a1ccb
:100e68000dd0012b6bd042680023b2f9002080f826
:100e780030302b78028284f83130bde87083866a7e
:100e8800006a864245d800231946a36284f83030a8
:100e98001a4601262b482b7830f9122030f91660b3
:100ea800a58ce06ab61a01fb06f102eb2122524238
:100eb800c6e701321adb2b7884f831302082bde88e
:100ec80070834feae0794feac97141ea5001d317bc
:100ed800c0070cf019ffe06186429ed8002319462e
:100ee800a36284f830301a4601269ce7ff260a1ac6
:100ef800a06984f83060d203b3f90030a3844ff0be
:100f0800ff36b2eb600fc4e90a6209dc6ff00040fb
:100f18002062331a190c0a0aa362c9b2561cb9e72f
:100f28004feae0794feac97141ea5001d317c00787
:100f38000cf0eafe2062a4e7b0f9101055e7866ac3
:100f4800c069c9e7607e0000002371220280038225
:100f5800c0e907338384c0e90a330386704700bfba
:100f6800072b19d943690b7043691b124b70b0f9f1
:100f780016308b7090f91730cb7083690b718369c9
:100f88001b124b71b0f91a308b7190f91b30cb7171
:100f9800082313800020704701207047082a01d0d9
:100fa800012070478b78ca7830b44d780c781b04d0
:100fb80003eb0523234403eb026343618b794d79eb
:100fc8000c79ca791b0403eb0523234403eb026362
:100fd800836130bc00207047013903290bd8dfe852
:100fe80001f00806040210307047c0687047806836
:0c0ff8007047406870470020704700bf41
:020000040000fa
:020000040001f9
:10100400c3681b78002b51d090f83420002a3dd0bf
:10101400d0ed0a3a90ed0c7a90ed0b6a4268d0ed6f
:10102400087ad2ed006a90ed073a90ed094ad0edc6
:10103400064a90ed055adfed2e5a66eea77af0eed9
:10104400462ae3ee237ae6ee852ae4ee477ac0edfb
:101054000b2ab0ee677aa4eea67a37ee067ab4eedf
:10106400e57af1ee10fa26ddf4eee52af1ee10fa57
:1010740032ddc0ed0b5ab0ee657a80ed047a126869
:101084008262c0ed0c7a80f8343070478268dfedfc
:10109400197a92ed006ac0ed0a7ab0ee677af0ee42
:1010a400673a80ed0b6ac0ed0c7ab7e70022026163
:1010b40080f834307047dfed106ab4eee67af1ee72
:1010c40010fadad5f4eee62af1ee10fa0dd5c0edf9
:1010d4000b6ab0ee667ad0e7b0ee657a80ed047afa
:1010e40012688262c0ed0c7acde7b0ee667ac4e78e
:1010f400ffff7f7f00000000ffff7fff0023826867
:1011040003611168c16210b4002240f6b344048044
:101114008362036380f834205df8044b704700bf9a
:10112400132b32d943690b7043691b0a4b70c38a72
:101134008b70c37dcb7083690b7183691b0a4b7100
:10114400438b8b71c37ecb71c3690b72c3691b0a5a
:101154004b72c38b8b72c37fcb72036a0b73036aac
:101164001b0a4b73438c8b7390f82330cb73436a05
:101174000b74436a1b0a4b74c38c8b7490f827302e
:10118400cb7414231380002070470120704700bfe4
:10119400142a01d0012070478b78ca7830b44d7876
:1011a4000c781b0403eb0523234403eb0263436124
:1011b4008b794d790c79ca791b0403eb05232344fd
:1011c40003eb026383618b7a4d7a0c7aca7a1b042f
:1011d40003eb0523234403eb0263c3618b7b4d7b49
:1011e4000c7bca7b1b0403eb0523234403eb026340
:1011f40003628b7c4d7c0c7cca7c1b0403eb0523b3
:10120400234403eb0263436230bc0020704700bff9
:10121400013903290bd8dfe801f008060402103075
:101224007047c06870478068704740687047002006
:04123400704700bf40
:020000040000fa
:020000040001f9
:101238002de9f04f59ec118b2ded028bc9f30a51b2
:10124800013940f2fd70814283b011ee104a4d46db
:101258005bec10ab64d8cbf30a51013981425e468e
:101268005ed82bf000438ded000a0193204625f04f
:101278000041dde9002310f0c9f870b152465b4621
:101288004046494600f028fd21f0004319466ea368
:10129800d3e9002310f0baf870bb42464b465046db
:1012a800594600f019fd41ec100b03f039ff404698
:1012b800494600220023b0ee408af0ee608a10f022
:1012c800a5f840b9b0ee480af0ee680a03b0bdece4
:1012d800028bbde8f08f0022002351ec180b10f0b0
:1012e80079f8c8b15aa3d3e9002351ec180bfff7da
:1012f80047fc41ec180be5e749a3d3e9002306f0c6
:10130800004646f07f5343f4641343f4075343f015
:101318003b0343ec182bd5e74fa3d3e90023e4e7bd
:101328002219414945eb05030020994208bf904224
:101338003bd31aeb0a0300934beb0b030193dde954
:101348000023994208bf90425e464bd32bf00043de
:10135800cdf800a00193dde90023344900208b4239
:1013680008bf824230d0002200235046594610f070
:10137800d5f9e8b92d4b00229d4208bf94424bd0c5
:101388002b4b00229d4208bf944213d00022002319
:101398004046494610f0c2f900283ff467af20a341
:1013a800d3e900230bf00046abe749ec188b89e73b
:1013b800e80f31d01f48204906f00046024686ea69
:1013c800010343ec182b7de7194625f0004310462e
:1013d8008b4208bf84420bf0004606d010a3d3e925
:1013e80000238ee74bec18ab6ce74946002200233c
:1013f800404610f00bf8114f1149124d0d4c0028c2
:1014080008bf39464ff0000281ea060314bf2a4696
:10141800224643ec182b55e70146cde7aff3008091
:10142800182d4454000000000000e0ff0000f07f89
:101438000000f0ff182d4454fb210940fb21e93f2f
:101448007cd90240d221337f2342920ca19cc73b16
:10145800182d4454fb2109c0182d4454fb21094080
:020000040000fa
:020000040001f9
:101468002de9f84353ec102bc3f30a51013940f22c
:10147800fd7081421d4600f2a78073a1d1e90001e9
:1014880090429941c0f2b98071a1d1e90001994215
:1014980008bf9042c0f08d806fa7d7e9006723f09e
:1014a80000418f4208bf964280f08a801f4605f0af
:1014b8000043164643f07f55002469a3d3e900236f
:1014c8003046394645f4001506f05cff22462b46a7
:1014d800fff756fb0ef032ff044610f04bfb62a3f9
:1014e800d3e900238046894606f04cff32463b4646
:1014f800fff746fb5ea3d3e9002306460f464046a6
:10150800494606f03fff02460b4630463946fff78c
:1015180037fb02460b468046894606f033ff56a342
:10152800d3e9002306460f4606f02cff54a3d3e95f
:101538000023fff725fb32463b4606f023ff002237
:101548003b4bfff71dfb42464b4606f01bff2ea305
:10155800d3e90023804689463046394606f012ff13
:101568002ba3d3e90023fff70bfb32463b4606f0db
:1015780009ff424606460f464b4600202d4910f00b
:1015880071fb02460b4630463946fff7f9fa024628
:101598000b464046494600f09ffb0022254bfff7cb
:1015a800effa013441ec100b20460ef0ddfbbde8ec
:1015b800f883214b22221a609fed170bbde8f883b0
:1015c8009fed170bbde8f88396181c4943eb0307fa
:1015d8000020b94208bfb042e9d3194900208b4224
:1015e80008bf8242e3d0174900208b4208bf8242dd
:1015f8007ff45caf9fed080bd9e70f4b22221a60ee
:101608009fed090bd3e700bf0938de6f993f403fd4
:10161800b35142718e71ac3f000000000000000021
:10162800000000000000f03f000000000000f07f14
:101638000000d03f0000e03ff02e00200000e0ff57
:101648000000f07f0000f0ffef39fafe422e8640de
:10165800d2bc7add2b2386c02242920ca19cc73bc8
:101668003cf92f9e2c15f73f000000000030e6bf24
:10167800a80c615c10d02b3f1cdc586fa452f13ec3
:08168800e0f6b36fe4707c3f53
:020000040000fa
:020000040001f9
:1016900043691b78002b4dd090f83c20d2b390eddd
:1016a0000c4a90ed0e7ad0ed0d5a4268d0ed0a7ad0
:1016b00092ed006ad0ed093ad0ed0b4a90ed075a51
:1016c000d0ed086ac16866ee277ab0ee653ae3eebf
:1016d000847aa6ee053ae4eec77a80ed0d3af0ee94
:1016e000674ae6ee864a91ed007a74eea56ab4ee9a
:1016f000e67af1ee10fa22d5b4eec73af1ee10fa1e
:101700002adc80ed067a12680263c0ed0e7a80f85a
:101710003c3070478268dfed137ad2ed005ac0ed9d
:101720000c7ab0ee677ab0ee674ac0ed0d5ac0eda4
:101730000e7abae70022826180f83c307047016976
:1017400091ed007ab4eee67af1ee10fa07ddb4ee30
:10175000c73af1ee10fad4d580ed0d7ad1e7b0eeac
:10176000667acee70000000000238268836111687a
:10177000416310b4002240f6c344048003638363d2
:1017800080f83c205df8044b704700bf132b34d920
:10179000c3690b70c3691b0a4b70c38b8b70c37f0b
:1017a000cb70036a0b71036a1b0a4b71438c8b71fc
:1017b00090f82330cb71436a0b72436a1b0a4b7259
:1017c000c38c8b7290f82730cb72836a0b73836a59
:1017d0001b0a4b73438d8b7390f82b30cb73c36a0a
:1017e0000b74c36a1b0a4b74c38d8b7490f82f3033
:1017f000cb7414231380002070470120704700bf72
:10180000142a01d0012070478b78ca7830b44d7803
:101810000c781b0403eb0523234403eb0263c36131
:101820008b794d790c79ca791b0403eb052323448a
:1018300003eb026303628b7a4d7a0c7aca7a1b043b
:1018400003eb0523234403eb026343628b7b4d7b55
:101850000c7bca7b1b0403eb0523234403eb0263cd
:1018600083628b7c4d7c0c7cca7c1b0403eb0523c0
:10187000234403eb0263c36230bc0020704700bf07
:101880000139052910d8dfe801f00507090b0d0320
:10189000183070474068704780687047c06870476c
:0c18a000006970474069704700207047e5
:020000040000fa
:020000040001f9
:1018ac0041682de9f84fd0e908238246d1e90001bf
:1018bc0010f0d6f90446daf818000d460ff012ffb6
:1018cc0002460b462046294606f05afd002200230c
:1018dc0004460d46daf810600ff096fd58b9204614
:1018ec00294610f021f9baf814301ffa80fb9b45f9
:1018fc0007d306ebc306d6e90001cae90201bde82d
:10190c00f88f06ebcb03d3e90067d3e9020132462b
:10191c003b4610f0a5f980465846894610f028f948
:10192c0002460b462046294610f09af902460b4611
:10193c004046494606f024fd02460b4630463946e1
:10194c00fff71cf9cae90201bde8f88f0023002259
:10195c00c0e902234ff4fc730380704770b440f667
:10196c001504a34261d90c46002340f6080605690c
:10197c00ed5825700569ed582d0a65700569ed580f
:10198c002d0ca5700569ed582d0ee57005691d44eb
:10199c0008346d6804f8045c05691d446d682d0af3
:1019ac0004f8035c05691d44ed8804f8025c0569c4
:1019bc001d440833ed7904f8015cb342d7d1838a16
:1019cc0081f80838838a1b0a81f80938836981f801
:1019dc000a3883691b0a81f80b38438b81f80c3861
:1019ec00c37e81f80d38036a81f80e38036a1b0a2e
:1019fc0081f80f38438c81f8103890f8233081f837
:101a0c001138436a81f81238436a1b0a81f813387b
:101a1c00c38c81f8143890f8273081f8153840f6cb
:101a2c0016030020138070bc7047012070bc7047f7
:101a3c0040f616039a4201d00120704702692de945
:101a4c00f0478c4682460b4601f6080e9e78587875
:101a5c0093f80490360446ea00271e7858793743e9
:101a6c00de7849ea0029987947ea0664de7949ea82
:101a7c00004040ea06650833204629467345e2e8f3
:101a8c000201e3d1bcf80838aaf81430dcf80a38a3
:101a9c00caf81830dcf80e28dcf812380020cae935
:101aac000823bde8f08700bf012905d0022901d128
:0c1abc00083070470020704740687047f9
:020000040000fa
:020000040001f9
:101ac8002de9f04f59ec108b18eb080249eb09038c
:101ad8006ff4001789b04ff0ff369f428ded001b61
:101ae80008bf964251ec110b0199c0f0c78003184a
:101af8004ff00002764e41eb01079c18754b47ebff
:101b08000605ab4208bfa242c0f0b88029f00043e6
:101b18008ded000a0193dde9002321f000459d4287
:101b280008bf904204464ff0000609f0004780f0d5
:101b38009480019b5fea13585ad0c9f3130c2b0dfc
:101b480010ee10ea4cf4801c73d0c1f3130141f479
:101b58008011434580f29e80beeb000a6ceb010bbe
:101b6800baf1000f7bf1000208f1ff3804db5aeaf2
:101b78000b0273d0d646dc461eeb0e0e4ceb0c0c5b
:101b88009845e9d1beeb000204926ceb0102059284
:101b9800dde90412002972f1000004db51ea0200b9
:101ba8005cd08e469446002210460cf48011014306
:101bb8000bd11eeb0e0e4ceb0c0c10460cf48011e6
:101bc80050ea010403f1ff33f3d05a1e64d413051d
:101bd80000221eeb020e4ceb030c1eeb06030293d5
:101be8004ceb070303939ded020b09b0bde8f08fa2
:101bf800dde900894b46002b3bd0019bb3fa83fefd
:101c0800009b009aaef10b08aef12b0e03fa0efe04
:101c1800019b03fa08fcc8f120034cea0e0c22fad7
:101c280003f34cea030c2b0d02fa08fec8f1000876
:101c38008bd1d5b1b5fa85f2a2f10b032b3a05fa8f
:101c480003f1c3f1200004fa02f224fa00f0114370
:101c5800014304fa03f05b427be718d1cde9026740
:101c68009ded020b09b0bde8f08fb4fa84f2203282
:101c7800e2e7b8fa88fe0ef1200ec1e79fed127b6d
:101c88008ded027b9ded020b09b0bde8f08f8ded67
:101c9800020be5e7434675e7c3f10103c3f12002f0
:101ca8000cfa02f22efa03fea3f120014eea020e0c
:101cb8002cfa01f100222cfa03fc4eea010e13461d
:101cc80087e700bfaff30080000000000000f87f46
:081cd8000000e0ff0000c0ff66
:020000040000fa
:020000040001f9
:101ce000f0b581ea030e0ef0004e40f20007cff689
:101cf000e07717ea41051ebf95ea070f17ea43048c
:101d000094ea070f00f0c5806d0da5eb545707f559
:101d100080674ff0004646eac12444ea5054c002ae
:101d200046eac32343ea5253d202801a9c4104d2aa
:101d30000018644180185c41013f5b084fea3202a1
:101d40000025002140f001004ff0070604e0801a52
:101d50009c4136d340416441801a9c4136d3404176
:101d60006441801a9c4136d340416441801a9c41b1
:101d700036d340416441801a9c4136d3404164418e
:101d8000013e17d0801a9c4136d340416441801aed
:101d90009c4136d340416441801a9c4136d3404136
:101da0006441090201eb156190ea052520f0ff006e
:101db0004540cce7801a9c4156d335e080185c4101
:101dc000c8d20018644180185c41c8d20018644130
:101dd00080185c41c8d20018644180185c41c8d2a8
:101de0000018644180185c41c8d200186441013e6b
:101df00017d080185c41c8d20018644180185c413b
:101e0000c8d20018644180185c41c8d200186441ef
:101e1000090201eb156190ea052520f0ff0045401d
:101e2000cce780185c411fd3420918bf44f001047d
:101e3000490101ebd56100f01f0000eb451021f4d2
:101e4000801141ea0e01013041f10001244208bf36
:101e500020f00100b7f5006f3eda013f49dd01ebec
:101e60000751bde8f0407047490101ebd56100f032
:101e70001f0000eb451021f4801141ea0e01b7f577
:101e8000006f29da013f34dd01eb0751bde8f04076
:101e90007047004218bf41f00101124218bf43f0e1
:101ea0000103b7eb410f2cbfb7eb430f1ce0b7ebbf
:101eb000410f04bfb7eb430f16e017ea410f04bf11
:101ec00017ea430f10e017ea410f12d017ea430f49
:101ed00002d0b7eb430f0cd04ef0fe4141f470013d
:101ee0000020bde8f04070474ff0fe4141f478011a
:061ef000f6e77146f4e77d
:020000040000fa
:020000040001f9
:021ef600fee705
:020000040000fa
:020000040001f9
:101ef8002de9f0474368b0f928a0b0f92a90a0f876
:101f08000ca0a0f80e90b3f900808368418a068b74
:101f1800b3f900e090f82420838ac78a048a244d04
:101f280011fb09fc16fb08f141fa02f614fb0af44e
:101f380017fb09f913fb0afa90f82020838b90f815
:101f4800227090f8211014414cfa01f113fb08f8a3
:101f58004afa07fc428b90f82370c38b214412fb8a
:101f68000ef213fb0ef349fa07f790f8264090f8a3
:101f780025e0674490f827c0314448fa04f442fa4f
:101f88000ef20a443c4443fa0cf32344aa4247f6af
:101f9800ff71b8bf2a46ab42b8bf2b468a42a8bfda
:101fa8000a468b42a8bf0b4602854385bde8f087e9
:101fb8000180ffff002340f621520280c360836244
:101fc800704700bf172b43d9038a0b7090f9113063
:101fd8004b70438a8b7090f91330cb70838a0b71e6
:101fe80090f915304b71c38a8b7190f91730cb710a
:101ff800038b0b7290f919304b72438b8b7290f9eb
:102008001b30cb72838b0b7390f91d304b73c38bd2
:102018008b7390f91f30cb7390f820300b7490f8c5
:1020280021304b7490f822308b7490f82330cb74a5
:1020380090f824300b7590f825304b7590f82630c1
:102048008b7590f82730cb751823138000207047c4
:1020580001207047182a01d0012070474a780b7870
:1020680003eb02230382ca788b7803eb02234382b3
:102078004a790b7903eb02238382ca798b7903ebc4
:102088000223c3824a7a0b7a03eb02230383ca7ab8
:102098008b7a03eb022343834a7b0b7b03eb0223fc
:1020a8008383ca7b8b7b03eb0223c3830b7c80f87f
:1020b80020304b7c80f821308b7c80f82230cb7c20
:1020c80080f823300b7d80f824304b7d80f8253054
:1020d8008b7d80f82630cb7d80f827300020704734
:1020e800013903290bd8dfe801f0080604020e3095
:1020f80070470c3070478068704740687047002010
:04210800704700bf5d
:020000040000fa
:020000040001f9
:10210c00d0ed0e7a90ed085a90ed067ad0ed0d6a6e
:10211c00c0ed047ad0ed055a90ed076a4268c0ed27
:10212c00036a27ee877a67ee857aa6eea57a83682e
:10213c00e6ee867a90ed094a92ed006ad0ed0b4af4
:10214c00d3ed006a90ed0a5ad0ed0c5aa4ee067a43
:10215c00e6ee247aa5ee267ae6eea57a80ed0d7ae7
:10216c00c0ed0e7a704700bf002340f62352028068
:10217c00c360036143638363704700bf1f2b50d957
:10218c0043690b7043691b0a4b70c38a8b70c37d08
:10219c00cb7083690b7183691b0a4b71438b8b71f9
:1021ac00c37ecb71c3690b72c3691b0a4b72c38ba1
:1021bc008b72c37fcb72036a0b73036a1b0a4b735c
:1021cc00438c8b7390f82330cb73436a0b74436a44
:1021dc001b0a4b74c38c8b7490f82730cb74836ab6
:1021ec000b75836a1b0a4b75438d8b7590f82b30de
:1021fc00cb75c36a0b76c36a1b0a4b76c38d8b7681
:10220c0090f82f30cb76036b0b77036b1b0a4b7755
:10221c00438e8b7790f83330cb77202313800020bc
:10222c0070470120704700bf202a01d00120704761
:10223c008b78ca7830b44d780c781b0403eb0523eb
:10224c00234403eb026343618b794d790c79ca7992
:10225c001b0403eb0523234403eb026383618b7a9a
:10226c004d7a0c7aca7a1b0403eb0523234403eb47
:10227c000263c3618b7b4d7b0c7bca7b1b0403eb22
:10228c000523234403eb026303628b7c4d7c0c7ca3
:10229c00ca7c1b0403eb0523234403eb0263436258
:1022ac008b7d4d7d0c7dca7d1b0403eb05232344e4
:1022bc0003eb026383628b7e4d7e0c7eca7e1b0415
:1022cc0003eb0523234403eb0263c3628b7f4d7f37
:1022dc000c7fca7f1b0403eb0523234403eb02632f
:1022ec00036330bc00207047013903290bd8dfe8a9
:1022fc0001f008060402103070470c3070478068fb
:0c230c007047406870470020704700bf19
:020000040000fa
:020000040001f9
:102318002de9f04fc3681f7887b0002f67d090f879
:102328002830002b5cd0036ad0f824e0039342687d
:1023380090f91d101268836982fb0389c1f120039b
:1023480028fa01f609fa03f31e434369b1f1200a9a
:1023580082fb0345039b58bf49fa0afacde9048971
:1023680058bf46ea0a064fead37a059b90f91c80c3
:102378000b414aea4e0ac8f11f08194616eb0a0330
:102388004feaee760093a8f1200941eb060304fa20
:1023980009f90193c8f1200105fa08f324fa01f1bb
:1023a80043ea09030b43039904fa08f212eb010b01
:1023b80043eb0e0cdde90034b3f1004f74f1000378
:1023c800c0e908bc19db4ff000426ff040435a45a2
:1023d80073eb0c012ddac0e908236ff0004422e00a
:1023e80083681b684fea630edb0703939fe7076167
:1023f80080f8287007b0bde8f08fdde900450f4a86
:102408004ff0ff33944275eb03030bda4ff00042b1
:102418004ff0404393457ceb03010ddac0e90823f4
:10242800064c00e0009c046180f8287007b0bde805
:10243800f08f6ff00044f6e7004cf4e701000080ed
:10244800002382680361126880f8283030b4d517f9
:10245800eb0740f69244d10743ea52030480c0e9ef
:10246800081330bc704700bf092b1dd943690b7096
:1024780043691b124b70b0f916308b7090f9173006
:10248800cb7083690b7183691b124b71b0f91a30d9
:102498008b7190f91b30cb71037f0b72437f4b72aa
:1024a8000a23138000207047012070470a2a01d0b0
:1024b800012070478b78ca7830b44d780c781b04ab
:1024c80003eb0523234403eb026343618b794d79c6
:1024d8000c79ca791b0403eb0523234403eb02633d
:1024e80083610b7a03774b7a437730bc00207047bf
:1024f800013903290bd8dfe801f00806040210307f
:102508007047c0687047806870474068704700200f
:04251800704700bf49
:020000040000fa
:020000040001f9
:10251c002de9f04f43691d7887b0002d6cd090f8f1
:10252c003030002b61d0d0e90ae84368066a1a689b
:10253c0090f9251082fb0667c1f120033446cc408c
:10254c0007fa03f3b1f1200ccde9046744ea030464
:10255c0004d4059b43fa0cfc44ea0c04c36990f9bf
:10256c0024c0c66882fb0323cde90023059b0b41e5
:10257c00ccf11f0c1946009bacf1200703fa07f7ae
:10258c00019b4feade7949ea480903fa0cf314eb94
:10259c00090a43ea07033468dde900674feae87982
:1025ac0041eb090bccf1200126fa01f106fa0cf2f1
:1025bc0012eb0e0243ea010343eb0803039302926e
:1025cc00dde90267e317544573eb0b03c0e90a67b7
:1025dc0018dae2076310b24273eb070121db846166
:1025ec0080f8305007b0bde8f08f83681b684fea65
:1025fc0063084feac37e98e7856180f8305007b0d6
:10260c00bde8f08f03691c68e317a2457beb03035d
:10261c000adadde90267e2076310964277eb030101
:10262c00dddac0e90a23dae75446d8e700238268ea
:10263c008361126880f8303030b4d517eb0740f660
:10264c00a244d10743ea52030480c0e90a1330bc08
:10265c00704700bf092b1fd9c3690b70c3691b12cc
:10266c004b70b0f91e308b7090f91f30cb70036a31
:10267c000b71036a1b124b71b0f922308b7190f9fc
:10268c002330cb7190f824300b7290f825304b72bc
:10269c000a23138000207047012070470a2a01d0ba
:1026ac00012070478b78ca7830b44d780c781b04b5
:1026bc0003eb0523234403eb0263c3618b794d7950
:1026cc000c79ca791b0403eb0523234403eb026347
:1026dc0003620b7a80f824304b7a80f8253030bcba
:1026ec00002070470139052910d8dfe801f00507f3
:1026fc00090b0d03183070474068704780687047ad
:10270c00c068704700697047406970470020704787
:020000040000fa
:020000040001f9
:102720002de9f84fc36893f800b08246bbf1000f63
:1027300057d090f82830002b5bd0d0e9084530a363
:10274000d3e90023204629460ef0e0fab0b10ff29b
:10275000b809d9e900892aa7d7e9006720462946a0
:1027600042464b460ff082fa32463b4604460d463f
:102770000ef0ccfa0028f1d1cae9084524a3d3e928
:102780000023204629460ef045feb0b11ea7d7e92a
:1027900000670ff27c09d9e90089204629463246b4
:1027a0003b46fef7f1f942464b4604460d460ef015
:1027b00031fe0028f1d1cae90845cae90445daf832
:1027c0000410dae90623d1e9000105f0dffd224615
:1027d0002b46fef7d9f98af828b0cae90801bde806
:1027e000f88f00220023c0e904238af828b0bde84e
:1027f000f88f8368d3e90045c0e908459fe700bf2b
:10280000182d4454fb210940182d4454fb21194034
:10281000182d4454fb2109c000220023c0e90423e1
:102820008368d3e90023c0e9082340f6345200232b
:10283000028080f828307047072b15d983690b7008
:1028400083691b0a4b70438b8b70c37ecb70c3694b
:102850000b71c3691b0a4b71c38b8b71c37fcb7127
:10286000082313800020704701207047082a01d0f8
:10287000012070472de9f00f4f7891f802a091f8f0
:10288000008006463b023a0e4fea0a404fea1a47da
:1028900091f803a0181842eb07074ff0000910eb5e
:1028a00008034fea0a6047eb09084fea1a221b188f
:1028b00091f804a04ff0000048eb02021b1891f8b9
:1028c000058042eb0a0291f806a01b184fea08287f
:1028d00042eb08084fea0a4291f807a01b1848eba0
:1028e00002084fea0a6a1c1848eb0a05c6e90645c1
:1028f000bde8f00f704700bf013903290bd8dfe8ae
:1029000001f00806040210307047c0687047806804
:0c2910007047406870470020704700bf0f
:020000040000fa
:020000040001f9
:10291c0081682de9d043d0e906230446d1e90001b2
:10292c0005f02efd41ec100bfef798fd57ec106beb
:10293c0010ee102a3b4600200f490ff091f9d4e914
:10294c00082305f01dfdd4e90a2305f019fdd4e98f
:10295c000423804689463046394605f011fd42462f
:10296c004b46fef70bf9c4e904016368d3e9002375
:10297c00c4e90a23bde8d0830000f03f0023002205
:10298c00c0e90423c0e90a2340f65453038070477e
:10299c000f2b29d983690b7083691b0a4b70438bee
:1029ac008b70c37ecb70c3690b71c3691b0a4b71ef
:1029bc00c38b8b71c37fcb71036a0b72036a1b0ac7
:1029cc004b72438c8b7290f82330cb72436a0b732f
:1029dc00436a1b0a4b73c38c8b7390f82730cb73f1
:1029ec00102313800020704701207047102a01d05b
:1029fc00012070472de9f00f8b7891f8018082b09f
:102a0c000024cde900348446cc7800984fea0825a0
:102a1c001b04eb184fea18624ff0000591f8008088
:102a2c00cde900454fea104040eb020213eb0805dc
:102a3c00009b009891f805804ff000094fea036362
:102a4c0042eb0902040aed184ff000000b7942eb3f
:102a5c0004048a792d1843eb04044fea08282d1836
:102a6c0044eb08044fea0248ca792d1844eb0804d9
:102a7c0012062e1844eb0207cce906674c7a91f843
:102a8c000a8023024fea0846270e0c7a9e194fea59
:102a9c00184291f80b8042eb07070025331947ebde
:102aac0005044fea08655b194e7b0d7b4fea182233
:102abc0044eb02021b1845eb02028c7b1b184feafd
:102acc00062646eb0202ce7b1b184fea044444eb6d
:102adc000202360613eb000a42eb060bcce908abfc
:102aec0002b0bde8f00f7047022905d0032907d0ca
:102afc00012903d0002070478068704740687047f8
:042b0c0010307047ce
:020000040000fa
:020000040001f9
:102b1000018d01f00303012b30b400f0ab80022bd8
:102b200063d000220023c1f38104012c67d0022c62
:102b300004d184682468121b63ebe473c1f30114ad
:102b4000012c65d0022c04d1c4682468121b63ebed
:102b5000e473c1f38114012c63d0022c04d1046905
:102b60002468121b63ebe473c1f30124012c61d0d0
:102b7000022c04d144692468121b63ebe473c1f393
:102b80008124012c5fd0022c04d184692468121b9b
:102b900063ebe473c1f30134012c5dd0022c04d14a
:102ba000c4692468121b63ebe473890b01295bd0b1
:102bb000022904d1016a0968521a63ebe1732f4cb0
:102bc0004ff0ff35a24273eb0501b8bf22466ff00c
:102bd0000044b8bf2b4694424ff0000575eb03014b
:102be000b8bf2246426230bc704743681a68c1f3de
:102bf0008104d317524263eb4303012c97d18468bd
:102c00002468121943ebe473c1f30114012c99d128
:102c1000c4682468121943ebe473c1f38114012cd6
:102c20009bd104692468121943ebe473c1f30124b6
:102c3000012c9dd144692468121943ebe473c1f35c
:102c40008124012c9fd184692468121943ebe47319
:102c5000c1f30134012ca1d1c4692468890b121974
:102c600043ebe4730129a3d1016a0968521843ebcd
:102c7000e173a4e743681a68d31754e701000080a2
:102c800041f2c2220023028043627047012b0bd91c
:102c9000038d0b70038d10b41b0a02244b700020af
:102ca00014805df8044b704701207047022a01d060
:102cb000012070474a780b7803eb0223038500203c
:102cc000704700bf0139082918d8dfe801f007096b
:102cd0000b0d0f1113150500243070474068704725
:102ce00080687047c06870470069704740697047e6
:102cf00080697047c0697047006a7047002070475c
:020000040000fa
:020000040001f9
:102d000038b5048e04f00303012b054600f0a780bc
:102d1000022b4ff000004ff0000100f09080c4f350
:102d20008103012b00f09580022b79d0c4f30113ad
:102d3000012b7ed0022b64d0c4f38113012b69d008
:102d4000022b4fd0c4f30123012b54d0022b3ad0d5
:102d5000c4f38123012b3fd0022b25d0c4f30133d0
:102d6000012b2ad0022b0fd0a40b012c14d0022c43
:102d700002d0c5e90a0138bd2b6ad3e900230ef061
:102d800075ffc5e90a0138bdeb69a40bd3e900233f
:102d90000ef06cff012cead12b6ad3e90023fdf77a
:102da000f3fec5e90a0138bdab69d3e900230ef093
:102db0005dffc4f30133012bd4d1eb69d3e90023c8
:102dc000fdf7e2fed0e76b69d3e900230ef04eff7a
:102dd000c4f38123012bbfd1ab69d3e90023fdf7f5
:102de000d3febbe72b69d3e900230ef03fffc4f30a
:102df0000123012baad16b69d3e90023fdf7c4fe9f
:102e0000a6e7eb68d3e900230ef030ffc4f381138b
:102e1000012b95d12b69d3e90023fdf7b5fe91e78e
:102e2000ab68d3e900230ef021ffc4f30113012b9b
:102e300080d1eb68d3e90023fdf7a6fe7ce76b6841
:102e4000d3e9000303f10041c4f38103012b7ff4b4
:102e50006bafab68d3e90023fdf796fe66e74368e6
:102e6000d3e900015be700bf00230022c0e90a2389
:102e700041f2c42303807047012b0bd9038e0b70e2
:102e8000038e10b41b0a02244b70002014805df8de
:102e9000044b704701207047022a01d0012070477f
:102ea0004a780b7803eb022303860020704700bfab
:102eb0000139082918d8dfe801f007090b0d0f11b7
:102ec00013150500283070474068704780687047c8
:102ed000c0687047006970474069704780697047f3
:0c2ee000c0697047006a7047002070470e
:020000040000fa
:020000040001f9
:102eec002de9f84fc36893f800b08246bbf1000f90
:102efc0038d090f8283063b3d0e90845daf80410dc
:102f0c00294fdae90623d1e9000105f039fa224606
:102f1c002b46fdf733fe4ff0ff368046894632468e
:102f2c003b46cae90889204629460ef051fa08b3f7
:102f3c004046494632463b460ef04afa70b3cae95f
:102f4c00086734463d46cae904458af828b0bde80e
:102f5c00f88f836818680ef0c5fb04460d46cae965
:102f6c000845cbe700220023c0e904238af828b0e7
:102f7c00bde8f88f4ff0ff366ff4801720462946d6
:102f8c0032463b460ef040fa0028dcd0404649461b
:102f9c0032463b460ef038fa0028d0d134463d4636
:102fac00cae90445d1e700bfffffef7f10b5044627
:102fbc000021a368002040f68442c4e90401228069
:102fcc0018680ef08ffb0023c4e9080184f8283040
:102fdc0010bd00bf072b15d983690b7083691b0ac1
:102fec004b70438b8b70c37ecb70c3690b71c36901
:102ffc001b0a4b71c38b8b71c37fcb71082313805e
:10300c000020704701207047082a01d0012070472a
:10301c002de9f00f4f7891f802a091f80080064648
:10302c003b023a0e4fea0a404fea1a4791f803a0c6
:10303c00181842eb07074ff0000910eb08034fea92
:10304c000a6047eb09084fea1a221b1891f804a0f2
:10305c004ff0000048eb02021b1891f8058042eb80
:10306c000a0291f806a01b184fea082842eb080840
:10307c004fea0a4291f807a01b1848eb02084feae6
:10308c000a6a1c1848eb0a05c6e90645bde8f00fac
:10309c00704700bf013903290bd8dfe801f008069f
:1030ac00040210307047c0687047806870474068f1
:0830bc0070470020704700bfbf
:020000040000fa
:020000040001f9
:1030c400038d03f00302012a00f09f80022a09bf46
:1030d4004268dfed507ad2ed007af1ee677ac3f3fd
:1030e4008102012a00f08b80022a79d0c3f30112f5
:1030f400012a7ed0022a64d0c3f38112012a69d046
:10310400022a4fd0c3f30122012a54d0022a3ad012
:10311400c3f38122012a3fd0022a25d0c3f301320e
:10312400012a2ad0022a0fd09b0b012b14d0022b88
:1031340002d0c0ed097a7047036a93ed007a77ee06
:10314400c77ac0ed097a7047c2699b0b92ed007a89
:10315400012b77eec77aead1036a93ed007a77ee12
:10316400877ac0ed097a7047826992ed007ac3f3d9
:103174000132012a77eec77ad4d1c26992ed007a7e
:1031840077ee877ad0e7426992ed007ac3f3812221
:10319400012a77eec77abfd1826992ed007a77ee81
:1031a400877abbe7026992ed007ac3f30122012a10
:1031b40077eec77aaad1426992ed007a77ee877ae0
:1031c400a6e7c26892ed007ac3f38112012a77ee72
:1031d400c77a95d1026992ed007a77ee877a91e702
:1031e400826892ed007ac3f30112012a77eec77a5e
:1031f40080d1c26892ed007a77ee877a7ce78268a4
:1032040092ed007a77ee877a70e74268d2ed007a21
:1032140065e700bf00000000002341f2c3220280e2
:1032240043627047012b0bd9038d0b70038d10b4cf
:103234001b0a02244b70002014805df8044b704775
:1032440001207047022a01d0012070474a780b7888
:1032540003eb022303850020704700bf01390829ce
:1032640018d8dfe801f007090b0d0f11131505003d
:10327400243070474068704780687047c068704762
:10328400006970474069704780697047c06970473a
:08329400006a7047002070473a
:020000040000fa
:020000040001f9
:10329c002de9f00f436945681c7882b0002c55d09d
:1032ac0090f83030002b4dd0c26a90f928102e685f
:1032bc00d0e9073782fb0323c6fb0723c1f12006a5
:1032cc00b1f1200722fa01fc03fa06f64cea060ccf
:1032dc005cbf43fa07f74cea070c8669476ac26879
:1032ec0087fb0667cde900679b46019bf60f46ea14
:1032fc0043064bfa01f30199bceb06084feae17661
:10330c0011686ff0004263eb06090023424573eb32
:10331c00090c4feae1771bdb154a4ff0ff33904560
:10332c0079eb030cbcbf90469946414577eb0903fa
:10333c0014da81612b68c36280f8304002b0bde8ba
:10334c00f00f704783681a68c262aee78461f1e7d8
:10335c009f4204bf91426ff00041eae703691a688b
:10336c00d317424573eb0901b8bf42461146e0e75b
:10337c0001000080002340f6b25202808361c362d8
:10338c0080f83030704700bf0c2b27d9c3690b7005
:10339c00c3691b124b70b0f91e308b7090f91f3043
:1033ac00cb70036a0b71036a1b124b71b0f922309c
:1033bc008b7190f92330cb71436a0b72436a1b12e9
:1033cc004b72b0f926308b7290f92730cb7290f893
:1033dc0028300b730d231380002070470120704799
:1033ec000d2a01d0012070478b78ca7830b44d7803
:1033fc000c781b0403eb0523234403eb0263c3612a
:10340c008b794d790c79ca791b0403eb0523234482
:10341c0003eb026303628b7a4d7a0c7aca7a1b0433
:10342c0003eb0523234403eb026343620b7b80f81d
:10343c00283030bc002070470139052910d8dfe84e
:10344c0001f00507090b0d031830704740687047f1
:10345c0080687047c0687047006970474069704762
:04346c000020704785
:020000040000fa
:020000040001f9
:10347000c3681978002900f0838090f828302de97e
:10348000f041002b40d1436890f918601a688768b2
:1034900043693f68c6f11f0682fb0323a6f1200e95
:1034a00003fa06fc02fa0efec6f120084cea0e0ce6
:1034b00002fa06f622fa08f84feac77e16eb0e0467
:1034c0004cea080c4fea67064ceb0605c0e90845d4
:1034d0004feade7242ea4602f317304e4ff0ff37f2
:1034e000b24273eb07060ada4ff000424ff0404356
:1034f000944275eb03044edac0e9082301320261fd
:1035000080f82810bde8f081436890f918601a68c7
:103510004369c6f11f06d0e908c782fb0323a6f161
:10352000200803fa06fe02fa08f84eea080ec6f171
:10353000200822fa08f802fa06f64feadc7216ebc7
:103540000c044eea080e42ea47024eeb0705fb1751
:10355000b2f1004f73f10006c0e90845bddb4ff042
:1035600000426ff04043a24273eb05040cdac0e95d
:1035700008236ff00042026180f82810bde8f08156
:10358000016180f8281070476ff00042026180f8f6
:103590002810bde8f081014ab1e700bf01000080ba
:1035a000002382680361126880f8283030b4d51790
:1035b000eb0740f68244d10743ea52030480c0e996
:1035c000081330bc704700bf042b10d943690b703f
:1035d00043691b124b70b0f916308b7090f917309d
:1035e000cb70037e0b7105231380002070470120f0
:1035f000704700bf052a01d0012070478b78ca7838
:1036000030b44d780c781b0403eb0523234403eb03
:10361000026343610b79037630bc0020704700bf22
:10362000013903290bd8dfe801f008060402103045
:103630007047c068704780687047406870470020d6
:04364000704700bf10
:020000040000fa
:020000040001f9
:10364400c28c02f00303012b00f09e80022b57d0a2
:103654000023c2f3810101295bd0022904d18168ce
:1036640091f900105b1a1bb2c2f30111012959d060
:10367400022904d1c16891f900105b1a1bb2c2f38c
:103684008111012957d0022904d1016991f900104f
:103694005b1a1bb2c2f30121012955d0022904d1be
:1036a400416991f900105b1a1bb2c2f3812101290f
:1036b40053d0022904d1816991f900105b1a1bb21d
:1036c400c2f30131012951d0022904d1c16991f910
:1036d40000105b1a1bb2920b012a4fd0022a04d1ac
:1036e400026a92f900209b1a1bb26ff07e02934289
:1036f400b8bf13467f2ba8bf7f2380f824307047c0
:10370400436893f90030c2f381015b4201291bb283
:10371400a3d1816891f900100b44c2f3011101296e
:103724001bb2a5d1c16891f900100b44c2f38111f9
:1037340001291bb2a7d1016991f900100b44c2f30e
:10374400012101291bb2a9d1416991f900100b444f
:10375400c2f3812101291bb2abd1816991f9001017
:103764000b44c2f3013101291bb2add1c16991f9f6
:103774000010920b0b44012a1bb2afd1026a92f9da
:10378400002013441bb2b0e7436893f9003060e7ac
:103794004ff496520023028080f82430704700bf13
:1037a400012b0bd9c38c0b70c38c10b41b0a0224dd
:1037b4004b70002014805df8044b70470120704763
:1037c400022a01d0012070474a780b7803eb0223c8
:1037d400c3840020704700bf0139082918d8dfe8e6
:1037e40001f007090b0d0f11131505002430704764
:1037f4004068704780687047c068704700697047c8
:103804004069704780697047c0697047006a7047b3
:0438140000207047d9
:020000040000fa
:020000040001f9
:103818008168d0b5d1e900670446d0e90623394666
:1038280030460df06ffa30b16368a362d3e9002324
:10383800c4e90423d0bd30463946d4e908230df045
:10384800e5fd08b9a36af1e7e368a362eee700bf04
:1038580000220023c0e904238422c3680280836213
:10386800704700bf0f2b29d983690b7083691b0a26
:103878004b70438b8b70c37ecb70c3690b71c3696c
:103888001b0a4b71c38b8b71c37fcb71036a0b729d
:10389800036a1b0a4b72438c8b7290f82330cb72ed
:1038a800436a0b73436a1b0a4b73c38c8b7390f880
:1038b8002730cb73102313800020704701207047f6
:1038c800102a01d0012070472de9f00f8b7891f86c
:1038d800018082b00024cde900348446cc78009879
:1038e8004fea08251b04eb184fea18624ff0000551
:1038f80091f80080cde900454fea104040eb020204
:1039080013eb0805009b009891f805804ff000091b
:103918004fea036342eb0902040aed184ff0000076
:103928000b7942eb04048a792d1843eb04044fea1f
:1039380008282d1844eb08044fea0248ca792d18c4
:1039480044eb080412062e1844eb0207cce906677c
:103958004c7a91f80a8023024fea0846270e0c7a1f
:103968009e194fea184291f80b8042eb0707002591
:10397800331947eb05044fea08655b194e7b0d7b4d
:103988004fea182244eb02021b1845eb02028c7b1b
:103998001b184fea062646eb0202ce7b1b184fea9d
:1039a800044444eb0202360613eb000a42eb060b12
:1039b800cce908ab02b0bde8f00f70470139032924
:1039c8000bd8dfe801f00806040210307047c06821
:1039d800704780687047406870470020704700bf94
:020000040000fa
:020000040001f9
:1039e8002de9f84f436993f800b08246bbf1000f08
:1039f80032d090f830304bb3d0e90a67daf80410c7
:103a0800dae90823d1e9000104f0bcfc32463b4660
:103a1800fdf7b6f880468946cae90a89daf80c3013
:103a2800d3e9004532463b46204629460df0eefcd8
:103a3800d0b14046494622462b460df0cbfc30bb60
:103a4800cae906458af830b0bde8f88f8368d3e93b
:103a58000067c0e90a67d1e700220023c0e906230e
:103a68008af830b0bde8f88fdaf81030d3e90045ad
:103a780032463b46204629460df0acfc50b1404644
:103a8800494622462b460df0c1fc0028d8d0cae989
:103a98000a45d5e734463d46d2e700bf0022002359
:103aa800c0e906238368d3e90023c0e90a2340f666
:103ab80044520023028080f830307047072b17d912
:103ac800036a0b70036a1b0a4b70438c8b7090f867
:103ad8002330cb70436a0b71436a1b0a4b71c38c4a
:103ae8008b7190f82730cb71082313800020704722
:103af80001207047082a01d0012070472de9f00ff6
:103b08004f7891f802a091f8008006463b023a0ee1
:103b18004fea0a404fea1a4791f803a0181842ebf7
:103b280007074ff0000910eb08034fea0a6047eb5c
:103b380009084fea1a221b1891f804a04ff0000058
:103b480048eb02021b1891f8058042eb0a0291f833
:103b580006a01b184fea082842eb08084fea0a4259
:103b680091f807a01b1848eb02084fea0a6a1c18cc
:103b780048eb0a05c6e90845bde8f00f704700bfe5
:103b88000139052910d8dfe801f00507090b0d03f5
:103b9800183070474068704780687047c068704741
:0c3ba800006970474069704700207047ba
:020000040000fa
:020000040001f9
:103bb40043692de9f0411c78002c54d090f8322050
:103bc400002a47d0b0f92870b0f93030c66a456889
:103bd400b0f91e10b5f900c0028c90f926e0b0f8d7
:103be4001c8007fb01f7b0f922101cfb027203fbd7
:103bf40001f142fa0ef2244b90f92570a2ebe13266
:103c04009a42b8bf1a4647f6ff7e724518fb0cf37a
:103c1400a8bf72463b41418b90f924e0c76811fb71
:103c24000cf1b7f90070cef10f0c134401fa0cf14a
:103c340003ebe63331449f42c16219dafb03994234
:103c44001edc0783b5f900300385028680f8324014
:103c5400bde8f0818368b3f9001002851346ce03f2
:103c640002861746b3e7048380f83240bde8f0814a
:103c74000669b6f900709f4204ddfb039942e0da5d
:103c8400c362dee71fb2dce70180ffff40f6c143f9
:103c94000380826800230383b2f900200385d203e2
:103ca400c262038680f83230704700bf0c2b25d9de
:103cb400438b0b7090f91b304b70838b8b7090f996
:103cc4001d30cb70c38b0b7190f91f304b71038c7b
:103cd4008b7190f92130cb71438c0b7290f92330a6
:103ce4004b7290f824308b7290f82530cb7290f898
:103cf40026300b730d23138000207047012070477a
:103d04000d2a01d0012070474a780b7803eb022377
:103d14004383ca788b7803eb022383834a790b7934
:103d240003eb0223c383ca798b7903eb0223038455
:103d34004a7a0b7a03eb022343848b7a80f824308b
:103d4400cb7a80f825300b7b80f826300020704732
:103d54000139052910d8dfe801f00507090b0d0327
:103d6400183070474068704780687047c068704773
:0c3d7400006970474069704700207047ec
:020000040000fa
:020000040001f9
:103d8000c3682de9f0431c78002c53d090f82a200a
:103d9000002a47d0b0f92020b0f92830456a46689b
:103da000b0f91680b6f90070018b90f91ee0b0f9f9
:103db0001ac090f91d9002fb08f217fb012103fbca
:103dc0000cf341fa0ef1dff898c0828ab0f8128045
:103dd000a1ebe3316145b8bf614647f6ff7e12fbb8
:103de00007f2714590f91c30a8bf714642fa09f2fa
:103df000c3f10f0318fb07f70a449f4002ebe533ba
:103e0000b3f5004f3d44456219db134b9d4221dc65
:103e1000a0f810e0b6f900300384018580f82a404c
:103e2000bde8f0838368b3f9005002841346ed03c4
:103e30000285b4e7048280f82a40bde8f083634538
:103e400005da064b9d42b8bf4362e646e0e70ffa4b
:103e500083fedde74362dbe70080ff3f008000c0b8
:103e60000180ffff40f6b143038082680023038294
:103e7000b2f900200384d2034262038580f82a301d
:103e8000704700bf0c2b22d9438a0b7090f9133076
:103e90004b70838a8b7090f91530cb70c38a0b718d
:103ea00090f917304b71038b8b7190f91930cb71ee
:103eb000438b0b7290f91b304b72037f8b72437fe5
:103ec000cb72837f0b730d2313800020704701207a
:103ed000704700bf0d2a01d0012070474a780b7847
:103ee00003eb02234382ca788b7803eb022383829d
:103ef0004a790b7903eb0223c382ca798b7903ebee
:103f0000022303834a7a0b7a03eb022343838b7adf
:103f10000377cb7a43770b7b83770020704700bf12
:103f2000013903290bd8dfe801f00806040210303c
:103f30007047c068704780687047406870470020cd
:043f4000704700bf07
:020000040000fa
:020000040001f9
:103f4400c28c02f00303012b00f09480022b05bf06
:103f54004368b3f9003000235b42c2f381010129b5
:103f640000f08380022973d0c2f30111012977d0b4
:103f7400022960d0c2f38111012964d002294dd0f5
:103f8400c2f30121012951d002293ad0c2f381217f
:103f940001293ed0022927d0c2f3013101292bd0b7
:103fa400022914d0920b012a19d0022a0ad03349cb
:103fb4008b4247f6ff72b8bf0b469342a8bf134625
:103fc40083847047026ab2f900209b1aefe7c16943
:103fd400920bb1f90010012aa3eb0103e5d1026aa7
:103fe400b2f900201344e2e78169b1f900105b1ac9
:103ff400c2f301310129d3d1c169b1f900100b44d5
:10400400d0e74169b1f900105b1ac2f3812101299b
:10401400c0d18169b1f900100b44bde70169b1f960
:1040240000105b1ac2f301210129add14169b1f934
:1040340000100b44aae7c168b1f900105b1ac2f37f
:10404400811101299ad10169b1f900100b4497e754
:104054008168b1f900105b1ac2f30111012987d1fb
:10406400c168b1f900100b4484e78168b1f900100c
:104074000b4479e74368b3f900306ee70180ffff32
:1040840041f2c1220023028083847047012b0bd9a3
:10409400c38c0b70c38c10b41b0a02244b70002019
:1040a40014805df8044b704701207047022a01d048
:1040b400012070474a780b7803eb0223c384002065
:1040c400704700bf0139082918d8dfe801f0070953
:1040d4000b0d0f111315050024307047406870470d
:1040e40080687047c06870470069704740697047ce
:1040f40080697047c0697047006a70470020704744
:020000040000fa
:020000040001f9
:104104004268836a12689a422de9f04306dbc36a67
:104114009a423ddd6ff00044002202e02e4c4ff045
:10412400ff3290f91010c668c1f1200cb1f12005de
:1041340002fa0cf724fa01f358bf42fa05f543eaf0
:104144000703028b58bf2b4313449bb206eb830730
:1041540056f8232045697e68d317b6eb020e4fea62
:10416400e67805ea040668eb0307aefb064506fba2
:10417400075505fa0cf724fa01f6203946ea070632
:104184005cbf45fa01f10e4392198260bde8f083e9
:10419400c569446a90f92010b2eb04084feae2734f
:1041a4004feae57763ebe47908fb07f4a8fb052302
:1041b40005fb09442344c1f1200522fa01f4b1f1bd
:1041c400200603fa05f544ea05045cbf43fa06f643
:1041d400344343fa01f2a4e7010000804ff4f9727a
:1041e4000023028083607047172b3dd9037c0b703a
:1041f40043694b7043691b0a8b70c38acb70c37dc0
:104204000b71038b4b71038b1b0a8b71c369cb71cd
:10421400c3691b0a0b72c38b4b72c37f8b7290f8fa
:104224002030cb72436a0b73436a1b0a4b73c38cf3
:104234008b7390f82730cb73836a0b74836a1b0ae1
:104244004b74438d8b7490f82b30cb74c36a0b750d
:10425400c36a1b0a4b75c38d8b7590f82f30cb75d1
:10426400182313800020704701207047182a01d0ba
:10427400012070470b780374d1f801304361b1f821
:1042840005300383d1f80730c361cb7a80f820303e
:10429400cb6843620b6983624b69c3620020704739
:1042a400012905d0022901d1083070470020704748
:0442b40040687047a7
:020000040000fa
:020000040001f9
:1042b80043682de9d043d3e90067d0e9048904466f
:1042c800c0e9026742464b46304639460df082f84f
:1042d80040b9d4e906893046394642464b460df086
:1042e80095f808b1c4e90289bde8d083002300220b
:1042f800c0e9022354230380704700bf0f2b27d93e
:1043080003690b7003691b0a4b70438a8b70c37c6b
:10431800cb7043690b7143691b0a4b71c38a8b715c
:10432800c37dcb7183690b7283691b0a4b72438b04
:104338008b72c37ecb72c3690b73c3691b0a4b7341
:10434800c38b8b73c37fcb731023138000207047fc
:1043580001207047102a01d0012070472de9f00f85
:104368008b7891f8018082b00024cde9003484462e
:10437800cc7800984fea08251b04eb184fea18621e
:104388004ff0000591f80080cde900454fea104054
:1043980040eb020213eb0805009b009891f805809a
:1043a8004ff000094fea036342eb0902040aed18d3
:1043b8004ff000000b7942eb04048a792d1843eb87
:1043c80004044fea08282d1844eb08044fea024871
:1043d800ca792d1844eb080412062e1844eb02077c
:1043e800cce904674c7a91f80a8023024fea084620
:1043f800270e0c7a9e194fea184291f80b8042eb6f
:1044080007070025331947eb05044fea08655b19d0
:104418004e7b0d7b4fea182244eb02021b1845eb3a
:1044280002028c7b1b184fea062646eb0202ce7b63
:104438001b184fea044444eb0202360613eb000a49
:1044480042eb060bcce906ab02b0bde8f00f7047b3
:10445800012905d0022901d1083070470020704792
:0444680040687047f1
:020000040000fa
:020000040001f9
:10447000416870b5d0e904230646d1e9000103f094
:1044800085ff29a3d3e9002304460d460cf03efc2a
:1044900040bb27a3d3e90023204629460cf0baffee
:1044a00010b9c6e9024570bd45ec104b9fed1c1bd1
:1044b000fdf70afb55ec104b1da3d3e9002310eeca
:1044c000100a29460cf0a6ff0028ead0204629460b
:1044d00013a3d3e90023fcf757fb04460d46c6e9b6
:1044e000024570bd45ec104b9fed0d1bfdf7ecfa3e
:1044f00055ec104b0ca3d3e9002310ee100a29460b
:104500000cf004fc0028ccd02046294604a3d3e9b3
:1045100000230df0abfb04460d46c6e9024570bd15
:10452000182d4454fb211940182d4454fb210940f7
:10453000182d4454fb2109c000230022c0e90223a6
:1045400024230380704700bf072b15d903690b7024
:1045500003691b0a4b70438a8b70c37ccb70436921
:104560000b7143691b0a4b71c38a8b71c37dcb717d
:10457000082313800020704701207047082a01d0cb
:10458000012070472de9f00f4f7891f802a091f8c3
:10459000008006463b023a0e4fea0a404fea1a47ad
:1045a00091f803a0181842eb07074ff0000910eb31
:1045b00008034fea0a6047eb09084fea1a221b1862
:1045c00091f804a04ff0000048eb02021b1891f88c
:1045d000058042eb0a0291f806a01b184fea082852
:1045e00042eb08084fea0a4291f807a01b1848eb73
:1045f00002084fea0a6a1c1848eb0a05c6e9044596
:10460000bde8f00f704700bf012905d0022901d194
:0c46100008307047002070474068704779
:020000040000fa
:020000040001f9
:10461c00c36841681a78002a4cd090f828302de9ec
:10462c00f00f002b42d0456a0e6890f92030d0e98b
:10463c00054785fb0445c6fb0745c3f1200624fa54
:10464c0003fc05fa06f6b3f120074cea060c0469e4
:10465c00c6695cbf45fa07f74cea070c86fb046792
:10466c00f40f44ea4704bceb040845fa03f34feaa1
:10467c00e77463eb0409124c4ff0ff35a04579eb5e
:10468c000503b8bfa0466ff00046b8bfa946002787
:10469c00464577eb09034446b8bf344604610b68c2
:1046ac00436280f82820bde8f00f704783681d68ce
:1046bc004562b9e702610b68436280f828207047b5
:1046cc0001000080002340f6a25202800361436285
:1046dc0080f82830704700bf0c2b27d943690b702a
:1046ec0043691b124b70b0f916308b7090f9173070
:1046fc00cb7083690b7183691b124b71b0f91a3043
:10470c008b7190f91b30cb71c3690b72c3691b128f
:10471c004b72b0f91e308b7290f91f30cb7290f83f
:10472c0020300b730d23138000207047012070473d
:10473c000d2a01d0012070478b78ca7830b44d789f
:10474c000c781b0403eb0523234403eb0263436146
:10475c008b794d790c79ca791b0403eb052323441f
:10476c0003eb026383618b7a4d7a0c7aca7a1b0451
:10477c0003eb0523234403eb0263c3610b7b80f83b
:10478c00203030bc00207047013903290bd8dfe8fa
:10479c0001f00806040210307047c068704780684a
:0c47ac007047406870470020704700bf55
:020000040000fa
:020000040001f9
:1047b800154a012330b41360936813f00103fbd149
:1047c8004ff4805111605361546910480e492043d9
:1047d800052540f6b7345061d56353649364d364b8
:1047e800136553659365146493694ff4004443f06b
:1047f800ff0348f238109361946210628b68002bb3
:10480800fcd130bc704700bf00600141000f262674
:10481800044a136843f00203136093689b07fcd4af
:10482800704700bf00600141044a136823f0020387
:10483800136093689b07fcd4704700bf0060014178
:10484800044b1a6b12065dbf20f07f40d86601202a
:104858000020704700600141034a93681b06fcd49e
:10486800106c20f07f40704700600141054a536991
:104878009bb25361536943ea014141ea00615161c6
:10488800704700bf00600141054b1a6b92065dbf7f
:1048980040ea0120a3f8640001200020704700bf0f
:1048a80000600141074a537943f0800353719368cc
:1048b8005b07fcd4034a537913f0e00ffbd1506b2c
:1048c800704700bf00600141034a20f07f405063f9
:1048d8009368db06fcd4704700600141044a5379b1
:1048e80043f06003537193685b07fcd4704700bfc3
:1048f80000600141014b01229a627047006001414a
:10490800014b01225a62704700600141014b186057
:1049180059607047dc2e0020094b0a4a10b44ff644
:10492800ff745168d86adc62db6a136823b11368c4
:104938005df8044b80b218475df8044b704700bf20
:0849480000600141dc2e00209b
:020000040000fa
:020000040001f9
:1049500043691978002961d090f92530f0b5002b12
:1049600050d090f921c090f92420b0f92250446829
:1049700090f91b6094f9007090f91c3090f920e0d8
:1049800016fb0cf603fb076390f91dc090f9196044
:104990001bb202fb0cfc43fa0ef390f91ee090f9f7
:1049a0001a20a3ebec131bb2cef1070c6ff07e0eb6
:1049b000734516fb07f612fb07f290f91f70b8bf9c
:1049c000734606fa0cf63a412e447f2ba8bf7f238c
:1049d00002ebe51236b2c56846841a4492b295f9e4
:1049e000005017b2bd421ddaea01964200dd428452
:1049f000057694f9002080f8212080f8243080f892
:104a00002510f0bd826892f9002080f82130d50190
:104a100045841a4680f824309c46a8e7017680f841
:104a200025107047056995f90050bd4203ddea0184
:104a30009642dddadbe755b2dae700bf4ff44c63ac
:104a4000038082680023037692f9002080f82130e9
:104a5000d201428483847047072b14d9437e0b70a4
:104a6000837e4b70c37e8b70037fcb70437f0b7153
:104a7000837f4b71c37f8b7190f82030cb710823fb
:104a80001380002070470120704700bf082a01d022
:104a9000012070470b7843764b7883768b78c3760a
:104aa000cb7803770b7943774b7983778b79c3770f
:104ab000cb7980f820300020704700bf01390529ec
:104ac00010d8dfe801f00507090b0d031830704717
:104ad0004068704780687047c068704700697047d9
:084ae000406970470020704797
:020000040000fa
:020000040001f9
:104ae8002de9f04790f91f3090f91e504268057380
:104af800437392f90090826890f912c092f900e02d
:104b080090f90f4090f9102090f90e7090f81aa0c3
:104b180090f911801cfb09f118fb03f814fb03f44e
:104b280017fb05f741fa0afc12fb05f5c37d817de9
:104b3800427e0f411c4148fa02f190f91430027e7e
:104b480090f81c803c4445fa02f213fb09f390f9f3
:104b5800137090f9155043fa08f390f81b8017fb6f
:104b68000ef715fb0ef590f81de00a4447fa08f712
:104b780004eb0c011a4445fa0ef439446ff07e0632
:104b8800224409b213b2b1420a46b8bf3246b34210
:104b9800b8bf33467f2aa8bf7f227f2ba8bf7f23b9
:104ba8008277c377bde8f08700234ff45262028012
:104bb8008381c383704700bf0f2b23d9837b0b707e
:104bc800c37b4b70037c8b70437ccb70837c0b71f5
:104bd800c37c4b71037d8b71437dcb71837d0b72dd
:104be800c37d4b72037e8b72437ecb72837e0b73c5
:104bf800c37e4b73037f8b73437fcb731023138068
:104c08000020704701207047102a01d0012070470a
:104c18000b7883734b78c3738b780374cb784374a6
:104c28000b7983744b79c3748b790375cb7943758e
:104c38000b7a83754b7ac3758b7a0376cb7a437676
:104c48000b7b83764b7bc3768b7b0377cb7b43775e
:104c580000207047013903290bd8dfe801f0080666
:104c680004020d3070470c30704780687047406808
:084c780070470020704700bfe7
:020000040000fa
:020000040001f9
:104c8000c3681978002959d090f91d302de9f041f9
:104c9000002b49d090f919c090f91c70b0f91a4056
:104ca000456890f9132095f9006090f9143090f957
:104cb00018e090f9178012fb0cf203fb062390f921
:104cc00015c090f912201bb207fb0cf743fa0ef344
:104cd000a3ebe7131bb26ff07e0c634512fb06f2e9
:104ce000b8bf63467f2b90f9117090f916e042fa35
:104cf00008f2a8bf7f2302ebe41217fb06f6cef101
:104d0000070e1a4406fa0ef692b2344416b224b2d2
:104d10007f2e448315ddb4f57e5f26dd4ff47e5291
:104d200042834ff07f0c17e0826892f9004043768f
:104d3000e4011f46448303779c46b1e70174417741
:104d400070477f3606da14f57e5f4cf2800203da94
:104d5000428301e04ffa82fc80f810c095f90020f0
:104d6000427603774177bde8f0814ff07f0cf3e79f
:104d70004ff44b63038082680023037492f9002090
:104d80004376d20142838383704700bf072b13d938
:104d9000437c0b70837c4b70c37c8b70037dcb702a
:104da000437d0b71837d4b71c37d8b71037ecb7112
:104db000082313800020704701207047082a01d083
:104dc000012070470b7843744b7883748b78c374dd
:104dd000cb7803750b7943754b7983758b79c375e4
:104de000cb79037600207047013903290bd8dfe81f
:104df00001f00806040210307047c06870478068f0
:0c4e00007047406870470020704700bffa
:020000040000fa
:020000040001f9
:104e1000f8b5c3681d78044625b943681b6803616b
:104e20002577f8bd037f23b983681b680361257765
:104e3000f8bd4368d0ed046a93ed007a77ee667aa8
:104e4000f5eec07af1ee10fa20dd90ed056ab4eed1
:104e5000e76af1ee10fa3dd576ee867a17ee900a03
:104e60000cf046fc1ea3d3e9002306460f460bf0c8
:104e70004dff0028d4d01ca3d3e900233046394687
:104e80000cf0f4fe0bf038fa2061c9e7c8d590edbc
:104e9000066af1ee677af4eec67af1ee10fa19dde1
:104ea00076eec67a17ee900a0cf022fc10a3d3e936
:104eb000002306460f460cf0adfa0028b0d00aa336
:104ec000d3e9002330463946fbf75efe0bf014fab7
:104ed0002061a5e780ed047aa2e700bfaff3008070
:104ee000182d4454fb210940182d4454fb2119402e
:104ef000182d4454fb2109c0002240f22311002345
:104f00000180026103777047072b15d943690b7045
:104f100043691b0a4b70c38a8b70c37dcb70836956
:104f20000b7183691b0a4b71438b8b71c37ecb71f1
:104f3000082313800020704701207047082a01d001
:104f4000012070478b78ca7830b44d780c781b04f8
:104f500003eb0523234403eb026343618b794d7913
:104f60000c79ca791b0403eb0523234403eb02638a
:104f7000836130bc00207047013903290bd8dfe87a
:104f800001f00806040210307047c068704780685e
:0c4f90007047406870470020704700bf69
:020000040000fa
:020000040001f9
:104f9c004268b0f91c30b2f900209342f0b407dc3f
:104fac00b0f91e3093421dda47f6ff72134601e04a
:104fbc00134a134690f91040878ac568468a2241e5
:104fcc003a4492b205eb420135f91220b1f90210c4
:104fdc003340891a1bb203fb01f3234113440381b1
:104fec00f0bc7047b0f91a40b0f9163090f91810af
:104ffc00121b03fb02f30b411bb21a46dae700bf8c
:10500c000180ffff40f2f5120023028003817047fc
:10501c00b3f5047f44d370b400234e1c40f2022538
:10502c00c468e45acc54c468e45a240af4540233d5
:10503c00ab42f5d1037c81f80232438a81f803320a
:10504c00438a1b0a81f80432838a81f80532838ae9
:10505c001b0a81f80632c38a81f80732c38a1b0afd
:10506c0081f80832037e81f80932438b81f80a32c9
:10507c00438b1b0a81f80b32838b81f80c32838ba8
:10508c001b0a81f80d32c38b81f80e32c38b4ff49f
:10509c0004741b0a81f80f320020148070bc704716
:1050ac0001207047b2f5047f01d00120704770b425
:1050bc00c4680b46023c01f202265d7813f8022b01
:1050cc0042ea0522b34224f8022ff6d191f80232bb
:1050dc000374b1f803324382b1f805328382b1f81c
:1050ec000732c38291f809320376b1f80a3243834e
:1050fc00b1f80c328383b1f80e32c38370bc00203c
:10510c00704700bf012905d0022901d10830704732
:08511c00002070474068704755
:020000040000fa
:020000040001f9
:105128002de9f04759ec108b594f18eb080029f07e
:10513800004343eb030100268f4208bf864282b03a
:10514800c0f0848053490020994208bf404510eec2
:10515800102aca467dd310ee104a1d4601270026a4
:1051680043a1d1e900019042994126da42a3d3e94b
:1051780000232046294603f005f90022464b0cf08f
:1051880071fd0022444b0cf06dfd22462b46fbf7c7
:10519800f7fc3ba3d3e900238046894620462946ed
:1051a800fbf7eefc02460b4640464946fcf794fde9
:1051b8003e4604460d4602460b460ff2cc09d9e995
:1051c800008923f00041894508bf904527d222462f
:1051d8002b462046294603f0d5f802460b46804662
:1051e80089462e48042107f0effe4246cde900012a
:1051f8004b4604212a4809f001fa02460b46dde92c
:105208000001fcf769fd22462b4603f0bbf8024675
:105218000b4620462946fbf7b3fc04460d46012ef3
:1052280022dd05f100431d461e4b03ebc606204652
:105238002946d6e90023fbf7a3fc04460d460af0ed
:10524800004a22468aea050343ec102b02b0bde867
:10525800f08700200f49fcf73ffd032704460d4661
:1052680002460b4602267be7002ee8d0dce700bfab
:1052780058cd9e5e1426d13f5499b0d0f56ce73fc7
:10528800aa4c58e87ab6fb3fbbbdd7d9df7cdb3ddb
:105298000000e0ff0000f03f0000e03f18f80100c8
:0852a80038f80100f8f70100dd
:020000040000fa
:020000040001f9
:1052b0004168c369c268096890f918c0c1612de9e5
:1052c000f047066990f919a082fb0323c1fb06236e
:1052d000ccf12006bcf1200722fa0cfe03fa06f6f8
:1052e00058bf43fa07f74eea060e58bf4eea070ebc
:1052f00086684769caf1200887fb0667baf120096a
:1053000043fa0cfc07fa08f826fa0af343ea080302
:105310005cbf47fa09f943ea0903beeb030447fa05
:105320000af26ceb02050b4a4ff0ff33944275eb27
:105330000306b8bf14466ff00042b8bf1d46a24234
:105340004ff0000373eb0501b8bf14468460bde85d
:10535000f08700bf01000080002340f60252028067
:105360008360c361704700bf0d2b28d9c3680b70e1
:10537000c3681b124b70b0f90e308b7090f90f3070
:10538000cb7003690b7103691b124b71b0f91230ba
:105390008b7190f91330cb7143690b7243691b1207
:1053a0004b72b0f916308b7290f91730cb72037ec6
:1053b0000b73437e4b730e23138000207047012034
:1053c000704700bf0e2a01d0012070478b78ca7841
:1053d00030b44d780c781b0403eb0523234403eb16
:1053e0000263c3608b794d790c79ca791b0403eb96
:1053f0000523234403eb026303618b7a4d7a0c7a15
:10540000ca7a1b0403eb0523234403eb02634361c5
:105410000b7b03764b7b437630bc0020704700bf8c
:10542000012905d0022901d10830704700207047ba
:045430004068704719
:020000040000fa
:020000040001f9
:105434004168c369c268096890f918c0c1612de95f
:10544400f047066990f919a082fb0323c1fb0623e8
:10545400ccf12006bcf1200722fa0cfe03fa06f672
:1054640058bf43fa07f74eea060e58bf4eea070e36
:1054740086684769caf1200887fb0667baf12009e4
:1054840043fa0cfc07fa08f826fa0af343ea08037d
:105494005cbf47fa09f943ea0903beeb030447fa80
:1054a4000af26ceb02050b4a4ff0ff33944275eba2
:1054b4000306b8bf14466ff00042b8bf1d46a242af
:1054c4004ff0000373eb0501b8bf14468460bde8d8
:1054d400f08700bf01000080002340f6f242028002
:1054e4008360c361704700bf0d2b28d9c3680b705c
:1054f400c3681b124b70b0f90e308b7090f90f30eb
:10550400cb7003690b7103691b124b71b0f9123034
:105514008b7190f91330cb7143690b7243691b1281
:105524004b72b0f916308b7290f91730cb72037e40
:105534000b73437e4b730e231380002070470120ae
:10554400704700bf0e2a01d0012070478b78ca78bb
:1055540030b44d780c781b0403eb0523234403eb90
:105564000263c3608b794d790c79ca791b0403eb10
:105574000523234403eb026303618b7a4d7a0c7a8f
:10558400ca7a1b0403eb0523234403eb0263436140
:105594000b7b03764b7b437630bc0020704700bf07
:1055a400012905d0022901d1083070470020704735
:0455b4004068704794
:020000040000fa
:020000040001f9
:1055b8004168c369c268096890f918c0c1612de9da
:1055c800f047066990f919a082fb0323c1fb062363
:1055d800ccf12006bcf1200722fa0cfe03fa06f6ed
:1055e80058bf43fa07f74eea060e58bf4eea070eb1
:1055f80086684769caf1200887fb0667baf120095f
:1056080043fa0cfc07fa08f826fa0af343ea0803f7
:105618005cbf47fa09f943ea0903beeb030447fafa
:105628000af26ceb02050b4a4ff0ff33944275eb1c
:105638000306b8bf14466ff00042b8bf1d46a24229
:105648004ff0000373eb0501b8bf14468460bde852
:10565800f08700bf01000080002340f6d24202809c
:105668008360c361704700bf0d2b28d9c3680b70d6
:10567800c3681b124b70b0f90e308b7090f90f3065
:10568800cb7003690b7103691b124b71b0f91230af
:105698008b7190f91330cb7143690b7243691b12fc
:1056a8004b72b0f916308b7290f91730cb72037ebb
:1056b8000b73437e4b730e23138000207047012029
:1056c800704700bf0e2a01d0012070478b78ca7836
:1056d80030b44d780c781b0403eb0523234403eb0b
:1056e8000263c3608b794d790c79ca791b0403eb8b
:1056f8000523234403eb026303618b7a4d7a0c7a0a
:10570800ca7a1b0403eb0523234403eb02634361ba
:105718000b7b03764b7b437630bc0020704700bf81
:10572800012905d0022901d10830704700207047af
:04573800406870470e
:020000040000fa
:020000040001f9
:105740002de9704f4668044600220023d6e9000187
:105750000bf0e8ff70bb054600220023d4e90e01e0
:105760000bf0e0ff00283bd1208e238d83423cd8f4
:105770009fed1f7b638d8342a38d94bfdff880b0c4
:105780004ff0000b8342e38d94bfdff874904ff02d
:1057900000094ff6ff71834294bf194b00238842e2
:1057a0004ff0000a4ff000084ff000020ad001301d
:1057b000208607e00022002343ec172b90469946f1
:1057c00092469b4684ed027bc4e904abc4e906899a
:1057d000c4e90823d6e90023c4e90e23bde8708f8d
:1057e000238d258628468342c2d99fed037bc1e7de
:1057f000000000000000f03f00000000000000007a
:105800000000f03f00220023c0e90223c0e9042386
:10581000c0e90623c0e90823c0e90e234ff4e27271
:1058200002800386704700bf072b1ad9038d0b70c7
:10583000038d1b0a4b70438d8b70438d1b0acb70fd
:10584000838d0b71838d1b0a4b71c38d8b71c38d3f
:1058500010b40824e340cb71002014805df8044ba1
:1058600070470120704700bf082a01d0012070470f
:105870004a780b7803eb02230385ca788b7803eb15
:10588000022343854a790b7903eb02238385ca7986
:105890008b7903eb0223c38500207047013904296b
:1058a0000ed8dfe801f00507090b03002030704730
:1058b00040687047083070471030704718307047a4
:0458c000002070470d
:020000040000fa
:020000040001f9
:1058c4004368d0ed066ad3ed007a90ed057ac2689c
:1058d40077eee67a67ee877af5eec07af1ee10faa3
:1058e40027d4bceee77a82b08ded017a018abdf847
:1058f40004308b4215d207ee103a02eb8302d2ed4c
:10590400006a92ed016ab8eec77a36ee666a77eeff
:10591400c77ae6ee276af0ee667ac0ed027a02b044
:10592400704702eb8102d2ed007ac0ed027a02b038
:105934007047d2ed007ac0ed027a7047002340f23e
:10594400f71202808360704770b440f20d44a342a2
:105954003ed90c46002340f20446c568ed58257034
:10596400c568ed582d0a6570c568ed582d0ca570f5
:10597400c568ed5804332d0eb342e57004f10404f8
:10598400ebd1038a81f80434038a1b0a81f80534b5
:10599400436981f8063443691b0a81f80734c38ad2
:1059a40081f80834c37d81f80934836981f80a34a5
:1059b40083691b0a81f80b34438b81f80c34c37e52
:1059c40081f80d3440f20e430020138070bc704700
:1059d400012070bc704700bf40f20e439a4202d0cf
:1059e400012318467047f0b4c4680a4604f2044c14
:1059f400937857781678d5781b0443ea0723334302
:105a040043ea056344f8043b644502f10402efd120
:105a1400b1f804340382d1f806344361d1f80a247e
:105a2400826100231846f0bc704700bf012905d0ed
:105a3400022901d108307047002070474068704740
:020000040000fa
:020000040001f9
:105a4400174a012330b41380136b13f00103fbd105
:105a54004ff080114ff4807508680109c40004f404
:105a6400e06401f070012143c0f382000143a2f815
:105a74004810022003244ff4c0511580d07207252a
:105a84001472918001240649d38082f82e5082f842
:105a94002d4090700b6b002bfcd130bc704700bfc5
:105aa400001c0043044a138843f002031380136b61
:105ab400002bfcd1704700bf001c0043054a13882b
:105ac40023f002031b041b0c1380136b002bfcd16b
:105ad400704700bf001c0043064a074b10b494886b
:105ae4000143234019439180136b5b07fcd45df899
:105af400044b7047001c0043e0e0ffff044a137da1
:105b040043f002031375136b1b05fcd4704700bfed
:105b1400001c0043034b98811a46d981136b002b58
:105b2400fcd17047001c0043074ad38823f4e06388
:105b34001b041b0cd380d38843ea0020d080136b52
:105b4400002bfcd1704700bf001c0043014bb3f88d
:105b540040007047001c0043014bb3f844007047f9
:105b6400001c0043014b83f82e007047001c0043c7
:105b7400014b83f82d007047001c0043014b83f850
:105b84002c007047001c0043014b1860596070479b
:105b9400d42e0020074a084b92f82e00012182f8e7
:105ba4002e101a68c0b222b159681b6800f00100b7
:0c5bb40018477047001c0043d42e00204e
:020000040000fa
:020000040001f9
:105bc0002de9f04f5bec10ab554f1aeb0a002bf0b0
:105bd000004343eb030100268f4208bf864283b097
:105be00026d34ba1d1e90001994208bf504510eee0
:105bf000108ad94610ee104a1d461cd34ff0010af8
:105c0000b8f1000f79f10003464b2adb03ebca0a17
:105c1000dae9006722462b46304639460cf026f872
:105c200002460b4630463946faf7aeff41ec100b00
:105c300003b0bde8f08f3c490020994208bf5045b1
:105c400010ee102a1ad200203849504571eb030398
:105c50003dda9fed310b364b21221a6003b0bde8cf
:105c6000f08f0af1020a03ebca0adae9006720465c
:105c7000294632463b46faf787ffd1e720461946c8
:105c800002f084fb4ff0010a06460f4632463b46bf
:105c90000521284807f09cf93246cde900013b4632
:105ca0000521254808f0aefc02460b46dde900015f
:105cb000fcf716f822462b4602f068fb02460b461c
:105cc00020462946faf760ff04460d4698e72b4622
:105cd000002015490bf0caff0022134bfaf754ffbe
:105ce00041ec100b4ff0ff300af042f857ec106b0c
:105cf00001f0c2fd01200af03bf853ec102b10ee2e
:105d0000104a03f100454ff0000abfe7aff30080ef
:105d1000babdd7d9df7cdb3d000000000000f87f72
:105d20000000e0ff08ee01000000e03f0000f03f4f
:0c5d3000f02e002028ee010050ee0100d3
:020000040000fa
:020000040001f9
:105d3c008368304a41692de9f0031c680569037ecc
:105d4c0084fb05454fead47848ea45084fea1864c5
:105d5c00661c52f8245052f8262028f07f44a2ebff
:105d6c00050888fb04894fea186646ea09262e4482
:105d7c006ff00044a41b84fb0189c3f12002b3f132
:105d8c00200128fa03f709fa02f247ea020758bf82
:105d9c0049fa01f1c269c46858bf0f4349fa03f1cb
:105dac0002fb01f14feae27907fb0911a2fb072381
:105dbc000b44c4fb0623d40f0f4a44ea4304dd17fb
:105dcc0094424ff0ff3375eb0301b8bf14466ff0ec
:105ddc000042b8bf1d46a2424ff0000373eb050111
:105dec00b8bf14464368c4601b68c361bde8f003c8
:105dfc00704700bf5073000001000080002340f684
:105e0c0052520280c360c361704700bf082b1bd97c
:105e1c0003690b7003691b124b70b0f912308b7055
:105e2c0090f91330cb7043690b7143691b124b71a2
:105e3c00b0f916308b7190f91730cb71037e0b7261
:105e4c00092313800020704701207047092a01d0d4
:105e5c00012070478b78ca7830b44d780c781b04cd
:105e6c0003eb0523234403eb026303618b794d7928
:105e7c000c79ca791b0403eb0523234403eb02635f
:105e8c0043610b7a037630bc00207047022905d0a1
:105e9c00032907d0012903d0002070478068704780
:085eac00406870470c3070479c
:020000040000fa
:020000040001f9
:105eb4008268438a1288c18adff8e8c02de9f04f6e
:105ec4004ff4804e13fb02e301ebe33189b2a1f5f9
:105ed400aa45553d0b0aadb283b04fea152a5a1ca8
:105ee40001f5aa443cf91330019355343cf91a30b6
:105ef4003cf912b04768c182a4b21a464fea14288a
:105f0400019bb0f91460dff8a0900af1010aabeb31
:105f14000303b7f900b03cf918703cf91aa008f172
:105f24000108c9b23cf918c001fb03f1019baaebbb
:105f3400020aedb29046aceb070c03eb212205fb01
:105f44000af5e4b204fb0cf408eb252392b21bfb24
:105f540002e207eb24279bb206ebe2321bfb03e3ce
:105f6400bfb206ebe3334a451bfb07ee06ebee3606
:105f7400b8bf4a464b4547f6ff7bb8bf4b464e4534
:105f8400b8bf4e465a45a8bf5a465b45a8bf5b46b4
:105f94005e45a8bf5e468281c381068203b0bde828
:105fa400f08f00bfa81400000180ffff002340f21f
:105fb400b1120280c3600382c3827047032b0dd9e0
:105fc400438a0b7090f913304b70838a8b7090f96d
:105fd4001530cb70042313800020704701207047d4
:105fe400042a01d0012070474a780b7803eb02237e
:105ff4004382ca788b7803eb0223838200207047a4
:10600400013904290ed8dfe801f00507090b030064
:106014001030704740687047806870470c30704794
:086024000e30704700207047a8
:020000040000fa
:020000040001f9
:10602c0043691978002945d090f830302de9f047b4
:10603c00002b39d0d0e90a7c436890f920801a688b
:10604c00c369c668c8f11f0882fb039aa8f1200e29
:10605c0009fa0efe0afa08f343ea0e03c8f1200e01
:10606c0009fa08f2366829fa0efe4fead778d419e5
:10607c0043ea0e0348ea4c0843eb0c054feaec7973
:10608c00f317464573eb0903c0e90a4516daf20724
:10609c007310a24273eb050401dac0e90a2386618e
:1060ac0080f83010bde8f08783681f684fea670cf2
:1060bc00ff07c1e7816180f83010704703691e68e3
:1060cc00f317b04579eb030306daf2077310944229
:1060dc0075eb0304e3dae0e74646866180f830109e
:1060ec00bde8f087002382688361126880f8303045
:1060fc0030b4d517eb0740f64254d10743ea5203ac
:10610c000480c0e90a1330bc704700bf042b11d9be
:10611c00c3690b70c3691b124b70b0f91e308b70c6
:10612c0090f91f30cb7090f820300b710523138041
:10613c000020704701207047052a01d001207047cc
:10614c008b78ca7830b44d780c781b0403eb05239c
:10615c00234403eb0263c3610b7980f8203030bc1d
:10616c00002070470139052910d8dfe801f0050738
:10617c00090b0d03183070474068704780687047f2
:10618c00c0687047006970474069704700207047cd
:020000040000fa
:020000040001f9
:10619c0003691b78002b71d1c368dff810c1b3f908
:1061ac000010d0e901322de9f0418cb2b3f9006056
:1061bc00b2f900703c4dc4f58043c3f307235a1c5d
:1061cc004fea142e3cf912803cf913203cf91e3096
:1061dc000ef1010e49423cf91ec0a8eb0208c9b2ef
:1061ec0001fb08f1aceb030ce4b202eb212204fb43
:1061fc000cf412b203eb242302fb07f11cb206fbd6
:10620c0002f206fb041646f3cf3607fb142446f6bf
:10621c00da6144f3cf3416fb01f1c1f3cf31c4f38f
:10622c004f03cf1a3fb2bc420b44c3f100032146cb
:10623c00b8bf3946bc421bb209b22246a8bf3a4687
:10624c0012b29942b8bf19469a424fea6101a8bfef
:10625c001a4601eb62029b1aa11abf1a05fb01f147
:10626c0005fb07f705fb03f5bf138b13ad13c483b5
:10627c000684038347838583bde8f0814369b3f9c2
:10628c000030a3eba3031bb24bf69a1244f26661e7
:10629c0013fb02f213fb01f343f38f3392130283cc
:1062ac0043838383704700bf9ab9ffffa814000093
:1062bc00002345f2f0120280c0e9063303847047d4
:1062cc00013909291ad8dfe801f007090b0d0f1164
:1062dc001315170520307047406870478068704769
:1062ec00c068704700697047406970471830704744
:1062fc001a3070471c3070471e30704700207047b2
:020000040000fa
:020000040001f9
:10630c0090ed087ad0ed047ad0ed093a90ed033a8d
:10631c0090ed0a6a4368d0ed076ad3ed005ad0edd0
:10632c000b4a80ed097a67ee277a90ed055a90edcd
:10633c00064ae3ee237a26ee267ae5ee257aa4eedb
:10634c00247a77eec77ac0ed027a1b680362c0ed3f
:10635c000a7a80ed0b6a7047002340f6e342028014
:10636c008360036243628362c3627047132b30d92c
:10637c00c3680b70c3681b0a4b70c3898b70c37bdb
:10638c00cb7003690b7103691b0a4b71438a8b71c8
:10639c00c37ccb7143690b7243691b0a4b72c38a72
:1063ac008b72c37dcb7283690b7383691b0a4b732e
:1063bc00438b8b73c37ecb73c3690b74c3691b0a8a
:1063cc004b74c38b8b74c37fcb741423138000204a
:1063dc0070470120704700bf142a01d0012070477c
:1063ec008b78ca7830b44d780c781b0403eb0523fa
:1063fc00234403eb0263c3608b794d790c79ca7922
:10640c001b0403eb0523234403eb026303618b7a28
:10641c004d7a0c7aca7a1b0403eb0523234403eb55
:10642c00026343618b7b4d7b0c7bca7b1b0403ebb0
:10643c000523234403eb026383618b7c4d7c0c7c32
:10644c00ca7c1b0403eb0523234403eb0263c361e7
:10645c0030bc0020704700bf012905d0022901d1b2
:0c646c00083070470020704740687047ff
:020000040000fa
:020000040001f9
:106478008368c269196843692de9f0014ff08044c7
:10648800002506692746a846c1fb0678f90f41eaa8
:1064980048010a4413441e0e771c1949c26151f879
:1064a800266051f827204168921b23f07f4382fb26
:1064b80003783a0e0b68816942ea08223244c2fb2b
:1064c8000345e60f46ea45060e4c72184feae57793
:1064d80047ebe1734ff0ff35a24273eb0501b8bffc
:1064e80022466ff00044b8bf2b4694424ff0000597
:1064f80075eb0301b8bf2246c260bde8f0017047e2
:10650800a41000000100008000234ff4d172028023
:10651800c360c361704700bf0b2b24d903690b709c
:1065280003691b124b70b0f912308b7090f913305d
:10653800cb7043690b7143691b124b71b0f916306c
:106548008b7190f91730cb7183690b7283691b12b9
:106558004b72b0f91a308b7290f91b30cb720c2346
:106568001380002070470120704700bf0c2a01d01b
:10657800012070478b78ca7830b44d780c781b04aa
:1065880003eb0523234403eb026303618b794d7905
:106598000c79ca791b0403eb0523234403eb02633c
:1065a80043618b7a4d7a0c7aca7a1b0403eb052374
:1065b800234403eb0263836130bc0020704700bfb3
:1065c800022905d0032907d0012903d000207047ec
:0c65d80080687047406870470c307047c6
:020000040000fa
:020000040001f9
:1065e40003691b7853b341682de9d0430446d0e9cd
:1065f4000823d1e9000101f0c7fea368d3e90067cd
:106604008046894602460b46304639460af000ff6a
:1066140018b1c4e90667bde8d083e368d3e900672d
:1066240042464b46304639460af0d6fe0028f0d1a1
:1066340046464f46c4e90667bde8d08300220023de
:10664400c0e90623704700bf00230022c0e90623e7
:1066540040f6845303807047072b17d9036a0b70e5
:10666400036a1b0a4b70438c8b7090f82330cb70f9
:10667400436a0b71436a1b0a4b71c38c8b7190f88c
:106684002730cb7108231380002070470120704706
:10669400082a01d0012070472de9f00f4f7891f8b6
:1066a40002a091f8008006463b023a0e4fea0a40e7
:1066b4004fea1a4791f803a0181842eb07074ff066
:1066c400000910eb08034fea0a6047eb09084fea98
:1066d4001a221b1891f804a04ff0000048eb0202a4
:1066e4001b1891f8058042eb0a0291f806a01b18ca
:1066f4004fea082842eb08084fea0a4291f807a03b
:106704001b1848eb02084fea0a6a1c1848eb0a05f2
:10671400c6e90845bde8f00f704700bf01390429f8
:106724000ed8dfe801f00507090b030018307047a5
:106734004068704780687047c06870470069704758
:04674400002070477a
:020000040000fa
:020000040001f9
:10674800436942681b789bb390f82c1051b3d0ed85
:106758000a6a92ed007ad0ed087a90ed075ad0edea
:10676800095a90ed066ac16867ee877a91ed007a5a
:10677800e5ee267ae5eec67ab4eee77af1ee10fa9f
:1067880009d4016991ed007ab4eee77af1ee10fad6
:10679800d8bfb0ee677a80ed067a1268826280f818
:1067a8002c3070478168d1ed006ac0ed0a6ad0e7e5
:1067b800002181611268826280f82c30704700bf26
:1067c800002340f6b3510022018080f82c20836119
:1067d800836270470b2b20d9c3690b70c3691b0aee
:1067e8004b70c38b8b70c37fcb70036a0b71036aca
:1067f8001b0a4b71438c8b7190f82330cb71436a21
:106808000b72436a1b0a4b72c38c8b7290f8273049
:10681800cb720c231380002070470120704700bf03
:106828000c2a01d0012070478b78ca7830b44d7893
:106838000c781b0403eb0523234403eb0263c361b9
:106848008b794d790c79ca791b0403eb0523234412
:1068580003eb026303628b7a4d7a0c7aca7a1b04c3
:1068680003eb0523234403eb0263436230bc00209f
:10687800704700bf0139052910d8dfe801f0050786
:10688800090b0d03183070474068704780687047df
:10689800c0687047006970474069704700207047ba
:020000040000fa
:020000040001f9
:1068a80010b58368d0ed066a93ed007adfed257a9e
:1068b8002ded068b90ed088aa6ee878a0446b4ee85
:1068c800e78af1ee10fa2fdbdfed1f7a38ee678ae0
:1068d80080ed088ab0ee480a05f064fcdfed1b9aeb
:1068e8006368d4ed078a93ed009af0ee40aa38ee7b
:1068f800690a05f057fcb0ee40aa38ee290a05f0ff
:1069080051fcf0ee687ab0ee687ae9ee0a8ae9eeb0
:106918002a7aa9ee007ac4ed048abdec068b84edd0
:10692800057ac4ed037a10bddfed097ab4eee78a83
:10693800f1ee10fa44bfdfed047a38ee278a80edd5
:10694800088ac7e7db0f4940db0fc940920a0640b7
:10695800db0f49c0002340f2b3120280c360036119
:1069680043610362704700bf072b15d983690b7019
:1069780083691b0a4b70438b8b70c37ecb70c369d2
:106988000b71c3691b0a4b71c38b8b71c37fcb71ae
:10699800082313800020704701207047082a01d07f
:1069a800012070478b78ca7830b44d780c781b0476
:1069b80003eb0523234403eb026383618b794d7951
:1069c8000c79ca791b0403eb0523234403eb026308
:1069d800c36130bc00207047013904290ed8dfe8b4
:1069e80001f00507090b0300143070474068704731
:1069f800806870470c30704710307047002070472f
:020000040000fa
:020000040001f9
:106a0800c36842681b788bb390f8241041b3d0ed6b
:106a1800086ad0ed067ad2ed004a90ed055ad0ed1d
:106a2800075a90ed046a9fed167a67eea47ae5eeb0
:106a3800267ae5eec67af4eec77af1ee10fa1cdc97
:106a48009fed107af4ee477af1ee10fa48bff0eeb7
:106a5800477ac0ed047a1268026280f824307047e1
:106a68008168d1ed006ac0ed086ad2e700210161b2
:106a78001268026280f824307047f0ee477ae8e73f
:106a8800ffff7f7fffff7fff002340f6a351002217
:106a9800018080f824200361036270470b2b1ed904
:106aa80043690b7043691b0a4b70c38a8b70c37da3
:106ab800cb7083690b7183691b0a4b71438b8b7194
:106ac800c37ecb71c3690b72c3691b0a4b72c38b3c
:106ad8008b72c37fcb720c23138000207047012078
:106ae800704700bf0c2a01d0012070478b78ca7804
:106af80030b44d780c781b0403eb0523234403ebd7
:106b0800026343618b794d790c79ca791b0403ebd5
:106b18000523234403eb026383618b7a4d7a0c7a55
:106b2800ca7a1b0403eb0523234403eb0263c36106
:106b380030bc0020704700bf013903290bd8dfe8bb
:106b480001f00806040210307047c068704780687a
:0c6b58007047406870470020704700bf85
:020000040000fa
:020000040001f9
:106b68002de9f04759ec108b4d4f18eb080029f030
:106b7800004343eb030100268f4208bf864282b0e0
:106b88001dd341a1d1e90001994208bf404510ee4b
:106b9800104aca461d4615d30026002732463b46f2
:106ba80020462946f9f7ecff32463b46f9f7e8ff5d
:106bb8000af0004a02468aea010343ec102b02b0ad
:106bc800bde8f08737490020994208bf404510eedc
:106bd800102a0dd200203449404571eb030331da05
:106be8009fed2b0b314b21221a6002b0bde8f087d4
:106bf80010ee100a194601f0c5fb002680468946aa
:106c0800002742464b460521294806f0ddf9424651
:106c1800cde900014b460521264807f0effc024666
:106c28000b46dde90001fbf757f822462b4601f039
:106c3800a9fb02460b4620462946f9f7a1ff044660
:106c48000d46abe72b46002016490bf00bf8002247
:106c5800144bf9f795ff41ec100b4ff0ff3009f09a
:106c680083f859ec108b00f003fe012009f07cf842
:106c780053ec102b10ee104a03f1004506a7d7e994
:106c88000067bee7aff30080babdd7d9df7cdb3d34
:106c9800000000000000f87f182d4454fb21e93f54
:106ca8000000e0ff0000e03f0000f03ff02e002071
:086cb80028ee010050ee01007e
:020000040000fa
:020000040001f9
:106cc000144a0123f0b41380136b13f00103fbd1ba
:106cd0004ff0801120270868810cc40a04f4e06496
:106ce00001f070012143c0f302400143a2f84810b3
:106cf000022603254ff4c054072006491780d67298
:106d000015729480d38082f82e000b6b002bfcd17f
:106d1000f0bc704700200043044a138843f002038c
:106d20001380136b002bfcd1704700bf0020004381
:106d3000054a138823f002031b041b0c1380136bfa
:106d4000002bfcd1704700bf00200043064a074bd0
:106d500010b494880143234019439180136b5b075f
:106d6000fcd45df8044b704700200043e0e0ffffd7
:106d7000044a137d43f002031375136b1b05fcd407
:106d8000704700bf00200043034b98811a46d98109
:106d9000136b002bfcd1704700200043074ad388b7
:106da00023f4e0631b041b0cd380d38843ea002048
:106db000d080136b002bfcd1704700bf0020004334
:106dc000014bb3f84000704700200043014bb3f87b
:106dd0004400704700200043014b83f82e007047a9
:106de00000200043014b83f82d0070470020004332
:106df000014b83f82c00704700200043044b93f8ac
:106e00002e0010f001001cbf012283f82e207047d5
:046e1000002000431b
:020000040000fa
:020000040001f9
:106e14004268d2ed007af5ee407af1ee10fa30b421
:106e24003bd0d0ed097a058b448b818bf5ee407a0b
:106e3400f1ee10fa18bf038cdfed1c7a08bf0023b3
:106e4400b7ee007a08bf03849d4294bff0ee475a20
:106e5400f0ee675a9c42c48b94bfb0ee476ab0ee22
:106e6400676a994294bff0ee476af0ee676a4ff69c
:106e7400ff719c4298bff0ee477a8b4201d00133f8
:106e84000384c0ed025a80ed036ac0ed046ac0edcc
:106e9400057a1368436230bc7047dfed047af0ee84
:106ea400676ab0ee676af0ee675aeae7000000002e
:106eb400002340f2c3110022018002848360c36076
:106ec4000361436143627047072b1ad9038b0b702c
:106ed400038b1b0a4b70438b8b70438b1b0acb7049
:106ee400838b0b71838b1b0a4b71c38b8b71c38b8d
:106ef40010b40824e340cb71002014805df8044be7
:106f040070470120704700bf082a01d00120704754
:106f14004a780b7803eb02230383ca788b7803eb5c
:106f2400022343834a790b7903eb02238383ca79cf
:106f34008b7903eb0223c3830020704701390429b2
:106f44000ed8dfe801f00507090b03001430704781
:106f540040687047083070470c30704710307047f5
:046f64000020704752
:020000040000fa
:020000040001f9
:106f6800b0eee07a08b517ee103ac3f3c753013b09
:106f7800fd2b2ded028bf0eec07a3cd817ee903a3f
:106f8800c3f3c753013bfd2b35d8b4eee77af1eed6
:106f980010fa0ad5c0ee807a9fed407af0eee77ad3
:106fa800f4eec77af1ee10fa45d480ee200ab0ee7e
:106fb800608a04f0a7feb5eec08af1ee10fa10ee72
:106fc800103a04d4bdec028b00ee103a08bdb5eec1
:106fd800c00adfed337a9fed337af1ee10fa58bf2d
:106fe800f0ee477abdec028b70ee277a17ee903af6
:106ff80000ee103a08bdf4ee600af1ee10fa2bd15b
:10700800f4ee677af1ee10fa33d117ee902a5200b7
:10701800b2f17f4f10ee903a2ed0b5ee400af1ee65
:1070280010fa1cd05a00b2f17f4f18d0f5ee400a82
:10703800f1ee10faa9d110ee103a03f00043bdecbe
:10704800028b43f07f5343f4102343f47d6343f0f2
:107058000b0300ee103a08bd10ee903ab2e7da0fd3
:10706800114910ee103a18bf0a4603f000431343c3
:10707800a8e710ee103aa5e75a0010ee103ab2f160
:107088007f4f03f00043dad1f5eec00a0749084afa
:10709800f1ee10fa58bf0a46134393e708e53c1e81
:1070a800db0f4940db0f49c0db0f4940db0f493f8d
:0470b800e4cb1640cf
:020000040000fa
:020000040001f9
:1070bc0083681b783bb34168d0b5d0e906230446fe
:1070cc00d1e9000101f05cf94ff0ff32104b06469c
:1070dc000f460af07df928b10d4f4ff0ff36c4e989
:1070ec000467d0bd4ff0ff326ff480133046394641
:1070fc000af08af90028f2d04ff0ff366ff48017af
:10710c00c4e90467d0bd00220023c0e90423704702
:10711c00ffffef7f00230022c0e9042340f67453e5
:10712c0003807047072b15d983690b7083691b0a81
:10713c004b70438b8b70c37ecb70c3690b71c3696f
:10714c001b0a4b71c38b8b71c37fcb7108231380cc
:10715c000020704701207047082a01d00120704799
:10716c002de9f00f4f7891f802a091f800800646b7
:10717c003b023a0e4fea0a404fea1a4791f803a035
:10718c00181842eb07074ff0000910eb08034fea01
:10719c000a6047eb09084fea1a221b1891f804a061
:1071ac004ff0000048eb02021b1891f8058042ebef
:1071bc000a0291f806a01b184fea082842eb0808af
:1071cc004fea0a4291f807a01b1848eb02084fea55
:1071dc000a6a1c1848eb0a05c6e90645bde8f00f1b
:1071ec00704700bf022905d0032907d0012903d01d
:1071fc0000207047806870474068704710307047b7
:020000040000fa
:020000040001f9
:10720c00d0e90123b3f90030b2f9002013f5004f97
:10721c00f0b411d012f5004f06d0002a1bd1002b70
:10722c0059d18381f0bc704747f6ff72002b5addb1
:10723c004ff44045002613e012f5004f35d0002adc
:10724c003cd02cdb47f6ff718a4252d14ff40052ee
:10725c004ff480451be055db002b56db0025012647
:10726c009a4233dd00271b04b3fbf2f2c2f3072171
:10727c004c1c2b4b33f9111033f91440d2b2641a55
:10728c0002fb04f201eb222292b2be4211d005f5b0
:10729c007f533f339b1a1bb28381f0bc7047524221
:1072ac0012b247f6ff718a4235d14ff400524ff4b7
:1072bc000045ab181bb28381f0bc704713461646d1
:1072cc004ff48045012747f6ff72cce715d14ff4f8
:1072dc0000520127d9e718db19460126134615463b
:1072ec0037460a46bfe75b421bb24ff40045012606
:1072fc00b6e70b4600264ff4804519460127134686
:10730c000a46b0e7524212b290e759420bb24ff420
:10731c0080450026a4e70b4601264ff40045ece718
:10732c004870000041f211320023028083817047c3
:10733c00022905d0032907d0012903d0002070476a
:0c734c0080687047406870470c30704744
:020000040000fa
:020000040001f9
:107358002de9f843d0e9013211681a68b1f1004ffc
:10736800044611d0b2f1004f06d0002a1bd10029e3
:1073780059d1e160bde8f8836ff0004200295add79
:107388004ff04045002615e0b2f1004f37d0002af3
:107398003cd05bdb6ff000418a424ff080454fd113
:1073a8004ff0005124e0b8bf5242e7db002958db18
:1073b800002501268a4231dd0027d317002006f078
:1073c800a3fc010e294b4a1c53f821c053f8222074
:1073d80020f07f40a2eb0c024feae279a2fb0023e7
:1073e80000fb0933110e41ea03216144be4209d072
:1073f800691a01f180410139e160bde8f883154659
:107408004ff000512944e160bde8f8831146164663
:107418004ff0804501276ff00042cee711d10127d8
:107428004ff00051e2e71cdb0b46012615461146da
:1074380037461a46c1e749424ff000450126b9e7e9
:1074480000260b46012711461a46b6e7084b9a4212
:10745800c2f100000d46d3d002466ff0004101266c
:10746800efe749424ff080450026a3e7446c00004f
:107478000100008041f2123200230280c36070478d
:10748800022905d0032907d0012903d0002070471d
:0c74980080687047406870470c307047f7
:020000040000fa
:020000040001f9
:1074a40043691b785bb390f8282012b3d0ed097ab6
:1074b4004268d0ed076a92ed007a90ed086ac268de
:1074c400f0ee675ae7ee265ae6ee077ac0ed095a5f
:1074d40092ed007ab4eee77af1ee10fa14d5f4eef8
:1074e400c75af1ee10fa1cdc80ed067a80f82830d9
:1074f40070478268d2ed007ac0ed097ad8e700229d
:10750400826180f828307047026992ed007ab4ee07
:10751400e77af1ee10fa07ddf4eec75af1ee10fa4d
:10752400e2d580ed097adfe7b0ee677adce700bfe9
:107534000022836882611a68426240f6a3410023f4
:10754400018080f828307047072b16d9c3690b7067
:10755400c3691b0a4b70c38b8b70c37fcb70036ae8
:107564000b71036a1b0a4b71438c8b7190f82330a7
:10757400cb7108231380002070470120704700bf9f
:10758400082a01d0012070478b78ca7830b44d782e
:107594000c781b0403eb0523234403eb0263c36150
:1075a4008b794d790c79ca791b0403eb05232344a9
:1075b40003eb0263036230bc0020704701390529e4
:1075c40010d8dfe801f00507090b0d0318307047e8
:1075d4004068704780687047c068704700697047aa
:0875e400406970470020704768
:020000040000fa
:020000040001f9
:1075ec0041682de9f84fd0e908238246d1e9000122
:1075fc000af036fb0446daf818000d460af072f869
:10760c0002460b462046294600f0bafe0022002313
:10761c0004460d46daf8106009f0f6fe58b920461b
:10762c0029460af081fabaf814301ffa80fb9b4500
:10763c0007d306ebc306d6e90001cae90201bde88f
:10764c00f88f06ebcb03d3e90067d3e9020132468e
:10765c003b460af005fb8046584689460af088faf4
:10766c0002460b46204629460af0fafa02460b4619
:10767c004046494600f084fe02460b4630463946e9
:10768c00f9f77cfacae90201bde8f88f0023002261
:10769c00c0e902234ff4fa73038070470d2b25d9f0
:1076ac00838a0b70838a1b0a4b7083698b70836986
:1076bc001b0acb70438b0b71c37e4b71036a8b71ae
:1076cc00036a1b0acb71438c0b7290f823304b72fc
:1076dc00436a8b72436a1b0acb72c38c0b7390f890
:1076ec0027304b730e231380002070470120704706
:1076fc000e2a02d00121084670470b888382d1f8ec
:10770c000230836151f8062f4b680021c0e9082331
:10771c0008467047012905d0022901d1083070476d
:08772c0000207047406870471f
:020000040000fa
:020000040001f9
:10773400c3681b7873b390f820202ab3d0ed077a7e
:107744004268d0ed065ad2ed006a90ed056a9fedcd
:107754001c7ab0ee675ae5eea67aa6ee865af4eee7
:10776400c77af1ee10fa80ed075a18ddb4eec75a65
:10777400f1ee10fa1fdd80ed077af0ee477ac0ede6
:10778400047a80f8203070478268d2ed007ac0ed28
:10779400077ad5e70022026180f8203070479fed18
:1077a400097af4eec77af1ee10fae8d5b4eec75ac6
:1077b400f1ee10fadfd4f0ee477ac0ed047ae0e798
:1077c400ffff7f7fffff7fff0022836802611a684b
:1077d400c26140f693410023018080f82030704755
:1077e400072b15d943690b7043691b0a4b70c38a75
:1077f4008b70c37dcb7083690b7183691b0a4b71da
:10780400438b8b71c37ecb71082313800020704798
:1078140001207047082a01d0012070478b78ca786c
:1078240030b44d780c781b0403eb0523234403eb9d
:10783400026343618b794d790c79ca791b0403eb9c
:107844000523234403eb0263836130bc00207047ab
:10785400013903290bd8dfe801f0080604021030cf
:107864007047c06870478068704740687047002060
:04787400704700bf9a
:020000040000fa
:020000040001f9
:107878002de9f84357ec106bb21947eb0703b3f542
:10788800001f08bf002a74d3002e77f1000176dbb1
:107898006ff400114ff0ff30994208bf904266d351
:1078a8003f4b404aa3eb5703c3f38531002452f8fa
:1078b80021209d1a2b4622462046294600f062fdcb
:1078c80032463b4600f05efd41ec100b4ff0ff30b6
:1078d80008f04afa002053ec102b33490af0c2f999
:1078e80022462b4600f04efd02460b4604460d4646
:1078f80000f048fd32463b4600f044fd41ec100bd9
:107908004ff0ff3008f030fa21a1d1e9000153ec23
:10791800102b0af0a7f922462b4600f033fd024649
:107928000b46804689463046394600f02bfd044612
:107938000d4602460b464046494600f023fd0246e6
:107948000b46002019490af08df922462b4600f013
:1079580019fd41ec100b4ff0ff3008f005fa2046f6
:1079680053ec102b2946f9f70bf941ec100bbde845
:10797800f883002207f0004343ec102bf7e70c4b89
:1079880021221a609fed040bf1e700bfaff30080de
:107998000000c0fffffff73f000000000000f87f75
:1079a8000000e85f9cab01000000f83f0000f03fda
:0479b800f02e00208d
:020000040000fa
:020000040001f9
:1079bc008368d0ed046a90ed070a93ed007adfed51
:1079cc00177aa6ee870a10b5b4eee70af1ee10fab4
:1079dc00044615dbdfed127a30ee670a80ed070afc
:1079ec00d4ed057a30ee270a04f0dafb6368d4eda7
:1079fc00067a93ed007ae7ee007ac4ed037a10bdb7
:107a0c00dfed087ab4eee70af1ee10fa44bfdfedd1
:107a1c00047a30ee270a80ed070ae1e7db0f4940d4
:107a2c00db0fc940db0f49c0002340f2a3120280d8
:107a3c00c360c361704700bf0b2b1ed903690b7069
:107a4c0003691b0a4b70438a8b70c37ccb704369f0
:107a5c000b7143691b0a4b71c38a8b71c37dcb714c
:107a6c0083690b7283691b0a4b72438b8b72c37ec7
:107a7c00cb720c231380002070470120704700bf8d
:107a8c000c2a01d0012070478b78ca7830b44d781d
:107a9c000c781b0403eb0523234403eb0263036103
:107aac008b794d790c79ca791b0403eb052323449c
:107abc0003eb026343618b7a4d7a0c7aca7a1b040e
:107acc0003eb0523234403eb0263836130bc0020ea
:107adc00704700bf022905d0032907d0012903d024
:107aec000020704780687047406870470c307047c2
:020000040000fa
:020000040001f9
:107afc00464a474b4749002030b410741a469962e5
:107b0c005368dc06fcd442234149c2f8843000bfe0
:107b1c00d1f884305806fbd53f4b002277219a636d
:107b2c001a465963d36b5907fcd402233a4982f89d
:107b3c003030cb6b9b07fcd4374a136c03f0030338
:107b4c00032bfad1354a01235371d378dd07fcd5c9
:107b5c002f4a334b136253685c07fcd4314b2c49ce
:107b6c0053624b681807fcd44123294ac1f8903062
:107b7c00d2f890305906fbd541232549c2f8ac30d8
:107b8c00d1f8ac305a06fbd54123214ac1f8b030ac
:107b9c00d2f8b0305b06fbd541231d49c2f8dc306e
:107bac00d1f8dc305d06fbd54123194ac1f8e4302d
:107bbc00d2f8e4305c06fbd541231549c2f8fc3001
:107bcc00d1f8fc305806fbd54123114ac1f82031bd
:107bdc00d2f820315906fbd541230d49c2f8243186
:107bec00d1f824315b06fbd50c4b0f486ff07f4569
:107bfc0040f2ff744ff402514ff4c0721d615c618e
:107c0c00986130bcd9611a62704700bf0014004003
:107c1c00001c00400601300000100040000800402d
:0c7c2c000701010007010200d68a0100d8
:020000040000fa
:020000040001f9
:107c380030b4294b01220021222006254ff0406450
:107c480083f8422083f8482083f84c2083f84d209d
:107c580083f8522083f8312083f8342083f83600e3
:107c680083f839505520c3f88040052583f8c02093
:107c7800662483f8c82083f8da1083f8db1083f8c9
:107c8800b02083f8b42083f8bd1083f84a2183f824
:107c98004b2183f84c2183f84e2183f84f2183f838
:107ca800502183f8512183f85e21022283f835019f
:107cb80083f8365183f8370183f8384183f83f1148
:107cc80083f8c82183f8c92183f8ca2183f8b4113d
:107cd80083f8b51130bc704700800041006a7047d6
:107ce80003695a400a405a40026170470069704768
:107cf8008161704741617047c16170474160704759
:107d080081607047430930b403f5020303f58073bb
:107d180000f01f05db0103eb5504c00794f8302081
:107d2800d2b24bbf22f0f00222f00f0242ea011158
:107d380011432b44c9b284f8301093f8402042f024
:107d4800010283f8402030bc704700bf430903f5a7
:107d5800020303f5807300f01f0000ebc31090f8d6
:0c7d6800403003f0fe0380f8403070470c
:020000040000fa
:020000040001f9
:107d7400f0b48389b0f91650078b42894468c189ed
:107d84002688058313fb05f312fb07f25b1003eb54
:107d9400620390f91420b0f91a50002a11fb06f17d
:107da40003eb6103d5bfc2f1010202f1ff3293403c
:107db4001341868bb4f90020018ac282428a90f969
:107dc4001540858311fb06f112fb05122241074978
:107dd4009b1a8b42b8bf0b4647f6ff729342a8bf6b
:107de40013461bb243830381f0bc70470180ffff3d
:107df400002340f6e14202800381c0f81630c0f847
:107e04001a3070470b2b20d943890b7090f90b3033
:107e14004b7083898b7090f90d30cb70c3890b71d3
:107e240090f90f304b71038a8b7190f91130cb713b
:107e3400438a0b7290f913304b72037d8b72437d2e
:107e4400cb720c231380002070470120704700bfc1
:107e54000c2a01d0012070474a780b7803eb0223e7
:107e64004381ca788b7803eb022383814a790b79a7
:107e740003eb0223c381ca798b7903eb02230382c8
:107e84004a7a0b7a03eb022343828b7a0375cb7a0b
:107e940043750020704700bf012905d0022901d194
:0c7ea400083070470020704740687047ad
:020000040000fa
:020000040001f9
:107eb000c3681b7843b94268b2f9002002821204f9
:107ec000c26180f82030704790f8202042b9826863
:107ed000b2f9002002821204c26180f8203070479b
:107ee0004168028ab1f900108a1a12b2002a10b44d
:107ef0000ddd4469b2eb244f15ddc2691444221430
:107f0000c461028280f820305df8044b7047f9d0dc
:107f100084695242b2eb244f05ddc269121b111471
:107f2000c2610182eee70a040182c261eae700bf92
:107f300040f221120280836800220282b3f90030ed
:107f400080f820201b04c361704700bf072b19d99c
:107f500043690b7043691b124b70b0f916308b707c
:107f600090f91730cb7083690b7183691b124b71c9
:107f7000b0f91a308b7190f91b30cb710823138044
:107f80000020704701207047082a01d00120704767
:107f90008b78ca7830b44d780c781b0403eb05233a
:107fa000234403eb026343618b794d790c79ca79e1
:107fb0001b0403eb0523234403eb0263836130bc02
:107fc00000207047013903290bd8dfe801f00806cb
:107fd000040210307047c06870478068704740687e
:087fe00070470020704700bf4c
:020000040000fa
:020000040001f9
:107fe8002de9f84355ec104bc5f30a53013b40f219
:107ff800fd729342a84625f0004758d844a3d3e918
:10800800002310ee100a394610ee106a00f0baf993
:108018003b4b0022f8f7b4fd08f090f9c30721d4d0
:1080280018bb32463b463046394600f0abf90246ab
:108038000b463448082104f0c7ff02460b46304679
:10804800394600f09ff932463b46f8f799fd0d4650
:10805800044608f00041224681ea050343ec102b50
:10806800bde8f88305f100431d4609f083fd1ea312
:10807800d3e900238046894600f084f902460b467e
:108088003046394609f0eefd19a3d3e90023064628
:108098000f464046494600f075f902460b46304601
:1080a8003946f8f76dfda84606460f46b9e7164b60
:1080b80000229f4208bf944210ee10ca02d1134b0f
:1080c80021221a601ceb0c0048eb08016ff4001326
:1080d8004ff0ff328b4208bf824202d345ec104b6f
:1080e800bee79fed050bbbe700000000002209403a
:1080f8009ee59e4befaee23e000000000000f87fd8
:108108000000e03f700a02000000f07ff02e00201f
:0881180083c8c96d305fd43f3c
:020000040000fa
:020000040001f9
:108120002de9f84353ec102b1e46c3f30a53013bd1
:1081300040f2fd77bb4226f0004154d81446104669
:1081400040a3d3e900230d46f8f71efd3fa3d3e972
:10815000002300f01bf90022354bf8f715fd08f05d
:10816000f1f8064609f00afd0022314b09f07efdc8
:108170002ba3d3e900238046894600f007f9024685
:108180000b462046294609f071fd27a3d3e90023b9
:1081900004460d464046494600f0f8f802460b46b4
:1081a00020462946f8f7f0fc02460b4604460d46e9
:1081b00000f0ecf802460b461e48082104f008ffc8
:1081c00002460b462046294600f0e0f82b462246a0
:1081d000f8f7dafcf30702d501f10043194641ec48
:1081e000100bbde8f883dff86c904ff000084945ac
:1081f00008bf424502d1104b21211960941846eb6b
:1082000006056ff400134ff0ff32ab4208bfa242e5
:108210004ff0000001d30949e1e70949dfe700bf5a
:1082200000000000002209409ee59e4befaee23eba
:108230000000e03f700a0200f02e00200000f03f36
:108240000000f87f182d4454fb21f93f83c8c96d05
:08825000305fd43f0000f07f15
:020000040000fa
:020000040001f9
:10825800c3681b7843b94268b2f90020028212044d
:10826800c26180f82030704790f8202042b98268b7
:10827800b2f9002002821204c26180f820307047ef
:10828800426810b4b2f90020b0f91040111b00295f
:108298000ddd4469b1eb244f15ddc2691444221485
:1082a800c461028280f820305df8044b7047f9d031
:1082b8008169a41ab4eb214f05ddc269521a111461
:1082c800c2610182eee711040282c161eae700bfe0
:1082d80061220280836800220282b3f9003080f8ac
:1082e80020201b04c3617047072b19d943690b7001
:1082f80043691b124b70b0f916308b7090f9173028
:10830800cb7083690b7183691b124b71b0f91a30fa
:108318008b7190f91b30cb710823138000207047b4
:1083280001207047082a01d0012070478b78ca784d
:1083380030b44d780c781b0403eb0523234403eb7e
:10834800026343618b794d790c79ca791b0403eb7d
:108358000523234403eb0263836130bc002070478c
:10836800013903290bd8dfe801f0080604021030b0
:108378007047c06870478068704740687047002041
:04838800704700bf7b
:020000040000fa
:020000040001f9
:10838c00f0b540f2ff7681ea030c16ea115e1ebfcf
:10839c00b64516ea1355b54252d021ea465141f47e
:1083ac008011a1fb024723ea465343f48013ae44e9
:1083bc00a0fb03650cf0004c36197d41a1fb034773
:1083cc0047f10003a0fb0217f619654153f10003b6
:1083dc00094218bf46f0010640f2fe74b3f5007f67
:1083ec0013d2aef5806ea64523d24cea0331280396
:1083fc0041ea155140ea16503203450872f1004229
:10840c0050f1000051eb0e51f0bdaef2ff3ea6450f
:10841c000fd24ceac321e80241ea555140ea5650ca
:10842c00f202450872f1004250f1000051eb0e517e
:10843c00f0bd1eea0e0f2dd50cf000410020f0bd52
:10844c0016ea115f04bf01f000410020004218bf82
:10845c0041f0010116ea135f04bf03f00043002250
:10846c00124218bf43f0010306ea1354b44218bf7a
:10847c00b64503d00cf000410020f0bd21f00041c6
:10848c0023f00043b1eb065f0cd8b3eb065f09d8c1
:10849c0041b13bb10cf0004141f0fe4141f470019f
:1084ac000020f0bd40f20001c7f6f8710020f0bdcd
:020000040000fa
:020000040001f9
:1084bc00c368197851b3037ff0b413b3846942686d
:1084cc00438ab2f90060828a90f9165090f91770bd
:1084dc0012fb06f213fb06f3c5f10f053a41ab4054
:1084ec0002ebe4322344b2f5004f836111db144af2
:1084fc0093421cdd826147f6ff7202820177f0bc69
:10850c0070478368b3f90020d403d8e70182017760
:10851c0070470c4ca24205da0b4a93420dda826189
:10852c00224600e012b202820177f0bc704747f697
:10853c00ff7202820177f0bc70472246f3e700bf5e
:10854c000080ff3f0180ffff008000c040f6914299
:10855c000280836800220282b3f900300277db03c9
:10856c0083617047052b11d9438a0b7090f9133036
:10857c004b70838a8b7090f91530cb70837d0b71a7
:10858c00c37d4b7106231380002070470120704778
:10859c00062a01d0012070474a780b7803eb02239e
:1085ac004382ca788b7803eb022383820b79837521
:1085bc004b79c37500207047013903290bd8dfe8cc
:1085cc0001f00806040210307047c06870478068dc
:0c85dc007047406870470020704700bfe7
:020000040000fa
:020000040001f9
:1085e800c368197821b943681b680361017770472c
:1085f800037f23b983681b68036101777047436869
:10860800d0f810c02de9f047d3f800e07246beeb71
:108618000c044feaec794feae27363eb0905012c8d
:1086280075f1000a09db4669f317a642ab4113da74
:10863800664406610177bde8f0872c43fad0846967
:10864800bceb0e0669eb0307e317b442bb4103da40
:10865800aceb04040461ede7c0f810e0eae700bf02
:10866800002362220280036103777047072b19d920
:1086780043690b7043691b124b70b0f916308b704d
:1086880090f91730cb7083690b7183691b124b719a
:10869800b0f91a308b7190f91b30cb710823138015
:1086a8000020704701207047082a01d00120704738
:1086b8008b78ca7830b44d780c781b0403eb05230b
:1086c800234403eb026343618b794d790c79ca79b2
:1086d8001b0403eb0523234403eb0263836130bcd3
:1086e80000207047013903290bd8dfe801f008069c
:1086f800040210307047c06870478068704740684f
:0887080070470020704700bf1c
:020000040000fa
:020000040001f9
:10871000f0b445682b78cbb1837d8789c489018a01
:10872000428a73b9b7fa87f3b4fa84f4b1fa81f1e3
:10873000b2fa82f25b09640949095209012686826c
:1087400007e0868a4ff6ff7c66450ad11a4619462d
:108750001c46447203728172c2722b788375f0bc1e
:108760007047be4234bf00230123a64234bf002419
:1087700001248e4206f1010c34bf002101219642f2
:1087800034bf002201221ffa8cf6d8e7002340f202
:10879000cf1202808360838283757047072b1ad9ba
:1087a00083890b7083891b0a4b70c3898b70c389c3
:1087b0001b0acb70038a0b71038a1b0a4b71438a15
:1087c0008b71438a10b40824e340cb7100201480dd
:1087d0005df8044b70470120704700bf082a01d0a4
:1087e000012070474a780b7803eb02238381ca7813
:1087f0008b7803eb0223c3814a790b7903eb0223c5
:108800000382ca798b7903eb0223438200207047ed
:10881000013904290ed8dfe801f00507090b030030
:108820000b30704740687047083070470930704718
:088830000a3070470020704778
:020000040000fa
:020000040001f9
:1088380043691978f0b4446869b390f824302bb3cd
:10884800b0f92250438b828b278890f9206013fb64
:1088580005f312fb0733c58b028b334115fb02f27c
:10886800a3ebe233c568b3f5004fb5f9002005da8c
:108878000e4dab42b8bf2b469a420eda0283b4f9ca
:108888000030438480f82410f0bc70478368b3f943
:1088980000504584d6e70183f1e70269b2f9002068
:1088a8009342b8bf13461ab2e8e700bf0180ffff42
:1088b800002340f6b15202800383438480f82430b9
:1088c800704700bf062b15d9438b0b7090f91b30ee
:1088d8004b70838b8b7090f91d30cb70c38b0b71f1
:1088e80090f91f304b7190f820308b71072313805b
:1088f8000020704701207047072a01d001207047e7
:108908004a780b7803eb02234383ca788b7803eb0e
:10891800022383834a790b7903eb0223c3838b7980
:1089280080f82030002070470139052910d8dfe889
:1089380001f00507090b0d031830704740687047b0
:1089480080687047c0687047006970474069704721
:048958000020704744
:020000040000fa
:020000040001f9
:10895c004268b0f91c30b2f900209342f0b407dc45
:10896c00b0f91e3093421dda47f6ff72134601e050
:10897c00134a134690f91040878ac568468a2241eb
:10898c003a4492b205eb420135f91220b1f90210ca
:10899c003340891a1bb203fb01f3234113440381b7
:1089ac00f0bc7047b0f91a40b0f9163090f91810b5
:1089bc00121b03fb02f30b411bb21a46dae700bf92
:1089cc000180ffff40f2f112002302800381704707
:1089dc000d2b28d910b4037c0b70438a4b70438a3f
:1089ec001b0a8b70838acb70838a1b0a0b71c38a18
:1089fc004b71c38a1b0a8b71037ecb71438b0b7239
:108a0c00438b1b0a4b72838b8b72838b1b0acb722f
:108a1c00c38b0b73c38b0e241b0a4b730020148067
:108a2c005df8044b70470120704700bf0e2a01d03f
:108a3c00012070470b780374b1f801304382b1f810
:108a4c0003308382b1f80530c382cb7903760b896e
:108a5c0043834b8983838b89c3830020704700bf7a
:108a6c00012905d0022901d1083070470020704738
:048a7c004068704797
:020000040000fa
:020000040001f9
:108a80004168d0e9042310b50446d1e90001fff79d
:108a90007dfc05f0b9fe0a4a4ff0ff33904271ebbe
:108aa000030cb8bf10466ff00042b8bf19468242af
:108ab0004ff0000373eb010cb8bf1046a06010bd6f
:108ac00001000080d522002302808360704700bf30
:108ad000072b15d903690b7003691b0a4b70438a76
:108ae0008b70c37ccb7043690b7143691b0a4b715c
:108af000c38a8b71c37dcb7108231380002070471c
:108b000001207047082a01d0012070472de9f00f9d
:108b10004f7891f802a091f8008006463b023a0e89
:108b20004fea0a404fea1a4791f803a0181842eb9f
:108b300007074ff0000910eb08034fea0a6047eb04
:108b400009084fea1a221b1891f804a04ff0000000
:108b500048eb02021b1891f8058042eb0a0291f8db
:108b600006a01b184fea082842eb08084fea0a4201
:108b700091f807a01b1848eb02084fea0a6a1c1874
:108b800048eb0a05c6e90445bde8f00f704700bf91
:108b9000012905d0022901d1083070470020704713
:048ba0004068704772
:020000040000fa
:020000040001f9
:108ba40030b482b08ded000a0098cded010ac30dfa
:108bb400013bfd2b00f00044019a4dd8d30d013b3d
:108bc400fd2b49d820f00043934267d9d90d31d108
:108bd400b3fa83f10839d00d03fa01f3c1f10001ae
:108be4002ed0c2f3160242f40002884261da9d1ac2
:108bf400002d01f1ff3101db28d02b4681424feae1
:108c04004303f4d19a1a002a01db1fd01346b3faa6
:108c140083f2083a801a9340421e49bfc0f1010012
:108c2400d205c34000221344234400ee103a02b09c
:108c340030bc7047c0f31603d00d43f40003d0d109
:108c4400b2fa82f0083882404042cee7234600ee72
:108c5400103a02b030bc7047dded007af4ee677a6a
:108c6400f1ee10fa13d1dded017af4ee677af1ee4c
:108c740010fa0cd1430014d0b3f17f4f1bd0530032
:108c8400b3f17f4f0bd0b3b122f000429ae717ee55
:108c9400903a00ee103a02b030bc7047d6d0009b38
:108ca400d5e75300dfed057a009b08bf17ee903a35
:108cb400cde70846a6e7024bc9e700bf0000c07f26
:048cc4000000c07f6d
:020000040000fa
:020000040001f9
:108cc8004369f0b41c785cb390f824301bb3056a90
:108cd8004268438bb2f90070828b90f91e6090f95c
:108ce8001fc0c16812fb07f2b1f9001013fb07f3ac
:108cf800c6f10f0642fa0cf2b34002ebe5322b4400
:108d08009142036211daca03934216dc80f82440c8
:108d18000183f0bc70478368b3f90020d503d7e717
:108d2800048380f82440f0bc70470169b1f9001051
:108d3800914204ddca039342e8da0262e6e711b21f
:108d4800e4e700bf40f6a142028083680022028364
:108d5800b3f9003080f82420db030362704700bfba
:108d6800052b11d9438b0b7090f91b304b70838bfb
:108d78008b7090f91d30cb70837f0b71c37f4b7163
:108d8800062313800020704701207047062a01d06f
:108d9800012070474a780b7803eb02234383ca7893
:108da8008b7803eb022383830b7983774b79c37723
:108db800002070470139052910d8dfe801f00507c0
:108dc800090b0d031830704740687047806870477a
:108dd800c068704700697047406970470020704755
:020000040000fa
:020000040001f9
:108de800c3681a78002a37d0037f30b4cbb9d0e9ea
:108df8000131458a1b8890f91440b1f9001013fb22
:108e080005f3c4f10f04c903a3400b448361c913dc
:108e1800194ca14223da19498b422bda8161214688
:108e28001ee04368458a1b8890f91440816913fb4a
:108e380005f3c4f10f04a3400b44c913b1f5004f67
:108e48008361e5db0e498b420edd816147f6ff71d8
:108e58000182027730bc704702820277704709b2fc
:108e68000182027730bc704747f6ff7101820277b2
:108e780030bc70472146f3e70180ffff008000c047
:108e88000080ff3f40f68142028083680022028210
:108e9800b3f900300277db0383617047022b0ad9ec
:108ea800438a0b7090f913304b70037d8b7003234a
:108eb8001380002070470120704700bf032a01d0ab
:108ec800012070474a780b7803eb022343828b78a2
:108ed80003750020704700bf013903290bd8dfe86c
:108ee80001f00806040210307047c06870478068b7
:0c8ef8007047406870470020704700bfc2
:020000040000fa
:020000040001f9
:108f0400c368197891b390f91830f0b443b3b0f949
:108f14001640426890f9123092f9006090f914708a
:108f240090f9112090f9135013fb06f33b4103eb26
:108f3400e41312fb06f2c5f10705aa409bb22244d2
:108f44001cb212b27f2cc28213ddb2f57e5f20dd2b
:108f54004ff47e53c3827f2303740176f0bc7047c1
:108f6400836893f90020d401c482d2e701740176a6
:108f740070477f3408da12f57e5f4cf280030dda15
:108f8400c3826ff07e0300e05bb203740176f0bc31
:108f940070477f2303740176f0bc70476ff07e0343
:108fa400f3e700bf4ff44962028083680022027431
:108fb40093f900300276db01c3827047032b0bd98f
:108fc400437c0b70837c4b70c37c8b70037dcb70b4
:108fd400042313800020704701207047042a01d025
:108fe400012070470b7843744b7883748b78c37477
:108ff400cb78037500207047013903290bd8dfe8cb
:1090040001f00806040210307047c0687047806899
:0c9014007047406870470020704700bfa4
:020000040000fa
:020000040001f9
:10902000436890ed067a93ed005ad0ed076ad0edd3
:10903000055ad0ed047a90ed036a27ee057aa5ee85
:10904000a67a80ed027a93ed007a67ee877ae6eef3
:10905000867ac0ed077a7047002340f613520280eb
:109060008360c361704700bf0f2b27d9c3680b70a3
:10907000c3681b0a4b70c3898b70c37bcb700369b9
:109080000b7103691b0a4b71438a8b71c37ccb71d3
:1090900043690b7243691b0a4b72c38a8b72c37d8f
:1090a000cb7283690b7383691b0a4b73438b8b737e
:1090b000c37ecb73102313800020704701207047bc
:1090c000102a01d0012070478b78ca7830b44d78cf
:1090d0000c781b0403eb0523234403eb0263c360fa
:1090e0008b794d790c79ca791b0403eb0523234452
:1090f00003eb026303618b7a4d7a0c7aca7a1b0404
:1091000003eb0523234403eb026343618b7b4d7b1d
:109110000c7bca7b1b0403eb0523234403eb026394
:10912000836130bc00207047012905d0022901d19c
:0c9130000830704700207047406870470e
:020000040000fa
:020000040001f9
:10913c0041680a68f0b40ab3436a53b3038c028bd8
:10914c00468b858bc48b9a428cbf00226ff00042f9
:10915c009e428cbf00266ff000469d428cbf0025be
:10916c006ff000454ff6ff779c428cbf00246ff0e8
:10917c000044bb4205d00133038402e0144615467b
:10918c001646c0e90226c0e904540b684362f0bce1
:10919c0070470384d3e700bf00234ff4e1720280d1
:1091ac00c0e90233c0e9043303844362704700bf53
:1091bc00072b1ad9038b0b70038b1b0a4b70438b39
:1091cc008b70438b1b0acb70838b0b71838b1b0aad
:1091dc004b71c38b8b71c38b10b40824e340cb71e0
:1091ec00002014805df8044b70470120704700bfcd
:1091fc00082a01d0012070474a780b7803eb022330
:10920c000383ca788b7803eb022343834a790b7967
:10921c0003eb02238383ca798b7903eb0223c38389
:10922c0000207047013904290ed8dfe801f005074a
:10923c00090b0300143070474068704708307047c2
:0c924c000c307047103070470020704755
:020000040000fa
:020000040001f9
:1092580043691b783bb390f82420f2b190ed087a6b
:109268004268d0ed076ad2ed007ac268b0ee476a6c
:10927800a6eea76a80ed086ad2ed007af4eec77a06
:10928800f1ee10fa14d5b4eee76af1ee10fa1cdc30
:10929800c0ed067a80f824307047826892ed007a33
:1092a80080ed087adce70022826180f8243070477c
:1092b8000269d2ed007af4eec77af1ee10fa07dd12
:1092c800b4eee76af1ee10fae2d5c0ed087adfe70e
:1092d800f0ee477adce700bf0022836882611a68f3
:1092e800026240f643510023018080f82430704721
:1092f800032b0cd9c3690b70c3691b0a4b70c38b52
:109308008b70c37fcb70042313800020704701202b
:10931800704700bf042a01d0012070478b78ca78b3
:1093280030b44d780c781b0403eb0523234403eb7e
:109338000263c36130bc0020704700bf01390529b2
:1093480010d8dfe801f00507090b0d031830704746
:109358004068704780687047c06870470069704708
:089368004069704700207047c6
:020000040000fa
:020000040001f9
:109370004369197899b390f9203070b44bb3b0f9c0
:109380001e40426890f9193092f9006090f91b5024
:1093900090f91a20c5f1070513fb06f3ab4090f9cd
:1093a0001c50234412fb06f22a411bb2c568c3833a
:1093b00002ebe41292b295f9004015b2ac4212da17
:1093c000e201934200ddc283047680f8201070bc75
:1093d0007047836893f90020d401c483d1e70176f4
:1093e00080f820107047046994f90040ac4203dd16
:1093f000e2019342e8dae6e754b2047680f82010fe
:1094000070bc70474ff44a62028083680022027683
:1094100093f9003080f82020db01c383704700bf40
:10942000032b0bd9437e0b70837e4b70c37e8b70f6
:10943000037fcb7004231380002070470120704706
:10944000042a01d0012070470b7843764b7883764d
:109450008b78c376cb7803770020704701390529d4
:1094600010d8dfe801f00507090b0d03183070472d
:109470004068704780687047c068704700697047ef
:089480004069704700207047ad
:020000040000fa
:020000040001f9
:10948800c368197891b390f828302de9f0033bb3fd
:10949800d0e9085cea0f42ea4c024368026190f99d
:1094a80018401a68436980f82810c4f11f0482fb29
:1094b8000389a4f1200709fa04f308fa07f7c4f1ad
:1094c80020063b4328fa06f608fa04f2521943ea42
:1094d800060343eb0c03c0e90823bde8f00370471b
:1094e80083681d684fea650ced07d3e7016180f8d2
:1094f80028107047002382680361126880f82830ba
:1095080030b4d517eb0740f63254d10743ea52037b
:109518000480c0e9081330bc704700bf042b10d981
:1095280043690b7043691b124b70b0f916308b708e
:1095380090f91730cb70037e0b7105231380002040
:1095480070470120704700bf052a01d001207047ed
:109558008b78ca7830b44d780c781b0403eb05235c
:10956800234403eb026343610b79037630bc00208c
:10957800704700bf013903290bd8dfe801f008065e
:10958800040210307047c0687047806870474068b0
:0895980070470020704700bf7e
:020000040000fa
:020000040001f9
:1095a000c3681b78a3b3027fb2b3d0ed067a9fedf8
:1095b0001d7af4eec77af1ee10fa0adbdfed1a6ad3
:1095c00077eee67af4eec77af1ee10faf8dac0ed4b
:1095d000067a9fed167af4eec77af1ee10fa0ad504
:1095e000dfed116a77eea67af4eec77af1ee10faa3
:1095f000f8d4c0ed067a4268c0ed047a92ed007aa4
:10960000d0ed056a0377e6ee877ac0ed067a7047fb
:1096100000220261037770478268d2ed007ac0edc4
:10962000067ac4e7db0f4940db0fc940db0f49c0b6
:109630000022836802611a68826140f63351002378
:1096400001800377704700bf032b0cd943690b706f
:1096500043691b0a4b70c38a8b70c37dcb70042394
:109660001380002070470120704700bf042a01d0fa
:10967000012070478b78ca7830b44d780c781b0481
:1096800003eb0523234403eb0263436130bc00205a
:10969000704700bf013903290bd8dfe801f0080645
:1096a000040210307047c068704780687047406897
:0896b00070470020704700bf65
:020000040000fa
:020000040001f9
:1096b800c3681b7823b94268126802610377704750
:1096c800027f22b982681268026103777047426894
:1096d800d0ed047ad2ed006a36eee77ab5eec07abc
:1096e800f1ee10fa0bdd90ed056ab4eec76af1ee03
:1096f80010fa13d577ee867ac0ed047adee7ddd569
:1097080090ed066ab1ee477ab4eec67af1ee10fa39
:1097180004dd77eec67ac0ed047acfe7c0ed046abf
:10972800cce700bf00226321002301800261037798
:10973800704700bf072b15d943690b7043691b0a93
:109748004b70c38a8b70c37dcb7083690b7183693f
:109758001b0a4b71438b8b71c37ecb71082313801b
:109768000020704701207047082a01d00120704767
:109778008b78ca7830b44d780c781b0403eb05233a
:10978800234403eb026343618b794d790c79ca79e1
:109798001b0403eb0523234403eb0263836130bc02
:1097a80000207047013903290bd8dfe801f00806cb
:1097b800040210307047c06870478068704740687e
:0897c80070470020704700bf4c
:020000040000fa
:020000040001f9
:1097d000c3681b7843b3027f02b3d0ed067a4268b8
:1097e00090ed056ad2ed006a9fed1a7af0ee675aa5
:1097f000e6ee265af4eec77af1ee10fac0ed065afc
:1098000016ddf4eec75af1ee10fa1ddd80ed067a92
:10981000f0ee477ac0ed047a037770478268d2eda4
:10982000007ac0ed067adae700220261037770471a
:109830009fed097af4eec77af1ee10faead5f4ee6c
:10984000c75af1ee10fae1d4f0ee477ac0ed047a8f
:10985000e2e700bfffff7f7fffff7fff00228368fb
:1098600002611a68826140f6834100230180037718
:10987000704700bf032b0cd943690b7043691b0a67
:109880004b70c38a8b70c37dcb7004231380002080
:1098900070470120704700bf042a01d001207047a3
:1098a0008b78ca7830b44d780c781b0403eb052311
:1098b000234403eb0263436130bc0020704700bfc8
:1098c000013903290bd8dfe801f008060402103043
:1098d0007047c068704780687047406870470020d4
:0498e000704700bf0e
:020000040000fa
:020000040001f9
:1098e4004368028a417df0b41f88b0f91660c589c7
:1098f400134c12fb07f20a41017dc77c15fb06f5e8
:109904000d412a44a24247f6ff75b8bf2246aa4237
:10991400a8bf2a4602811b888289418912fb03f26f
:10992400837c11fb06f13a4119415318a342b8bf95
:109934002346ab42a8bf2b46c382f0bc704700bf8e
:109944000180ffff002340f6115202800381c3828d
:10995400704700bf0b2b1fd943890b7090f90b3054
:109964004b7083898b7090f90d30cb70c3890b7168
:1099740090f90f304b71038a8b7190f91130cb71d0
:10998400837c0b72c37c4b72037d8b72437dcb72e1
:109994000c23138000207047012070470c2a01d04b
:1099a400012070474a780b7803eb02234381ca787d
:1099b4008b7803eb022383814a790b7903eb02232f
:1099c400c381ca798b7903eb022303820b7a8374f4
:1099d4004b7ac3748b7a0375cb7a43750020704736
:1099e400012905d0022901d10830704700207047b1
:0499f4004068704710
:020000040000fa
:020000040001f9
:1099f800f0b44468b4f9003003b3b0f91a204ab39c
:109a0800028b038a468a858ab0f816c047f6ff712a
:109a18004ff6ff77934294bf0b460023964294bfbc
:109a28000e460026954294bf0d460025944588bff2
:109a38000021ba4205d00132028302e019461d46d0
:109a48001e46468185810381c181b4f90030438374
:109a5800f0bc70470283d4e7002340f2c1120280b1
:109a6800c0e9023383617047072b1ad9038a0b7048
:109a7800038a1b0a4b70438a8b70438a1b0acb707c
:109a8800838a0b71838a1b0a4b71c38a8b71c38ac1
:109a980010b40824e340cb71002014805df8044b17
:109aa80070470120704700bf082a01d00120704785
:109ab8004a780b7803eb02230382ca788b7803eb8e
:109ac800022343824a790b7903eb02238382ca7902
:109ad8008b7903eb0223c3820020704701390429e4
:109ae8000ed8dfe801f00507090b03000e307047b8
:109af80040687047083070470a3070470c3070472c
:049b08000020704782
:020000040000fa
:020000040001f9
:109b0c00254b4ff0806270b5c3f89820fcf71af81b
:109b1c00224e234d3080fdf74df901230722708032
:109b2c004ff4c05185f82e200c2085f82c30fbf713
:109b3c00cfff4ff4c0510220fdf702f92b7d43f00b
:109b4c0002032b7504f0a2fa95f82e40e4b2012c16
:109b5c00fad1fdf72ff9b080fbf7f4ff4ff4c051a9
:109b6c00f0800020fbf7b4ff4ff4c0510020fdf74c
:109b7c00e7f83389728985f82d4001330721338149
:109b8c0085f82e100ab1013a7281034b4ff08062b6
:109b9c00c3f8942070bd00bf00800041902e0020bf
:109bac00001c004310b50f4ce3680133b3f5004fb4
:109bbc00e3600ad8fbf7c6ff236918442061fdf760
:109bcc00f9f863691844606110bdd4e90423d20b21
:109bdc00db0b2283638304480021bde81040fbf7b4
:109bec00cfbf00bf902e00200d9b010008b50020b8
:109bfc0007f04af800210648fbf7c2fffaf706fe09
:109c0c00fbf74cff03f072f804f038fafce700bfe6
:049c1c00b19b0100f7
:020000040000fa
:020000040001f9
:109c20004168d0e9042310b50446d1e90001fef7ec
:109c3000adfb06f087fb054b984247f6ff72b8bfb5
:109c400018469042a8bf1046208110bd0180ffff3a
:109c5000d422002302800381704700bf072b15d94f
:109c600003690b7003691b0a4b70438a8b70c37cba
:109c7000cb7043690b7143691b0a4b71c38a8b71ab
:109c8000c37dcb71082313800020704701207047eb
:109c9000082a01d0012070472de9f00f4f7891f884
:109ca00002a091f8008006463b023a0e4fea0a40b5
:109cb0004fea1a4791f803a0181842eb07074ff034
:109cc000000910eb08034fea0a6047eb09084fea66
:109cd0001a221b1891f804a04ff0000048eb020272
:109ce0001b1891f8058042eb0a0291f806a01b1898
:109cf0004fea082842eb08084fea0a4291f807a009
:109d00001b1848eb02084fea0a6a1c1848eb0a05c0
:109d1000c6e90445bde8f00f704700bf012905d032
:109d2000022901d108307047002070474068704711
:020000040000fa
:020000040001f9
:109d3000f0b4416891f90030f3b190f916203ab3cc
:109d4000828a8389c689058a448a4ff6ff779342bf
:109d500094bf7f230023964294bf7f26002695421e
:109d600094bf7f250025944294bf7f240024ba42eb
:109d700005d00132828202e01c461d461e46467214
:109d80008572c472037291f900308375f0bc70471c
:109d90008282d6e700234ff4e072028083608382e0
:109da00083757047072b1ad983890b7083891b0a27
:109db0004b70c3898b70c3891b0acb70038a0b71ec
:109dc000038a1b0a4b71438a8b71438a10b408249f
:109dd000e340cb71002014805df8044b70470120f4
:109de000704700bf082a01d0012070474a780b78dd
:109df00003eb02238381ca788b7803eb0223c381b0
:109e00004a790b7903eb02230382ca798b7903eb3e
:109e10000223438200207047013904290ed8dfe86d
:109e200001f00507090b03000b30704740687047cd
:109e300008307047093070470a307047002070477b
:020000040000fa
:020000040001f9
:109e400070b4d0e9012393f9003092f9004013f186
:109e5000800f0fd014f1800f06d0002c15d1002bed
:109e60003fd1037370bc70477f24002b41ddc021bc
:109e700000250fe014f1800f22d0002c27d01bdb2f
:109e80007f2c3bd1202240210fe03fdb002b40db29
:109e9000002101259c4220dd00261a02214bb2fb45
:109ea000f4f2d2b29a5cb5420cd001f13f039b1a96
:109eb0005bb2037370bc7047624254b27f2c2dd1e9
:109ec000202280218b185bb2037370bc704725463b
:109ed0002346402101267f24dfe712d120220126dc
:109ee000e1e716db1a460125234621462e46144695
:109ef000d3e75b425bb280210125cbe77f230025be
:109f000040211a46012623461446c6e7624254b24f
:109f1000abe759424bb200254021bbe77f23012527
:109f20008021eee74c72000041f2103200230280e3
:109f300003737047022905d0032907d0012903d0f4
:109f40000020704780687047406870470c30704749
:020000040000fa
:020000040001f9
:109f5000f82e0020040000000100000000000000b6
:109f6000b82e00202400000000000000162c002065
:109f70000200000000000000dc2e002008000000ad
:109f8000000000008d2e00200200000000000000f4
:109f9000e42e00200800000000000000a02d00209a
:109fa0006c00000000000000000000200020000005
:109fb00000000000fc2e0020040000000100000052
:109fc000642d0020182c00208801000000000000f3
:109fd0008f2e0020010000000100000001000000a1
:109fe0005c2e00203100000000000000102800203e
:109ff0000604000000000000042f00200200000002
:10a0000001000000090000000020002010080000ee
:10a0100000000000902e002028000000000000003a
:10a02000ec2e002008000000000000000c2e002094
:10a030005000000000000000f42e0020040000008a
:10a0400000000000002f00200400000001000000bc
:10a050000000000000000000000000006666666668
:020000040000fa
:020000040001f9
:10a06000f0b490f90a3090f91040416890f9092055
:10a0700090f9117091f9006090f90b5013fb04f303
:10a0800012fb07f25b1003eb620390f90e2015fb45
:10a0900006f503eb6503002a1bb225dd013a1341e7
:10a0a00090f9125090f90d6090f90c7090f913200e
:10a0b000447416fb05f407fb024290f90f4091f936
:10a0c0000010017412b222419b1a1bb26ff07e0283
:10a0d0009342b8bf13467f2ba8bf7f235bb2c574e2
:10a0e00083740372f0bc7047c2f1010293401bb24b
:10a0f000d6e700bf00234ff44e6202800372036173
:10a10000704700bf062b11d9437a0b70837a4b70ce
:10a11000c37a8b70037bcb70437b0b71837b4b715a
:10a12000c37b8b7107231380002070470120704789
:10a13000072a01d0012070470b7843724b78837255
:10a140008b78c372cb7803730b7943734b7983732a
:10a150008b79c37300207047012905d0022901d1f2
:0ca16000083070470020704740687047ce
:020000040000fa
:020000040001f9
:10a16c004168d0e9042310b50446d1e90001fef79b
:10a17c0007f906f0e1f86ff07e0300b29842b8bf21
:10a18c0018467f28a8bf7f20207210bdd322002341
:10a19c0002800372704700bf072b15d903690b703f
:10a1ac0003691b0a4b70438a8b70c37ccb70436969
:10a1bc000b7143691b0a4b71c38a8b71c37dcb71c5
:10a1cc00082313800020704701207047082a01d013
:10a1dc00012070472de9f00f4f7891f802a091f80b
:10a1ec00008006463b023a0e4fea0a404fea1a47f5
:10a1fc0091f803a0181842eb07074ff0000910eb79
:10a20c0008034fea0a6047eb09084fea1a221b18a9
:10a21c0091f804a04ff0000048eb02021b1891f8d3
:10a22c00058042eb0a0291f806a01b184fea082899
:10a23c0042eb08084fea0a4291f807a01b1848ebba
:10a24c0002084fea0a6a1c1848eb0a05c6e90445dd
:10a25c00bde8f00f704700bf012905d0022901d1dc
:0ca26c00083070470020704740687047c1
:020000040000fa
:020000040001f9
:10a27800f0eec05af4ee655af1ee10fa66d108b560
:10a28800dfed387af4eee75af1ee10fa2ded048b93
:10a29800f0ee408a42d4b6ee009af4eec95af1eed6
:10a2a80010fa4fddf7ee007af4eee75af1ee10fa05
:10a2b8004ddc79ee657a77ee897a27ee899ab5eee4
:10a2c800409af1ee10fab1eec98a46d40022f8eeaf
:10a2d800005a68ee255a05212348b0ee490a06f0cf
:10a2e800e3fb0521b0ee405a2048b0ee490a06f0db
:10a2f8006bf985ee000a1e4bf5eec08af1ee10faf6
:10a30800e0ee255a12d403eb820292ed000a70eeb9
:10a31800655a30ee250abdec048b08bdf5eec08aff
:10a32800f1ee10fa4ff00102114becd5023203ebbb
:10a338008202bdec048b92ed000a75ee805a30ee75
:10a34800250a08bd20ee009a0122c4e77047094b90
:10a358009fed090a21221a60dde7b0ee490a07f0ed
:10a36800f7fbb3e7ffe6db2eb4130200c8130200c5
:0ca37800a4130200f02e00200000c07fa3
:020000040000fa
:020000040001f9
:10a38400b4ee400af1ee10fa55d1dfed337ab4eeb3
:10a39400e70af1ee10fa08b54edcdfed307ab4eee0
:10a3a400e70af1ee10fa4dd4dfed2d7ab0eec07a63
:10a3b400b4eee77af1ee10fa4ad410ee103a03f054
:10a3c400004383f07c539fed277a9fed273adfed1e
:10a3d400273adfed275a9fed274adfed274a9fed05
:10a3e400276a07ee903ae0ee077ab5ee007afdeec2
:10a3f400e77ab6ee005af8eee76a17ee900aa6ee90
:10a40400830a0130f0ee657aa6eea30a60ee006ad4
:10a41400e6ee847aa6eea46aa6eea77a67ee007a40
:10a4240035ee677aa6ee867a87ee870a30ee050a5d
:10a4340006f088fc08bd7047114b9fed120a2222da
:10a444001a6008bd0e4b9fed100a22221a6008bd47
:10a45400b7ee000a08bd00bf1372b14250acaec2e1
:10a4640008e53c1e65a9b83f008031bf83805e3992
:10a474002387e33b23958a37cbfc013a748c633df5
:0ca48400f02e00200000807f000000008f
:020000040000fa
:020000040001f9
:10a49000c3681978f0b4446841b3037f0bb3b0f9d3
:10a4a0001a50438a2788828a90f9186013fb05f3b3
:10a4b00012fb0733c58a028a334115fb02f20f4da6
:10a4c000a3ebe233ab42b8bf2b4647f6ff72934291
:10a4d000a8bf13460382b4f9003043830177f0bc70
:10a4e00070478368b3f900504583dae70182b4f915
:10a4f000003043830177f0bc704700bf0180ffff4d
:10a50000002340f6a1520280038243830377704701
:10a51000062b14d9438a0b7090f913304b70838a41
:10a520008b7090f91530cb70c38a0b7190f917308e
:10a530004b71037e8b71072313800020704701202d
:10a54000704700bf072a01d0012070474a780b7876
:10a5500003eb02234382ca788b7803eb02238382c6
:10a560004a790b7903eb0223c3828b7903760020af
:10a57000704700bf013903290bd8dfe801f0080656
:10a58000040210307047c0687047806870474068a8
:08a5900070470020704700bf76
:020000040000fa
:020000040001f9
:10a598004168d0e9042310b50446d1e90001fdf76c
:10a5a800f1fe0022002307f0b9f8b0fa80f0400964
:10a5b800207210bdd722002302800372704700bfab
:10a5c800072b15d903690b7003691b0a4b70438a63
:10a5d8008b70c37ccb7043690b7143691b0a4b7149
:10a5e800c38a8b71c37dcb71082313800020704709
:10a5f80001207047082a01d0012070472de9f00f8b
:10a608004f7891f802a091f8008006463b023a0e76
:10a618004fea0a404fea1a4791f803a0181842eb8c
:10a6280007074ff0000910eb08034fea0a6047ebf1
:10a6380009084fea1a221b1891f804a04ff00000ed
:10a6480048eb02021b1891f8058042eb0a0291f8c8
:10a6580006a01b184fea082842eb08084fea0a42ee
:10a6680091f807a01b1848eb02084fea0a6a1c1861
:10a6780048eb0a05c6e90445bde8f00f704700bf7e
:10a68800012905d0022901d1083070470020704700
:04a69800406870475f
:020000040000fa
:020000040001f9
:10a69c0000070e091c1b1215383f363124232a2db6
:10a6ac0070777e796c6b6265484f464154535a5da6
:10a6bc00e0e7eee9fcfbf2f5d8dfd6d1c4c3cacd96
:10a6cc0090979e998c8b8285a8afa6a1b4b3babd86
:10a6dc00c7c0c9cedbdcd5d2fff8f1f6e3e4edea76
:10a6ec00b7b0b9beabaca5a28f88818693949d9a66
:10a6fc002720292e3b3c35321f18111603040d0a56
:10a70c005750595e4b4c45426f68616673747d7a45
:10a71c00898e878095929b9cb1b6bfb8adaaa3a435
:10a72c00f9fef7f0e5e2ebecc1c6cfc8dddad3d425
:10a73c00696e676075727b7c51565f584d4a434415
:10a74c00191e171005020b0c21262f283d3a333405
:10a75c004e49404752555c5b7671787f6a6d6463f5
:10a76c003e39303722252c2b0601080f1a1d1413e5
:10a77c00aea9a0a7b2b5bcbb9691989f8a8d8483d5
:10a78c00ded9d0d7c2c5cccbe6e1e8effafdf4f3c5
:020000040000fa
:020000040001f9
:10a79c00436810b50446187807f018fad4e9042376
:10a7ac00fdf7eefdc4e9020110bd00bf002300223d
:10a7bc00c0e90223c7230380704700bf072b15d9bc
:10a7cc0003690b7003691b0a4b70438a8b70c37c43
:10a7dc00cb7043690b7143691b0a4b71c38a8b7134
:10a7ec00c37dcb7108231380002070470120704774
:10a7fc00082a01d0012070472de9f00f4f7891f80d
:10a80c0002a091f8008006463b023a0e4fea0a403d
:10a81c004fea1a4791f803a0181842eb07074ff0bc
:10a82c00000910eb08034fea0a6047eb09084feaee
:10a83c001a221b1891f804a04ff0000048eb0202fa
:10a84c001b1891f8058042eb0a0291f806a01b1820
:10a85c004fea082842eb08084fea0a4291f807a091
:10a86c001b1848eb02084fea0a6a1c1848eb0a0549
:10a87c00c6e90445bde8f00f704700bf012905d0bb
:10a88c00022901d10830704700207047406870479a
:020000040000fa
:020000040001f9
:10a89c00436810b50446b3f9000007f069f9d4e930
:10a8ac000423fdf76dfdc4e9020110bd0023002255
:10a8bc00c0e90223c4230380704700bf072b15d9be
:10a8cc0003690b7003691b0a4b70438a8b70c37c42
:10a8dc00cb7043690b7143691b0a4b71c38a8b7133
:10a8ec00c37dcb7108231380002070470120704773
:10a8fc00082a01d0012070472de9f00f4f7891f80c
:10a90c0002a091f8008006463b023a0e4fea0a403c
:10a91c004fea1a4791f803a0181842eb07074ff0bb
:10a92c00000910eb08034fea0a6047eb09084feaed
:10a93c001a221b1891f804a04ff0000048eb0202f9
:10a94c001b1891f8058042eb0a0291f806a01b181f
:10a95c004fea082842eb08084fea0a4291f807a090
:10a96c001b1848eb02084fea0a6a1c1848eb0a0548
:10a97c00c6e90445bde8f00f704700bf012905d0ba
:10a98c00022901d108307047002070474068704799
:020000040000fa
:020000040001f9
:10a99c00436810b50446186807f0eaf8d4e90423b4
:10a9ac00fdf7eefcc4e9020110bd00bf002300223c
:10a9bc00c0e90223c5230380704700bf072b15d9bc
:10a9cc0003690b7003691b0a4b70438a8b70c37c41
:10a9dc00cb7043690b7143691b0a4b71c38a8b7132
:10a9ec00c37dcb7108231380002070470120704772
:10a9fc00082a01d0012070472de9f00f4f7891f80b
:10aa0c0002a091f8008006463b023a0e4fea0a403b
:10aa1c004fea1a4791f803a0181842eb07074ff0ba
:10aa2c00000910eb08034fea0a6047eb09084feaec
:10aa3c001a221b1891f804a04ff0000048eb0202f8
:10aa4c001b1891f8058042eb0a0291f806a01b181e
:10aa5c004fea082842eb08084fea0a4291f807a08f
:10aa6c001b1848eb02084fea0a6a1c1848eb0a0547
:10aa7c00c6e90445bde8f00f704700bf012905d0b9
:10aa8c00022901d108307047002070474068704798
:020000040000fa
:020000040001f9
:10aa9c0010b54368044693f9000007f069f8d4e94f
:10aaac000423fdf76dfcc4e9020110bd0023002254
:10aabc00c0e90223c3230380704700bf072b15d9bd
:10aacc0003690b7003691b0a4b70438a8b70c37c40
:10aadc00cb7043690b7143691b0a4b71c38a8b7131
:10aaec00c37dcb7108231380002070470120704771
:10aafc00082a01d0012070472de9f00f4f7891f80a
:10ab0c0002a091f8008006463b023a0e4fea0a403a
:10ab1c004fea1a4791f803a0181842eb07074ff0b9
:10ab2c00000910eb08034fea0a6047eb09084feaeb
:10ab3c001a221b1891f804a04ff0000048eb0202f7
:10ab4c001b1891f8058042eb0a0291f806a01b181d
:10ab5c004fea082842eb08084fea0a4291f807a08e
:10ab6c001b1848eb02084fea0a6a1c1848eb0a0546
:10ab7c00c6e90445bde8f00f704700bf012905d0b8
:10ab8c00022901d108307047002070474068704797
:020000040000fa
:020000040001f9
:10ab9c0000150000f82e0000674d0000026b00004d
:10abac00be87000095a300007abe000066d80000a6
:10abbc004af100001b090100cd1f010052350100b4
:10abcc0099490100985c0100346e01005f7e010020
:10abdc00038d0100019a010045a501008aae010018
:10abec00c4b5010001bb0100debf01008dc2010034
:10abfc00dec20100dbc0010073ba01001cb1010010
:10ac0c00b5a401003d95010066820100e06b0100d6
:10ac1c003e680100d87901004d8a0100929901002b
:10ac2c0089a7010045b4010061bf010089c9010079
:10ac3c006dd101007bd70100dfdd0100ade2010029
:10ac4c00bfe50100e8e6010054e60100cde3010098
:10ac5c002adf010035d6010016cb01002cbe010005
:10ac6c004eae0100de9b01008e8601002e6e0100af
:10ac7c007f5201004a3301005110010051e90000dc
:10ac8c0001be00000d8e000024590000dd1e0000e6
:020000040000fa
:020000040001f9
:10ac9c0043691a7822b390f8243070b4dbb1016a9e
:10acac004368468b1b8890f91c40c568c4f10f049f
:10acbc0013fb06f3a340b5f900400b44c9138c42b7
:10accc00036211dae1038b4200dd0162048380f838
:10acdc00242070bc70478368b3f90010c903dfe708
:10acec00028380f8242070470469b4f900408c4238
:10acfc0003dde1038b42e9dae7e70cb2048380f869
:10ad0c00242070bc704700bf40f64152028083681b
:10ad1c0000220283b3f9003080f82420db030362a5
:10ad2c00704700bf022b0ad9438b0b7090f91b3074
:10ad3c004b70037f8b70032313800020704701201e
:10ad4c00704700bf032a01d0012070474a780b7866
:10ad5c0003eb022343838b7803770020704700bffb
:10ad6c000139052910d8dfe801f00507090b0d039f
:10ad7c00183070474068704780687047c0687047eb
:0cad8c0000697047406970470020704764
:020000040000fa
:020000040001f9
:10ad9800416810b5d0e904230446d1e90001fdf764
:10ada800f1fac4e9020110bd00230022c0e9022320
:10adb80014230380704700bf072b15d903690b7054
:10adc80003691b0a4b70438a8b70c37ccb70436941
:10add8000b7143691b0a4b71c38a8b71c37dcb719d
:10ade800082313800020704701207047082a01d0eb
:10adf800012070472de9f00f4f7891f802a091f8e3
:10ae0800008006463b023a0e4fea0a404fea1a47cc
:10ae180091f803a0181842eb07074ff0000910eb50
:10ae280008034fea0a6047eb09084fea1a221b1881
:10ae380091f804a04ff0000048eb02021b1891f8ab
:10ae4800058042eb0a0291f806a01b184fea082871
:10ae580042eb08084fea0a4291f807a01b1848eb92
:10ae680002084fea0a6a1c1848eb0a05c6e90445b5
:10ae7800bde8f00f704700bf012905d0022901d1b4
:0cae880008307047002070474068704799
:020000040000fa
:020000040001f9
:10ae94004368d0ed066ad3ed007a90ed057ac26876
:10aea40077eee67a67ee877af5eec07af1ee10fa7d
:10aeb40027d4bceee77a82b08ded017a018abdf821
:10aec40004308b4215d207ee103a02eb8302d2ed26
:10aed400006a92ed016ab8eec77a36ee666a77eeda
:10aee400c77ae6ee276af0ee667ac0ed027a02b01f
:10aef400704702eb8102d2ed007ac0ed027a02b013
:10af04007047d2ed007ac0ed027a7047002340f218
:10af1400f312028083607047092b1ad9038a0b70dd
:10af2400038a1b0a4b7043698b7043691b0acb70fd
:10af3400c38a0b71c37d4b7183698b7183691b0a4f
:10af4400cb71438b0b72c37e4b720a231380002098
:10af540070470120704700bf0a2a034601d0012030
:10af640070470a880282d1f802204261d1f8062093
:10af74009a610020704700bf012905d0022901d140
:0caf84000830704700207047406870479c
:020000040000fa
:020000040001f9
:10af900010b54368d0ed037a93ed000a2ded028bd6
:10afa00020ee270a9fed1b8ab4eec80af1ee10fad4
:10afb00004461dda9fed188ab4eec80af1ee10fac5
:10afc00004d4bdec028b84ed020a10bddfed138ac0
:10afd000f0ee680afdf7e6fdb4eec80af1ee10faed
:10afe00048bf30ee280abdec028b84ed020a10bd8a
:10aff000dfed0a8af0ee680afdf7d4fdb4eec80a68
:10b00000f1ee10fadddb30ee680abdec028b84ed68
:10b01000020a10bddb0f4940db0f49c0db0fc940fe
:10b020000023232202808360704700bf032b0cd9ca
:10b03000c3680b70c3681b0a4b70c3898b70c37bda
:10b04000cb7004231380002070470120704700bf9d
:10b05000042a01d0012070478b78ca7830b44d782b
:10b060000c781b0403eb0523234403eb0263c3604a
:10b0700030bc0020704700bf012905d0022901d152
:0cb080000830704700207047406870479f
:020000040000fa
:020000040001f9
:10b08c00c3681b7823b94268126802610377704762
:10b09c00027f22b9826812680261037770474168a7
:10b0ac00026930b40c68a11a002907dd45698d428c
:10b0bc000cda2a440261037730bc7047fbd08169fb
:10b0cc00151b8d4202dd521a0261f4e70461f2e7ae
:10b0dc0000234ff49172028003610377704700bf25
:10b0ec00072b19d943690b7043691b124b70b0f9cc
:10b0fc0016308b7090f91730cb7083690b718369a4
:10b10c001b124b71b0f91a308b7190f91b30cb714b
:10b11c00082313800020704701207047082a01d0b3
:10b12c00012070478b78ca7830b44d780c781b04aa
:10b13c0003eb0523234403eb026343618b794d79c5
:10b14c000c79ca791b0403eb0523234403eb02633c
:10b15c00836130bc00207047013903290bd8dfe82c
:10b16c0001f00806040210307047c0687047806810
:0cb17c007047406870470020704700bf1b
:020000040000fa
:020000040001f9
:10b18800d0e9012370b50646d2e90001d3e90023ce
:10b19800f5f7f6fc2aa3d3e9002304460d4605f08b
:10b1a800b1fd40bb28a3d3e900232046294606f079
:10b1b8002df910b9c6e9044570bd45ec104b9fed5b
:10b1c8001e1bf6f77dfc55ec104b1fa3d3e900239b
:10b1d80010ee100a294606f019f90028ead0204690
:10b1e800294615a3d3e90023f5f7cafc04460d4602
:10b1f800c6e9044570bd45ec104b9fed0f1bf6f7f3
:10b208005ffc55ec104b0ea3d3e9002310ee100a97
:10b21800294605f077fd0028ccd02046294606a30c
:10b22800d3e9002306f01efd04460d46c6e9044591
:10b2380070bd00bfaff30080182d4454fb211940a6
:10b24800182d4454fb210940182d4454fb2109c0f2
:10b2580000230022c0e9042341f2743303807047bd
:10b26800022905d0032907d0012903d000207047ff
:0cb27800806870474068704710307047d5
:020000040000fa
:020000040001f9
:10b28800d0e9012370b50646d2e90001d3e90023cd
:10b2980006f0e8fc2aa3d3e9002304460d4605f08e
:10b2a80031fd40bb28a3d3e900232046294606f0f8
:10b2b800adf810b9c6e9044570bd45ec104b9feddb
:10b2c8001e1bf6f7fdfb55ec104b1fa3d3e900231b
:10b2d80010ee100a294606f099f80028ead0204610
:10b2e800294615a3d3e90023f5f74afc04460d4681
:10b2f800c6e9044570bd45ec104b9fed0f1bf6f7f2
:10b30800dffb55ec104b0ea3d3e9002310ee100a17
:10b31800294605f0f7fc0028ccd02046294606a38c
:10b32800d3e9002306f09efc04460d46c6e9044511
:10b3380070bd00bfaff30080182d4454fb211940a5
:10b34800182d4454fb210940182d4454fb2109c0f1
:10b3580000230022c0e9042341f29433038070479c
:10b36800022905d0032907d0012903d000207047fe
:0cb37800806870474068704710307047d4
:020000040000fa
:020000040001f9
:10b384008368d0ed047a93ed007a67ee277a10b5de
:10b39400044617ee900a06f0a9f941ec100bf6f7f3
:10b3a40061f851ec100b04f0a5ff07ee900ab7ee1c
:10b3b400007ad4ed035a94ed056ad4ed066a636805
:10b3c40037ee677a67eea57a27ee067ae6ee877a95
:10b3d400c4ed037a1b68a36110bd00bf002340f6cf
:10b3e40053520280c3608361704700bf072b15d995
:10b3f40003690b7003691b0a4b70438a8b70c37c0f
:10b40400cb7043690b7143691b0a4b71c38a8b71ff
:10b41400c37dcb710823138000207047012070473f
:10b42400082a01d0012070478b78ca7830b44d784f
:10b434000c781b0403eb0523234403eb0263036131
:10b444008b794d790c79ca791b0403eb05232344ca
:10b4540003eb0263436130bc00207047022905d02e
:10b46400032907d0012903d0002070478068704762
:08b47400406870470c3070477e
:020000040000fa
:020000040001f9
:10b47c0003691b7883b3426890f91c1083692de92a
:10b48c00f0081468c1f1200684fb03bc8468b1f198
:10b49c0020072bfa01f20cfa06f658bf4cfa07f704
:10b4ac0042ea0602246858bf3a434cfa01f3e71704
:10b4bc00944277eb030103da4461bde8f00870476e
:10b4cc00c1680c68e517944275eb0301b8bf1446cc
:10b4dc004461bde8f00870474361704740f6825202
:10b4ec000023028043617047042b10d983690b70d1
:10b4fc0083691b124b70b0f91a308b7090f91b30aa
:10b50c00cb70037f0b710523138000207047012043
:10b51c00704700bf052a01d0012070478b78ca788c
:10b52c0030b44d780c781b0403eb0523234403eb58
:10b53c00026383610b79037730bc0020704700bf36
:10b54c00013904290ed8dfe801f00507090b0300c7
:10b55c00143070474068704780687047c068704707
:08b56c000069704700207047e0
:020000040000fa
:020000040001f9
:10b57400f8b50446d0e90601258c666a06ebc506d3
:10b58400d6e9002306f070fb676802460b46c4e95f
:10b594000623d7e90001f5f7f5fac4e90601d7e96e
:10b5a4000023208a0135adb28542c6e9002328bfb5
:10b5b4000023258428bf238406f0defa02460b46c6
:10b5c400d4e90601f6f78afbc4e90201f8bd00bf1d
:10b5d40030b400240025436ac0e90245c0e90645a9
:10b5e40041f2a432028003f5006200bfe3e80245a1
:10b5f4009a42fbd10023038430bc7047012b0bd942
:10b60400038a0b70038a10b41b0a02244b700020b7
:10b6140014805df8044b704701207047022a01d062
:10b624000120704770b40a784e78436a00240025dc
:10b63400c0e9064502eb0622028203f5006200bf60
:10b64400e3e802459a42fbd10023038470bc184608
:10b65400704700bf012905d0022901d10830704785
:08b664000020704740687047a8
:020000040000fa
:020000040001f9
:10b66c008368c189828a70b41e88038a154c4ff492
:10b67c00804511fb065102ebe13292b213449bb2ae
:10b68c00190a4e1c34f9111034f916604468828280
:10b69c00dbb2721a24880c4e03fb02f301eb23235a
:10b6ac00b0f9122014fb035302ebe333b342b8bfdf
:10b6bc00334647f6ff729342a8bf1346838170bc92
:10b6cc00704700bfa81400000180ffff002340f268
:10b6dc00a112028083818382704700bf052b12d98f
:10b6ec00c3890b7090f90f304b70038a8b7090f9f3
:10b6fc001130cb70438a0b7190f913304b710623c8
:10b70c001380002070470120704700bf062a01d02b
:10b71c00012070474a780b7803eb0223c381ca7867
:10b72c008b7803eb022303824a790b7903eb022318
:10b73c0043820020704700bf022905d0032907d09f
:10b74c00012903d00020704780687047406870471b
:04b75c000c307047f6
:020000040000fa
:020000040001f9
:10b760002de9f001048bc569466855f82410366848
:10b77000d0e90423571a63ebe178ba1904f1010107
:10b78000878948ebe67389b28f42c0e9042345f804
:10b79000246001839cbf00210183817bc1f12005ce
:10b7a00003fa05f522fa01f4203944ea05045cbfe6
:10b7b00043fa01f10c438460bde8f001704700bf1b
:10b7c00000220023c1698260c0e9042341f2a23350
:10b7d00003800b1f01f57f7143f8042f9942fbd1c1
:10b7e00002837047022b0ad983890b7083891b0a55
:10b7f0004b70837b8b7003231380002070470120e4
:10b80000704700bf032a01d00120704730b44c7844
:10b810000b78c26903eb04238381002400258b7815
:10b820008373c0e90445131f002102f57f7200bf36
:10b8300043f8041f9a42fbd1018330bc00207047bb
:10b84000012905d0022901d1083070470020704736
:04b850004068704795
:020000040000fa
:020000040001f9
:10b8540008b510ee103a5b00b3f17f4f59d05fd2b8
:10b86400b5eec00af1ee10fa9fed2e7adfed2e7ad6
:10b874009fed2e5a9fed2e6adfed2e5a30d470eed6
:10b88400076af6ee004a76ee876a86eea77abdee80
:10b89400c77af8eec77a17ee103a77eee47a13f027
:10b8a400010fa7ee850a0cbf00224ff00042a7ee5d
:10b8b400860af0eec07af4eee57af1ee10fab0ee14
:10b8c400406a07db052120ee000a1b4805f0eef86c
:10b8d400a6ee006a16ee103a534000ee103a08bd88
:10b8e40077ee406af6ee004a76ee876a86eea77a2d
:10b8f400bdeec77af8eec77a17ee103a77eee47a1f
:10b9040013f0010f0cbf00224ff0004297ee850a9e
:10b91400cde70a4a0a4b2121116000ee103a08bd16
:10b92400074bdae7db0fc93fdb0f4940001049c082
:10b934007a771537ffe6db2e341c0200f02e002048
:04b944000000c07fc0
:020000040000fa
:020000040001f9
:10b9480010b5f0eec05a2ded028bf4ee655af1ee0b
:10b9580010fa82b010ee104a42d1dfed2f7af4eee1
:10b96800e75af1ee10fa41d4b6ee008af4eec85a5e
:10b97800f1ee10fa3dddf7ee007af4eee75af1ee5b
:10b9880010fa3bdc78ee655a75ee885a25ee888aff
:10b99800b5ee408af1ee10faf1eec85a33d4f8ee5b
:10b9a800007a65eea75a9fed1d5a1d480521b0ee95
:10b9b800480a05f079f80521f0ee404a1948b0ee3a
:10b9c800480a04f001fe84ee800ae0ee255a04f0ed
:10b9d800004475ee855a75ee855a15ee903a5c402e
:10b9e80000ee104a02b0bdec028b10bd9fed0e5a5e
:10b9f800ede720ee008a9fed0c5ad6e70b4b0c4c76
:10ba080021221a60ece7b0ee480acded015a06f0a3
:10ba18009ff8dded015ac2e7ffe6db2edb0f493f59
:10ba2800b4130200c813020000000000f02e00202a
:04ba38000000c07fcb
:020000040000fa
:020000040001f9
:10ba3c00436890ed045ad3ed007a90ed066ad0ed90
:10ba4c00035ac0ed067a67ee857a90ed027ad0ed56
:10ba5c00056ae5ee867ae6eec77ac0ed027a7047a3
:10ba6c00002340f60352028083608361704700bf5d
:10ba7c000b2b1ed9c3680b70c3681b0a4b70c38990
:10ba8c008b70c37bcb7003690b7103691b0a4b7101
:10ba9c00438a8b71c37ccb7143690b7243691b0a5c
:10baac004b72c38a8b72c37dcb720c231380002024
:10babc0070470120704700bf0c2a01d0012070474d
:10bacc008b78ca7830b44d780c781b0403eb0523c3
:10badc00234403eb0263c3608b794d790c79ca79eb
:10baec001b0403eb0523234403eb026303618b7af2
:10bafc004d7a0c7aca7a1b0403eb0523234403eb1f
:10bb0c000263436130bc0020704700bf012905d09f
:10bb1c00022901d1083070470020704740687047f7
:020000040000fa
:020000040001f9
:10bb2c00436890ed045ad3ed007a90ed066ad0ed9f
:10bb3c00035ac0ed067a67ee857a90ed027ad0ed65
:10bb4c00056ae5ee867ae6eec77ac0ed027a7047b2
:10bb5c00002340f6f342028083608361704700bf8c
:10bb6c000b2b1ed9c3680b70c3681b0a4b70c3899f
:10bb7c008b70c37bcb7003690b7103691b0a4b7110
:10bb8c00438a8b71c37ccb7143690b7243691b0a6b
:10bb9c004b72c38a8b72c37dcb720c231380002033
:10bbac0070470120704700bf0c2a01d0012070475c
:10bbbc008b78ca7830b44d780c781b0403eb0523d2
:10bbcc00234403eb0263c3608b794d790c79ca79fa
:10bbdc001b0403eb0523234403eb026303618b7a01
:10bbec004d7a0c7aca7a1b0403eb0523234403eb2e
:10bbfc000263436130bc0020704700bf012905d0af
:10bc0c00022901d108307047002070474068704706
:020000040000fa
:020000040001f9
:10bc1c00436890ed045ad3ed007a90ed066ad0edae
:10bc2c00035ac0ed067a67ee857a90ed027ad0ed74
:10bc3c00056ae5ee867ae6eec77ac0ed027a7047c1
:10bc4c00002340f6d342028083608361704700bfbb
:10bc5c000b2b1ed9c3680b70c3681b0a4b70c389ae
:10bc6c008b70c37bcb7003690b7103691b0a4b711f
:10bc7c00438a8b71c37ccb7143690b7243691b0a7a
:10bc8c004b72c38a8b72c37dcb720c231380002042
:10bc9c0070470120704700bf0c2a01d0012070476b
:10bcac008b78ca7830b44d780c781b0403eb0523e1
:10bcbc00234403eb0263c3608b794d790c79ca7909
:10bccc001b0403eb0523234403eb026303618b7a10
:10bcdc004d7a0c7aca7a1b0403eb0523234403eb3d
:10bcec000263436130bc0020704700bf012905d0be
:10bcfc00022901d108307047002070474068704716
:020000040000fa
:020000040001f9
:10bd0c00f0eec05af4ee655af1ee10fa60d1f7ee8f
:10bd1c00007af4eee75af1ee10fa10b555ddc7eee5
:10bd2c00a55a03230224dfed2b7af4eee75af1ee49
:10bd3c0010fa31dcb0ee657adfed277ab4eee77af3
:10bd4c00f1ee10fa10ee102a13dd25eea56a04218f
:10bd5c00b0ee460a214804f0a5fe0421b0ee405a8c
:10bd6c001f48b0ee460a04f02dfc85ee000ae5ee05
:10bd7c00805a012c26ddf1ee655a1a4b03eb840434
:10bd8c00d4ed007a75eea75a02f0004315ee902a16
:10bd9c00534000ee103a10bddfed136a9fed137a9d
:10bdac00feee007ae5eea67a1c46f6ee006a77ee19
:10bdbc00e67a35ee877a77eea57ac7ee875ab0ee3b
:10bdcc00e57ab9e7002cdfd0d7e701230024aae7f6
:10bddc00704700bfa330893effe6db2ee818020057
:10bdec00f8180200d8180200af673b3fd7b3dd3f0d
:020000040000fa
:020000040001f9
:10bdfc008368c2891b88194913fb02f3db13c3f355
:10be0c00072270b4541c31f9122031f91440b0f9e6
:10be1c001050867ca41adbb203fb04f302eb232242
:10be2c0047f6ff7412b2a11a01fb05f1b0f91450d8
:10be3c008389314101fb05f112fb0312084d416866
:10be4c00d313ab42b8bf2b46a342a8bf2346838172
:10be5c00b1f90030838270bc704700bf547700008a
:10be6c000180ffff002340f65152028083818382c0
:10be7c00704700bf042b0fd9c3890b7090f90f309a
:10be8c004b70038a8b7090f91130cb70837c0b71e3
:10be9c00052313800020704701207047052a01d02c
:10beac00012070474a780b7803eb0223c381ca78d0
:10bebc008b7803eb022303820b7983740020704789
:10becc00022905d0032907d0012903d0002070478f
:0cbedc0080687047406870470c30704769
:020000040000fa
:020000040001f9
:10bee80083681b7873b3426890f914100369f0b43f
:10bef8001468c1f1200684fb0345b1f1200724fa38
:10bf080001f205fa06f642ea060258bf45fa07f7b3
:10bf18000d4c58bf3a4345fa01f3a2424ff0ff35a2
:10bf280073eb0501b8bf22466ff00044b8bf2b463b
:10bf380094424ff0000575eb0301b8bf2246c2607a
:10bf4800f0bc7047c36070470100008040f6725231
:10bf580000230280c3607047042b10d903690b705b
:10bf680003691b124b70b0f912308b7090f91330c3
:10bf7800cb70037d0b7105231380002070470120cf
:10bf8800704700bf052a01d0012070478b78ca7816
:10bf980030b44d780c781b0403eb0523234403ebe2
:10bfa800026303610b79037530bc0020704700bf42
:10bfb800022905d0032907d0012903d000207047a2
:0cbfc80080687047406870470c3070477c
:020000040000fa
:020000040001f9
:10bfd400f0b4436890f90c1093f90070027c90f966
:10bfe400116090f90b5011fb07f11141c27b15fb55
:10bff40006f51541294409b26ff07e04a142b8bf89
:10c0040021467f29a8bf7f21017293f9007090f91e
:10c014000a2090f90930857b417b12fb07f213fb60
:10c0240006f32a410b411a4413b2a342b8bf234674
:10c034007f2ba8bf7f234374f0bc704700234ff4c9
:10c044005162028003724374704700bf072b13d9f7
:10c05400437a0b70837a4b70c37a8b70037bcb70fb
:10c06400437b0b71837b4b71c37b8b71037ccb71e3
:10c07400082313800020704701207047082a01d04c
:10c08400012070470b7843724b7883728b78c372ac
:10c09400cb7803730b7943734b7983738b79c373b5
:10c0a400cb79037400207047012905d0022901d1fe
:0cc0b4000830704700207047406870475b
:020000040000fa
:020000040001f9
:10c0c000838a8169d0ed047a828901eb830191ed45
:10c0d000007a77eec77a10b44468c0ed047a94ed24
:10c0e000007a77ee277a0133c0ed047a24680c6079
:10c0f00007ee902ad0ed046a5df8044bf8eee77a7b
:10c100009bb286eea77a9342838224bf0023838268
:10c1100080ed027a704700bf836941f2a33210b408
:10c12000002402808460214603f58062046100bf20
:10c1300043f8041b9a42fbd1002383825df8044b31
:10c14000704700bf012b0bd983890b70838910b412
:10c150001b0a02244b70002014805df8044b7047ca
:10c1600001207047022a01d00120704710b44c789a
:10c170000978836901eb042100228181026103f5c2
:10c18000806100bf43f8042b9942fbd100238382d6
:10c190005df8044b18467047012905d0022901d1ea
:0cc1a0000830704700207047406870476e
:020000040000fa
:020000040001f9
:10c1ac0008b510ee103a5a00130e013bfd2b4dd87a
:10c1bc00b5eec00af1ee10fa9fed2b7a9fed2b5adb
:10c1cc00dfed2b5a9fed2b6adfed2b6a2bd430ee73
:10c1dc00077ac7ee057afdeee77ab8eee77a17ee46
:10c1ec00903aa7ee250a13f0010f0cbf00224ff076
:10c1fc000042a7ee060af0eec07af4eee67af1ee13
:10c20c0010fab0ee406a05da16ee103a534000ee22
:10c21c00103a08bd052120ee000a184804f042fc33
:10c22c00a6ee006af0e737ee407ac7ee057afdee2f
:10c23c00e77a17ee903ab8eee77a13f0010f97ee23
:10c24c00250a0cbf4ff000420022d2e7b2f17f4f1b
:10c25c0003d007d210ee103ad9e7094a094b212135
:10c26c001160d4e7074bd2e7db0fc93fdb0f494026
:10c27c00001049c07a771537ffe6db2e341c02001c
:08c28c00f02e00200000c07f2d
:020000040000fa
:020000040001f9
:10c29400d0e90423c0e9022334230380704700bf9c
:10c2a400072b15d903690b7003691b0a4b70438a6a
:10c2b4008b70c37ccb7043690b7143691b0a4b7150
:10c2c400c38a8b71c37dcb71082313800020704710
:10c2d40001207047082a01d0012070472de9f00f92
:10c2e4004f7891f802a091f8008006463b023a0e7e
:10c2f4004fea0a404fea1a4791f803a0181842eb94
:10c3040007074ff0000910eb08034fea0a6047ebf8
:10c3140009084fea1a221b1891f804a04ff00000f4
:10c3240048eb020291f805801b1842eb0a0291f8cf
:10c3340006a01b184fea082842eb08084fea0a42f5
:10c3440091f807a01b1848eb02084fea0a6a1c1868
:10c3540048eb0a05c6e90445c6e90245bde8f00f05
:10c36400704700bf01290cbf08300020704700bf90
:020000040000fa
:020000040001f9
:10c37400d0e90423c0e9022344230380704700bfab
:10c38400072b15d903690b7003691b0a4b70438a89
:10c394008b70c37ccb7043690b7143691b0a4b716f
:10c3a400c38a8b71c37dcb7108231380002070472f
:10c3b40001207047082a01d0012070472de9f00fb1
:10c3c4004f7891f802a091f8008006463b023a0e9d
:10c3d4004fea0a404fea1a4791f803a0181842ebb3
:10c3e40007074ff0000910eb08034fea0a6047eb18
:10c3f40009084fea1a221b1891f804a04ff0000014
:10c4040048eb020291f805801b1842eb0a0291f8ee
:10c4140006a01b184fea082842eb08084fea0a4214
:10c4240091f807a01b1848eb02084fea0a6a1c1887
:10c4340048eb0a05c6e90445c6e90245bde8f00f24
:10c44400704700bf01290cbf08300020704700bfaf
:020000040000fa
:020000040001f9
:10c454004368428a418970b4b3f9004083890689ec
:10c46400448211fb02f1c2890b4d13fb041390f9b2
:10c47400104090f9111012fb06f223410a419b1a55
:10c48400ab42b8bf2b4647f6ff729342a8bf134690
:10c49400038170bc704700bf0180ffff002340f69a
:10c4a4000152028003814382704700bf072b16d9d3
:10c4b40043890b7090f90b304b7083898b7090f922
:10c4c4000d30cb70c3890b7190f90f304b71037c25
:10c4d4008b71437ccb7108231380002070470120ab
:10c4e400704700bf082a01d0012070474a780b78b2
:10c4f40003eb02234381ca788b7803eb0223838105
:10c504004a790b7903eb0223c3818b790374cb79ca
:10c5140043740020704700bf012905d0022901d1ce
:0cc52400083070470020704740687047e6
:020000040000fa
:020000040001f9
:10c530004368428a418970b4b3f90040838906890f
:10c54000448211fb02f1c2890b4d13fb041390f9d5
:10c55000104090f9111012fb06f223410a419b1a78
:10c56000ab42b8bf2b4647f6ff729342a8bf1346b3
:10c57000038170bc704700bf0180ffff002340f6bd
:10c58000f142028003814382704700bf072b16d916
:10c5900043890b7090f90b304b7083898b7090f945
:10c5a0000d30cb70c3890b7190f90f304b71037c48
:10c5b0008b71437ccb7108231380002070470120ce
:10c5c000704700bf082a01d0012070474a780b78d5
:10c5d00003eb02234381ca788b7803eb0223838128
:10c5e0004a790b7903eb0223c3818b790374cb79ee
:10c5f00043740020704700bf012905d0022901d1f2
:0cc6000008307047002070474068704709
:020000040000fa
:020000040001f9
:10c60c004368428a418970b4b3f900408389068932
:10c61c00448211fb02f1c2890b4d13fb041390f9f8
:10c62c00104090f9111012fb06f223410a419b1a9b
:10c63c00ab42b8bf2b4647f6ff729342a8bf1346d6
:10c64c00038170bc704700bf0180ffff002340f6e0
:10c65c00d142028003814382704700bf072b16d959
:10c66c0043890b7090f90b304b7083898b7090f968
:10c67c000d30cb70c3890b7190f90f304b71037c6b
:10c68c008b71437ccb7108231380002070470120f1
:10c69c00704700bf082a01d0012070474a780b78f8
:10c6ac0003eb02234381ca788b7803eb022383814b
:10c6bc004a790b7903eb0223c3818b790374cb7911
:10c6cc0043740020704700bf012905d0022901d115
:0cc6dc000830704700207047406870472d
:020000040000fa
:020000040001f9
:10c6e800836890ed057ad3ed007af4eec77af1ee1f
:10c6f80010fa04db4368c3611b680361704790ed5f
:10c70800067af4eec77af1ee10fa4abfc368c36935
:10c71800c3611b68036170470022c36802618322fa
:10c728000280c361704700bf072b15d943690b709e
:10c7380043691b0a4b70c38a8b70c37dcb708369b6
:10c748000b7183691b0a4b71438b8b71c37ecb7151
:10c75800082313800020704701207047082a01d061
:10c76800012070478b78ca7830b44d780c781b0458
:10c7780003eb0523234403eb026343618b794d7973
:10c788000c79ca791b0403eb0523234403eb0263ea
:10c79800836130bc00207047013903290bd8dfe8da
:10c7a80001f00806040210307047c06870478068be
:0cc7b8007047406870470020704700bfc9
:020000040000fa
:020000040001f9
:10c7c4004168f0b40c68c56890f9101084fb054505
:10c7d400c1f12006b1f1200724fa01f205fa06f6a8
:10c7e40042ea060258bf45fa07f70d4c58bf3a43d0
:10c7f40045fa01f3a2424ff0ff3573eb0501b8bfd0
:10c8040022466ff00044b8bf2b4694424ff0000517
:10c8140075eb0301b8bf22468260f0bc704700bfcd
:10c82400010000801222002302808360704700bf51
:10c83400042b10d9c3680b70c3681b124b70b0f97a
:10c844000e308b7090f90f30cb70037c0b71052385
:10c854001380002070470120704700bf052a01d0d3
:10c86400012070478b78ca7830b44d780c781b045b
:10c8740003eb0523234403eb0263c3600b790374c6
:10c8840030bc0020704700bf012905d0022901d126
:0cc8940008307047002070474068704773
:020000040000fa
:020000040001f9
:10c8a000818a8269036930b4446832f91150b4f95d
:10c8b00000405b1b2344036122f81140828a4189b6
:10c8c000013292b2914282829cbf00228282027b1c
:10c8d0001341038130bc7047002210b4816902818a
:10c8e00041f2a134134604800261828221f81320b0
:10c8f000838a01339bb2ff2b8382f7d982825df852
:10c90000044b7047022b0ad943890b7043891b0ad9
:10c910004b70037b8b700323138000207047012032
:10c92000704700bf032a01d0012070474a780b7876
:10c9300003eb022310b443818b78846903730022d4
:10c9400013460261828200bf24f81320838a0133d8
:10c950009bb2ff2b8382f7d982825df8044b0020c3
:10c96000704700bf012905d0022901d10830704766
:08c97000002070474068704789
:020000040000fa
:020000040001f9
:10c97800836842691b68934204db4368c3611b6890
:10c988000361704782699342b6bfc368c369c361d4
:10c998001b680361704700bf82210022c3680180c1
:10c9a8000261c361704700bf072b19d943690b7037
:10c9b80043691b124b70b0f916308b7090f9173021
:10c9c800cb7083690b7183691b124b71b0f91a30f4
:10c9d8008b7190f91b30cb710823138000207047ae
:10c9e80001207047082a01d0012070478b78ca7847
:10c9f80030b44d780c781b0403eb0523234403eb78
:10ca0800026343618b794d790c79ca791b0403eb76
:10ca18000523234403eb0263836130bc0020704785
:10ca2800013903290bd8dfe801f0080604021030a9
:10ca38007047c0687047806870474068704700203a
:04ca4800704700bf74
:020000040000fa
:020000040001f9
:10ca4c0030b4028a4169c3898d5644685b1b9bb222
:10ca5c00c38194f900502b44c38194f900308b545a
:10ca6c00038a428901339bb29a4203829cbf002302
:10ca7c000382027bb0f90e301341037230bc704755
:10ca8c0000224ff49d51018013460272c0f80e2013
:10ca9c0011464269d154038a01339bb2ff2b0382a6
:10caac00f7d90182704700bf022b0ad943890b705a
:10cabc0043891b0a4b70037b8b700323138000206c
:10cacc0070470120704700bf032a01d00120704736
:10cadc004a780b7803eb022343818b780373002293
:10caec001346c0f80e2011464269d154038a013313
:10cafc009bb2ff2b0382f7d901820020704700bf45
:10cb0c00012905d0022901d1083070470020704757
:04cb1c0040687047b6
:020000040000fa
:020000040001f9
:10cb2000c368d0f804c0f0b5b3f9004083681e4e66
:10cb30001988bcf90030a5b2c5f58047c7f30727af
:10cb40007a1c01eb63012b0a36f912e036f9172043
:10cb50005f1c36f9133036f9176009b26442aeeb48
:10cb60000207edb2f61ac182e4b204fb07f405fb3a
:10cb700006f6bcf8005002eb242203eb262346f60f
:10cb8000da6412b21bb215fb04f4e41301fb03f5e3
:10cb900002fb01f104fb131304fb0252d213db135b
:10cba000028243828482f0bda814000045f2e012a4
:10cbb00000230280c0e90433704700bf0139062911
:10cbc00013d8dfe801f006080a0c0e100400163036
:10cbd00070474068704780687047c0687047103081
:10cbe000704712307047143070470020704700bf04
:020000040000fa
:020000040001f9
:10cbf00003691b78f3b14368d0ed067a93ed007ab0
:10cc0000836827ee277ad3ed007af4eec77af1ee47
:10cc100010fa02d5c0ed057a7047c368d3ed007aeb
:10cc2000f4eec77af1ee10fad8bff0ee477ac0ed15
:10cc3000057a704700234361704700bf002340f628
:10cc40008352028043617047032b0cd983690b70b8
:10cc500083691b0a4b70438b8b70c37ecb7004239c
:10cc60001380002070470120704700bf042a01d0c4
:10cc7000012070478b78ca7830b44d780c781b044b
:10cc800003eb0523234403eb0263836130bc0020e4
:10cc9000704700bf013904290ed8dfe801f005070d
:10cca000090b030014307047406870478068704774
:0cccb000c06870470069704700207047a2
:020000040000fa
:020000040001f9
:10ccbc000c4a012330b41360136913f00103fbd148
:10cccc0009481060022540f2ff343f2005491375d6
:10ccdc00557514629072d3800b69002bfcd130bc5b
:10ccec00704700bf001c004200000347054b1a6848
:10ccfc00802142f002021a601a4659711369002b06
:10cd0c00fcd17047001c0042054aa02353711368e4
:10cd1c0023f0020313601369002bfcd1704700bf92
:10cd2c00001c0042064a602353711369002bfcd18e
:10cd3c00034a537913f0e00ffbd1d06980b27047ee
:10cd4c00001c0042064a602353711369002bfcd16e
:10cd5c00034b587910f0e000fbd1db69704700bf42
:10cd6c00001c0042fff7debf024b987ac0b29872eb
:08cd7c00704700bf001c0042db
:020000040000fa
:020000040001f9
:10cd840083681b78f3b14368d0ed046ad3ed007a6d
:10cd94009fed0e7a67eea67af4eec77af1ee10fafa
:10cda4000bdc9fed0b7af4ee477af1ee10fa48bff4
:10cdb400f0ee477ac0ed037a7047f0ee477ac0eda3
:10cdc400037a70470023c360704700bfffff7f7f73
:10cdd400ffff7fff002340f673520280c360704759
:10cde400032b0cd903690b7003691b0a4b70438a2c
:10cdf4008b70c37ccb700423138000207047012008
:10ce0400704700bf042a01d0012070478b78ca788c
:10ce140030b44d780c781b0403eb0523234403eb57
:10ce24000263036130bc0020704700bf022905d0b3
:10ce3400032907d0012903d0002070478068704778
:08ce4400406870470c30704794
:020000040000fa
:020000040001f9
:10ce4c00044a936823f001039360d368db07fcd496
:10ce5c00704700bf00600041074a936823f001034c
:10ce6c009360d368db07fcd45368012123f00203e1
:10ce7c0053609160704700bf00600041074a93689f
:10ce8c0023f001039360d368db07fcd453680121c2
:10ce9c0043f0020353609160704700bf0060004193
:10ceac00074a936823f001039360d368db07fcd433
:10cebc005368012123f0040353609160704700bf55
:10cecc0000600041074a936823f001039360d36824
:10cedc00db07fcd45368012143f0040353609160d9
:10ceec00704700bf00600041054a936823f00103be
:10cefc009360d368db07fcd401231362704700bf37
:04cf0c000060004180
:020000040000fa
:020000040001f9
:10cf100030b4826890f90d4092f90010134b90f9eb
:10cf20000e20c57b11fb04f1c1f3c71190f910402d
:10cf30005b56c3f17f0189b202fb01f22a4190f9ed
:10cf40000c50416814fb02f205fb032343f3c813a2
:10cf50006ff07e029342b8bf13467f2ba8bf7f239a
:10cf6000037391f90030037430bc704758790000a6
:10cf700000234ff45562028003730374704700bfaf
:10cf8000022b09d9437b0b70837b4b70c37b8b7067
:10cf9000032313800020704701207047032a01d02b
:10cfa000012070470b7843734b7883738b78c3737e
:10cfb00000207047022905d0032907d0012903d09a
:10cfc0000020704780687047406870470c30704799
:020000040000fa
:020000040001f9
:10cfd000f8b58c1e00ebc40416461f460d46d4e976
:10cfe000022330463946fbf7d1f9d4e90023f3f7a1
:10cff000cbfd022d02460b4645d030463946fbf7a5
:10d00000c5f954e90223f3f7bffd032d02460b4691
:10d0100039d032463b46fbf7b9f954e90423f3f71c
:10d02000b3fd042d02460b462dd030463946fbf7a2
:10d03000adf954e90623f3f7a7fd052d02460b468b
:10d0400021d030463946fbf7a1f954e90823f3f71c
:10d050009bfd062d02460b4615d030463946fbf7a0
:10d0600095f954e90a23f3f78ffd072d02460b4685
:10d0700009d030463946fbf789f954e90c23f3f718
:10d0800083fd02460b4630463946fbf77ff9f8bd73
:020000040000fa
:020000040001f9
:10d0900070b4436890f90a4093f9001090f90e209b
:10d0a00090f9093090f90860817314fb01f490f94c
:10d0b0000b1003fb024290f90c4090f90d3011fb6c
:10d0c00006f112b222411941521a13b26ff07e05d5
:10d0d000ab42b8bf2b467f2ba8bf7f23037270bc27
:10d0e000704700bf00234ff45062028003728373c5
:10d0f000704700bf042b0dd9437a0b70837a4b70b5
:10d10000c37a8b70037bcb70437b0b710523138039
:10d110000020704701207047052a01d00120704788
:10d120000b7843724b7883728b78c372cb7803731e
:10d130000b79437300207047012905d0022901d1e2
:0cd14000083070470020704740687047be
:020000040000fa
:020000040001f9
:10d14c0070b4436890f90a4093f9001090f90e20de
:10d15c0090f9093090f90860817314fb01f490f98f
:10d16c000b1003fb024290f90c4090f90d3011fbaf
:10d17c0006f112b222411941521a13b26ff07e0518
:10d18c00ab42b8bf2b467f2ba8bf7f23037270bc6a
:10d19c00704700bf00234ff44f6202800372837309
:10d1ac00704700bf042b0dd9437a0b70837a4b70f8
:10d1bc00c37a8b70037bcb70437b0b71052313807d
:10d1cc000020704701207047052a01d001207047cc
:10d1dc000b7843724b7883728b78c372cb78037362
:10d1ec000b79437300207047012905d0022901d126
:0cd1fc0008307047002070474068704702
:020000040000fa
:020000040001f9
:10d2080070b4436890f90a4093f9001090f90e2021
:10d2180090f9093090f90860817314fb01f490f9d2
:10d228000b1003fb024290f90c4090f90d3011fbf2
:10d2380006f112b222411941521a13b26ff07e055b
:10d24800ab42b8bf2b467f2ba8bf7f23037270bcad
:10d25800704700bf00234ff44d620280037283734e
:10d26800704700bf042b0dd9437a0b70837a4b703b
:10d27800c37a8b70037bcb70437b0b7105231380c0
:10d288000020704701207047052a01d0012070470f
:10d298000b7843724b7883728b78c372cb780373a5
:10d2a8000b79437300207047012905d0022901d169
:0cd2b80008307047002070474068704745
:020000040000fa
:020000040001f9
:10d2c400436890ed037ad3ed007af4eec77af1ee79
:10d2d40010fac0ed027a06dc90ed047af4eec77a17
:10d2e400f1ee10fa01d580ed027a70470023532243
:10d2f40002808360704700bf072b15d9c3680b7089
:10d30400c3681b0a4b70c3898b70c37bcb700369e2
:10d314000b7103691b0a4b71438a8b71c37ccb71fc
:10d32400082313800020704701207047082a01d089
:10d33400012070478b78ca7830b44d780c781b0480
:10d3440003eb0523234403eb0263c3608b794d791c
:10d354000c79ca791b0403eb0523234403eb026312
:10d36400036130bc00207047012905d0022901d196
:0cd3740008307047002070474068704788
:020000040000fa
:020000040001f9
:10d3800010b5d0e9012392ed000ad3ed007a2ded1e
:10d39000028b30ee270a9fed1c8ab4eec80af1ee2c
:10d3a00010fa04461dda9fed198ab4eec80af1eeb0
:10d3b00010fa04d4bdec028b84ed030a10bddfed3e
:10d3c000148af0ee680afbf7edfbb4eec80af1ee42
:10d3d00010fa48bf30ee280abdec028b84ed030a38
:10d3e00010bddfed0b8af0ee680afbf7dbfbb4ee55
:10d3f000c80af1ee10fadddb30ee680abdec028bf4
:10d4000084ed030a10bd00bfdb0f4940db0f49c0ac
:10d41000db0fc940002341f273320280c3607047c2
:10d42000022905d0032907d0012903d00020704725
:0cd4300080687047406870470c307047ff
:020000040000fa
:020000040001f9
:10d43c0010b5d0e9012392ed000ad3ed007a2ded61
:10d44c00028b30ee670a9fed1c8ab4eec80af1ee2f
:10d45c0010fa04461dda9fed198ab4eec80af1eef3
:10d46c0010fa04d4bdec028b84ed030a10bddfed81
:10d47c00148af0ee680afbf78ffbb4eec80af1eee3
:10d48c0010fa48bf30ee280abdec028b84ed030a7b
:10d49c0010bddfed0b8af0ee680afbf77dfbb4eef6
:10d4ac00c80af1ee10fadddb30ee680abdec028b37
:10d4bc0084ed030a10bd00bfdb0f4940db0f49c0f0
:10d4cc00db0fc940002341f293320280c3607047e6
:10d4dc00022905d0032907d0012903d00020704769
:0cd4ec0080687047406870470c30704743
:020000040000fa
:020000040001f9
:10d4f800c3681a78cab1037f30b48bb181694368b5
:10d50800458acc1304821b8890f91440027713fbd8
:10d5180005f3c4f10f04a3400b44836130bc70478a
:10d528008368b3f90030d903e9e7028202777047cc
:10d5380040f631520280836800220282b3f900303b
:10d548000277db0383617047022b0ad9438a0b7089
:10d5580090f913304b70037d8b70032313800020e8
:10d5680070470120704700bf032a01d0012070478f
:10d578004a780b7803eb022343828b7803750020eb
:10d58800704700bf013903290bd8dfe801f008060e
:10d59800040210307047c068704780687047406860
:08d5a80070470020704700bf2e
:020000040000fa
:020000040001f9
:10d5b00003691b78e3b1436882681b8890f91810ef
:10d5c000b2f9002010b4c48a13fb04f30b419a4251
:10d5d00003da82825df8044b7047c2685df8044b41
:10d5e000b2f900209342b8bf13461ab28282704744
:10d5f0008382704740f68152002302808382704705
:10d60000022b0ad9c38a0b7090f917304b70037e36
:10d610008b7003231380002070470120704700bfe8
:10d62000032a01d0012070474a780b7803eb0223cc
:10d63000c3828b7803760020704700bf013904292c
:10d640000ed8dfe801f00507090b0300143070471e
:10d650004068704780687047c068704700697047cd
:04d6600000207047ef
:020000040000fa
:020000040001f9
:10d66400c2681378f3b1837d30b4abb1b0f9141050
:10d67400436890f91150cc11047493f9003090f977
:10d68400124013fb05f3c4f10704a3400b44838247
:10d694001378837530bc7047836893f90030d901df
:10d6a4008182e5e703741378837570474ff45362fe
:10d6b400028083680022027493f900308275db01d2
:10d6c40083827047012b07d9437c0b70837c4b709a
:10d6d400022313800020704701207047022a01d0e2
:10d6e400012070470b7843744b7883740020704793
:10d6f400013903290bd8dfe801f0080604021030d1
:10d704007047c06870478068704740687047002061
:04d71400704700bf9b
:020000040000fa
:020000040001f9
:10d718004368d0ed037a93ed007a67ee277a10b567
:10d72800044617ee900a01f0bffa0a4a4ff0ff3399
:10d73800904271eb030cb8bf10466ff00042b8bfbf
:10d74800194682424ff0000373eb010cb8bf104634
:10d75800a06010bd01000080d222002302808360f7
:10d76800704700bf032b0cd9c3680b70c3681b0a32
:10d778004b70c3898b70c37bcb700423138000204c
:10d7880070470120704700bf042a01d0012070476c
:10d798008b78ca7830b44d780c781b0403eb0523da
:10d7a800234403eb0263c36030bc0020704700bf12
:10d7b800012905d0022901d108307047002070479f
:04d7c80040687047fe
:020000040000fa
:020000040001f9
:10d7cc004368c2681b688360934202dc026993421f
:10d7dc0000da8260704700bf52220023028083600f
:10d7ec00704700bf072b19d9c3680b70c3681b1295
:10d7fc004b70b0f90e308b7090f90f30cb70036911
:10d80c000b7103691b124b71b0f912308b7190f9cb
:10d81c001330cb7108231380002070470120704710
:10d82c00082a01d0012070478b78ca7830b44d7823
:10d83c000c781b0403eb0523234403eb0263c36046
:10d84c008b794d790c79ca791b0403eb052323449e
:10d85c0003eb0263036130bc00207047012905d043
:10d86c00022901d10830704700207047406870478a
:020000040000fa
:020000040001f9
:10d87c0043681b68002bf0b416db5b00190e1e4ac4
:10d88c004c1c23f07f4352f8244052f82120a41a58
:10d89c00e717a4fb034503fb0755230e43ea0523b7
:10d8ac0013448360f0bc7047b3f1004f1ed05b4251
:10d8bc005b001c0e651c23f07f4300210e4a52f8be
:10d8cc00244052f82520121bd71702fb01f1a2fbb2
:10d8dc00035603fb07110e442a0e42ea0622224489
:10d8ec006ff000439a1a8260f0bc7047034b002122
:10d8fc004ff48075ff24e1e78c020000feffff006f
:10d90c0041f2e2320023028083607047012905d086
:10d91c00022901d1083070470020704740687047d9
:020000040000fa
:020000040001f9
:10d92c0043681b68002bf0b416db5b00190e1d4a14
:10d93c004c1c23f07f4352f8244052f82120a41aa7
:10d94c00e717a4fb034503fb0755230e43ea052306
:10d95c0013448360f0bc7047b3f1004f1cd05b42a2
:10d96c005b001c0e651c23f07f4300210d4a52f80e
:10d97c00244052f82520121bd71702fb01f1a2fb01
:10d98c00035603fb07110e442a0e42ea06222244d8
:10d99c0052428260f0bc7047034b00214ff48075fb
:10d9ac00ff24e3e798090000feffff0041f2d232aa
:10d9bc000023028083607047012905d0022901d120
:0cd9cc000830704700207047406870472a
:020000040000fa
:020000040001f9
:10d9d8008368b0f91220b3f900309a4205dc436835
:10d9e8008361b3f9003003827047b0f914209a427a
:10d9f800cabfc36883698361b3f900300382704783
:10da080081210022c368018002828361704700bfc0
:10da1800032b0dd9438a0b7090f913304b70838a0e
:10da28008b7090f91530cb70042313800020704759
:10da380001207047042a01d0012070474a780b78ea
:10da480003eb02234382ca788b7803eb0223838299
:10da580000207047013903290bd8dfe801f00806d8
:10da6800040210307047c06870478068704740688b
:08da780070470020704700bf59
:020000040000fa
:020000040001f9
:10da80004368c26830b41c6890f9103084fb0245ca
:10da9000c3f1200124fa03f205fa01f1203b42ea26
:10daa00001025cbf45fa03f31a43826030bc704741
:10dab0002222002302808360704700bf042b10d90c
:10dac000c3680b70c3681b124b70b0f90e308b70bb
:10dad00090f90f30cb70037c0b710523138000206d
:10dae00070470120704700bf052a01d00120704710
:10daf0008b78ca7830b44d780c781b0403eb05237f
:10db0000234403eb0263c3600b79037430bc002031
:10db1000704700bf012905d0022901d108307047a4
:08db20000020704740687047c7
:020000040000fa
:020000040001f9
:10db28002de9f047d0e90163d3e9008900240025f5
:10db3800824622462b4640464946d6e9006703f00e
:10db4800edfdc0b122462b463046394603f042fc73
:10db580030b1114b4ff0ff32cae90423bde8f0871a
:10db68003046394622462b4603f050fc68b9cae9cc
:10db78000445bde8f08742464b4630463946f4f73f
:10db8800abf8cae90401bde8f0874ff0ff326ff443
:10db98008013cae90423e1e7ffffef7f0023002297
:10dba800c0e9042341f2443303807047022905d0b9
:10dbb800032907d0012903d00020704780687047e7
:08dbc8004068704710307047ff
:020000040000fa
:020000040001f9
:10dbd00083681b78abb1436890f910101b880a4a20
:10dbe00010b4c48913fb04f30b419342b8bf13462e
:10dbf00047f6ff729342a8bf134683815df8044b3a
:10dc000070478381704700bf0180ffff40f671526b
:10dc10000023028083817047022b0ad9c3890b70cd
:10dc200090f90f304b70037c8b700323138000201e
:10dc300070470120704700bf032a01d001207047c0
:10dc40004a780b7803eb0223c3818b78037400209e
:10dc5000704700bf022905d0032907d0012903d04e
:10dc60000020704780687047406870470c307047ec
:020000040000fa
:020000040001f9
:10dc70002de93008d0e901142468096884fb0445c3
:10dc8000c1fb0145e20f164c42ea4502eb17a242e6
:10dc90004ff0ff3573eb0501b8bf22466ff000442b
:10dca000b8bf2b4694424ff0000575eb0303934633
:10dcb000b8bfa3464fea1b64631c0a4951f82330de
:10dcc00051f824102bf07f425b1a83fb02341a0eaa
:10dcd00042ea04220a44c260bde83008704700bf2f
:10dce00001000080702d000041f2c232002302804a
:10dcf000c3607047022905d0032907d0012903d04a
:10dd00000020704780687047406870470c3070474b
:020000040000fa
:020000040001f9
:10dd10007bb972b90029bebf00204ff0004106e078
:10dd200008bf00281cbf6ff000414ff0ff30eef736
:10dd300089bfadf1080c6de904ce002909db002b89
:10dd40001adbf0f7c1fcddf804e0dde9022304b0e2
:10dd50007047404261eb4101002b1bdbf0f7b4fc44
:10dd6000ddf804e0dde9022304b0404261eb41014b
:10dd7000524263eb43037047524263eb4303f0f7b5
:10dd8000a3fcddf804e0dde9022304b0404261ebce
:10dd900041017047524263eb4303f0f795fcddf815
:10dda00004e0dde9022304b0524263eb4303704711
:020000040000fa
:020000040001f9
:10ddb000436890ed037ad3ed007a084967ee877add
:10ddc00047f6ff72fdeee77a17ee903a8b42b8bf46
:10ddd0000b469342a8bf1346038170470180ffffa3
:10dde000d122002302800381704700bf032b0cd98e
:10ddf000c3680b70c3681b0a4b70c3898b70c37bed
:10de0000cb7004231380002070470120704700bfaf
:10de1000042a01d0012070478b78ca7830b44d783d
:10de20000c781b0403eb0523234403eb0263c3605c
:10de300030bc0020704700bf012905d0022901d164
:0cde4000083070470020704740687047b1
:020000040000fa
:020000040001f9
:10de4c00436890ed037ad3ed007a67ee877a6ff032
:10de5c007e02fdeee77a17ee903a1bb29342b8bf02
:10de6c0013467f2ba8bf7f2303727047d022002359
:10de7c0002800372704700bf032b0cd9c3680b7070
:10de8c00c3681b0a4b70c3898b70c37bcb70042394
:10de9c001380002070470120704700bf042a01d076
:10deac00012070478b78ca7830b44d780c781b04fd
:10debc0003eb0523234403eb0263c36030bc002057
:10decc00704700bf012905d0022901d108307047e5
:08dedc00002070474068704708
:020000040000fa
:020000040001f9
:10dee4004368b3f90030002b30b413db9bb25b0002
:10def4009bb21c0a611c174a32f9111032f9142022
:10df040003f0fe03891a03fb01f302eb23230381cd
:10df140030bc704713f5004f16d05b425b009bb2d8
:10df2400190a4d1c03f0fe030a4a32f9114032f972
:10df34001510c4f5ff42091b03fb01f37f32a2eb6a
:10df44002323038130bc7047fe234ff48075ff21e7
:10df5400eae700bf9006000041f2e13200230280ac
:10df640003817047012905d0022901d10830704787
:08df740000207047406870476f
:020000040000fa
:020000040001f9
:10df7c004368b3f90030002b10b414db9bb25b0088
:10df8c009bb21c0a611c174a32f9111032f9142089
:10df9c005df8044b03f0fe03891a03fb01f302eb5b
:10dfac0023230381704713f5004f15d05b425b00b0
:10dfbc009bb21a0a541c03f0fe030a4931f91220d1
:10dfcc0031f914105df8044b891a03fb01f302ebd1
:10dfdc0023235b4203817047fe234ff48074ff229e
:10dfec00ebe700bf9c0d000041f2d1320023028010
:10dffc0003817047012905d0022901d108307047ef
:08e00c000020704740687047d6
:020000040000fa
:020000040001f9
:10e0140038b5174d02f064f805f58c74284600f005
:10e024003df90123ff22204605f11801ebf7a4f97d
:10e034002946204600f04ef92046e8f713fa204618
:10e04400e8f722fa2046edf793fe204602f05ef848
:10e05400084b094c1b680948094901221a731a84a0
:10e064005c6258601960bde83840e3f7a5bb00bfa7
:10e07400182c0020fc2e00200c1c0200405500002f
:10e08400a05800000248d0f8183100f58c701847e9
:10e09400182c002008b5eef7d5fde4f7cdfabde85d
:08e0a4000840eef7d7be00bff3
:020000040000fa
:020000040001f9
:10e0ac00144bda684ff6ff010a4042f0bf6242f4ab
:10e0bc000032da60bff35f8f62b60f4ae02182f85c
:10e0cc0055134ff40010906082f877134ff4000151
:10e0dc00d1605a6a42f480225a625a6942f01002a4
:10e0ec005a615a6a42f400325a625a6a42f48032d5
:10e0fc005a62704700ed00e000e100e0bff35f8f73
:10e10c0062b67047eff3108072b6bff35f8fb0fa50
:10e11c0080f04009704700bf18b1bff35f8f62b643
:0ce12c00704772b6bff35f8f704700bff2
:020000040000fa
:020000040001f9
:10e13800436890f90c101b88084a10b4448913fbf3
:10e1480004f30b419342b8bf134647f6ff7293425c
:10e15800a8bf134603815df8044b70470180ffff99
:10e168001122002302800381704700bf022b0ad9c5
:10e1780043890b7090f90b304b70037b8b70032332
:10e188001380002070470120704700bf032a01d088
:10e19800012070474a780b7803eb022343818b7880
:10e1a80003730020704700bf012905d0022901d15f
:0ce1b80008307047002070474068704736
:020000040000fa
:020000040001f9
:10e1c400436890ed037ad3ed007a67ee877af5ee33
:10e1d400407af1ee10fa14bf012300230372704752
:10e1e400d622002302800372704700bf032b0cd990
:10e1f400c3680b70c3681b0a4b70c3898b70c37be5
:10e20400cb7004231380002070470120704700bfa7
:10e21400042a01d0012070478b78ca7830b44d7835
:10e224000c781b0403eb0523234403eb0263c36054
:10e2340030bc0020704700bf012905d0022901d15c
:0ce24400083070470020704740687047a9
:020000040000fa
:020000040001f9
:10e25000704700bf00207047eff7a0baeff7fcba95
:10e2600000b583b00df107008df807100121eff71d
:10e2700077fa03b05df804fb00b583b0eff7ecfa72
:10e2800010b903b05df804fb01210df10700eff7b1
:10e29000b7fa0028f5d09df8070003b05df804fb3d
:10e2a00030b4074b074d084c084a0360084b094936
:10e2b000c160c0e90154c0e9043230bc704700bffe
:10e2c00061e2010079e201005de2010051e201003a
:0ce2d00055e2010059e201004161704775
:020000040000fa
:020000040001f9
:10e2dc00436890ed037a1b7807ee903af8ee677a74
:10e2ec0067ee877ac0ed027a704700bf0023c62222
:10e2fc0002808360704700bf032b0cd9c3680b707e
:10e30c00c3681b0a4b70c3898b70c37bcb7004230f
:10e31c001380002070470120704700bf042a01d0f1
:10e32c00012070478b78ca7830b44d780c781b0478
:10e33c0003eb0523234403eb0263c36030bc0020d2
:10e34c00704700bf012905d0022901d10830704760
:08e35c00002070474068704783
:020000040000fa
:020000040001f9
:10e36400436890ed037ab3f9003007ee903af8ee83
:10e37400e77a67ee877ac0ed027a70470023c122fc
:10e3840002808360704700bf032b0cd9c3680b70f5
:10e39400c3681b0a4b70c3898b70c37bcb70042387
:10e3a4001380002070470120704700bf042a01d069
:10e3b400012070478b78ca7830b44d780c781b04f0
:10e3c40003eb0523234403eb0263c36030bc00204a
:10e3d400704700bf012905d0022901d108307047d8
:08e3e4000020704740687047fb
:020000040000fa
:020000040001f9
:10e3ec00436890ed037a93f9003007ee903af8ee1b
:10e3fc00e77a67ee877ac0ed027a70470023c02275
:10e40c0002808360704700bf032b0cd9c3680b706c
:10e41c00c3681b0a4b70c3898b70c37bcb700423fe
:10e42c001380002070470120704700bf042a01d0e0
:10e43c00012070478b78ca7830b44d780c781b0467
:10e44c0003eb0523234403eb0263c36030bc0020c1
:10e45c00704700bf012905d0022901d1083070474f
:08e46c00002070474068704772
:020000040000fa
:020000040001f9
:10e4740008b5194b9847194b9847eff3108172b6ba
:10e48400174ad2f8883043f47003c2f88830bff3d7
:10e494004f8fbff36f8f01b962b6124a936823f0ae
:10e4a400010393601346da6812f0010ffbd10d4ba0
:10e4b40024225a6001229a6002f056ff0a4b23f08c
:10e4c4007f03074a9360094b9847094b9847094bc8
:10e4d4009847fbf78ffbfee7c70d0100c70d01004e
:10e4e40000ed00e0006000410000000011f90100af
:08e4f400c70d0100c70d010076
:020000040000fa
:020000040001f9
:10e4fc00436890ed037ad3ed007af8eee77a67ee95
:10e50c00877ac0ed027a70470023c22202808360b2
:10e51c00704700bf032b0cd9c3680b70c3681b0a70
:10e52c004b70c3898b70c37bcb700423138000208a
:10e53c0070470120704700bf042a01d001207047aa
:10e54c008b78ca7830b44d780c781b0403eb052318
:10e55c00234403eb0263c36030bc0020704700bf50
:10e56c00012905d0022901d10830704700207047dd
:04e57c00406870473c
:020000040000fa
:020000040001f9
:10e58000f8b5d0e9012314681e6805462046ecf76b
:10e5900049f907463046ecf745f9874210db002c75
:10e5a00006d008dd002e08db6ff00043eb60f8bdfd
:10e5b0001eb9ee60f8bd002ef6db074beb60f8bd30
:10e5c000e317d90741ea5401e0073246f317fff792
:10e5d0009ffbe860f8bd00bf0100008041f24232bd
:10e5e00000230280c3607047022905d0032907d0a9
:10e5f000012903d000207047806870474068704749
:04e600000c30704723
:020000040000fa
:020000040001f9
:10e60400f8b516461f4600ebc10555e902230c4632
:10e6140030463946f2f7b6fa32463b46f9f7b4fecd
:10e6240055e90423f2f7aefa02460b463046394662
:10e63400f9f7aafe032c02460b4617d055e9062328
:10e64400f2f7a0fa02460b4630463946f9f79cfe2b
:10e65400052c02460b4609d155e90823f2f792fa34
:10e6640032463b46f9f790fe02460b46c4eb44742f
:10e6740005ebc40410461946d4e90023f2f782fae4
:04e68400f8bd00bf1e
:020000040000fa
:020000040001f9
:10e68800436890ed037ad3ed007a67ee877ac0eda0
:10e69800027a70470023132202808360704700bf0c
:10e6a800032b0cd9c3680b70c3681b0a4b70c38952
:10e6b8008b70c37bcb70042313800020704701202c
:10e6c800704700bf042a01d0012070478b78ca78b0
:10e6d80030b44d780c781b0403eb0523234403eb7b
:10e6e8000263c36030bc0020704700bf012905d019
:10e6f800022901d1083070470020704740687047f0
:020000040000fa
:020000040001f9
:10e708004368b0f90a20b3f900300381934203dc6f
:10e71800b0f90c20934200da02817047512200239d
:10e7280002800381704700bf032b0dd943890b700a
:10e7380090f90b304b7083898b7090f90d30cb704a
:10e74800042313800020704701207047042a01d059
:10e75800012070474a780b7803eb02234381ca787b
:10e768008b7803eb0223838100207047012905d0b1
:10e77800022901d10830704700207047406870476f
:020000040000fa
:020000040001f9
:10e78800d0e90132b2f90020b3f90030104902fb98
:10e7980002f210b403fb03230e4cdb13a342b8bff1
:10e7a800234647f6ff729342a8bf1346c3f30722d6
:10e7b800541c31f9122031f914105df8044bdbb206
:10e7c800891a03fb01f302eb23238381704700bfff
:10e7d800743100000180ffff41f2c1320023028042
:10e7e80083817047022905d0032907d0012903d066
:10e7f8000020704780687047406870470c30704749
:020000040000fa
:020000040001f9
:10e80800c1f30a5240f21e439a1a14da203224dd68
:10e81800cb17c90241ea5051c00241f00041d14131
:10e82800d04048409140d14048400133a3b94042cc
:10e8380063eb01017047cb17c90241ea5051c0028e
:10e8480041f00041202a28bf202231fa02f01900a5
:10e8580008bf70474042894170474b00004218bfcb
:10e8680043f0010313f5001f88bf21f00041002089
:0ee8780011f000415cbf6ff00041c0437047db
:020000040000fa
:020000040001f9
:02e886007047d9
:020000040000fa
:020000040001f9
:10e88800084b10b40120022440f2296140f26b6267
:10e89800c3f86841c3f8fc015df8044b19629a6239
:10e8a800704700bf00e00041c00000f1824000f561
:10e8b800604001f07f01036a23f07f030b4303628a
:10e8c800704700bfc00000f1824000f56040036a55
:10e8d80023f07f030362704701304831024b00f098
:10e8e8003f0043f82100704700e000414830024be8
:0ce8f800002243f82020704700e000419f
:020000040000fa
:020000040001f9
:10e9040010b4436890f9094093f9002090f90a3053
:10e9140012fb04f242fa03f36ff07e018b42b8bf9c
:10e924000b467f2ba8bf7f2303725df8044b70470f
:10e934001022002302800372704700bf012b07d905
:10e94400437a0b70837a4b70022313800020704744
:10e9540001207047022a01d0012070470b784372ce
:10e964004b78837200207047012905d0022901d118
:0ce9740008307047002070474068704772
:020000040000fa
:020000040001f9
:10e98000f8b5d0e90123b2f90040b3f900600546bb
:10e990002046ebf73bff07463046ebf737ff874251
:10e9a00011db002c06d008dd002e08db47f6ff73d4
:10e9b000ab81f8bd1eb9ae81f8bd002ef6db48f282
:10e9c0000103ab81f8bde40394fbf6f4ac81f8bd20
:10e9d00041f241320023028083817047022905d031
:10e9e000032907d0012903d00020704780687047b1
:08e9f000406870470c307047cd
:020000040000fa
:020000040001f9
:10e9f800d0e901232de9d043d2e90067c0e90467d3
:10ea0800d3e9008904463946304642464b4602f06f
:10ea1800e1fc48b9e368d3e9008930463946424603
:10ea28004b4602f0f3fc08b1c4e90489bde8d08381
:10ea380000230022c0e904234ff4c2730380704707
:10ea4800013903290bd8dfe801f008060402103069
:10ea58007047c068704780687047406870470020fa
:04ea6800704700bf34
:020000040000fa
:020000040001f9
:10ea6c00d0e90132196812682de930080e4c12eb0e
:10ea7c00010b4feae27343ebe17c4ff0ff35a3450a
:10ea8c007ceb0503b8bfa3466ff00044b8bfac469f
:10ea9c0000255c4575eb0c015a46b8bf2246c26096
:10eaac00bde83008704700bf0100008041f26232bf
:10eabc0000230280c3607047022905d0032907d0c8
:10eacc00012903d000207047806870474068704768
:04eadc000c30704743
:020000040000fa
:020000040001f9
:10eae000f8b5d0e9012392f9004093f9006005469a
:10eaf0002046ebf77ffe07463046ebf77bfe87426a
:10eb00000fdb002c05d007dd002e07db7f232b73e6
:10eb1000f8bd1eb92e73f8bd002ef7db81232b73d1
:10eb2000f8bde40194fbf6f42c73f8bd4ff49a524f
:10eb30000023028003737047022905d0032907d000
:10eb4000012903d0002070478068704740687047f3
:04eb50000c307047ce
:020000040000fa
:020000040001f9
:10eb5400d0e90131d3e900232de9d043d1e900897b
:10eb6400044619461046f9f70ffc424606460f467e
:10eb74004b4640464946f9f707fc02460b463046e9
:10eb84003946f1f7ffff41ec100bf8f773fe84ed03
:10eb9400040bbde8d08300bf00230022c0e9042396
:10eba40041f2c43303807047022905d0032907d0fa
:10ebb400012903d00020704780687047406870477f
:04ebc4001030704756
:020000040000fa
:020000040001f9
:10ebc800436881681a68b2f1004f08bf0132f0b497
:10ebd80008bf1a600c68b4f1004f0fd0e5171a6827
:10ebe800d71702fb05f104fb0711a2fb04340c4400
:10ebf800da0f42ea4402c260f0bc7047024a0a6077
:10ec0800014c4ff0ff35eae70100008041f2523233
:10ec180000230280c3607047022905d0032907d06a
:10ec2800012903d00020704780687047406870470a
:04ec38000c307047e5
:020000040000fa
:020000040001f9
:10ec3c00d0e90123196812682de930080e4cb2ebab
:10ec4c00010b4feae27363ebe17c4ff0ff35a34518
:10ec5c007ceb0503b8bfa3466ff00044b8bfac46cd
:10ec6c0000255c4575eb0c015a46b8bf2246c260c4
:10ec7c00bde83008704700bf0100008041f28232cd
:10ec8c0000230280c3607047022905d0032907d0f6
:10ec9c00012903d000207047806870474068704796
:04ecac000c30704771
:020000040000fa
:020000040001f9
:10ecb000c0f3c752d2f19e02202a0bd240004fea85
:10ecc000c01040f0004020fa02f0494024bf40420a
:10ecd000c9437047203210d941004feac11141f0b9
:10ece000004161fa02f021fa02f180ea010038bf26
:10ecf0007047404261eb4101704702dd0020002176
:10ed000070474300b3f17f4f88bf20f0004010f000
:10ed100000414ff000005cbf6ff000416ff0000059
:02ed200070473a
:020000040000fa
:020000040001f9
:02ed2200704738
:020000040000fa
:020000040001f9
:10ed2400436841891b8890f90c2013fb01f31341bc
:10ed3400038170472122002302800381704700bfb2
:10ed4400022b0ad943890b7090f90b304b70037b6b
:10ed54008b7003231380002070470120704700bf8d
:10ed6400032a01d0012070474a780b7803eb022371
:10ed740043818b7803730020704700bf012905d0bd
:10ed8400022901d10830704700207047406870475d
:020000040000fa
:020000040001f9
:10ed940042688168b2f9003013f5004f04bf48f2ad
:10eda40001031380b1f9003013f5004f06d0b2f916
:10edb400002003fb02f3db138381704710b448f295
:10edc40001040c80b2f900205df8044b013303fb0d
:10edd40002f3db138381704741f251320023028036
:10ede40083817047022905d0032907d0012903d064
:10edf4000020704780687047406870470c30704747
:020000040000fa
:020000040001f9
:10ee08000000000000000000182d4454fb21e93fd9
:10ee1800182d4454fb21f93f182d4454fb21e93f98
:10ee2800620a3aa8555e3bc08ad40a36a79a4c4073
:10ee38009fdaa6a92cd843c02739ec64174e244082
:10ee4800651ee6b5bd4be6bfcc872b3ec08664c0c9
:10ee580043b81e104f127a4048a856fccedd77c042
:10ee6800701c59967cde62401f86f96ee8d237c066
:020000040000fa
:020000040001f9
:10ee78003222836802804360704700bf032b0ed99b
:10ee880083680b7083681b124b70b0f90a308b7063
:10ee980090f90b30cb7004231380002070470120b9
:10eea800704700bf042a01d00120704710b48a7847
:10eeb8004b780c78c978120402eb0323234403eb44
:10eec8000163c0e901335df8044b0020704700bfbf
:0ceed80001290cbf04300020704700bf6f
:020000040000fa
:020000040001f9
:10eee4003722836802804360704700bf032b0ed92a
:10eef40083680b7083681b124b70b0f90a308b70f7
:10ef040090f90b30cb70042313800020704701204c
:10ef1400704700bf042a01d00120704710b48a78da
:10ef24004b780c78c978120402eb0323234403ebd7
:10ef34000163c0e901335df8044b0020704700bf52
:0cef440001290cbf04300020704700bf02
:020000040000fa
:020000040001f9
:10ef50004222836802804360704700bf032b0ed9b2
:10ef600083680b7083681b124b70b0f90a308b708a
:10ef700090f90b30cb7004231380002070470120e0
:10ef8000704700bf042a01d00120704710b48a786e
:10ef90004b780c78c978120402eb0323234403eb6b
:10efa0000163c0e901335df8044b0020704700bfe6
:0cefb00001290cbf04300020704700bf96
:020000040000fa
:020000040001f9
:10efbc004722836802804360704700bf032b0ed941
:10efcc0083680b7083681b124b70b0f90a308b701e
:10efdc0090f90b30cb700423138000207047012074
:10efec00704700bf042a01d00120704710b48a7802
:10effc004b780c78c978120402eb0323234403ebff
:10f00c000163c0e901335df8044b0020704700bf79
:0cf01c0001290cbf04300020704700bf29
:020000040000fa
:020000040001f9
:10f02800d0e90132d2ed007a93ed007af5ee407a1c
:10f03800f1ee10fa4ff000010dd1b5eec07af1ee05
:10f0480010fa02dd064bc360704746bf6ff4000339
:10f05800c360c1607047c7ee276ac0ed036a704796
:10f06800ffff7f7f002341f243320280c360704775
:10f07800022905d0032907d0012903d000207047b1
:0cf0880080687047406870470c3070478b
:020000040000fa
:020000040001f9
:10f094008368436033220280704700bf032b0cd97e
:10f0a40083680b7083681b0a4b7043898b70c37a27
:10f0b400cb7004231380002070470120704700bfe9
:10f0c400042a01d00120704710b48a784b780c7858
:10f0d400c978120402eb0323234403eb0163836026
:10f0e40043605df8044b0020704700bf01290cbf4a
:08f0f40004300020704700bf4a
:020000040000fa
:020000040001f9
:10f0fc00037e03f0010300eb83035b68d3e9002379
:10f10c00c0e90423704700bf00230022c0e9042398
:10f11c0094230380704700bf2bb1037e0b70012337
:10f12c001380002070470120704700bf012a03bfe5
:10f13c000b78037600200120704700bf022905d010
:10f14c00032907d0012903d000207047806870473d
:08f15c00406870471030704755
:020000040000fa
:020000040001f9
:10f164004ff4a2730380704710b4072b4ff00004d0
:10f1740014801fd943681b680b7043681b681b0a03
:10f184004b7043685b888b704368db78cb70436853
:10f194005b680b7143685b681b0a4b714368db88cf
:10f1a4008b7140680823c079c871204613805df8cc
:10f1b400044b704701205df8044b704701290cbfd4
:08f1c40040680020704700bf05
:020000040000fa
:020000040001f9
:10f1cc00436a1b7803f0070300eb83035b6893f936
:10f1dc00003080f8283070474ff4c872002302804a
:10f1ec0080f82830704700bf013909291ad8dfe8a8
:10f1fc0001f007090b0d0f11131517052830704777
:10f20c004068704780687047c068704700697047f5
:10f21c004069704780697047c0697047006a7047e1
:08f22c00406a704700207047a2
:020000040000fa
:020000040001f9
:10f23400436a1b7803f0070300eb83035b68d3e99d
:10f244000023c0e90a23704700230022c0e90a23ef
:10f254004ff4ca7303807047013909291ad8dfe8cb
:10f2640001f007090b0d0f1113151705283070470e
:10f274004068704780687047c0687047006970478d
:10f284004069704780697047c0697047006a704779
:08f29400406a7047002070473a
:020000040000fa
:020000040001f9
:10f29c008368436043220280704700bf032b0cd964
:10f2ac0083680b7083681b0a4b7043898b70c37a1d
:10f2bc00cb7004231380002070470120704700bfdf
:10f2cc00042a01d00120704710b48a784b780c784e
:10f2dc00c978120402eb0323234403eb016383601c
:10f2ec0043605df8044b0020704700bf01290cbf40
:08f2fc0004300020704700bf40
:020000040000fa
:020000040001f9
:10f304004ff4aa730380704710b4072b4ff0000426
:10f3140014801fd943681b680b7043681b681b0a61
:10f324004b7043685b888b704368db78cb704368b1
:10f334005b680b7143685b681b0a4b714368db882d
:10f344008b7140680823c079c871204613805df82a
:10f35400044b704701205df8044b704701290cbf32
:08f3640040680020704700bf63
:020000040000fa
:020000040001f9
:10f36c00436a1b7803f0070300eb83035b68b3f974
:10f37c0000300385704700bf40f2911200230280d9
:10f38c0003857047013909291ad8dfe801f007090c
:10f39c000b0d0f1113151705283070474068704777
:10f3ac0080687047c0687047006970474069704753
:10f3bc0080697047c0697047006a7047406a70473f
:04f3cc000020704766
:020000040000fa
:020000040001f9
:10f3d000436890f9091093f9003090f90a2013fb63
:10f3e00001f313410372704720220023028003724d
:10f3f000704700bf012b07d9437a0b70837a4b709b
:10f40000022313800020704701207047022a01d098
:10f41000012070470b7843724b788372002070474d
:10f42000012905d0022901d108307047002070471a
:04f430004068704779
:020000040000fa
:020000040001f9
:10f43400d0e9013292f9002093f9003002fb02f284
:10f4440013fb0323db117f2b09dc6ff07e02934255
:10f45400b8bf1346dbb2044ad35c037370477f23ff
:10f46400014ad35c03737047783300004ff49e5213
:10f474000023028003737047022905d0032907d0b3
:10f48400012903d0002070478068704740687047a6
:04f494000c30704781
:020000040000fa
:020000040001f9
:10f49800d0e90123d2ed007ac0ed047a93ed007a29
:10f4a800f4eec77af1ee10fa07dcc36893ed007a40
:10f4b800f4eec77af1ee10fa01d580ed047a7047c0
:10f4c800002340f283120280036170470139032947
:10f4d8000bd8dfe801f00806040210307047c06856
:10f4e800704780687047406870470020704700bfc9
:020000040000fa
:020000040001f9
:10f4f800437b03f0010300eb83035b681b78037312
:10f50800704700bf9f22002302800373704700bf2b
:10f518002bb1437b0b70012313800020704701201f
:10f52800704700bf012a03bf0b78437300200120f6
:10f53800704700bf022905d0032907d0012903d04d
:10f548000020704780687047406870470c307047eb
:020000040000fa
:020000040001f9
:10f55800837b03f0010300eb83035b68b3f900309e
:10f56800838170479122002302808381704700bf06
:10f578002bb1837b0b70012313800020704701207f
:10f58800704700bf012a03bf0b7883730020012056
:10f59800704700bf022905d0032907d0012903d0ed
:10f5a8000020704780687047406870470c3070478b
:020000040000fa
:020000040001f9
:10f5b800037c03f0010300eb83035b681b68c360f3
:10f5c800704700bf922200230280c360704700bfcb
:10f5d8002bb1037c0b70012313800020704701209e
:10f5e800704700bf012a03bf0b7803740020012075
:10f5f800704700bf022905d0032907d0012903d08d
:10f608000020704780687047406870470c3070472a
:020000040000fa
:020000040001f9
:10f61800437b03f0010300eb83035b6893f900303d
:10f62800037370479022002302800373704700bf62
:10f638002bb1437b0b7001231380002070470120fe
:10f64800704700bf012a03bf0b78437300200120d5
:10f65800704700bf022905d0032907d0012903d02c
:10f668000020704780687047406870470c307047ca
:020000040000fa
:020000040001f9
:10f67800037c03f0010300eb83035b681b68c36032
:10f68800704700bf002393220280c360704700bf09
:10f698002bb1037c0b7001231380002070470120dd
:10f6a800704700bf012a03bf0b78037400200120b4
:10f6b800704700bf022905d0032907d0012903d0cc
:10f6c8000020704780687047406870470c3070476a
:020000040000fa
:020000040001f9
:10f6d800436a1b7803f0070300eb83035b681b682e
:10f6e800836270474ff4c9720023028083627047b7
:10f6f800013909291ad8dfe801f007090b0d0f11a4
:10f7080013151705283070474068704780687047a0
:10f71800c0687047006970474069704780697047e2
:10f72800c0697047006a7047406a70470020704798
:020000040000fa
:020000040001f9
:10f73800436a1b7803f0070300eb83035b681b68cd
:10f7480083627047002340f29312028083627047fd
:10f75800013909291ad8dfe801f007090b0d0f1143
:10f768001315170528307047406870478068704740
:10f77800c068704700697047406970478069704782
:10f78800c0697047006a7047406a70470020704738
:020000040000fa
:020000040001f9
:10f798004368b3f90030002b03dd47f6ff7303819c
:10f7a80070479bb210b41c0a611c084a32f9111048
:10f7b80032f914205df8044bdbb2891a03fb01f31c
:10f7c80002eb23231bb20381704700bf547700006c
:10f7d80041f2f1220023028003817047012905d0fc
:10f7e800022901d1083070470020704740687047ef
:020000040000fa
:020000040001f9
:10f7f800000000000000000065732d3852c1e03f92
:10f80800182d4454fb21f93f66732d3852c1f03f3f
:10f81800e21c0651a6602bc0cbbce2b97f8134c084
:10f82800636a8d5c3ffd20c0bd87b1d97acdeabf40
:10f83800a995c4bc7c884440a56d0b04128a554028
:10f84800d7a30d320aca4d4010c74ae1490c2e40d1
:020000040000fa
:020000040001f9
:10f8580043681a68002a03dd6ff00043836070472d
:10f86800110e30b4084b4c1c53f8211053f82440a7
:10f8780022f07f42641a84fb0245230e43ea0523e3
:10f888000b44836030bc70475073000041f2f22291
:10f898000023028083607047012905d0022901d125
:0cf8a8000830704700207047406870472f
:020000040000fa
:020000040001f9
:10f8b400436893f90020803204bf81221a70836860
:10f8c40093f9002012f1800f04d181221a70836809
:10f8d40093f90020436893f9003003fb02f3db1132
:10f8e4000373704741f25032002302800373704760
:10f8f400022905d0032907d0012903d0002070472d
:0cf9040080687047406870470c30704706
:020000040000fa
:020000040001f9
:10f910000e4a38b5002313600d4a0e4c13600e4a90
:10f920000e4d13600e4a13600e4a13600e4a536266
:10f93000136101239360fff7f4f9fff7f2f9ac428a
:10f9400000d338bd54f8043b9847f8e7f42e002064
:10f95000182e002070020000142e002074020000f7
:0cf960000c2e0020102e00201c2e002079
:020000040000fa
:020000040001f9
:10f96c00d0e901232de9d043d2e90067d3e900891e
:10f97c0004463946304642464b4601f0c1f908b9b7
:10f98c0046464f46c4e90467bde8d08300230022f5
:10f99c00c0e904234ff4ba7303807047022905d0e1
:10f9ac00032907d0012903d00020704780687047d5
:08f9bc004068704710307047ed
:020000040000fa
:020000040001f9
:10f9c400d0e901232de9d043d2e90067d3e90089c6
:10f9d40004463946304642464b4601f077f908b9a9
:10f9e40046464f46c4e90467bde8d083002300229d
:10f9f400c0e904234ff4b27303807047022905d091
:10fa0400032907d0012903d000207047806870477c
:08fa1400406870471030704794
:020000040000fa
:020000040001f9
:10fa1c00436893f90030002b06db5b0003f0fe0318
:10fa2c00084ad35c0372704713f1800f1dbf5b4211
:10fa3c005b00dbb2fe23034ad35cc3f17f0303728a
:10fa4c00704700bf940800004ff49f5200230280bf
:10fa5c0003727047012905d0022901d10830704783
:08fa6c0000207047406870475c
:020000040000fa
:020000040001f9
:10fa740043680c49b3f90030c3f58042c2f307224e
:10fa840010b4541c31f9122031f914105df8044bf0
:10fa94005b42dbb2891a03fb01f302eb23230381ec
:10faa400704700bfa814000041f201320023028015
:10fab40003817047012905d0022901d1083070471c
:08fac400002070474068704704
:020000040000fa
:020000040001f9
:10facc0043680c4a1b68c3f18043190e10b44c1cdc
:10fadc0052f8211052f8242023f07f43521a82fb53
:10faec0003341a0e42ea04220a4482605df8044b85
:10fafc00704700bfa410000041f2023200230280c4
:10fb0c0083607047012905d0022901d10830704764
:08fb1c000020704740687047ab
:020000040000fa
:020000040001f9
:10fb2400704700bf00207047704700bf0020704737
:10fb3400002070470020704730b4074b074d084c35
:10fb44000849094a0360094b4361c0e90154c0e90b
:10fb5400031230bc704700bf25fb010029fb0100e4
:10fb640035fb010039fb010031fb01002dfb0100d5
:04fb74004161704734
:020000040000fa
:020000040001f9
:10fb78004ff4a1730380704710b4032b4ff00004b7
:10fb8800148014d943681b680b7043681b681b12e8
:10fb98004b704368b3f902308b704068042390f9c6
:10fba8000300c870204613805df8044b704701209d
:10fbb8005df8044b704700bf01290cbf4068002066
:04fbc800704700bfc3
:020000040000fa
:020000040001f9
:10fbcc004ff4a9730380704710b4032b4ff000045b
:10fbdc00148014d943681b680b7043681b681b1294
:10fbec004b704368b3f902308b704068042390f972
:10fbfc000300c870204613805df8044b7047012049
:10fc0c005df8044b704700bf01290cbf4068002011
:04fc1c00704700bf6e
:020000040000fa
:020000040001f9
:10fc2000436893f90030002b06db5b0003f0fe0312
:10fc3000074ad35c0372704713f1800f1dbf5b420c
:10fc40005b00dbb2fe23024ad35c5b420372704767
:10fc5000a00f000041f2d0320023028003727047ef
:10fc6000012905d0022901d10830704700207047d2
:04fc70004068704731
:020000040000fa
:020000040001f9
:10fc7400416810b5002204460023d1e9000101f0d7
:10fc8400c7fb002218b9044bc4e9022310bd034b7f
:10fc9400c4e9022310bd00bf0000f03f0000f0bf24
:10fca40000230022c0e9022341f224330380704779
:10fcb400012905d0022901d108307047002070477e
:04fcc40040687047dd
:020000040000fa
:020000040001f9
:10fcc80043680b4a1b68190e10b44c1c52f82110db
:10fcd80052f8242023f07f43521a82fb03341a0e71
:10fce80042ea04220a4482605df8044b704700bf70
:10fcf800a410000041f2e2220023028083607047d2
:10fd0800012905d0022901d1083070470020704729
:04fd18004068704788
:020000040000fa
:020000040001f9
:10fd1c0043680b4a1b68190e10b44c1c52f8211086
:10fd2c0052f8242023f07f43521a82fb03341a0e1c
:10fd3c0042ea04220a4482605df8044b704700bf1b
:10fd4c00702d000041f2d2220023028083607047a4
:10fd5c00012905d0022901d10830704700207047d5
:04fd6c004068704734
:020000040000fa
:020000040001f9
:10fd700053ec102b70b4c3f30a5440f2ff75ac423d
:10fd800012d08cb11946204440f2fe7398420ddc2b
:10fd9000002813dd21f0ff4121f4e00110ee102acc
:10fda00041ea005343ec102b70bc704701f0004156
:10fdb00041f0ff43002243f4e003f3e7002201f0a7
:04fdc0000043efe726
:020000040000fa
:020000040001f9
:10fdc4003122838802804380704700bf012b08d909
:10fdd40083880b7090f905304b7002231380002048
:10fde40070470120704700bf022a01d001207047ec
:10fdf4004a780b7803eb02231bb2838043800020f4
:10fe0400704700bf01290cbf02300020704700bfbb
:020000040000fa
:020000040001f9
:10fe14003622838802804380704700bf012b08d9b3
:10fe240083880b7090f905304b70022313800020f7
:10fe340070470120704700bf022a01d0012070479b
:10fe44004a780b7803eb02231bb2838043800020a3
:10fe5400704700bf01290cbf02300020704700bf6b
:020000040000fa
:020000040001f9
:10fe6400d0e90132b3f900300382b2f900209342a1
:10fe740004dcc268b2f90020934200da02827047bf
:10fe840040f2811200230280038270470139032962
:10fe94000bd8dfe801f00806040210307047c06890
:10fea400704780687047406870470020704700bf03
:020000040000fa
:020000040001f9
:10feb4004368c2681b68190e10b402eb810452f83f
:10fec4002110626823f07f43521a82fb03341a0e16
:10fed40042ea04220a4482605df8044b704700bf82
:10fee400a222002302808360704700bf012905d04d
:10fef400022901d1083070470020704740687047dc
:020000040000fa
:020000040001f9
:10ff040040f243130380704710b4032b4ff00004f6
:10ff1400148012d943681b680b7043681b681b0a62
:10ff24004b7043685b888b7040680423c078c8704a
:10ff3400204613805df8044b704701205df8044ba4
:10ff4400704700bf01290cbf40680020704700bf04
:020000040000fa
:020000040001f9
:10ff54004122838802804380704700bf012b08d967
:10ff640083880b7090f905304b70022313800020b6
:10ff740070470120704700bf022a01d0012070475a
:10ff84004a780b7803eb02231bb283804380002062
:10ff9400704700bf01290cbf02300020704700bf2a
:020000040000fa
:020000040001f9
:10ffa4004622838802804380704700bf012b08d912
:10ffb40083880b7090f905304b7002231380002066
:10ffc40070470120704700bf022a01d0012070470a
:10ffd4004a780b7803eb02231bb283804380002012
:10ffe400704700bf01290cbf02300020704700bfda
:020000040000fa
:020000040001f9
:10fff40040f253130380704710b4032b4ff00004f6
:020000040002f8
:10000400148012d943681b680b7043681b681b0a71
:100014004b7043685b888b7040680423c078c87059
:10002400204613805df8044b704701205df8044bb3
:10003400704700bf01290cbf40680020704700bf13
:020000040000fa
:020000040002f8
:10004400d0e90131b3f90030b1f90010054a0b448d
:100054009342b8bf134647f6ff729342a8bf1346b4
:10006400838170470180ffff41f2613200230280e7
:1000740083817047022905d0032907d0012903d0c1
:100084000020704780687047406870470c307047a4
:020000040000fa
:020000040002f8
:10009400d0e90131b3f90030b1f90010054a5b1a17
:1000a4009342b8bf134647f6ff729342a8bf134664
:1000b400838170470180ffff41f281320023028077
:1000c40083817047022905d0032907d0012903d071
:1000d4000020704780687047406870470c30704754
:020000040000fa
:020000040002f8
:1000e400094b1b6800221a605a609a601a73da81fd
:1000f4001a619a829a61da611a845a629a62da629d
:100104001a635a639a637047fc2e0020064b1b68df
:100114009a8a012a07d89a8a92b2511c063289b265
:0c012400998243f822007047fc2e002056
:020000040000fa
:020000040002f8
:10013000d0e901321b6803611268934203dcc26894
:100140001268934200da0261704700bf4ff4c17237
:100150000023028003617047013903290bd8dfe8cf
:1001600001f00806040210307047c06870478068cc
:0c0170007047406870470020704700bfd7
:020000040000fa
:020000040002f8
:10017c004368c2681b88190a10b402eb410432f9b7
:10018c001120b4f902105df8044bdbb2891a03fba1
:10019c0001f302eb23230381704700bfa12200234c
:1001ac0002800381704700bf012905d0022901d1cb
:0c01bc0008307047002070474068704712
:020000040000fa
:020000040002f8
:1001c800d0e9012392f9002093f900306ff07e0105
:1001d80013448b42b8bf0b467f2ba8bf7f23037302
:1001e800704700bf4ff49b5200230280037370478f
:1001f800022905d0032907d0012903d00020704720
:0c02080080687047406870470c307047f9
:020000040000fa
:020000040002f8
:10021400436809491b881a0a10b4541c31f9122086
:1002240031f914105df8044bdbb2891a03fb01f3b6
:1002340002eb232303817047a814000041f2e1225a
:100244000023028003817047012905d0022901d1ce
:0c02540008307047002070474068704779
:020000040000fa
:020000040002f8
:10026000436809491b881a0a10b4541c31f912203a
:1002700031f914105df8044bdbb2891a03fb01f36a
:1002800002eb2323038170477431000041f2d12235
:100290000023028003817047012905d0022901d182
:0c02a0000830704700207047406870472d
:020000040000fa
:020000040002f8
:1002ac00d0e9012392f9002093f900306ff07e0120
:1002bc00d31a8b42b8bf0b467f2ba8bf7f23037387
:1002cc00704700bf4ff49c520023028003737047a9
:1002dc00022905d0032907d0012903d0002070473b
:0c02ec0080687047406870470c30704715
:020000040000fa
:020000040002f8
:1002f80001f000428b1aa3f16051b1f5801f0adbaf
:10030800b1f17f6f09d242eac102c10071f1004127
:1003180042eb507070471046704701285b4113f557
:10032800001f02d842f0ff407047c90041ea5070f0
:0c033800104340f4800040f0804070470b
:020000040000fa
:020000040002f8
:10034400c1f30a5340f21e42d21a0edd202a0ad803
:10035400cb0243ea505040f00040d04090eae170b4
:10036400b0ebe1707047002070474b00004218bfab
:1003740043f0010313f5001f88bf21f0004111f081
:0a038400004058bf6ff000407047c2
:020000040000fa
:020000040002f8
:10039000014488420cd210b4074cff2310f8012b03
:1003a00053408142e35cf9d118465df8044b704735
:1003b000ff231846704700bf9ca601004140034a36
:1003c000034b505c19705870704700bf9ca6010029
:0803d0008d2e0020ff20704774
:020000040000fa
:020000040002f8
:1003d800d0e90123d2ed007a93ed007af4eec77ae2
:1003e800f1ee10fab8bff0ee477ac0ed037a704725
:1003f800002340f273120280c3607047022905d0bf
:10040800032907d0012903d000207047806870476e
:08041800406870470c3070478a
:020000040000fa
:020000040002f8
:10042000d0e90123d2ed007a93ed007af4eec77a99
:10043000f1ee10fa88bff0ee477ac0ed037a70470c
:10044000002340f263120280c3607047022905d086
:10045000032907d0012903d0002070478068704726
:08046000406870470c30704742
:020000040000fa
:020000040002f8
:10046800d0e9012310b50446d2e90001d3e90023fd
:10047800f0f786fbc4e9040110bd00bf0023002289
:10048800c0e9042341f2643303807047022905d090
:10049800032907d0012903d00020704780687047de
:0804a8004068704710307047f6
:020000040000fa
:020000040002f8
:1004b000d0e9013210b592ed001b93ed000b04461c
:1004c000f0f7bafe84ed040b10bd00bf002300223c
:1004d000c0e9042341f2143303807047022905d098
:1004e000032907d0012903d0002070478068704796
:0804f0004068704710307047ae
:020000040000fa
:020000040002f8
:1004f800d0e90132d2ed007a93ed007a67eea77a5f
:10050800e7ee077ab1eee77a80ed037a704700bf2d
:10051800002341f2c3320280c3607047022905d02c
:10052800032907d0012903d000207047806870474d
:08053800406870470c30704769
:020000040000fa
:020000040002f8
:10054000d0e9012310b50446d2e90001d3e9002324
:10055000f7f71cffc4e9040110bd00bf002300220f
:10056000c0e9042341f2543303807047022905d0c7
:10057000032907d0012903d0002070478068704705
:0805800040687047103070471d
:020000040000fa
:020000040002f8
:10058800d0e9012310b50446d2e90001d3e90023dc
:1005980001f068fbc4e9040110bd00bf002300227c
:1005a800c0e9042341f2843303807047022905d04f
:1005b800032907d0012903d00020704780687047bd
:0805c8004068704710307047d5
:020000040000fa
:020000040002f8
:1005d0004b1e00eb830090ed006a50ed016a50ed78
:1005e000027a30ee066a0329e0ee066ab0ee407a3f
:1005f000e0ee267ab0ee670a0dd050ed037ae7ee12
:10060000007a0529b0ee670a05d150ed047ae7eecd
:08061000007ab0ee670a7047a2
:020000040000fa
:020000040002f8
:100618003f22c37802808370704700bf2bb1c37834
:100628000b7001231380002070470120704700bf22
:10063800012a01d0012070470b78003318bf01232d
:10064800c37083700020704701290cbf023000205e
:04065800704700bf28
:020000040000fa
:020000040002f8
:10065c0040f241130380704710b4012b4ff000049b
:10066c0014800cd943681b880b704068022390f9e6
:10067c0001004870204613805df8044b7047012040
:10068c005df8044b704700bf01290cbf4068002087
:04069c00704700bfe4
:020000040000fa
:020000040002f8
:1006a0004f22c37802808370704700bf2bb1c3789c
:1006b0000b7001231380002070470120704700bf9a
:1006c000012a01d0012070470b78003318bf0123a5
:1006d000c37083700020704701290cbf02300020d6
:0406e000704700bfa0
:020000040000fa
:020000040002f8
:1006e40040f251130380704710b4012b4ff0000403
:1006f40014800cd943681b880b704068022390f95e
:1007040001004870204613805df8044b70470120b7
:100714005df8044b704700bf01290cbf40680020fe
:04072400704700bf5b
:020000040000fa
:020000040002f8
:10072800d0e9013210b5d2ed000a93ed000a044673
:10073800f6f716fc84ed030a10bd00bf002341f252
:1007480013320280c3607047022905d0032907d0fd
:10075800012903d0002070478068704740687047bf
:040768000c3070479a
:020000040000fa
:020000040002f8
:10076c00436893ed007ab5eec07affee007af1eeb5
:10077c0010fab7ee007a58bff0ee477ac0ed027a65
:10078c00704700bf002341f2233202808360704720
:10079c00012905d0022901d108307047002070478b
:0407ac0040687047ea
:020000040000fa
:020000040002f8
:1007b00010b5054c227832b9044b13b10448aff39d
:1007c00000800123237010bdb82e0020000000001f
:1007d0000000000008b5034b1bb103490348aff309
:1007e000008008bd00000000bc2e002000000000ba
:020000040000fa
:020000040002f8
:1007f0003022c37802808370704700bf2bb1c3786a
:100800000b7001231380002070470120704700bf48
:10081000012a01d00120704791f90030c370837024
:100820000020704701290cbf02300020704700bf34
:020000040000fa
:020000040002f8
:100830003522c37802808370704700bf2bb1c37824
:100840000b7001231380002070470120704700bf08
:10085000012a01d00120704791f90030c3708370e4
:100860000020704701290cbf02300020704700bff4
:020000040000fa
:020000040002f8
:10087000d0e90132b3f90030b2f900209342b8bf99
:1008800013468381704700bf40f27112002302803b
:1008900083817047022905d0032907d0012903d09d
:1008a0000020704780687047406870470c30704780
:020000040000fa
:020000040002f8
:1008b000d0e90132b3f90030b2f900209342a8bf69
:1008c00013468381704700bf40f26112002302800b
:1008d00083817047022905d0032907d0012903d05d
:1008e0000020704780687047406870470c30704740
:020000040000fa
:020000040002f8
:1008f0004022c37802808370704700bf2bb1c37859
:100900000b7001231380002070470120704700bf47
:10091000012a01d00120704791f90030c370837023
:100920000020704701290cbf02300020704700bf33
:020000040000fa
:020000040002f8
:100930004522c37802808370704700bf2bb1c37813
:100940000b7001231380002070470120704700bf07
:10095000012a01d00120704791f90030c3708370e3
:100960000020704701290cbf02300020704700bff3
:020000040000fa
:020000040002f8
:10097000d0e90123d2ed007a93ed007a77ee877a01
:10098000c0ed037a704700bf002341f2633202805a
:10099000c3607047022905d0032907d0012903d07d
:1009a0000020704780687047406870470c3070477f
:020000040000fa
:020000040002f8
:1009b00043681b78c3f14003dbb25ab2002aacbfd4
:1009c000024b024ad3560372704700bfac160000b8
:1009d0004ff498520023028003727047012905d01a
:1009e000022901d1083070470020704740687047e5
:020000040000fa
:020000040002f8
:1009f000d0e90123d2ed007a93ed007a67ee877a91
:100a0000c0ed037a704700bf002341f253320280e9
:100a1000c3607047022905d0032907d0012903d0fc
:100a20000020704780687047406870470c307047fe
:020000040000fa
:020000040002f8
:100a3000d0e90123d2ed007a93ed007a77eec77a00
:100a4000c0ed037a704700bf002341f28332028079
:100a5000c3607047022905d0032907d0012903d0bc
:100a60000020704780687047406870470c307047be
:020000040000fa
:020000040002f8
:100a7000555555555555c5bfb01011111111813f30
:100a80001a3e011aa0012abf63f024a5e31dc73e48
:100a9000abc05d4b45e65abe30d46a683c12e63db9
:100aa0009c4908dc20e46abd95df9369ff80e83c3f
:020000040000fa
:020000040002f8
:100ab0008b1e00eb8300d0ed016a90ed007a50edc3
:100ac000017aa6ee807a0329e0ee077a0dd010edc8
:100ad000027aa7ee807a0429f0ee477a05d010ed6d
:100ae000037aa0ee277af0ee477a20ee270a7047c5
:020000040000fa
:020000040002f8
:100af000d0e90423c0e902234368d3e90023c0e915
:100b00000423704700230022c0e90223c0e9042324
:100b100040f6645303807047012905d0022901d1b2
:0c0b2000083070470020704740687047a4
:020000040000fa
:020000040002f8
:100b2c00d0e901321b6812689342b8bf1346c36008
:100b3c00704700bf4ff4b97200230280c360704746
:100b4c00022905d0032907d0012903d000207047c2
:0c0b5c0080687047406870470c3070479c
:020000040000fa
:020000040002f8
:100b6800d0e901321b6812689342a8bf1346c360dc
:100b7800704700bf4ff4b17200230280c360704712
:100b8800022905d0032907d0012903d00020704786
:0c0b980080687047406870470c30704760
:020000040000fa
:020000040002f8
:100ba4004368b3f9003003f47f42b2f5004f14bf39
:100bb4001b126ff07e030372704700bfb222002342
:100bc40002800372704700bf012905d0022901d1b8
:0c0bd400083070470020704740687047f0
:020000040000fa
:020000040002f8
:100be00043681b681a0c1204b2f1004f14bf1b14a7
:100bf000014b0381704700bf0180ffffb522002336
:100c000002800381704700bf012905d0022901d16c
:0c0c1000083070470020704740687047b3
:020000040000fa
:020000040002f8
:100c1c004268054bb2f9001047f6ff7213ea210344
:100c2c0038bf1346038170470180ffff41f2213228
:100c3c000023028003817047012905d0022901d1cc
:0c0c4c0008307047002070474068704777
:020000040000fa
:020000040002f8
:100c5800436810b593ed000b0446e9f70bfef6f771
:100c680007fe84ed020b10bd00230022c0e9022319
:100c780041f2d42303807047012905d0022901d10c
:0c0c88000830704700207047406870473b
:020000040000fa
:020000040002f8
:100c940008b5ecf7f5faf6f7cdfff6f72dffecf70c
:100ca4007dfcfdf7effd00f045fefcf705f8e2f7eb
:100cb400e3fbf3f77ffdf4f7c3fef5f7fffffdf762
:0c0cc400a7f9bde80840fdf7efb900bf3c
:020000040000fa
:020000040002f8
:100cd0004ff4001c1ceb410f98bf1ceb430f11d8c5
:100ce00051ea030c50ea4c0c5cea020c0cd004d222
:100cf00082428b418041013070479042994180414e
:0c0d000001307047002070470120704750
:020000040000fa
:020000040002f8
:100d0c004ff4001c1ceb410f98bf1ceb430f11d888
:100d1c0051ea030c50ea4c0c5cea020c0cd004d2e5
:100d2c009042994180410130704782428b41804111
:0c0d3c0001307047002070470120704714
:020000040000fa
:020000040002f8
:100d480010ee102ac2f3c75110b44c1efd2c0dd85a
:100d58000844421efd2a10ee103a0ad903f0004357
:100d68000028c8bf43f0ff4300ee103a5df8044b7b
:0c0d7800704723f0ff4343eac053f5e747
:020000040000fa
:020000040002f8
:100d840043681b780bb183681b780373704700bffb
:100d9400ff22002302800373704700bf022905d09d
:100da400032907d0012903d00020704780687047c9
:080db400406870470c307047e5
:020000040000fa
:020000040002f8
:100dbc0043681b780bb983681b780373704700bfbb
:100dcc0040f20f120023028003737047022905d0f2
:100ddc00032907d0012903d0002070478068704791
:080dec00406870470c307047ad
:020000040000fa
:020000040002f8
:100df40040f24f130380704710b40024148043b1b1
:100e04004068012300780870204613805df8044b85
:100e1400704701205df8044b704700bf01290cbfe7
:080e240040680020704700bf88
:020000040000fa
:020000040002f8
:100e2c004ff4a0730380704710b40024148043b1b6
:100e3c004068012300780870204613805df8044b4d
:100e4c00704701205df8044b704700bf01290cbfaf
:080e5c0040680020704700bf50
:020000040000fa
:020000040002f8
:100e640043681b6803f07f42b2f1004f14bf1b16a6
:100e74006ff07e0303727047b42200230280037272
:100e8400704700bf012905d0022901d108307047fd
:080e9400002070474068704720
:020000040000fa
:020000040002f8
:100e9c0040f25f130380704710b40024148043b1f8
:100eac004068012300780870204613805df8044bdd
:100ebc00704701205df8044b704700bf01290cbf3f
:080ecc0040680020704700bfe0
:020000040000fa
:020000040002f8
:100ed4004ff4a8730380704710b40024148043b106
:100ee4004068012300780870204613805df8044ba5
:100ef400704701205df8044b704700bf01290cbf07
:080f040040680020704700bfa7
:020000040000fa
:020000040002f8
:100f0c00d0e901321b78127853400373704700bf4d
:100f1c0040f21f120023028003737047022905d090
:100f2c00032907d0012903d000207047806870473f
:080f3c00406870470c3070475b
:020000040000fa
:020000040002f8
:100f4400436810b593ed000b0446e9f795fc84ed76
:100f5400020b10bd00230022c0e9022341f2343306
:100f640003807047012905d0022901d10830704758
:080f740000207047406870473f
:020000040000fa
:020000040002f8
:100f7c00436810b593ed000b0446f4f71bfe84edab
:100f8c00020b10bd00230022c0e9022341f2e4331e
:100f9c0003807047012905d0022901d10830704720
:080fac00002070474068704707
:020000040000fa
:020000040002f8
:100fb400436810b593ed000b0446f5f7d3fd84edbb
:100fc400020b10bd00230022c0e9022341f2d433f6
:100fd40003807047012905d0022901d108307047e8
:080fe4000020704740687047cf
:020000040000fa
:020000040002f8
:100fec00436810b593ed000b0446f7f793f884edc6
:100ffc00020b10bd00230022c0e9022341f204338e
:10100c0003807047012905d0022901d108307047af
:08101c00002070474068704796
:020000040000fa
:020000040002f8
:101024004368044a93f90030002bb8bfdbb2d356af
:10103400037270475879000041f2f02200230280c5
:1010440003727047012905d0022901d10830704785
:0810540000207047406870475e
:020000040000fa
:020000040002f8
:10105c00436810b593ed000b0446f0f7fff984edef
:10106c00020b10bd00230022c0e9022341f2f4233d
:10107c0003807047012905d0022901d1083070473f
:08108c00002070474068704726
:020000040000fa
:020000040002f8
:101094004368b3f9003013f5004f1abf5b421bb22b
:1010a40047f6ff730381704741f2b1320023028097
:1010b40003817047012905d0022901d10830704706
:0810c4000020704740687047ee
:020000040000fa
:020000040002f8
:1010cc00436893f9003013f1800f1abf5b425bb297
:1010dc007f230372704700bf41f2b03200230280bd
:1010ec0003727047012905d0022901d108307047dd
:0810fc000020704740687047b6
:020000040000fa
:020000040002f8
:101104004268044b1268002aa8bf6ff00043836052
:10111400704700bf0100008041f2223200230280a8
:1011240083607047012905d0022901d10830704736
:0811340000207047406870477d
:020000040000fa
:020000040002f8
:10113c004368044a93f90030002bb8bfdbb2d35696
:10114c0003727047ac1600004ff4975200230280d4
:10115c0003727047012905d0022901d1083070476c
:08116c00002070474068704745
:020000040000fa
:020000040002f8
:10117400436810b593ed000b0446f6f733ff84ed96
:10118400020b10bd00230022c0e9022341f2e42334
:1011940003807047012905d0022901d10830704726
:0811a40000207047406870470d
:020000040000fa
:020000040002f8
:1011ac004368044a93f90030002bb8bfdbb2d35626
:1011bc00037270477833000041f2d0220023028082
:1011cc0003727047012905d0022901d108307047fc
:0811dc000020704740687047d5
:020000040000fa
:020000040002f8
:1011e400436810b593ed000a0446e9f73dfbb1ee00
:1011f400c00a84ed020a10bd002341f2d32202800a
:1012040083607047012905d0022901d10830704755
:0812140000207047406870479c
:020000040000fa
:020000040002f8
:10121c00d0e901321b88128813448381704700bfc8
:10122c0041f271320023028083817047022905d07c
:10123c00032907d0012903d000207047806870472c
:08124c00406870470c30704748
:020000040000fa
:020000040002f8
:10125400d0e901321b6812681344c360704700bfb1
:1012640041f2723200230280c3607047022905d024
:10127400032907d0012903d00020704780687047f4
:08128400406870470c30704710
:020000040000fa
:020000040002f8
:10128c00d0e901321b78127813440373704700bf06
:10129c0041f270320023028003737047022905d09b
:1012ac00032907d0012903d00020704780687047bc
:0812bc00406870470c307047d8
:020000040000fa
:020000040002f8
:1012c400d0e901321b8812889b1a8381704700bfc2
:1012d40041f291320023028083817047022905d0b4
:1012e400032907d0012903d0002070478068704784
:0812f400406870470c307047a0
:020000040000fa
:020000040002f8
:1012fc00d0e901321b6812689b1ac360704700bfab
:10130c0041f2923200230280c3607047022905d05b
:10131c00032907d0012903d000207047806870474b
:08132c00406870470c30704767
:020000040000fa
:020000040002f8
:10133400d0e901321b7812789b1a0373704700bfff
:1013440041f290320023028003737047022905d0d2
:10135400032907d0012903d0002070478068704713
:08136400406870470c3070472f
:020000040000fa
:020000040002f8
:10136c0070b50b480b4d4ff6ff76016821b94368f9
:10137c0013b9fdf782fa70bd83684268334000f1ff
:10138c000c0455f823302046984704eb8000ece71a
:08139c00509f0100201c02001b
:020000040000fa
:020000040002f8
:1013a40000000000db0f493fdb0fc93fdb0f493f63
:1013b400adf2dac13ad5644265c11ec2bb702241a6
:1013c400ee5d32bf023624c37992d04378eebec3b9
:0813d400e5f316434397bec187
:020000040000fa
:020000040002f8
:1013dc004ff4001c1ceb410f98bf1ceb430f11d8b2
:1013ec0051ea030c50ea4c0c5cea020c0ad004d211
:1013fc0082428b41804140427047904299418041ea
:08140c004042704700207047c8
:020000040000fa
:020000040002f8
:101414004ff4001c1ceb410f98bf1ceb430f11d879
:1014240051ea030c50ea4c0c5cea020c0ad004d2d8
:101434009042994180414042704782428b418041b1
:08144400404270470020704790
:020000040000fa
:020000040002f8
:10144c0042681278002a47f6ff7308bf0023038115
:10145c00704700bfb622002302800381704700bf93
:10146c00012905d0022901d10830704700207047ae
:04147c00406870470d
:020000040000fa
:020000040002f8
:1014800043681b78002b14bf6ff000430023836078
:10149000704700bfb722002302808360704700bfff
:1014a000012905d0022901d108307047002070477a
:0414b00040687047d9
:020000040000fa
:020000040002f8
:1014b400436810b50446b3f90000e9f7a5f92081a3
:1014c40010bd00bf41f23132002302800381704716
:1014d400012905d0022901d1083070470020704746
:0414e40040687047a5
:020000040000fa
:020000040002f8
:1014e80010b54368044693f90000e9f77ff92072c4
:1014f80010bd00bf41f230320023028003727047f2
:10150800012905d0022901d1083070470020704711
:041518004068704770
:020000040000fa
:020000040002f8
:10151c00436810b593ed000a0446e9f7a1f984ed90
:10152c00020a10bd002341f23332028083607047ff
:10153c00012905d0022901d10830704700207047dd
:04154c00406870473c
:020000040000fa
:020000040002f8
:10155000436810b593ed000a0446f8f78dfe84ed5c
:10156000020a10bd002341f2e3320280836070471b
:10157000012905d0022901d10830704700207047a9
:041580004068704708
:020000040000fa
:020000040002f8
:10158400436810b593ed000a0446faf7dbf984eddd
:10159400020a10bd002341f2d332028083607047f7
:1015a400012905d0022901d1083070470020704775
:0415b40040687047d4
:020000040000fa
:020000040002f8
:1015b800436810b593ed000a0446faf747f984ed3d
:1015c800020a10bd002341f2033202808360704793
:1015d800012905d0022901d1083070470020704741
:0415e80040687047a0
:020000040000fa
:020000040002f8
:1015ec00436810b593ed000a0446f8f7c5fe84ed88
:1015fc00020a10bd002341f2f3220280836070477f
:10160c00012905d0022901d108307047002070470c
:04161c00406870476b
:020000040000fa
:020000040002f8
:1016200043681b68b3f1004f14bf5b426ff0004387
:101630008360704741f2b2320023028083607047ba
:10164000012905d0022901d10830704700207047d8
:041650004068704737
:020000040000fa
:020000040002f8
:1016540043681a6882605b6803f10043c3607047a3
:1016640000230022c0e9022341f2b433038070470f
:10167400012905d0022901d10830704700207047a4
:041684004068704703
:020000040000fa
:020000040002f8
:10168800436893f90030002bb4bf6ff07e037f23cb
:10169800037270474ff49952002302800372704717
:1016a800012905d0022901d1083070470020704770
:0416b80040687047cf
:020000040000fa
:020000040002f8
:1016bc00436810b593ed000a0446faf771fd84ed0a
:1016cc00020a10bd002341f2e322028083607047be
:1016dc00012905d0022901d108307047002070473c
:0416ec00406870479b
:020000040000fa
:020000040002f8
:1016f000c0f3c75191b142004fea40704fead201a6
:101700004fea310101f16051b2f17f4f38bf7047ac
:1017100001f1605118bf41f40021704710f0004101
:0417200000207047ee
:020000040000fa
:020000040002f8
:101724004ff4001c1ceb410f98bf1ceb430f0cd86b
:1017340050ea410c08bf52ea430c08d0904208bf5b
:1017440099420cbf012000207047002070470120ff
:021754007047dc
:020000040000fa
:020000040002f8
:10175800428943680281b3f900304381704700bf72
:1017680040f661520023028083607047012905d04a
:10177800022901d10830704700207047406870473f
:020000040000fa
:020000040002f8
:10178800c268436882601b68c360704740f6625253
:1017980000230280c0e90233704700bf012905d049
:1017a800022901d10830704700207047406870470f
:020000040000fa
:020000040002f8
:1017b800c268436882601b68c3607047002340f6b4
:1017c800635202808360c360704700bf012905d05f
:1017d800022901d1083070470020704740687047df
:020000040000fa
:020000040002f8
:1017e8004368d3e90023c0e902237047002300229d
:1017f800c0e902234ff4f27303807047012905d032
:10180800022901d1083070470020704740687047ae
:020000040000fa
:020000040002f8
:101818004368b3f90030003318bf012303727047df
:10182800b822002302800372704700bf012905d047
:10183800022901d10830704700207047406870477e
:020000040000fa
:020000040002f8
:1018480043681b68003318bf01230372704700bf49
:10185800b922002302800372704700bf012905d016
:10186800022901d10830704700207047406870474e
:020000040000fa
:020000040002f8
:10187800436810b504461868e8f7d0ffa06010bdab
:1018880041f232320023028083607047012905d07b
:10189800022901d10830704700207047406870471e
:020000040000fa
:020000040002f8
:1018a8004368d3ed007af1ee677ac0ed027a7047ab
:1018b800002341f2b332028083607047012905d0ca
:1018c800022901d1083070470020704740687047ee
:020000040000fa
:020000040002f8
:1018d80000000000920a063fdb0fc93f920a863fcc
:1018e80033055bc1fe0ba4c1fbe907c1d76b56bf2b
:1018f800e64324429050ac4252506e424f627041cf
:020000040000fa
:020000040002f8
:1019080053b94ab9002908bf00281cbf4ff0ff315e
:101918004ff0ff30ebf792b9adf1080c6de904ce4a
:10192800ecf7cefeddf804e0dde9022304b07047f1
:020000040000fa
:020000040002f8
:10193800094a137843f001031370536813f0010345
:10194800fbd1d36113621378034943f00203137088
:0c1958004b689b07fcd47047002800403f
:020000040000fa
:020000040002f8
:10196400427a436802721b784372704740f66f52a2
:101974000023028003817047012905d0022901d187
:0c19840008307047002070474068704732
:020000040000fa
:020000040002f8
:101990004368c2681b78d35603727047a0220023a5
:1019a00002800372704700bf012905d0022901d1ce
:0c19b00008307047002070474068704706
:020000040000fa
:020000040002f8
:1019bc004368b3f900300381704700bf40f2e11275
:1019cc000023028003817047012905d0022901d12f
:0c19dc00083070470020704740687047da
:020000040000fa
:020000040002f8
:1019e80043681b7883f0010303727047ef220023da
:1019f80002800372704700bf012905d0022901d176
:0c1a0800083070470020704740687047ad
:020000040000fa
:020000040002f8
:101a14004368b3f900301b0483607047b32200238a
:101a240002808360704700bf012905d0022901d1db
:0c1a340008307047002070474068704781
:020000040000fa
:020000040002f8
:101a4000436893f900301b0203817047b0220023e2
:101a500002800381704700bf012905d0022901d10e
:0c1a600008307047002070474068704755
:020000040000fa
:020000040002f8
:101a6c00436893f900301b0683607047b122002352
:101a7c0002808360704700bf012905d0022901d183
:0c1a8c0008307047002070474068704729
:020000040000fa
:020000040002f8
:101a980043681b780372704740f2ef1200230280fc
:101aa80003727047012905d0022901d10830704717
:081ab8000020704740687047f0
:020000040000fa
:020000040002f8
:101ac00043681b68836070474ff4f1720023028003
:101ad00083607047012905d0022901d10830704781
:081ae0000020704740687047c8
:020000040000fa
:020000040002f8
:101ae80043681b6883607047002340f2e31202805a
:101af80083607047012905d0022901d10830704759
:081b080000207047406870479f
:020000040000fa
:020000040002f8
:101b1000064b074903f20640002201e031f9022f8b
:101b200023f8022f8342f9d1704700bf0e2800200e
:041b30009cbd000058
:020000040000fa
:020000040002f8
:101b34000b0d40f21e42d21a09dbcb0243ea50508d
:101b440040f00040202a28bf2022d040704749009e
:041b54008041704715
:020000040000fa
:020000040002f8
:101b580008b5b5ee400af1ee10fa2ded028bb1eea4
:101b6800c08a04d4b0ee480abdec028b08bdfff76a
:041b7800effff7e79d
:020000040000fa
:020000040002f8
:101b7c0010f0004160b148bf40420a0d02f21d4214
:101b8c00b0fa80f3d21a9840c30a400503eb025115
:021b9c00704790
:020000040000fa
:020000040002f8
:101b9e0010b50023934206d113f0030018bf0120a5
:0e1bae0000eb930010bdc45ccc540133f2e791
:020000040000fa
:020000040002f8
:101bbc005ab110b40a44431e11f8014b03f8014ffb
:0c1bcc009142f9d15df8044b704770475e
:020000040000fa
:020000040002f8
:101bd80050b140f21d42b0fa80f1521a8840c30a4f
:0c1be800400503eb0251704701007047fc
:020000040000fa
:020000040002f8
:101bf400fee700bffee700bffee700bffee700bf51
:081c0400fee700bffee700bf90
:020000040000fa
:020000040002f8
:101c0c004d6179203134203230323631333a32342e
:041c1c003a34320024
:020000040000fa
:020000040002f8
:101c2000491c02009f1b0200bdc80000bdc8000087
:041c3000bdc800002b
:020000040000fa
:020000040002f8
:101c3400abaa2abe9788083c281050b99329393694
:041c4400d4aad5b297
:020000040000fa
:020000040002f8
:101c48000a440023914201d10020704701f8013b6a
:021c5800f8e7ab
:020000040000fa
:020000040002f8
:101c5c004ff0ff30704700bf4ff0ff30704700bfb0
:020000040000fa
:020000040002f8
:081c6c0083f00043eef78abf8c
:020000040000fa
:0200000400807a
:044000003912003c35
:020000040000fa
:0200000400807a
:044004008000a82a66
:020000040000fa
:0200000400807a
:04400800ffffffffb8
:00000001FF
