solid ASCII
  facet normal 0.000000e+00 7.518398e-01 6.593458e-01
    outer loop
      vertex   7.000000e+02 1.905546e+02 2.705546e+02
      vertex   6.420000e+02 1.905546e+02 2.705546e+02
      vertex   7.000000e+02 1.881828e+02 2.732591e+02
    endloop
  endfacet
  facet normal 0.000000e+00 7.518398e-01 6.593458e-01
    outer loop
      vertex   7.000000e+02 1.881828e+02 2.732591e+02
      vertex   6.420000e+02 1.905546e+02 2.705546e+02
      vertex   6.420000e+02 1.881828e+02 2.732591e+02
    endloop
  endfacet
  facet normal 0.000000e+00 8.314696e-01 5.555702e-01
    outer loop
      vertex   7.000000e+02 1.881828e+02 2.732591e+02
      vertex   6.420000e+02 1.881828e+02 2.732591e+02
      vertex   6.420000e+02 1.861843e+02 2.762500e+02
    endloop
  endfacet
  facet normal -7.781191e-19 8.314696e-01 5.555702e-01
    outer loop
      vertex   7.000000e+02 1.881828e+02 2.732591e+02
      vertex   6.420000e+02 1.861843e+02 2.762500e+02
      vertex   7.000000e+02 1.861843e+02 2.762500e+02
    endloop
  endfacet
  facet normal 0.000000e+00 8.968727e-01 4.422887e-01
    outer loop
      vertex   7.000000e+02 1.861843e+02 2.762500e+02
      vertex   6.420000e+02 1.861843e+02 2.762500e+02
      vertex   6.420000e+02 1.845933e+02 2.794762e+02
    endloop
  endfacet
  facet normal 1.689444e-18 8.968727e-01 4.422887e-01
    outer loop
      vertex   7.000000e+02 1.861843e+02 2.762500e+02
      vertex   6.420000e+02 1.845933e+02 2.794762e+02
      vertex   7.000000e+02 1.845933e+02 2.794762e+02
    endloop
  endfacet
  facet normal 0.000000e+00 9.469301e-01 3.214395e-01
    outer loop
      vertex   7.000000e+02 1.845933e+02 2.794762e+02
      vertex   6.420000e+02 1.845933e+02 2.794762e+02
      vertex   6.420000e+02 1.834370e+02 2.828825e+02
    endloop
  endfacet
  facet normal -2.416668e-19 9.469301e-01 3.214395e-01
    outer loop
      vertex   7.000000e+02 1.845933e+02 2.794762e+02
      vertex   6.420000e+02 1.834370e+02 2.828825e+02
      vertex   7.000000e+02 1.834370e+02 2.828825e+02
    endloop
  endfacet
  facet normal 0.000000e+00 9.807853e-01 1.950903e-01
    outer loop
      vertex   7.000000e+02 1.834370e+02 2.828825e+02
      vertex   6.420000e+02 1.834370e+02 2.828825e+02
      vertex   6.420000e+02 1.827353e+02 2.864105e+02
    endloop
  endfacet
  facet normal 5.623709e-19 9.807853e-01 1.950903e-01
    outer loop
      vertex   7.000000e+02 1.834370e+02 2.828825e+02
      vertex   6.420000e+02 1.827353e+02 2.864105e+02
      vertex   7.000000e+02 1.827353e+02 2.864105e+02
    endloop
  endfacet
  facet normal 0.000000e+00 9.978589e-01 6.540313e-02
    outer loop
      vertex   7.000000e+02 1.827353e+02 2.864105e+02
      vertex   6.420000e+02 1.827353e+02 2.864105e+02
      vertex   6.420000e+02 1.825000e+02 2.900000e+02
    endloop
  endfacet
  facet normal -9.203526e-20 9.978589e-01 6.540313e-02
    outer loop
      vertex   7.000000e+02 1.827353e+02 2.864105e+02
      vertex   6.420000e+02 1.825000e+02 2.900000e+02
      vertex   7.000000e+02 1.825000e+02 2.900000e+02
    endloop
  endfacet
  facet normal 0.000000e+00 9.978589e-01 -6.540313e-02
    outer loop
      vertex   7.000000e+02 1.825000e+02 2.900000e+02
      vertex   6.420000e+02 1.825000e+02 2.900000e+02
      vertex   6.420000e+02 1.827353e+02 2.935895e+02
    endloop
  endfacet
  facet normal -1.508051e-19 9.978589e-01 -6.540313e-02
    outer loop
      vertex   7.000000e+02 1.825000e+02 2.900000e+02
      vertex   6.420000e+02 1.827353e+02 2.935895e+02
      vertex   7.000000e+02 1.827353e+02 2.935895e+02
    endloop
  endfacet
  facet normal 0.000000e+00 9.807853e-01 -1.950903e-01
    outer loop
      vertex   7.000000e+02 1.827353e+02 2.935895e+02
      vertex   6.420000e+02 1.827353e+02 2.935895e+02
      vertex   6.420000e+02 1.834370e+02 2.971175e+02
    endloop
  endfacet
  facet normal -1.269172e-19 9.807853e-01 -1.950903e-01
    outer loop
      vertex   7.000000e+02 1.827353e+02 2.935895e+02
      vertex   6.420000e+02 1.834370e+02 2.971175e+02
      vertex   7.000000e+02 1.834370e+02 2.971175e+02
    endloop
  endfacet
  facet normal 0.000000e+00 9.469301e-01 -3.214395e-01
    outer loop
      vertex   7.000000e+02 1.834370e+02 2.971175e+02
      vertex   6.420000e+02 1.834370e+02 2.971175e+02
      vertex   6.420000e+02 1.845933e+02 3.005238e+02
    endloop
  endfacet
  facet normal 2.472928e-19 9.469301e-01 -3.214395e-01
    outer loop
      vertex   7.000000e+02 1.834370e+02 2.971175e+02
      vertex   6.420000e+02 1.845933e+02 3.005238e+02
      vertex   7.000000e+02 1.845933e+02 3.005238e+02
    endloop
  endfacet
  facet normal 0.000000e+00 8.968727e-01 -4.422887e-01
    outer loop
      vertex   7.000000e+02 1.845933e+02 3.005238e+02
      vertex   6.420000e+02 1.845933e+02 3.005238e+02
      vertex   6.420000e+02 1.861843e+02 3.037500e+02
    endloop
  endfacet
  facet normal -1.689444e-18 8.968727e-01 -4.422887e-01
    outer loop
      vertex   7.000000e+02 1.845933e+02 3.005238e+02
      vertex   6.420000e+02 1.861843e+02 3.037500e+02
      vertex   7.000000e+02 1.861843e+02 3.037500e+02
    endloop
  endfacet
  facet normal 0.000000e+00 8.314696e-01 -5.555702e-01
    outer loop
      vertex   7.000000e+02 1.861843e+02 3.037500e+02
      vertex   6.420000e+02 1.861843e+02 3.037500e+02
      vertex   6.420000e+02 1.881828e+02 3.067409e+02
    endloop
  endfacet
  facet normal -4.253464e-20 8.314696e-01 -5.555702e-01
    outer loop
      vertex   7.000000e+02 1.861843e+02 3.037500e+02
      vertex   6.420000e+02 1.881828e+02 3.067409e+02
      vertex   7.000000e+02 1.881828e+02 3.067409e+02
    endloop
  endfacet
  facet normal 0.000000e+00 7.518398e-01 -6.593458e-01
    outer loop
      vertex   7.000000e+02 1.881828e+02 3.067409e+02
      vertex   6.420000e+02 1.881828e+02 3.067409e+02
      vertex   6.420000e+02 1.905546e+02 3.094454e+02
    endloop
  endfacet
  facet normal 1.891192e-18 7.518398e-01 -6.593458e-01
    outer loop
      vertex   7.000000e+02 1.881828e+02 3.067409e+02
      vertex   6.420000e+02 1.905546e+02 3.094454e+02
      vertex   7.000000e+02 1.905546e+02 3.094454e+02
    endloop
  endfacet
  facet normal 0.000000e+00 6.593458e-01 -7.518398e-01
    outer loop
      vertex   7.000000e+02 1.905546e+02 3.094454e+02
      vertex   6.420000e+02 1.905546e+02 3.094454e+02
      vertex   6.420000e+02 1.932591e+02 3.118172e+02
    endloop
  endfacet
  facet normal -5.041618e-20 6.593458e-01 -7.518398e-01
    outer loop
      vertex   7.000000e+02 1.905546e+02 3.094454e+02
      vertex   6.420000e+02 1.932591e+02 3.118172e+02
      vertex   7.000000e+02 1.932591e+02 3.118172e+02
    endloop
  endfacet
  facet normal 0.000000e+00 5.555702e-01 -8.314696e-01
    outer loop
      vertex   7.000000e+02 1.932591e+02 3.118172e+02
      vertex   6.420000e+02 1.932591e+02 3.118172e+02
      vertex   6.420000e+02 1.962500e+02 3.138157e+02
    endloop
  endfacet
  facet normal -1.897319e-18 5.555702e-01 -8.314696e-01
    outer loop
      vertex   7.000000e+02 1.932591e+02 3.118172e+02
      vertex   6.420000e+02 1.962500e+02 3.138157e+02
      vertex   7.000000e+02 1.962500e+02 3.138157e+02
    endloop
  endfacet
  facet normal 0.000000e+00 4.422887e-01 -8.968727e-01
    outer loop
      vertex   7.000000e+02 1.962500e+02 3.138157e+02
      vertex   6.420000e+02 1.962500e+02 3.138157e+02
      vertex   6.420000e+02 1.994762e+02 3.154067e+02
    endloop
  endfacet
  facet normal -1.313260e-18 4.422887e-01 -8.968727e-01
    outer loop
      vertex   7.000000e+02 1.962500e+02 3.138157e+02
      vertex   6.420000e+02 1.994762e+02 3.154067e+02
      vertex   7.000000e+02 1.994762e+02 3.154067e+02
    endloop
  endfacet
  facet normal 0.000000e+00 3.214395e-01 -9.469301e-01
    outer loop
      vertex   7.000000e+02 1.994762e+02 3.154067e+02
      vertex   6.420000e+02 1.994762e+02 3.154067e+02
      vertex   6.420000e+02 2.028825e+02 3.165630e+02
    endloop
  endfacet
  facet normal 2.476237e-19 3.214395e-01 -9.469301e-01
    outer loop
      vertex   7.000000e+02 1.994762e+02 3.154067e+02
      vertex   6.420000e+02 2.028825e+02 3.165630e+02
      vertex   7.000000e+02 2.028825e+02 3.165630e+02
    endloop
  endfacet
  facet normal 0.000000e+00 1.950903e-01 -9.807853e-01
    outer loop
      vertex   7.000000e+02 2.028825e+02 3.165630e+02
      vertex   6.420000e+02 2.028825e+02 3.165630e+02
      vertex   6.420000e+02 2.064105e+02 3.172647e+02
    endloop
  endfacet
  facet normal 2.413120e-19 1.950903e-01 -9.807853e-01
    outer loop
      vertex   7.000000e+02 2.028825e+02 3.165630e+02
      vertex   6.420000e+02 2.064105e+02 3.172647e+02
      vertex   7.000000e+02 2.064105e+02 3.172647e+02
    endloop
  endfacet
  facet normal 0.000000e+00 6.540313e-02 -9.978589e-01
    outer loop
      vertex   7.000000e+02 2.064105e+02 3.172647e+02
      vertex   6.420000e+02 2.064105e+02 3.172647e+02
      vertex   6.420000e+02 2.100000e+02 3.175000e+02
    endloop
  endfacet
  facet normal 1.429109e-19 6.540313e-02 -9.978589e-01
    outer loop
      vertex   7.000000e+02 2.064105e+02 3.172647e+02
      vertex   6.420000e+02 2.100000e+02 3.175000e+02
      vertex   7.000000e+02 2.100000e+02 3.175000e+02
    endloop
  endfacet
  facet normal -0.000000e+00 -6.540313e-02 -9.978589e-01
    outer loop
      vertex   7.000000e+02 2.100000e+02 3.175000e+02
      vertex   6.420000e+02 2.100000e+02 3.175000e+02
      vertex   6.420000e+02 2.135895e+02 3.172647e+02
    endloop
  endfacet
  facet normal -1.429109e-19 -6.540313e-02 -9.978589e-01
    outer loop
      vertex   7.000000e+02 2.100000e+02 3.175000e+02
      vertex   6.420000e+02 2.135895e+02 3.172647e+02
      vertex   7.000000e+02 2.135895e+02 3.172647e+02
    endloop
  endfacet
  facet normal -0.000000e+00 -1.950903e-01 -9.807853e-01
    outer loop
      vertex   7.000000e+02 2.135895e+02 3.172647e+02
      vertex   6.420000e+02 2.135895e+02 3.172647e+02
      vertex   6.420000e+02 2.171175e+02 3.165630e+02
    endloop
  endfacet
  facet normal -2.413120e-19 -1.950903e-01 -9.807853e-01
    outer loop
      vertex   7.000000e+02 2.135895e+02 3.172647e+02
      vertex   6.420000e+02 2.171175e+02 3.165630e+02
      vertex   7.000000e+02 2.171175e+02 3.165630e+02
    endloop
  endfacet
  facet normal -0.000000e+00 -3.214395e-01 -9.469301e-01
    outer loop
      vertex   7.000000e+02 2.171175e+02 3.165630e+02
      vertex   6.420000e+02 2.171175e+02 3.165630e+02
      vertex   6.420000e+02 2.205238e+02 3.154067e+02
    endloop
  endfacet
  facet normal 7.702793e-16 -3.214395e-01 -9.469301e-01
    outer loop
      vertex   7.000000e+02 2.171175e+02 3.165630e+02
      vertex   6.420000e+02 2.205238e+02 3.154067e+02
      vertex   7.000000e+02 2.205238e+02 3.154067e+02
    endloop
  endfacet
  facet normal 6.622537e-16 -4.422887e-01 -8.968727e-01
    outer loop
      vertex   7.000000e+02 2.205238e+02 3.154067e+02
      vertex   6.420000e+02 2.205238e+02 3.154067e+02
      vertex   6.420000e+02 2.237500e+02 3.138157e+02
    endloop
  endfacet
  facet normal -3.418566e-19 -4.422887e-01 -8.968727e-01
    outer loop
      vertex   7.000000e+02 2.205238e+02 3.154067e+02
      vertex   6.420000e+02 2.237500e+02 3.138157e+02
      vertex   7.000000e+02 2.237500e+02 3.138157e+02
    endloop
  endfacet
  facet normal -0.000000e+00 -5.555702e-01 -8.314696e-01
    outer loop
      vertex   7.000000e+02 2.237500e+02 3.138157e+02
      vertex   6.420000e+02 2.237500e+02 3.138157e+02
      vertex   6.420000e+02 2.267409e+02 3.118172e+02
    endloop
  endfacet
  facet normal -7.781191e-19 -5.555702e-01 -8.314696e-01
    outer loop
      vertex   7.000000e+02 2.237500e+02 3.138157e+02
      vertex   6.420000e+02 2.267409e+02 3.118172e+02
      vertex   7.000000e+02 2.267409e+02 3.118172e+02
    endloop
  endfacet
  facet normal -0.000000e+00 -6.593458e-01 -7.518398e-01
    outer loop
      vertex   7.000000e+02 2.267409e+02 3.118172e+02
      vertex   6.420000e+02 2.267409e+02 3.118172e+02
      vertex   7.000000e+02 2.294454e+02 3.094454e+02
    endloop
  endfacet
  facet normal -0.000000e+00 -6.593458e-01 -7.518398e-01
    outer loop
      vertex   7.000000e+02 2.294454e+02 3.094454e+02
      vertex   6.420000e+02 2.267409e+02 3.118172e+02
      vertex   6.420000e+02 2.294454e+02 3.094454e+02
    endloop
  endfacet
  facet normal -0.000000e+00 7.071068e-01 7.071068e-01
    outer loop
      vertex   6.420000e+02 2.505546e+02 2.105546e+02
      vertex   6.420000e+02 1.905546e+02 2.705546e+02
      vertex   7.000000e+02 2.505546e+02 2.105546e+02
    endloop
  endfacet
  facet normal 2.310021e-17 7.071068e-01 7.071068e-01
    outer loop
      vertex   7.000000e+02 2.505546e+02 2.105546e+02
      vertex   6.420000e+02 1.905546e+02 2.705546e+02
      vertex   7.000000e+02 1.905546e+02 2.705546e+02
    endloop
  endfacet
  facet normal -0.000000e+00 -7.518398e-01 -6.593458e-01
    outer loop
      vertex   7.000000e+02 2.894454e+02 2.494454e+02
      vertex   6.420000e+02 2.894454e+02 2.494454e+02
      vertex   7.000000e+02 2.918172e+02 2.467409e+02
    endloop
  endfacet
  facet normal -0.000000e+00 -7.518398e-01 -6.593458e-01
    outer loop
      vertex   7.000000e+02 2.918172e+02 2.467409e+02
      vertex   6.420000e+02 2.894454e+02 2.494454e+02
      vertex   6.420000e+02 2.918172e+02 2.467409e+02
    endloop
  endfacet
  facet normal -0.000000e+00 -8.314696e-01 -5.555702e-01
    outer loop
      vertex   7.000000e+02 2.918172e+02 2.467409e+02
      vertex   6.420000e+02 2.918172e+02 2.467409e+02
      vertex   6.420000e+02 2.938157e+02 2.437500e+02
    endloop
  endfacet
  facet normal -3.545377e-19 -8.314696e-01 -5.555702e-01
    outer loop
      vertex   7.000000e+02 2.918172e+02 2.467409e+02
      vertex   6.420000e+02 2.938157e+02 2.437500e+02
      vertex   7.000000e+02 2.938157e+02 2.437500e+02
    endloop
  endfacet
  facet normal -0.000000e+00 -8.968727e-01 -4.422887e-01
    outer loop
      vertex   7.000000e+02 2.938157e+02 2.437500e+02
      vertex   6.420000e+02 2.938157e+02 2.437500e+02
      vertex   6.420000e+02 2.954067e+02 2.405238e+02
    endloop
  endfacet
  facet normal 2.008122e-18 -8.968727e-01 -4.422887e-01
    outer loop
      vertex   7.000000e+02 2.938157e+02 2.437500e+02
      vertex   6.420000e+02 2.954067e+02 2.405238e+02
      vertex   7.000000e+02 2.954067e+02 2.405238e+02
    endloop
  endfacet
  facet normal -0.000000e+00 -9.469301e-01 -3.214395e-01
    outer loop
      vertex   7.000000e+02 2.954067e+02 2.405238e+02
      vertex   6.420000e+02 2.954067e+02 2.405238e+02
      vertex   6.420000e+02 2.965630e+02 2.371175e+02
    endloop
  endfacet
  facet normal -6.554127e-20 -9.469301e-01 -3.214395e-01
    outer loop
      vertex   7.000000e+02 2.954067e+02 2.405238e+02
      vertex   6.420000e+02 2.965630e+02 2.371175e+02
      vertex   7.000000e+02 2.965630e+02 2.371175e+02
    endloop
  endfacet
  facet normal -0.000000e+00 -9.807853e-01 -1.950903e-01
    outer loop
      vertex   7.000000e+02 2.965630e+02 2.371175e+02
      vertex   6.420000e+02 2.965630e+02 2.371175e+02
      vertex   6.420000e+02 2.972647e+02 2.335895e+02
    endloop
  endfacet
  facet normal 9.353036e-19 -9.807853e-01 -1.950903e-01
    outer loop
      vertex   7.000000e+02 2.965630e+02 2.371175e+02
      vertex   6.420000e+02 2.972647e+02 2.335895e+02
      vertex   7.000000e+02 2.972647e+02 2.335895e+02
    endloop
  endfacet
  facet normal -0.000000e+00 -9.978589e-01 -6.540312e-02
    outer loop
      vertex   7.000000e+02 2.972647e+02 2.335895e+02
      vertex   6.420000e+02 2.972647e+02 2.335895e+02
      vertex   6.420000e+02 2.975000e+02 2.300000e+02
    endloop
  endfacet
  facet normal 2.040720e-19 -9.978589e-01 -6.540312e-02
    outer loop
      vertex   7.000000e+02 2.972647e+02 2.335895e+02
      vertex   6.420000e+02 2.975000e+02 2.300000e+02
      vertex   7.000000e+02 2.975000e+02 2.300000e+02
    endloop
  endfacet
  facet normal 0.000000e+00 -9.978589e-01 6.540314e-02
    outer loop
      vertex   7.000000e+02 2.975000e+02 2.300000e+02
      vertex   6.420000e+02 2.975000e+02 2.300000e+02
      vertex   6.420000e+02 2.972647e+02 2.264105e+02
    endloop
  endfacet
  facet normal 1.504584e-19 -9.978589e-01 6.540314e-02
    outer loop
      vertex   7.000000e+02 2.975000e+02 2.300000e+02
      vertex   6.420000e+02 2.972647e+02 2.264105e+02
      vertex   7.000000e+02 2.972647e+02 2.264105e+02
    endloop
  endfacet
  facet normal 0.000000e+00 -9.807853e-01 1.950903e-01
    outer loop
      vertex   7.000000e+02 2.972647e+02 2.264105e+02
      vertex   6.420000e+02 2.972647e+02 2.264105e+02
      vertex   6.420000e+02 2.965630e+02 2.228825e+02
    endloop
  endfacet
  facet normal 6.117609e-19 -9.807853e-01 1.950903e-01
    outer loop
      vertex   7.000000e+02 2.972647e+02 2.264105e+02
      vertex   6.420000e+02 2.965630e+02 2.228825e+02
      vertex   7.000000e+02 2.965630e+02 2.228825e+02
    endloop
  endfacet
  facet normal 0.000000e+00 -9.469301e-01 3.214395e-01
    outer loop
      vertex   7.000000e+02 2.965630e+02 2.228825e+02
      vertex   6.420000e+02 2.965630e+02 2.228825e+02
      vertex   6.420000e+02 2.954067e+02 2.194762e+02
    endloop
  endfacet
  facet normal 6.899324e-19 -9.469301e-01 3.214395e-01
    outer loop
      vertex   7.000000e+02 2.965630e+02 2.228825e+02
      vertex   6.420000e+02 2.954067e+02 2.194762e+02
      vertex   7.000000e+02 2.954067e+02 2.194762e+02
    endloop
  endfacet
  facet normal 0.000000e+00 -8.968727e-01 4.422887e-01
    outer loop
      vertex   7.000000e+02 2.954067e+02 2.194762e+02
      vertex   6.420000e+02 2.954067e+02 2.194762e+02
      vertex   6.420000e+02 2.938157e+02 2.162500e+02
    endloop
  endfacet
  facet normal 1.616934e-18 -8.968727e-01 4.422887e-01
    outer loop
      vertex   7.000000e+02 2.954067e+02 2.194762e+02
      vertex   6.420000e+02 2.938157e+02 2.162500e+02
      vertex   7.000000e+02 2.938157e+02 2.162500e+02
    endloop
  endfacet
  facet normal 0.000000e+00 -8.314696e-01 5.555702e-01
    outer loop
      vertex   7.000000e+02 2.938157e+02 2.162500e+02
      vertex   6.420000e+02 2.938157e+02 2.162500e+02
      vertex   6.420000e+02 2.918172e+02 2.132591e+02
    endloop
  endfacet
  facet normal 8.098236e-19 -8.314696e-01 5.555702e-01
    outer loop
      vertex   7.000000e+02 2.938157e+02 2.162500e+02
      vertex   6.420000e+02 2.918172e+02 2.132591e+02
      vertex   7.000000e+02 2.918172e+02 2.132591e+02
    endloop
  endfacet
  facet normal 0.000000e+00 -7.518398e-01 6.593458e-01
    outer loop
      vertex   7.000000e+02 2.918172e+02 2.132591e+02
      vertex   6.420000e+02 2.918172e+02 2.132591e+02
      vertex   6.420000e+02 2.894454e+02 2.105546e+02
    endloop
  endfacet
  facet normal -4.138162e-16 -7.518398e-01 6.593458e-01
    outer loop
      vertex   7.000000e+02 2.918172e+02 2.132591e+02
      vertex   6.420000e+02 2.894454e+02 2.105546e+02
      vertex   7.000000e+02 2.894454e+02 2.105546e+02
    endloop
  endfacet
  facet normal -2.777741e-16 -6.593458e-01 7.518398e-01
    outer loop
      vertex   7.000000e+02 2.894454e+02 2.105546e+02
      vertex   6.420000e+02 2.894454e+02 2.105546e+02
      vertex   6.420000e+02 2.867409e+02 2.081828e+02
    endloop
  endfacet
  facet normal -6.684927e-19 -6.593458e-01 7.518398e-01
    outer loop
      vertex   7.000000e+02 2.894454e+02 2.105546e+02
      vertex   6.420000e+02 2.867409e+02 2.081828e+02
      vertex   7.000000e+02 2.867409e+02 2.081828e+02
    endloop
  endfacet
  facet normal 0.000000e+00 -5.555702e-01 8.314696e-01
    outer loop
      vertex   7.000000e+02 2.867409e+02 2.081828e+02
      vertex   6.420000e+02 2.867409e+02 2.081828e+02
      vertex   6.420000e+02 2.837500e+02 2.061843e+02
    endloop
  endfacet
  facet normal -5.440810e-16 -5.555702e-01 8.314696e-01
    outer loop
      vertex   7.000000e+02 2.867409e+02 2.081828e+02
      vertex   6.420000e+02 2.837500e+02 2.061843e+02
      vertex   7.000000e+02 2.837500e+02 2.061843e+02
    endloop
  endfacet
  facet normal -4.334690e-16 -4.422887e-01 8.968727e-01
    outer loop
      vertex   7.000000e+02 2.837500e+02 2.061843e+02
      vertex   6.420000e+02 2.837500e+02 2.061843e+02
      vertex   6.420000e+02 2.805238e+02 2.045933e+02
    endloop
  endfacet
  facet normal -1.550167e-18 -4.422887e-01 8.968727e-01
    outer loop
      vertex   7.000000e+02 2.837500e+02 2.061843e+02
      vertex   6.420000e+02 2.805238e+02 2.045933e+02
      vertex   7.000000e+02 2.805238e+02 2.045933e+02
    endloop
  endfacet
  facet normal 0.000000e+00 -3.214395e-01 9.469301e-01
    outer loop
      vertex   7.000000e+02 2.805238e+02 2.045933e+02
      vertex   6.420000e+02 2.805238e+02 2.045933e+02
      vertex   6.420000e+02 2.771175e+02 2.034370e+02
    endloop
  endfacet
  facet normal -4.753043e-19 -3.214395e-01 9.469301e-01
    outer loop
      vertex   7.000000e+02 2.805238e+02 2.045933e+02
      vertex   6.420000e+02 2.771175e+02 2.034370e+02
      vertex   7.000000e+02 2.771175e+02 2.034370e+02
    endloop
  endfacet
  facet normal 0.000000e+00 -1.950903e-01 9.807853e-01
    outer loop
      vertex   7.000000e+02 2.771175e+02 2.034370e+02
      vertex   6.420000e+02 2.771175e+02 2.034370e+02
      vertex   6.420000e+02 2.735895e+02 2.027353e+02
    endloop
  endfacet
  facet normal -4.802350e-16 -1.950903e-01 9.807853e-01
    outer loop
      vertex   7.000000e+02 2.771175e+02 2.034370e+02
      vertex   6.420000e+02 2.735895e+02 2.027353e+02
      vertex   7.000000e+02 2.735895e+02 2.027353e+02
    endloop
  endfacet
  facet normal -4.889803e-16 -6.540313e-02 9.978589e-01
    outer loop
      vertex   7.000000e+02 2.735895e+02 2.027353e+02
      vertex   6.420000e+02 2.735895e+02 2.027353e+02
      vertex   6.420000e+02 2.700000e+02 2.025000e+02
    endloop
  endfacet
  facet normal 1.602118e-19 -6.540313e-02 9.978589e-01
    outer loop
      vertex   7.000000e+02 2.735895e+02 2.027353e+02
      vertex   6.420000e+02 2.700000e+02 2.025000e+02
      vertex   7.000000e+02 2.700000e+02 2.025000e+02
    endloop
  endfacet
  facet normal 0.000000e+00 6.540313e-02 9.978589e-01
    outer loop
      vertex   7.000000e+02 2.700000e+02 2.025000e+02
      vertex   6.420000e+02 2.700000e+02 2.025000e+02
      vertex   6.420000e+02 2.664105e+02 2.027353e+02
    endloop
  endfacet
  facet normal -4.889143e-16 6.540313e-02 9.978589e-01
    outer loop
      vertex   7.000000e+02 2.700000e+02 2.025000e+02
      vertex   6.420000e+02 2.664105e+02 2.027353e+02
      vertex   7.000000e+02 2.664105e+02 2.027353e+02
    endloop
  endfacet
  facet normal -4.806137e-16 1.950903e-01 9.807853e-01
    outer loop
      vertex   7.000000e+02 2.664105e+02 2.027353e+02
      vertex   6.420000e+02 2.664105e+02 2.027353e+02
      vertex   6.420000e+02 2.628825e+02 2.034370e+02
    endloop
  endfacet
  facet normal -7.920793e-19 1.950903e-01 9.807853e-01
    outer loop
      vertex   7.000000e+02 2.664105e+02 2.027353e+02
      vertex   6.420000e+02 2.628825e+02 2.034370e+02
      vertex   7.000000e+02 2.628825e+02 2.034370e+02
    endloop
  endfacet
  facet normal 0.000000e+00 3.214395e-01 9.469301e-01
    outer loop
      vertex   7.000000e+02 2.628825e+02 2.034370e+02
      vertex   6.420000e+02 2.628825e+02 2.034370e+02
      vertex   6.420000e+02 2.594762e+02 2.045933e+02
    endloop
  endfacet
  facet normal 9.662699e-19 3.214395e-01 9.469301e-01
    outer loop
      vertex   7.000000e+02 2.628825e+02 2.034370e+02
      vertex   6.420000e+02 2.594762e+02 2.045933e+02
      vertex   7.000000e+02 2.594762e+02 2.045933e+02
    endloop
  endfacet
  facet normal 0.000000e+00 4.422887e-01 8.968727e-01
    outer loop
      vertex   7.000000e+02 2.594762e+02 2.045933e+02
      vertex   6.420000e+02 2.594762e+02 2.045933e+02
      vertex   6.420000e+02 2.562500e+02 2.061843e+02
    endloop
  endfacet
  facet normal -5.150559e-19 4.422887e-01 8.968727e-01
    outer loop
      vertex   7.000000e+02 2.594762e+02 2.045933e+02
      vertex   6.420000e+02 2.562500e+02 2.061843e+02
      vertex   7.000000e+02 2.562500e+02 2.061843e+02
    endloop
  endfacet
  facet normal 0.000000e+00 5.555702e-01 8.314696e-01
    outer loop
      vertex   7.000000e+02 2.562500e+02 2.061843e+02
      vertex   6.420000e+02 2.562500e+02 2.061843e+02
      vertex   6.420000e+02 2.532591e+02 2.081828e+02
    endloop
  endfacet
  facet normal -2.097181e-18 5.555702e-01 8.314696e-01
    outer loop
      vertex   7.000000e+02 2.562500e+02 2.061843e+02
      vertex   6.420000e+02 2.532591e+02 2.081828e+02
      vertex   7.000000e+02 2.532591e+02 2.081828e+02
    endloop
  endfacet
  facet normal 0.000000e+00 6.593458e-01 7.518398e-01
    outer loop
      vertex   7.000000e+02 2.532591e+02 2.081828e+02
      vertex   6.420000e+02 2.532591e+02 2.081828e+02
      vertex   7.000000e+02 2.505546e+02 2.105546e+02
    endloop
  endfacet
  facet normal 0.000000e+00 6.593458e-01 7.518398e-01
    outer loop
      vertex   7.000000e+02 2.505546e+02 2.105546e+02
      vertex   6.420000e+02 2.532591e+02 2.081828e+02
      vertex   6.420000e+02 2.505546e+02 2.105546e+02
    endloop
  endfacet
  facet normal 0.000000e+00 -7.071068e-01 -7.071068e-01
    outer loop
      vertex   6.420000e+02 2.294454e+02 3.094454e+02
      vertex   6.420000e+02 2.894454e+02 2.494454e+02
      vertex   7.000000e+02 2.294454e+02 3.094454e+02
    endloop
  endfacet
  facet normal -4.016030e-17 -7.071068e-01 -7.071068e-01
    outer loop
      vertex   7.000000e+02 2.294454e+02 3.094454e+02
      vertex   6.420000e+02 2.894454e+02 2.494454e+02
      vertex   7.000000e+02 2.894454e+02 2.494454e+02
    endloop
  endfacet
  facet normal 0.000000e+00 -6.593458e-01 7.518398e-01
    outer loop
      vertex   7.000000e+02 2.294454e+02 6.905546e+02
      vertex   6.420000e+02 2.294454e+02 6.905546e+02
      vertex   7.000000e+02 2.267409e+02 6.881828e+02
    endloop
  endfacet
  facet normal 3.230989e-16 -6.593458e-01 7.518398e-01
    outer loop
      vertex   7.000000e+02 2.267409e+02 6.881828e+02
      vertex   6.420000e+02 2.294454e+02 6.905546e+02
      vertex   6.420000e+02 2.267409e+02 6.881828e+02
    endloop
  endfacet
  facet normal 2.722458e-16 -5.555702e-01 8.314696e-01
    outer loop
      vertex   7.000000e+02 2.267409e+02 6.881828e+02
      vertex   6.420000e+02 2.267409e+02 6.881828e+02
      vertex   6.420000e+02 2.237500e+02 6.861843e+02
    endloop
  endfacet
  facet normal 1.679601e-18 -5.555702e-01 8.314696e-01
    outer loop
      vertex   7.000000e+02 2.267409e+02 6.881828e+02
      vertex   6.420000e+02 2.237500e+02 6.861843e+02
      vertex   7.000000e+02 2.237500e+02 6.861843e+02
    endloop
  endfacet
  facet normal 0.000000e+00 -4.422887e-01 8.968727e-01
    outer loop
      vertex   7.000000e+02 2.237500e+02 6.861843e+02
      vertex   6.420000e+02 2.237500e+02 6.861843e+02
      vertex   6.420000e+02 2.205238e+02 6.845933e+02
    endloop
  endfacet
  facet normal -1.313260e-18 -4.422887e-01 8.968727e-01
    outer loop
      vertex   7.000000e+02 2.237500e+02 6.861843e+02
      vertex   6.420000e+02 2.205238e+02 6.845933e+02
      vertex   7.000000e+02 2.205238e+02 6.845933e+02
    endloop
  endfacet
  facet normal 0.000000e+00 -3.214395e-01 9.469301e-01
    outer loop
      vertex   7.000000e+02 2.205238e+02 6.845933e+02
      vertex   6.420000e+02 2.205238e+02 6.845933e+02
      vertex   6.420000e+02 2.171175e+02 6.834370e+02
    endloop
  endfacet
  facet normal -1.855841e-15 -3.214395e-01 9.469301e-01
    outer loop
      vertex   7.000000e+02 2.205238e+02 6.845933e+02
      vertex   6.420000e+02 2.171175e+02 6.834370e+02
      vertex   7.000000e+02 2.171175e+02 6.834370e+02
    endloop
  endfacet
  facet normal -1.922455e-15 -1.950903e-01 9.807853e-01
    outer loop
      vertex   7.000000e+02 2.171175e+02 6.834370e+02
      vertex   6.420000e+02 2.171175e+02 6.834370e+02
      vertex   6.420000e+02 2.135895e+02 6.827353e+02
    endloop
  endfacet
  facet normal -6.295952e-19 -1.950903e-01 9.807853e-01
    outer loop
      vertex   7.000000e+02 2.171175e+02 6.834370e+02
      vertex   6.420000e+02 2.135895e+02 6.827353e+02
      vertex   7.000000e+02 2.135895e+02 6.827353e+02
    endloop
  endfacet
  facet normal 0.000000e+00 -6.540313e-02 9.978589e-01
    outer loop
      vertex   7.000000e+02 2.135895e+02 6.827353e+02
      vertex   6.420000e+02 2.135895e+02 6.827353e+02
      vertex   6.420000e+02 2.100000e+02 6.825000e+02
    endloop
  endfacet
  facet normal 2.446621e-19 -6.540313e-02 9.978589e-01
    outer loop
      vertex   7.000000e+02 2.135895e+02 6.827353e+02
      vertex   6.420000e+02 2.100000e+02 6.825000e+02
      vertex   7.000000e+02 2.100000e+02 6.825000e+02
    endloop
  endfacet
  facet normal 0.000000e+00 6.540313e-02 9.978589e-01
    outer loop
      vertex   7.000000e+02 2.100000e+02 6.825000e+02
      vertex   6.420000e+02 2.100000e+02 6.825000e+02
      vertex   6.420000e+02 2.064105e+02 6.827353e+02
    endloop
  endfacet
  facet normal -2.446621e-19 6.540313e-02 9.978589e-01
    outer loop
      vertex   7.000000e+02 2.100000e+02 6.825000e+02
      vertex   6.420000e+02 2.064105e+02 6.827353e+02
      vertex   7.000000e+02 2.064105e+02 6.827353e+02
    endloop
  endfacet
  facet normal 0.000000e+00 1.950903e-01 9.807853e-01
    outer loop
      vertex   7.000000e+02 2.064105e+02 6.827353e+02
      vertex   6.420000e+02 2.064105e+02 6.827353e+02
      vertex   6.420000e+02 2.028825e+02 6.834370e+02
    endloop
  endfacet
  facet normal 1.923084e-15 1.950903e-01 9.807853e-01
    outer loop
      vertex   7.000000e+02 2.064105e+02 6.827353e+02
      vertex   6.420000e+02 2.028825e+02 6.834370e+02
      vertex   7.000000e+02 2.028825e+02 6.834370e+02
    endloop
  endfacet
  facet normal 1.856095e-15 3.214395e-01 9.469301e-01
    outer loop
      vertex   7.000000e+02 2.028825e+02 6.834370e+02
      vertex   6.420000e+02 2.028825e+02 6.834370e+02
      vertex   6.420000e+02 1.994762e+02 6.845933e+02
    endloop
  endfacet
  facet normal -1.577681e-16 3.214395e-01 9.469301e-01
    outer loop
      vertex   7.000000e+02 2.028825e+02 6.834370e+02
      vertex   6.420000e+02 1.994762e+02 6.845933e+02
      vertex   7.000000e+02 1.994762e+02 6.845933e+02
    endloop
  endfacet
  facet normal -2.167345e-16 4.422887e-01 8.968727e-01
    outer loop
      vertex   7.000000e+02 1.994762e+02 6.845933e+02
      vertex   6.420000e+02 1.994762e+02 6.845933e+02
      vertex   6.420000e+02 1.962500e+02 6.861843e+02
    endloop
  endfacet
  facet normal 1.689444e-18 4.422887e-01 8.968727e-01
    outer loop
      vertex   7.000000e+02 1.994762e+02 6.845933e+02
      vertex   6.420000e+02 1.962500e+02 6.861843e+02
      vertex   7.000000e+02 1.962500e+02 6.861843e+02
    endloop
  endfacet
  facet normal 0.000000e+00 5.555702e-01 8.314696e-01
    outer loop
      vertex   7.000000e+02 1.962500e+02 6.861843e+02
      vertex   6.420000e+02 1.962500e+02 6.861843e+02
      vertex   6.420000e+02 1.932591e+02 6.881828e+02
    endloop
  endfacet
  facet normal -1.886427e-18 5.555702e-01 8.314696e-01
    outer loop
      vertex   7.000000e+02 1.962500e+02 6.861843e+02
      vertex   6.420000e+02 1.932591e+02 6.881828e+02
      vertex   7.000000e+02 1.932591e+02 6.881828e+02
    endloop
  endfacet
  facet normal 0.000000e+00 6.593458e-01 7.518398e-01
    outer loop
      vertex   7.000000e+02 1.932591e+02 6.881828e+02
      vertex   6.420000e+02 1.932591e+02 6.881828e+02
      vertex   6.420000e+02 1.905546e+02 6.905546e+02
    endloop
  endfacet
  facet normal 4.242715e-19 6.593458e-01 7.518398e-01
    outer loop
      vertex   7.000000e+02 1.932591e+02 6.881828e+02
      vertex   6.420000e+02 1.905546e+02 6.905546e+02
      vertex   7.000000e+02 1.905546e+02 6.905546e+02
    endloop
  endfacet
  facet normal 0.000000e+00 7.518398e-01 6.593458e-01
    outer loop
      vertex   7.000000e+02 1.905546e+02 6.905546e+02
      vertex   6.420000e+02 1.905546e+02 6.905546e+02
      vertex   6.420000e+02 1.881828e+02 6.932591e+02
    endloop
  endfacet
  facet normal -1.368019e-19 7.518398e-01 6.593458e-01
    outer loop
      vertex   7.000000e+02 1.905546e+02 6.905546e+02
      vertex   6.420000e+02 1.881828e+02 6.932591e+02
      vertex   7.000000e+02 1.881828e+02 6.932591e+02
    endloop
  endfacet
  facet normal 0.000000e+00 8.314696e-01 5.555702e-01
    outer loop
      vertex   7.000000e+02 1.881828e+02 6.932591e+02
      vertex   6.420000e+02 1.881828e+02 6.932591e+02
      vertex   6.420000e+02 1.861843e+02 6.962500e+02
    endloop
  endfacet
  facet normal -4.078157e-16 8.314696e-01 5.555702e-01
    outer loop
      vertex   7.000000e+02 1.881828e+02 6.932591e+02
      vertex   6.420000e+02 1.861843e+02 6.962500e+02
      vertex   7.000000e+02 1.861843e+02 6.962500e+02
    endloop
  endfacet
  facet normal -4.394941e-16 8.968727e-01 4.422887e-01
    outer loop
      vertex   7.000000e+02 1.861843e+02 6.962500e+02
      vertex   6.420000e+02 1.861843e+02 6.962500e+02
      vertex   6.420000e+02 1.845933e+02 6.994762e+02
    endloop
  endfacet
  facet normal -4.378046e-16 8.968727e-01 4.422887e-01
    outer loop
      vertex   7.000000e+02 1.861843e+02 6.962500e+02
      vertex   6.420000e+02 1.845933e+02 6.994762e+02
      vertex   7.000000e+02 1.845933e+02 6.994762e+02
    endloop
  endfacet
  facet normal -4.640237e-16 9.469301e-01 3.214395e-01
    outer loop
      vertex   7.000000e+02 1.845933e+02 6.994762e+02
      vertex   6.420000e+02 1.845933e+02 6.994762e+02
      vertex   6.420000e+02 1.834370e+02 7.028825e+02
    endloop
  endfacet
  facet normal 1.259868e-15 9.469301e-01 3.214395e-01
    outer loop
      vertex   7.000000e+02 1.845933e+02 6.994762e+02
      vertex   6.420000e+02 1.834370e+02 7.028825e+02
      vertex   7.000000e+02 1.834370e+02 7.028825e+02
    endloop
  endfacet
  facet normal 7.648001e-16 9.807853e-01 1.950903e-01
    outer loop
      vertex   7.000000e+02 1.834370e+02 7.028825e+02
      vertex   6.420000e+02 1.834370e+02 7.028825e+02
      vertex   6.420000e+02 1.827353e+02 7.064105e+02
    endloop
  endfacet
  facet normal -8.297066e-19 9.807853e-01 1.950903e-01
    outer loop
      vertex   7.000000e+02 1.834370e+02 7.028825e+02
      vertex   6.420000e+02 1.827353e+02 7.064105e+02
      vertex   7.000000e+02 1.827353e+02 7.064105e+02
    endloop
  endfacet
  facet normal 0.000000e+00 9.978589e-01 6.540313e-02
    outer loop
      vertex   7.000000e+02 1.827353e+02 7.064105e+02
      vertex   6.420000e+02 1.827353e+02 7.064105e+02
      vertex   6.420000e+02 1.825000e+02 7.100000e+02
    endloop
  endfacet
  facet normal -1.429109e-19 9.978589e-01 6.540313e-02
    outer loop
      vertex   7.000000e+02 1.827353e+02 7.064105e+02
      vertex   6.420000e+02 1.825000e+02 7.100000e+02
      vertex   7.000000e+02 1.825000e+02 7.100000e+02
    endloop
  endfacet
  facet normal 0.000000e+00 9.978589e-01 -6.540313e-02
    outer loop
      vertex   7.000000e+02 1.825000e+02 7.100000e+02
      vertex   6.420000e+02 1.825000e+02 7.100000e+02
      vertex   6.420000e+02 1.827353e+02 7.135895e+02
    endloop
  endfacet
  facet normal 1.429109e-19 9.978589e-01 -6.540313e-02
    outer loop
      vertex   7.000000e+02 1.825000e+02 7.100000e+02
      vertex   6.420000e+02 1.827353e+02 7.135895e+02
      vertex   7.000000e+02 1.827353e+02 7.135895e+02
    endloop
  endfacet
  facet normal 0.000000e+00 9.807853e-01 -1.950903e-01
    outer loop
      vertex   7.000000e+02 1.827353e+02 7.135895e+02
      vertex   6.420000e+02 1.827353e+02 7.135895e+02
      vertex   6.420000e+02 1.834370e+02 7.171175e+02
    endloop
  endfacet
  facet normal -7.639704e-16 9.807853e-01 -1.950903e-01
    outer loop
      vertex   7.000000e+02 1.827353e+02 7.135895e+02
      vertex   6.420000e+02 1.834370e+02 7.171175e+02
      vertex   7.000000e+02 1.834370e+02 7.171175e+02
    endloop
  endfacet
  facet normal -1.260118e-15 9.469301e-01 -3.214395e-01
    outer loop
      vertex   7.000000e+02 1.834370e+02 7.171175e+02
      vertex   6.420000e+02 1.834370e+02 7.171175e+02
      vertex   6.420000e+02 1.845933e+02 7.205238e+02
    endloop
  endfacet
  facet normal 2.479547e-19 9.469301e-01 -3.214395e-01
    outer loop
      vertex   7.000000e+02 1.834370e+02 7.171175e+02
      vertex   6.420000e+02 1.845933e+02 7.205238e+02
      vertex   7.000000e+02 1.845933e+02 7.205238e+02
    endloop
  endfacet
  facet normal 0.000000e+00 8.968727e-01 -4.422887e-01
    outer loop
      vertex   7.000000e+02 1.845933e+02 7.205238e+02
      vertex   6.420000e+02 1.845933e+02 7.205238e+02
      vertex   6.420000e+02 1.861843e+02 7.237500e+02
    endloop
  endfacet
  facet normal 4.378046e-16 8.968727e-01 -4.422887e-01
    outer loop
      vertex   7.000000e+02 1.845933e+02 7.205238e+02
      vertex   6.420000e+02 1.861843e+02 7.237500e+02
      vertex   7.000000e+02 1.861843e+02 7.237500e+02
    endloop
  endfacet
  facet normal 4.074446e-16 8.314696e-01 -5.555702e-01
    outer loop
      vertex   7.000000e+02 1.861843e+02 7.237500e+02
      vertex   6.420000e+02 1.861843e+02 7.237500e+02
      vertex   6.420000e+02 1.881828e+02 7.267409e+02
    endloop
  endfacet
  facet normal -8.631884e-19 8.314696e-01 -5.555702e-01
    outer loop
      vertex   7.000000e+02 1.861843e+02 7.237500e+02
      vertex   6.420000e+02 1.881828e+02 7.267409e+02
      vertex   7.000000e+02 1.881828e+02 7.267409e+02
    endloop
  endfacet
  facet normal 0.000000e+00 7.518398e-01 -6.593458e-01
    outer loop
      vertex   7.000000e+02 1.881828e+02 7.267409e+02
      vertex   6.420000e+02 1.881828e+02 7.267409e+02
      vertex   7.000000e+02 1.905546e+02 7.294454e+02
    endloop
  endfacet
  facet normal 0.000000e+00 7.518398e-01 -6.593458e-01
    outer loop
      vertex   7.000000e+02 1.905546e+02 7.294454e+02
      vertex   6.420000e+02 1.881828e+02 7.267409e+02
      vertex   6.420000e+02 1.905546e+02 7.294454e+02
    endloop
  endfacet
  facet normal 0.000000e+00 -7.071068e-01 7.071068e-01
    outer loop
      vertex   6.420000e+02 2.894454e+02 7.505546e+02
      vertex   6.420000e+02 2.294454e+02 6.905546e+02
      vertex   7.000000e+02 2.894454e+02 7.505546e+02
    endloop
  endfacet
  facet normal 2.310021e-17 -7.071068e-01 7.071068e-01
    outer loop
      vertex   7.000000e+02 2.894454e+02 7.505546e+02
      vertex   6.420000e+02 2.294454e+02 6.905546e+02
      vertex   7.000000e+02 2.294454e+02 6.905546e+02
    endloop
  endfacet
  facet normal 0.000000e+00 6.593458e-01 -7.518398e-01
    outer loop
      vertex   7.000000e+02 2.505546e+02 7.894454e+02
      vertex   6.420000e+02 2.505546e+02 7.894454e+02
      vertex   7.000000e+02 2.532591e+02 7.918172e+02
    endloop
  endfacet
  facet normal 0.000000e+00 6.593458e-01 -7.518398e-01
    outer loop
      vertex   7.000000e+02 2.532591e+02 7.918172e+02
      vertex   6.420000e+02 2.505546e+02 7.894454e+02
      vertex   6.420000e+02 2.532591e+02 7.918172e+02
    endloop
  endfacet
  facet normal 0.000000e+00 5.555702e-01 -8.314696e-01
    outer loop
      vertex   7.000000e+02 2.532591e+02 7.918172e+02
      vertex   6.420000e+02 2.532591e+02 7.918172e+02
      vertex   6.420000e+02 2.562500e+02 7.938157e+02
    endloop
  endfacet
  facet normal 3.545377e-19 5.555702e-01 -8.314696e-01
    outer loop
      vertex   7.000000e+02 2.532591e+02 7.918172e+02
      vertex   6.420000e+02 2.562500e+02 7.938157e+02
      vertex   7.000000e+02 2.562500e+02 7.938157e+02
    endloop
  endfacet
  facet normal 0.000000e+00 4.422887e-01 -8.968727e-01
    outer loop
      vertex   7.000000e+02 2.562500e+02 7.938157e+02
      vertex   6.420000e+02 2.562500e+02 7.938157e+02
      vertex   6.420000e+02 2.594762e+02 7.954067e+02
    endloop
  endfacet
  facet normal 3.993700e-19 4.422887e-01 -8.968727e-01
    outer loop
      vertex   7.000000e+02 2.562500e+02 7.938157e+02
      vertex   6.420000e+02 2.594762e+02 7.954067e+02
      vertex   7.000000e+02 2.594762e+02 7.954067e+02
    endloop
  endfacet
  facet normal 0.000000e+00 3.214395e-01 -9.469301e-01
    outer loop
      vertex   7.000000e+02 2.594762e+02 7.954067e+02
      vertex   6.420000e+02 2.594762e+02 7.954067e+02
      vertex   6.420000e+02 2.628825e+02 7.965630e+02
    endloop
  endfacet
  facet normal 3.990123e-20 3.214395e-01 -9.469301e-01
    outer loop
      vertex   7.000000e+02 2.594762e+02 7.954067e+02
      vertex   6.420000e+02 2.628825e+02 7.965630e+02
      vertex   7.000000e+02 2.628825e+02 7.965630e+02
    endloop
  endfacet
  facet normal 0.000000e+00 1.950903e-01 -9.807853e-01
    outer loop
      vertex   7.000000e+02 2.628825e+02 7.965630e+02
      vertex   6.420000e+02 2.628825e+02 7.965630e+02
      vertex   6.420000e+02 2.664105e+02 7.972647e+02
    endloop
  endfacet
  facet normal 7.090401e-19 1.950903e-01 -9.807853e-01
    outer loop
      vertex   7.000000e+02 2.628825e+02 7.965630e+02
      vertex   6.420000e+02 2.664105e+02 7.972647e+02
      vertex   7.000000e+02 2.664105e+02 7.972647e+02
    endloop
  endfacet
  facet normal 0.000000e+00 6.540312e-02 -9.978589e-01
    outer loop
      vertex   7.000000e+02 2.664105e+02 7.972647e+02
      vertex   6.420000e+02 2.664105e+02 7.972647e+02
      vertex   6.420000e+02 2.700000e+02 7.975000e+02
    endloop
  endfacet
  facet normal 3.875685e-20 6.540312e-02 -9.978589e-01
    outer loop
      vertex   7.000000e+02 2.664105e+02 7.972647e+02
      vertex   6.420000e+02 2.700000e+02 7.975000e+02
      vertex   7.000000e+02 2.700000e+02 7.975000e+02
    endloop
  endfacet
  facet normal -0.000000e+00 -6.540314e-02 -9.978589e-01
    outer loop
      vertex   7.000000e+02 2.700000e+02 7.975000e+02
      vertex   6.420000e+02 2.700000e+02 7.975000e+02
      vertex   6.420000e+02 2.735895e+02 7.972647e+02
    endloop
  endfacet
  facet normal -1.307896e-19 -6.540314e-02 -9.978589e-01
    outer loop
      vertex   7.000000e+02 2.700000e+02 7.975000e+02
      vertex   6.420000e+02 2.735895e+02 7.972647e+02
      vertex   7.000000e+02 2.735895e+02 7.972647e+02
    endloop
  endfacet
  facet normal -0.000000e+00 -1.950903e-01 -9.807853e-01
    outer loop
      vertex   7.000000e+02 2.735895e+02 7.972647e+02
      vertex   6.420000e+02 2.735895e+02 7.972647e+02
      vertex   6.420000e+02 2.771175e+02 7.965630e+02
    endloop
  endfacet
  facet normal 7.504265e-20 -1.950903e-01 -9.807853e-01
    outer loop
      vertex   7.000000e+02 2.735895e+02 7.972647e+02
      vertex   6.420000e+02 2.771175e+02 7.965630e+02
      vertex   7.000000e+02 2.771175e+02 7.965630e+02
    endloop
  endfacet
  facet normal -0.000000e+00 -3.214395e-01 -9.469301e-01
    outer loop
      vertex   7.000000e+02 2.771175e+02 7.965630e+02
      vertex   6.420000e+02 2.771175e+02 7.965630e+02
      vertex   6.420000e+02 2.805238e+02 7.954067e+02
    endloop
  endfacet
  facet normal -7.018464e-19 -3.214395e-01 -9.469301e-01
    outer loop
      vertex   7.000000e+02 2.771175e+02 7.965630e+02
      vertex   6.420000e+02 2.805238e+02 7.954067e+02
      vertex   7.000000e+02 2.805238e+02 7.954067e+02
    endloop
  endfacet
  facet normal -0.000000e+00 -4.422887e-01 -8.968727e-01
    outer loop
      vertex   7.000000e+02 2.805238e+02 7.954067e+02
      vertex   6.420000e+02 2.805238e+02 7.954067e+02
      vertex   6.420000e+02 2.837500e+02 7.938157e+02
    endloop
  endfacet
  facet normal 1.887777e-18 -4.422887e-01 -8.968727e-01
    outer loop
      vertex   7.000000e+02 2.805238e+02 7.954067e+02
      vertex   6.420000e+02 2.837500e+02 7.938157e+02
      vertex   7.000000e+02 2.837500e+02 7.938157e+02
    endloop
  endfacet
  facet normal -0.000000e+00 -5.555702e-01 -8.314696e-01
    outer loop
      vertex   7.000000e+02 2.837500e+02 7.938157e+02
      vertex   6.420000e+02 2.837500e+02 7.938157e+02
      vertex   6.420000e+02 2.867409e+02 7.918172e+02
    endloop
  endfacet
  facet normal -1.016648e-18 -5.555702e-01 -8.314696e-01
    outer loop
      vertex   7.000000e+02 2.837500e+02 7.938157e+02
      vertex   6.420000e+02 2.867409e+02 7.918172e+02
      vertex   7.000000e+02 2.867409e+02 7.918172e+02
    endloop
  endfacet
  facet normal -0.000000e+00 -6.593458e-01 -7.518398e-01
    outer loop
      vertex   7.000000e+02 2.867409e+02 7.918172e+02
      vertex   6.420000e+02 2.867409e+02 7.918172e+02
      vertex   6.420000e+02 2.894454e+02 7.894454e+02
    endloop
  endfacet
  facet normal 1.318751e-18 -6.593458e-01 -7.518398e-01
    outer loop
      vertex   7.000000e+02 2.867409e+02 7.918172e+02
      vertex   6.420000e+02 2.894454e+02 7.894454e+02
      vertex   7.000000e+02 2.894454e+02 7.894454e+02
    endloop
  endfacet
  facet normal -0.000000e+00 -7.518398e-01 -6.593458e-01
    outer loop
      vertex   7.000000e+02 2.894454e+02 7.894454e+02
      vertex   6.420000e+02 2.894454e+02 7.894454e+02
      vertex   6.420000e+02 2.918172e+02 7.867409e+02
    endloop
  endfacet
  facet normal 6.684927e-19 -7.518398e-01 -6.593458e-01
    outer loop
      vertex   7.000000e+02 2.894454e+02 7.894454e+02
      vertex   6.420000e+02 2.918172e+02 7.867409e+02
      vertex   7.000000e+02 2.918172e+02 7.867409e+02
    endloop
  endfacet
  facet normal -0.000000e+00 -8.314696e-01 -5.555702e-01
    outer loop
      vertex   7.000000e+02 2.918172e+02 7.867409e+02
      vertex   6.420000e+02 2.918172e+02 7.867409e+02
      vertex   6.420000e+02 2.938157e+02 7.837500e+02
    endloop
  endfacet
  facet normal 3.044154e-21 -8.314696e-01 -5.555702e-01
    outer loop
      vertex   7.000000e+02 2.918172e+02 7.867409e+02
      vertex   6.420000e+02 2.938157e+02 7.837500e+02
      vertex   7.000000e+02 2.938157e+02 7.837500e+02
    endloop
  endfacet
  facet normal -0.000000e+00 -8.968727e-01 -4.422887e-01
    outer loop
      vertex   7.000000e+02 2.938157e+02 7.837500e+02
      vertex   6.420000e+02 2.938157e+02 7.837500e+02
      vertex   6.420000e+02 2.954067e+02 7.805238e+02
    endloop
  endfacet
  facet normal -9.388813e-19 -8.968727e-01 -4.422887e-01
    outer loop
      vertex   7.000000e+02 2.938157e+02 7.837500e+02
      vertex   6.420000e+02 2.954067e+02 7.805238e+02
      vertex   7.000000e+02 2.954067e+02 7.805238e+02
    endloop
  endfacet
  facet normal -0.000000e+00 -9.469301e-01 -3.214395e-01
    outer loop
      vertex   7.000000e+02 2.954067e+02 7.805238e+02
      vertex   6.420000e+02 2.954067e+02 7.805238e+02
      vertex   6.420000e+02 2.965630e+02 7.771175e+02
    endloop
  endfacet
  facet normal 4.731508e-19 -9.469301e-01 -3.214395e-01
    outer loop
      vertex   7.000000e+02 2.954067e+02 7.805238e+02
      vertex   6.420000e+02 2.965630e+02 7.771175e+02
      vertex   7.000000e+02 2.965630e+02 7.771175e+02
    endloop
  endfacet
  facet normal -0.000000e+00 -9.807853e-01 -1.950903e-01
    outer loop
      vertex   7.000000e+02 2.965630e+02 7.771175e+02
      vertex   6.420000e+02 2.965630e+02 7.771175e+02
      vertex   6.420000e+02 2.972647e+02 7.735895e+02
    endloop
  endfacet
  facet normal -7.284131e-19 -9.807853e-01 -1.950903e-01
    outer loop
      vertex   7.000000e+02 2.965630e+02 7.771175e+02
      vertex   6.420000e+02 2.972647e+02 7.735895e+02
      vertex   7.000000e+02 2.972647e+02 7.735895e+02
    endloop
  endfacet
  facet normal -0.000000e+00 -9.978589e-01 -6.540313e-02
    outer loop
      vertex   7.000000e+02 2.972647e+02 7.735895e+02
      vertex   6.420000e+02 2.972647e+02 7.735895e+02
      vertex   6.420000e+02 2.975000e+02 7.700000e+02
    endloop
  endfacet
  facet normal 1.799639e-19 -9.978589e-01 -6.540313e-02
    outer loop
      vertex   7.000000e+02 2.972647e+02 7.735895e+02
      vertex   6.420000e+02 2.975000e+02 7.700000e+02
      vertex   7.000000e+02 2.975000e+02 7.700000e+02
    endloop
  endfacet
  facet normal 0.000000e+00 -9.978589e-01 6.540313e-02
    outer loop
      vertex   7.000000e+02 2.975000e+02 7.700000e+02
      vertex   6.420000e+02 2.975000e+02 7.700000e+02
      vertex   6.420000e+02 2.972647e+02 7.664105e+02
    endloop
  endfacet
  facet normal -6.595746e-20 -9.978589e-01 6.540313e-02
    outer loop
      vertex   7.000000e+02 2.975000e+02 7.700000e+02
      vertex   6.420000e+02 2.972647e+02 7.664105e+02
      vertex   7.000000e+02 2.972647e+02 7.664105e+02
    endloop
  endfacet
  facet normal 0.000000e+00 -9.807853e-01 1.950903e-01
    outer loop
      vertex   7.000000e+02 2.972647e+02 7.664105e+02
      vertex   6.420000e+02 2.972647e+02 7.664105e+02
      vertex   6.420000e+02 2.965630e+02 7.628825e+02
    endloop
  endfacet
  facet normal 3.566231e-19 -9.807853e-01 1.950903e-01
    outer loop
      vertex   7.000000e+02 2.972647e+02 7.664105e+02
      vertex   6.420000e+02 2.965630e+02 7.628825e+02
      vertex   7.000000e+02 2.965630e+02 7.628825e+02
    endloop
  endfacet
  facet normal 0.000000e+00 -9.469301e-01 3.214395e-01
    outer loop
      vertex   7.000000e+02 2.965630e+02 7.628825e+02
      vertex   6.420000e+02 2.965630e+02 7.628825e+02
      vertex   6.420000e+02 2.954067e+02 7.594762e+02
    endloop
  endfacet
  facet normal -9.634594e-19 -9.469301e-01 3.214395e-01
    outer loop
      vertex   7.000000e+02 2.965630e+02 7.628825e+02
      vertex   6.420000e+02 2.954067e+02 7.594762e+02
      vertex   7.000000e+02 2.954067e+02 7.594762e+02
    endloop
  endfacet
  facet normal 0.000000e+00 -8.968727e-01 4.422887e-01
    outer loop
      vertex   7.000000e+02 2.954067e+02 7.594762e+02
      vertex   6.420000e+02 2.954067e+02 7.594762e+02
      vertex   6.420000e+02 2.938157e+02 7.562500e+02
    endloop
  endfacet
  facet normal -5.005919e-19 -8.968727e-01 4.422887e-01
    outer loop
      vertex   7.000000e+02 2.954067e+02 7.594762e+02
      vertex   6.420000e+02 2.938157e+02 7.562500e+02
      vertex   7.000000e+02 2.938157e+02 7.562500e+02
    endloop
  endfacet
  facet normal 0.000000e+00 -8.314696e-01 5.555702e-01
    outer loop
      vertex   7.000000e+02 2.938157e+02 7.562500e+02
      vertex   6.420000e+02 2.938157e+02 7.562500e+02
      vertex   6.420000e+02 2.918172e+02 7.532591e+02
    endloop
  endfacet
  facet normal -1.752892e-18 -8.314696e-01 5.555702e-01
    outer loop
      vertex   7.000000e+02 2.938157e+02 7.562500e+02
      vertex   6.420000e+02 2.918172e+02 7.532591e+02
      vertex   7.000000e+02 2.918172e+02 7.532591e+02
    endloop
  endfacet
  facet normal 0.000000e+00 -7.518398e-01 6.593458e-01
    outer loop
      vertex   7.000000e+02 2.918172e+02 7.532591e+02
      vertex   6.420000e+02 2.918172e+02 7.532591e+02
      vertex   7.000000e+02 2.894454e+02 7.505546e+02
    endloop
  endfacet
  facet normal 0.000000e+00 -7.518398e-01 6.593458e-01
    outer loop
      vertex   7.000000e+02 2.894454e+02 7.505546e+02
      vertex   6.420000e+02 2.918172e+02 7.532591e+02
      vertex   6.420000e+02 2.894454e+02 7.505546e+02
    endloop
  endfacet
  facet normal 0.000000e+00 7.071068e-01 -7.071068e-01
    outer loop
      vertex   6.420000e+02 1.905546e+02 7.294454e+02
      vertex   6.420000e+02 2.505546e+02 7.894454e+02
      vertex   7.000000e+02 1.905546e+02 7.294454e+02
    endloop
  endfacet
  facet normal -2.914032e-17 7.071068e-01 -7.071068e-01
    outer loop
      vertex   7.000000e+02 1.905546e+02 7.294454e+02
      vertex   6.420000e+02 2.505546e+02 7.894454e+02
      vertex   7.000000e+02 2.505546e+02 7.894454e+02
    endloop
  endfacet
  facet normal 0.000000e+00 6.593458e-01 -7.518398e-01
    outer loop
      vertex   7.000000e+02 -2.294454e+02 3.094454e+02
      vertex   6.420000e+02 -2.294454e+02 3.094454e+02
      vertex   7.000000e+02 -2.267409e+02 3.118172e+02
    endloop
  endfacet
  facet normal 0.000000e+00 6.593458e-01 -7.518398e-01
    outer loop
      vertex   7.000000e+02 -2.267409e+02 3.118172e+02
      vertex   6.420000e+02 -2.294454e+02 3.094454e+02
      vertex   6.420000e+02 -2.267409e+02 3.118172e+02
    endloop
  endfacet
  facet normal 0.000000e+00 5.555702e-01 -8.314696e-01
    outer loop
      vertex   7.000000e+02 -2.267409e+02 3.118172e+02
      vertex   6.420000e+02 -2.267409e+02 3.118172e+02
      vertex   6.420000e+02 -2.237500e+02 3.138157e+02
    endloop
  endfacet
  facet normal 7.781191e-19 5.555702e-01 -8.314696e-01
    outer loop
      vertex   7.000000e+02 -2.267409e+02 3.118172e+02
      vertex   6.420000e+02 -2.237500e+02 3.138157e+02
      vertex   7.000000e+02 -2.237500e+02 3.138157e+02
    endloop
  endfacet
  facet normal 0.000000e+00 4.422887e-01 -8.968727e-01
    outer loop
      vertex   7.000000e+02 -2.237500e+02 3.138157e+02
      vertex   6.420000e+02 -2.237500e+02 3.138157e+02
      vertex   6.420000e+02 -2.205238e+02 3.154067e+02
    endloop
  endfacet
  facet normal -1.313260e-18 4.422887e-01 -8.968727e-01
    outer loop
      vertex   7.000000e+02 -2.237500e+02 3.138157e+02
      vertex   6.420000e+02 -2.205238e+02 3.154067e+02
      vertex   7.000000e+02 -2.205238e+02 3.154067e+02
    endloop
  endfacet
  facet normal 0.000000e+00 3.214395e-01 -9.469301e-01
    outer loop
      vertex   7.000000e+02 -2.205238e+02 3.154067e+02
      vertex   6.420000e+02 -2.205238e+02 3.154067e+02
      vertex   6.420000e+02 -2.171175e+02 3.165630e+02
    endloop
  endfacet
  facet normal 2.476237e-19 3.214395e-01 -9.469301e-01
    outer loop
      vertex   7.000000e+02 -2.205238e+02 3.154067e+02
      vertex   6.420000e+02 -2.171175e+02 3.165630e+02
      vertex   7.000000e+02 -2.171175e+02 3.165630e+02
    endloop
  endfacet
  facet normal 0.000000e+00 1.950903e-01 -9.807853e-01
    outer loop
      vertex   7.000000e+02 -2.171175e+02 3.165630e+02
      vertex   6.420000e+02 -2.171175e+02 3.165630e+02
      vertex   6.420000e+02 -2.135895e+02 3.172647e+02
    endloop
  endfacet
  facet normal -1.269172e-19 1.950903e-01 -9.807853e-01
    outer loop
      vertex   7.000000e+02 -2.171175e+02 3.165630e+02
      vertex   6.420000e+02 -2.135895e+02 3.172647e+02
      vertex   7.000000e+02 -2.135895e+02 3.172647e+02
    endloop
  endfacet
  facet normal 0.000000e+00 6.540313e-02 -9.978589e-01
    outer loop
      vertex   7.000000e+02 -2.135895e+02 3.172647e+02
      vertex   6.420000e+02 -2.135895e+02 3.172647e+02
      vertex   6.420000e+02 -2.100000e+02 3.175000e+02
    endloop
  endfacet
  facet normal -8.026052e-20 6.540313e-02 -9.978589e-01
    outer loop
      vertex   7.000000e+02 -2.135895e+02 3.172647e+02
      vertex   6.420000e+02 -2.100000e+02 3.175000e+02
      vertex   7.000000e+02 -2.100000e+02 3.175000e+02
    endloop
  endfacet
  facet normal -0.000000e+00 -6.540313e-02 -9.978589e-01
    outer loop
      vertex   7.000000e+02 -2.100000e+02 3.175000e+02
      vertex   6.420000e+02 -2.100000e+02 3.175000e+02
      vertex   6.420000e+02 -2.064105e+02 3.172647e+02
    endloop
  endfacet
  facet normal 8.026052e-20 -6.540313e-02 -9.978589e-01
    outer loop
      vertex   7.000000e+02 -2.100000e+02 3.175000e+02
      vertex   6.420000e+02 -2.064105e+02 3.172647e+02
      vertex   7.000000e+02 -2.064105e+02 3.172647e+02
    endloop
  endfacet
  facet normal -0.000000e+00 -1.950903e-01 -9.807853e-01
    outer loop
      vertex   7.000000e+02 -2.064105e+02 3.172647e+02
      vertex   6.420000e+02 -2.064105e+02 3.172647e+02
      vertex   6.420000e+02 -2.028825e+02 3.165630e+02
    endloop
  endfacet
  facet normal -5.719740e-20 -1.950903e-01 -9.807853e-01
    outer loop
      vertex   7.000000e+02 -2.064105e+02 3.172647e+02
      vertex   6.420000e+02 -2.028825e+02 3.165630e+02
      vertex   7.000000e+02 -2.028825e+02 3.165630e+02
    endloop
  endfacet
  facet normal -0.000000e+00 -3.214395e-01 -9.469301e-01
    outer loop
      vertex   7.000000e+02 -2.028825e+02 3.165630e+02
      vertex   6.420000e+02 -2.028825e+02 3.165630e+02
      vertex   6.420000e+02 -1.994762e+02 3.154067e+02
    endloop
  endfacet
  facet normal -2.532498e-19 -3.214395e-01 -9.469301e-01
    outer loop
      vertex   7.000000e+02 -2.028825e+02 3.165630e+02
      vertex   6.420000e+02 -1.994762e+02 3.154067e+02
      vertex   7.000000e+02 -1.994762e+02 3.154067e+02
    endloop
  endfacet
  facet normal -0.000000e+00 -4.422887e-01 -8.968727e-01
    outer loop
      vertex   7.000000e+02 -1.994762e+02 3.154067e+02
      vertex   6.420000e+02 -1.994762e+02 3.154067e+02
      vertex   6.420000e+02 -1.962500e+02 3.138157e+02
    endloop
  endfacet
  facet normal 1.313260e-18 -4.422887e-01 -8.968727e-01
    outer loop
      vertex   7.000000e+02 -1.994762e+02 3.154067e+02
      vertex   6.420000e+02 -1.962500e+02 3.138157e+02
      vertex   7.000000e+02 -1.962500e+02 3.138157e+02
    endloop
  endfacet
  facet normal -0.000000e+00 -5.555702e-01 -8.314696e-01
    outer loop
      vertex   7.000000e+02 -1.962500e+02 3.138157e+02
      vertex   6.420000e+02 -1.962500e+02 3.138157e+02
      vertex   6.420000e+02 -1.932591e+02 3.118172e+02
    endloop
  endfacet
  facet normal -7.781191e-19 -5.555702e-01 -8.314696e-01
    outer loop
      vertex   7.000000e+02 -1.962500e+02 3.138157e+02
      vertex   6.420000e+02 -1.932591e+02 3.118172e+02
      vertex   7.000000e+02 -1.932591e+02 3.118172e+02
    endloop
  endfacet
  facet normal -0.000000e+00 -6.593458e-01 -7.518398e-01
    outer loop
      vertex   7.000000e+02 -1.932591e+02 3.118172e+02
      vertex   6.420000e+02 -1.932591e+02 3.118172e+02
      vertex   6.420000e+02 -1.905546e+02 3.094454e+02
    endloop
  endfacet
  facet normal 5.041618e-20 -6.593458e-01 -7.518398e-01
    outer loop
      vertex   7.000000e+02 -1.932591e+02 3.118172e+02
      vertex   6.420000e+02 -1.905546e+02 3.094454e+02
      vertex   7.000000e+02 -1.905546e+02 3.094454e+02
    endloop
  endfacet
  facet normal -0.000000e+00 -7.518398e-01 -6.593458e-01
    outer loop
      vertex   7.000000e+02 -1.905546e+02 3.094454e+02
      vertex   6.420000e+02 -1.905546e+02 3.094454e+02
      vertex   6.420000e+02 -1.881828e+02 3.067409e+02
    endloop
  endfacet
  facet normal -1.891192e-18 -7.518398e-01 -6.593458e-01
    outer loop
      vertex   7.000000e+02 -1.905546e+02 3.094454e+02
      vertex   6.420000e+02 -1.881828e+02 3.067409e+02
      vertex   7.000000e+02 -1.881828e+02 3.067409e+02
    endloop
  endfacet
  facet normal -0.000000e+00 -8.314696e-01 -5.555702e-01
    outer loop
      vertex   7.000000e+02 -1.881828e+02 3.067409e+02
      vertex   6.420000e+02 -1.881828e+02 3.067409e+02
      vertex   6.420000e+02 -1.861843e+02 3.037500e+02
    endloop
  endfacet
  facet normal 1.690493e-18 -8.314696e-01 -5.555702e-01
    outer loop
      vertex   7.000000e+02 -1.881828e+02 3.067409e+02
      vertex   6.420000e+02 -1.861843e+02 3.037500e+02
      vertex   7.000000e+02 -1.861843e+02 3.037500e+02
    endloop
  endfacet
  facet normal -0.000000e+00 -8.968727e-01 -4.422887e-01
    outer loop
      vertex   7.000000e+02 -1.861843e+02 3.037500e+02
      vertex   6.420000e+02 -1.861843e+02 3.037500e+02
      vertex   6.420000e+02 -1.845933e+02 3.005238e+02
    endloop
  endfacet
  facet normal 1.689444e-18 -8.968727e-01 -4.422887e-01
    outer loop
      vertex   7.000000e+02 -1.861843e+02 3.037500e+02
      vertex   6.420000e+02 -1.845933e+02 3.005238e+02
      vertex   7.000000e+02 -1.845933e+02 3.005238e+02
    endloop
  endfacet
  facet normal -0.000000e+00 -9.469301e-01 -3.214395e-01
    outer loop
      vertex   7.000000e+02 -1.845933e+02 3.005238e+02
      vertex   6.420000e+02 -1.845933e+02 3.005238e+02
      vertex   6.420000e+02 -1.834370e+02 2.971175e+02
    endloop
  endfacet
  facet normal -2.416668e-19 -9.469301e-01 -3.214395e-01
    outer loop
      vertex   7.000000e+02 -1.845933e+02 3.005238e+02
      vertex   6.420000e+02 -1.834370e+02 2.971175e+02
      vertex   7.000000e+02 -1.834370e+02 2.971175e+02
    endloop
  endfacet
  facet normal -0.000000e+00 -9.807853e-01 -1.950903e-01
    outer loop
      vertex   7.000000e+02 -1.834370e+02 2.971175e+02
      vertex   6.420000e+02 -1.834370e+02 2.971175e+02
      vertex   6.420000e+02 -1.827353e+02 2.935895e+02
    endloop
  endfacet
  facet normal 1.941416e-19 -9.807853e-01 -1.950903e-01
    outer loop
      vertex   7.000000e+02 -1.834370e+02 2.971175e+02
      vertex   6.420000e+02 -1.827353e+02 2.935895e+02
      vertex   7.000000e+02 -1.827353e+02 2.935895e+02
    endloop
  endfacet
  facet normal -0.000000e+00 -9.978589e-01 -6.540313e-02
    outer loop
      vertex   7.000000e+02 -1.827353e+02 2.935895e+02
      vertex   6.420000e+02 -1.827353e+02 2.935895e+02
      vertex   6.420000e+02 -1.825000e+02 2.900000e+02
    endloop
  endfacet
  facet normal -1.429109e-19 -9.978589e-01 -6.540313e-02
    outer loop
      vertex   7.000000e+02 -1.827353e+02 2.935895e+02
      vertex   6.420000e+02 -1.825000e+02 2.900000e+02
      vertex   7.000000e+02 -1.825000e+02 2.900000e+02
    endloop
  endfacet
  facet normal 0.000000e+00 -9.978589e-01 6.540313e-02
    outer loop
      vertex   7.000000e+02 -1.825000e+02 2.900000e+02
      vertex   6.420000e+02 -1.825000e+02 2.900000e+02
      vertex   6.420000e+02 -1.827353e+02 2.864105e+02
    endloop
  endfacet
  facet normal 1.429109e-19 -9.978589e-01 6.540313e-02
    outer loop
      vertex   7.000000e+02 -1.825000e+02 2.900000e+02
      vertex   6.420000e+02 -1.827353e+02 2.864105e+02
      vertex   7.000000e+02 -1.827353e+02 2.864105e+02
    endloop
  endfacet
  facet normal 0.000000e+00 -9.807853e-01 1.950903e-01
    outer loop
      vertex   7.000000e+02 -1.827353e+02 2.864105e+02
      vertex   6.420000e+02 -1.827353e+02 2.864105e+02
      vertex   6.420000e+02 -1.834370e+02 2.828825e+02
    endloop
  endfacet
  facet normal -1.941416e-19 -9.807853e-01 1.950903e-01
    outer loop
      vertex   7.000000e+02 -1.827353e+02 2.864105e+02
      vertex   6.420000e+02 -1.834370e+02 2.828825e+02
      vertex   7.000000e+02 -1.834370e+02 2.828825e+02
    endloop
  endfacet
  facet normal 0.000000e+00 -9.469301e-01 3.214395e-01
    outer loop
      vertex   7.000000e+02 -1.834370e+02 2.828825e+02
      vertex   6.420000e+02 -1.834370e+02 2.828825e+02
      vertex   6.420000e+02 -1.845933e+02 2.794762e+02
    endloop
  endfacet
  facet normal 1.492420e-16 -9.469301e-01 3.214395e-01
    outer loop
      vertex   7.000000e+02 -1.834370e+02 2.828825e+02
      vertex   6.420000e+02 -1.845933e+02 2.794762e+02
      vertex   7.000000e+02 -1.845933e+02 2.794762e+02
    endloop
  endfacet
  facet normal 6.025089e-18 -8.968727e-01 4.422887e-01
    outer loop
      vertex   7.000000e+02 -1.845933e+02 2.794762e+02
      vertex   6.420000e+02 -1.845933e+02 2.794762e+02
      vertex   6.420000e+02 -1.861843e+02 2.762500e+02
    endloop
  endfacet
  facet normal -1.426161e-18 -8.968727e-01 4.422887e-01
    outer loop
      vertex   7.000000e+02 -1.845933e+02 2.794762e+02
      vertex   6.420000e+02 -1.861843e+02 2.762500e+02
      vertex   7.000000e+02 -1.861843e+02 2.762500e+02
    endloop
  endfacet
  facet normal 0.000000e+00 -8.314696e-01 5.555702e-01
    outer loop
      vertex   7.000000e+02 -1.861843e+02 2.762500e+02
      vertex   6.420000e+02 -1.861843e+02 2.762500e+02
      vertex   6.420000e+02 -1.881828e+02 2.732591e+02
    endloop
  endfacet
  facet normal -4.253464e-20 -8.314696e-01 5.555702e-01
    outer loop
      vertex   7.000000e+02 -1.861843e+02 2.762500e+02
      vertex   6.420000e+02 -1.881828e+02 2.732591e+02
      vertex   7.000000e+02 -1.881828e+02 2.732591e+02
    endloop
  endfacet
  facet normal 0.000000e+00 -7.518398e-01 6.593458e-01
    outer loop
      vertex   7.000000e+02 -1.881828e+02 2.732591e+02
      vertex   6.420000e+02 -1.881828e+02 2.732591e+02
      vertex   7.000000e+02 -1.905546e+02 2.705546e+02
    endloop
  endfacet
  facet normal 0.000000e+00 -7.518398e-01 6.593458e-01
    outer loop
      vertex   7.000000e+02 -1.905546e+02 2.705546e+02
      vertex   6.420000e+02 -1.881828e+02 2.732591e+02
      vertex   6.420000e+02 -1.905546e+02 2.705546e+02
    endloop
  endfacet
  facet normal 0.000000e+00 7.071068e-01 -7.071068e-01
    outer loop
      vertex   6.420000e+02 -2.894454e+02 2.494454e+02
      vertex   6.420000e+02 -2.294454e+02 3.094454e+02
      vertex   7.000000e+02 -2.894454e+02 2.494454e+02
    endloop
  endfacet
  facet normal 2.310021e-17 7.071068e-01 -7.071068e-01
    outer loop
      vertex   7.000000e+02 -2.894454e+02 2.494454e+02
      vertex   6.420000e+02 -2.294454e+02 3.094454e+02
      vertex   7.000000e+02 -2.294454e+02 3.094454e+02
    endloop
  endfacet
  facet normal 0.000000e+00 -6.593458e-01 7.518398e-01
    outer loop
      vertex   7.000000e+02 -2.505546e+02 2.105546e+02
      vertex   6.420000e+02 -2.505546e+02 2.105546e+02
      vertex   7.000000e+02 -2.532591e+02 2.081828e+02
    endloop
  endfacet
  facet normal 0.000000e+00 -6.593458e-01 7.518398e-01
    outer loop
      vertex   7.000000e+02 -2.532591e+02 2.081828e+02
      vertex   6.420000e+02 -2.505546e+02 2.105546e+02
      vertex   6.420000e+02 -2.532591e+02 2.081828e+02
    endloop
  endfacet
  facet normal 0.000000e+00 -5.555702e-01 8.314696e-01
    outer loop
      vertex   7.000000e+02 -2.532591e+02 2.081828e+02
      vertex   6.420000e+02 -2.532591e+02 2.081828e+02
      vertex   6.420000e+02 -2.562500e+02 2.061843e+02
    endloop
  endfacet
  facet normal 1.588842e-18 -5.555702e-01 8.314696e-01
    outer loop
      vertex   7.000000e+02 -2.532591e+02 2.081828e+02
      vertex   6.420000e+02 -2.562500e+02 2.061843e+02
      vertex   7.000000e+02 -2.562500e+02 2.061843e+02
    endloop
  endfacet
  facet normal 0.000000e+00 -4.422887e-01 8.968727e-01
    outer loop
      vertex   7.000000e+02 -2.562500e+02 2.061843e+02
      vertex   6.420000e+02 -2.562500e+02 2.061843e+02
      vertex   6.420000e+02 -2.594762e+02 2.045933e+02
    endloop
  endfacet
  facet normal -1.631932e-18 -4.422887e-01 8.968727e-01
    outer loop
      vertex   7.000000e+02 -2.562500e+02 2.061843e+02
      vertex   6.420000e+02 -2.594762e+02 2.045933e+02
      vertex   7.000000e+02 -2.594762e+02 2.045933e+02
    endloop
  endfacet
  facet normal 0.000000e+00 -3.214395e-01 9.469301e-01
    outer loop
      vertex   7.000000e+02 -2.594762e+02 2.045933e+02
      vertex   6.420000e+02 -2.594762e+02 2.045933e+02
      vertex   6.420000e+02 -2.628825e+02 2.034370e+02
    endloop
  endfacet
  facet normal 7.149141e-20 -3.214395e-01 9.469301e-01
    outer loop
      vertex   7.000000e+02 -2.594762e+02 2.045933e+02
      vertex   6.420000e+02 -2.628825e+02 2.034370e+02
      vertex   7.000000e+02 -2.628825e+02 2.034370e+02
    endloop
  endfacet
  facet normal 0.000000e+00 -1.950903e-01 9.807853e-01
    outer loop
      vertex   7.000000e+02 -2.628825e+02 2.034370e+02
      vertex   6.420000e+02 -2.628825e+02 2.034370e+02
      vertex   6.420000e+02 -2.664105e+02 2.027353e+02
    endloop
  endfacet
  facet normal -9.353036e-19 -1.950903e-01 9.807853e-01
    outer loop
      vertex   7.000000e+02 -2.628825e+02 2.034370e+02
      vertex   6.420000e+02 -2.664105e+02 2.027353e+02
      vertex   7.000000e+02 -2.664105e+02 2.027353e+02
    endloop
  endfacet
  facet normal 0.000000e+00 -6.540312e-02 9.978589e-01
    outer loop
      vertex   7.000000e+02 -2.664105e+02 2.027353e+02
      vertex   6.420000e+02 -2.664105e+02 2.027353e+02
      vertex   6.420000e+02 -2.700000e+02 2.025000e+02
    endloop
  endfacet
  facet normal -2.549495e-19 -6.540312e-02 9.978589e-01
    outer loop
      vertex   7.000000e+02 -2.664105e+02 2.027353e+02
      vertex   6.420000e+02 -2.700000e+02 2.025000e+02
      vertex   7.000000e+02 -2.700000e+02 2.025000e+02
    endloop
  endfacet
  facet normal 0.000000e+00 6.540314e-02 9.978589e-01
    outer loop
      vertex   7.000000e+02 -2.700000e+02 2.025000e+02
      vertex   6.420000e+02 -2.700000e+02 2.025000e+02
      vertex   6.420000e+02 -2.735895e+02 2.027353e+02
    endloop
  endfacet
  facet normal -2.210055e-19 6.540314e-02 9.978589e-01
    outer loop
      vertex   7.000000e+02 -2.700000e+02 2.025000e+02
      vertex   6.420000e+02 -2.735895e+02 2.027353e+02
      vertex   7.000000e+02 -2.735895e+02 2.027353e+02
    endloop
  endfacet
  facet normal 0.000000e+00 1.950903e-01 9.807853e-01
    outer loop
      vertex   7.000000e+02 -2.735895e+02 2.027353e+02
      vertex   6.420000e+02 -2.735895e+02 2.027353e+02
      vertex   6.420000e+02 -2.771175e+02 2.034370e+02
    endloop
  endfacet
  facet normal 8.972081e-19 1.950903e-01 9.807853e-01
    outer loop
      vertex   7.000000e+02 -2.735895e+02 2.027353e+02
      vertex   6.420000e+02 -2.771175e+02 2.034370e+02
      vertex   7.000000e+02 -2.771175e+02 2.034370e+02
    endloop
  endfacet
  facet normal 0.000000e+00 3.214395e-01 9.469301e-01
    outer loop
      vertex   7.000000e+02 -2.771175e+02 2.034370e+02
      vertex   6.420000e+02 -2.771175e+02 2.034370e+02
      vertex   6.420000e+02 -2.805238e+02 2.045933e+02
    endloop
  endfacet
  facet normal -6.927417e-19 3.214395e-01 9.469301e-01
    outer loop
      vertex   7.000000e+02 -2.771175e+02 2.034370e+02
      vertex   6.420000e+02 -2.805238e+02 2.045933e+02
      vertex   7.000000e+02 -2.805238e+02 2.045933e+02
    endloop
  endfacet
  facet normal 0.000000e+00 4.422887e-01 8.968727e-01
    outer loop
      vertex   7.000000e+02 -2.805238e+02 2.045933e+02
      vertex   6.420000e+02 -2.805238e+02 2.045933e+02
      vertex   6.420000e+02 -2.837500e+02 2.061843e+02
    endloop
  endfacet
  facet normal -1.616934e-18 4.422887e-01 8.968727e-01
    outer loop
      vertex   7.000000e+02 -2.805238e+02 2.045933e+02
      vertex   6.420000e+02 -2.837500e+02 2.061843e+02
      vertex   7.000000e+02 -2.837500e+02 2.061843e+02
    endloop
  endfacet
  facet normal 0.000000e+00 5.555702e-01 8.314696e-01
    outer loop
      vertex   7.000000e+02 -2.837500e+02 2.061843e+02
      vertex   6.420000e+02 -2.837500e+02 2.061843e+02
      vertex   6.420000e+02 -2.867409e+02 2.081828e+02
    endloop
  endfacet
  facet normal -1.016648e-18 5.555702e-01 8.314696e-01
    outer loop
      vertex   7.000000e+02 -2.837500e+02 2.061843e+02
      vertex   6.420000e+02 -2.867409e+02 2.081828e+02
      vertex   7.000000e+02 -2.867409e+02 2.081828e+02
    endloop
  endfacet
  facet normal 0.000000e+00 6.593458e-01 7.518398e-01
    outer loop
      vertex   7.000000e+02 -2.867409e+02 2.081828e+02
      vertex   6.420000e+02 -2.867409e+02 2.081828e+02
      vertex   6.420000e+02 -2.894454e+02 2.105546e+02
    endloop
  endfacet
  facet normal 2.790929e-16 6.593458e-01 7.518398e-01
    outer loop
      vertex   7.000000e+02 -2.867409e+02 2.081828e+02
      vertex   6.420000e+02 -2.894454e+02 2.105546e+02
      vertex   7.000000e+02 -2.894454e+02 2.105546e+02
    endloop
  endfacet
  facet normal 4.137485e-16 7.518398e-01 6.593458e-01
    outer loop
      vertex   7.000000e+02 -2.894454e+02 2.105546e+02
      vertex   6.420000e+02 -2.894454e+02 2.105546e+02
      vertex   6.420000e+02 -2.918172e+02 2.132591e+02
    endloop
  endfacet
  facet normal 6.684927e-19 7.518398e-01 6.593458e-01
    outer loop
      vertex   7.000000e+02 -2.894454e+02 2.105546e+02
      vertex   6.420000e+02 -2.918172e+02 2.132591e+02
      vertex   7.000000e+02 -2.918172e+02 2.132591e+02
    endloop
  endfacet
  facet normal 0.000000e+00 8.314696e-01 5.555702e-01
    outer loop
      vertex   7.000000e+02 -2.918172e+02 2.132591e+02
      vertex   6.420000e+02 -2.918172e+02 2.132591e+02
      vertex   6.420000e+02 -2.938157e+02 2.162500e+02
    endloop
  endfacet
  facet normal -2.726564e-16 8.314696e-01 5.555702e-01
    outer loop
      vertex   7.000000e+02 -2.918172e+02 2.132591e+02
      vertex   6.420000e+02 -2.938157e+02 2.162500e+02
      vertex   7.000000e+02 -2.938157e+02 2.162500e+02
    endloop
  endfacet
  facet normal -2.167345e-16 8.968727e-01 4.422887e-01
    outer loop
      vertex   7.000000e+02 -2.938157e+02 2.162500e+02
      vertex   6.420000e+02 -2.938157e+02 2.162500e+02
      vertex   6.420000e+02 -2.954067e+02 2.194762e+02
    endloop
  endfacet
  facet normal -1.691256e-18 8.968727e-01 4.422887e-01
    outer loop
      vertex   7.000000e+02 -2.938157e+02 2.162500e+02
      vertex   6.420000e+02 -2.954067e+02 2.194762e+02
      vertex   7.000000e+02 -2.954067e+02 2.194762e+02
    endloop
  endfacet
  facet normal 0.000000e+00 9.469301e-01 3.214395e-01
    outer loop
      vertex   7.000000e+02 -2.954067e+02 2.194762e+02
      vertex   6.420000e+02 -2.954067e+02 2.194762e+02
      vertex   6.420000e+02 -2.965630e+02 2.228825e+02
    endloop
  endfacet
  facet normal -1.570423e-16 9.469301e-01 3.214395e-01
    outer loop
      vertex   7.000000e+02 -2.954067e+02 2.194762e+02
      vertex   6.420000e+02 -2.965630e+02 2.228825e+02
      vertex   7.000000e+02 -2.965630e+02 2.228825e+02
    endloop
  endfacet
  facet normal -9.560001e-17 9.807853e-01 1.950903e-01
    outer loop
      vertex   7.000000e+02 -2.965630e+02 2.228825e+02
      vertex   6.420000e+02 -2.965630e+02 2.228825e+02
      vertex   6.420000e+02 -2.972647e+02 2.264105e+02
    endloop
  endfacet
  facet normal -9.605325e-16 9.807853e-01 1.950903e-01
    outer loop
      vertex   7.000000e+02 -2.965630e+02 2.228825e+02
      vertex   6.420000e+02 -2.972647e+02 2.264105e+02
      vertex   7.000000e+02 -2.972647e+02 2.264105e+02
    endloop
  endfacet
  facet normal -9.779606e-16 9.978589e-01 6.540313e-02
    outer loop
      vertex   7.000000e+02 -2.972647e+02 2.264105e+02
      vertex   6.420000e+02 -2.972647e+02 2.264105e+02
      vertex   6.420000e+02 -2.975000e+02 2.300000e+02
    endloop
  endfacet
  facet normal 1.208406e-20 9.978589e-01 6.540313e-02
    outer loop
      vertex   7.000000e+02 -2.972647e+02 2.264105e+02
      vertex   6.420000e+02 -2.975000e+02 2.300000e+02
      vertex   7.000000e+02 -2.975000e+02 2.300000e+02
    endloop
  endfacet
  facet normal 0.000000e+00 9.978589e-01 -6.540313e-02
    outer loop
      vertex   7.000000e+02 -2.975000e+02 2.300000e+02
      vertex   6.420000e+02 -2.975000e+02 2.300000e+02
      vertex   6.420000e+02 -2.972647e+02 2.335895e+02
    endloop
  endfacet
  facet normal 5.546423e-20 9.978589e-01 -6.540313e-02
    outer loop
      vertex   7.000000e+02 -2.975000e+02 2.300000e+02
      vertex   6.420000e+02 -2.972647e+02 2.335895e+02
      vertex   7.000000e+02 -2.972647e+02 2.335895e+02
    endloop
  endfacet
  facet normal 0.000000e+00 9.807853e-01 -1.950903e-01
    outer loop
      vertex   7.000000e+02 -2.972647e+02 2.335895e+02
      vertex   6.420000e+02 -2.972647e+02 2.335895e+02
      vertex   6.420000e+02 -2.965630e+02 2.371175e+02
    endloop
  endfacet
  facet normal 1.725094e-19 9.807853e-01 -1.950903e-01
    outer loop
      vertex   7.000000e+02 -2.972647e+02 2.335895e+02
      vertex   6.420000e+02 -2.965630e+02 2.371175e+02
      vertex   7.000000e+02 -2.965630e+02 2.371175e+02
    endloop
  endfacet
  facet normal 0.000000e+00 9.469301e-01 -3.214395e-01
    outer loop
      vertex   7.000000e+02 -2.965630e+02 2.371175e+02
      vertex   6.420000e+02 -2.965630e+02 2.371175e+02
      vertex   6.420000e+02 -2.954067e+02 2.405238e+02
    endloop
  endfacet
  facet normal -9.666036e-19 9.469301e-01 -3.214395e-01
    outer loop
      vertex   7.000000e+02 -2.965630e+02 2.371175e+02
      vertex   6.420000e+02 -2.954067e+02 2.405238e+02
      vertex   7.000000e+02 -2.954067e+02 2.405238e+02
    endloop
  endfacet
  facet normal 0.000000e+00 8.968727e-01 -4.422887e-01
    outer loop
      vertex   7.000000e+02 -2.954067e+02 2.405238e+02
      vertex   6.420000e+02 -2.954067e+02 2.405238e+02
      vertex   6.420000e+02 -2.938157e+02 2.437500e+02
    endloop
  endfacet
  facet normal -5.005919e-19 8.968727e-01 -4.422887e-01
    outer loop
      vertex   7.000000e+02 -2.954067e+02 2.405238e+02
      vertex   6.420000e+02 -2.938157e+02 2.437500e+02
      vertex   7.000000e+02 -2.938157e+02 2.437500e+02
    endloop
  endfacet
  facet normal 0.000000e+00 8.314696e-01 -5.555702e-01
    outer loop
      vertex   7.000000e+02 -2.938157e+02 2.437500e+02
      vertex   6.420000e+02 -2.938157e+02 2.437500e+02
      vertex   6.420000e+02 -2.918172e+02 2.467409e+02
    endloop
  endfacet
  facet normal -9.255834e-19 8.314696e-01 -5.555702e-01
    outer loop
      vertex   7.000000e+02 -2.938157e+02 2.437500e+02
      vertex   6.420000e+02 -2.918172e+02 2.467409e+02
      vertex   7.000000e+02 -2.918172e+02 2.467409e+02
    endloop
  endfacet
  facet normal 0.000000e+00 7.518398e-01 -6.593458e-01
    outer loop
      vertex   7.000000e+02 -2.918172e+02 2.467409e+02
      vertex   6.420000e+02 -2.918172e+02 2.467409e+02
      vertex   7.000000e+02 -2.894454e+02 2.494454e+02
    endloop
  endfacet
  facet normal 0.000000e+00 7.518398e-01 -6.593458e-01
    outer loop
      vertex   7.000000e+02 -2.894454e+02 2.494454e+02
      vertex   6.420000e+02 -2.918172e+02 2.467409e+02
      vertex   6.420000e+02 -2.894454e+02 2.494454e+02
    endloop
  endfacet
  facet normal 0.000000e+00 -7.071068e-01 7.071068e-01
    outer loop
      vertex   6.420000e+02 -1.905546e+02 2.705546e+02
      vertex   6.420000e+02 -2.505546e+02 2.105546e+02
      vertex   7.000000e+02 -1.905546e+02 2.705546e+02
    endloop
  endfacet
  facet normal -6.040120e-18 -7.071068e-01 7.071068e-01
    outer loop
      vertex   7.000000e+02 -1.905546e+02 2.705546e+02
      vertex   6.420000e+02 -2.505546e+02 2.105546e+02
      vertex   7.000000e+02 -2.505546e+02 2.105546e+02
    endloop
  endfacet
  facet normal 0.000000e+00 -7.071068e-01 -7.071068e-01
    outer loop
      vertex   6.420000e+02 -2.505546e+02 7.894454e+02
      vertex   6.420000e+02 -1.905546e+02 7.294454e+02
      vertex   7.000000e+02 -2.505546e+02 7.894454e+02
    endloop
  endfacet
  facet normal 0.000000e+00 -7.071068e-01 -7.071068e-01
    outer loop
      vertex   7.000000e+02 -2.505546e+02 7.894454e+02
      vertex   6.420000e+02 -1.905546e+02 7.294454e+02
      vertex   7.000000e+02 -1.905546e+02 7.294454e+02
    endloop
  endfacet
  facet normal 0.000000e+00 7.518398e-01 6.593458e-01
    outer loop
      vertex   7.000000e+02 -2.894454e+02 7.505546e+02
      vertex   6.420000e+02 -2.894454e+02 7.505546e+02
      vertex   7.000000e+02 -2.918172e+02 7.532591e+02
    endloop
  endfacet
  facet normal 0.000000e+00 7.518398e-01 6.593458e-01
    outer loop
      vertex   7.000000e+02 -2.918172e+02 7.532591e+02
      vertex   6.420000e+02 -2.894454e+02 7.505546e+02
      vertex   6.420000e+02 -2.918172e+02 7.532591e+02
    endloop
  endfacet
  facet normal 0.000000e+00 8.314696e-01 5.555702e-01
    outer loop
      vertex   7.000000e+02 -2.918172e+02 7.532591e+02
      vertex   6.420000e+02 -2.918172e+02 7.532591e+02
      vertex   6.420000e+02 -2.938157e+02 7.562500e+02
    endloop
  endfacet
  facet normal -1.995814e-18 8.314696e-01 5.555702e-01
    outer loop
      vertex   7.000000e+02 -2.918172e+02 7.532591e+02
      vertex   6.420000e+02 -2.938157e+02 7.562500e+02
      vertex   7.000000e+02 -2.938157e+02 7.562500e+02
    endloop
  endfacet
  facet normal 0.000000e+00 8.968727e-01 4.422887e-01
    outer loop
      vertex   7.000000e+02 -2.938157e+02 7.562500e+02
      vertex   6.420000e+02 -2.938157e+02 7.562500e+02
      vertex   6.420000e+02 -2.954067e+02 7.594762e+02
    endloop
  endfacet
  facet normal -1.151751e-18 8.968727e-01 4.422887e-01
    outer loop
      vertex   7.000000e+02 -2.938157e+02 7.562500e+02
      vertex   6.420000e+02 -2.954067e+02 7.594762e+02
      vertex   7.000000e+02 -2.954067e+02 7.594762e+02
    endloop
  endfacet
  facet normal 0.000000e+00 9.469301e-01 3.214395e-01
    outer loop
      vertex   7.000000e+02 -2.954067e+02 7.594762e+02
      vertex   6.420000e+02 -2.954067e+02 7.594762e+02
      vertex   6.420000e+02 -2.965630e+02 7.628825e+02
    endloop
  endfacet
  facet normal -6.240397e-20 9.469301e-01 3.214395e-01
    outer loop
      vertex   7.000000e+02 -2.954067e+02 7.594762e+02
      vertex   6.420000e+02 -2.965630e+02 7.628825e+02
      vertex   7.000000e+02 -2.965630e+02 7.628825e+02
    endloop
  endfacet
  facet normal 0.000000e+00 9.807853e-01 1.950903e-01
    outer loop
      vertex   7.000000e+02 -2.965630e+02 7.628825e+02
      vertex   6.420000e+02 -2.965630e+02 7.628825e+02
      vertex   6.420000e+02 -2.972647e+02 7.664105e+02
    endloop
  endfacet
  facet normal -8.249906e-19 9.807853e-01 1.950903e-01
    outer loop
      vertex   7.000000e+02 -2.965630e+02 7.628825e+02
      vertex   6.420000e+02 -2.972647e+02 7.664105e+02
      vertex   7.000000e+02 -2.972647e+02 7.664105e+02
    endloop
  endfacet
  facet normal 0.000000e+00 9.978589e-01 6.540312e-02
    outer loop
      vertex   7.000000e+02 -2.972647e+02 7.664105e+02
      vertex   6.420000e+02 -2.972647e+02 7.664105e+02
      vertex   6.420000e+02 -2.975000e+02 7.700000e+02
    endloop
  endfacet
  facet normal 1.652188e-20 9.978589e-01 6.540312e-02
    outer loop
      vertex   7.000000e+02 -2.972647e+02 7.664105e+02
      vertex   6.420000e+02 -2.975000e+02 7.700000e+02
      vertex   7.000000e+02 -2.975000e+02 7.700000e+02
    endloop
  endfacet
  facet normal 0.000000e+00 9.978589e-01 -6.540314e-02
    outer loop
      vertex   7.000000e+02 -2.975000e+02 7.700000e+02
      vertex   6.420000e+02 -2.975000e+02 7.700000e+02
      vertex   6.420000e+02 -2.972647e+02 7.735895e+02
    endloop
  endfacet
  facet normal -2.209127e-19 9.978589e-01 -6.540314e-02
    outer loop
      vertex   7.000000e+02 -2.975000e+02 7.700000e+02
      vertex   6.420000e+02 -2.972647e+02 7.735895e+02
      vertex   7.000000e+02 -2.972647e+02 7.735895e+02
    endloop
  endfacet
  facet normal 0.000000e+00 9.807853e-01 -1.950903e-01
    outer loop
      vertex   7.000000e+02 -2.972647e+02 7.735895e+02
      vertex   6.420000e+02 -2.972647e+02 7.735895e+02
      vertex   6.420000e+02 -2.965630e+02 7.771175e+02
    endloop
  endfacet
  facet normal 4.091626e-19 9.807853e-01 -1.950903e-01
    outer loop
      vertex   7.000000e+02 -2.972647e+02 7.735895e+02
      vertex   6.420000e+02 -2.965630e+02 7.771175e+02
      vertex   7.000000e+02 -2.965630e+02 7.771175e+02
    endloop
  endfacet
  facet normal 0.000000e+00 9.469301e-01 -3.214395e-01
    outer loop
      vertex   7.000000e+02 -2.965630e+02 7.771175e+02
      vertex   6.420000e+02 -2.965630e+02 7.771175e+02
      vertex   6.420000e+02 -2.954067e+02 7.805238e+02
    endloop
  endfacet
  facet normal 6.948744e-19 9.469301e-01 -3.214395e-01
    outer loop
      vertex   7.000000e+02 -2.965630e+02 7.771175e+02
      vertex   6.420000e+02 -2.954067e+02 7.805238e+02
      vertex   7.000000e+02 -2.954067e+02 7.805238e+02
    endloop
  endfacet
  facet normal 0.000000e+00 8.968727e-01 -4.422887e-01
    outer loop
      vertex   7.000000e+02 -2.954067e+02 7.805238e+02
      vertex   6.420000e+02 -2.954067e+02 7.805238e+02
      vertex   6.420000e+02 -2.938157e+02 7.837500e+02
    endloop
  endfacet
  facet normal -1.919080e-18 8.968727e-01 -4.422887e-01
    outer loop
      vertex   7.000000e+02 -2.954067e+02 7.805238e+02
      vertex   6.420000e+02 -2.938157e+02 7.837500e+02
      vertex   7.000000e+02 -2.938157e+02 7.837500e+02
    endloop
  endfacet
  facet normal 0.000000e+00 8.314696e-01 -5.555702e-01
    outer loop
      vertex   7.000000e+02 -2.938157e+02 7.837500e+02
      vertex   6.420000e+02 -2.938157e+02 7.837500e+02
      vertex   6.420000e+02 -2.918172e+02 7.867409e+02
    endloop
  endfacet
  facet normal 1.843944e-18 8.314696e-01 -5.555702e-01
    outer loop
      vertex   7.000000e+02 -2.938157e+02 7.837500e+02
      vertex   6.420000e+02 -2.918172e+02 7.867409e+02
      vertex   7.000000e+02 -2.918172e+02 7.867409e+02
    endloop
  endfacet
  facet normal 0.000000e+00 7.518398e-01 -6.593458e-01
    outer loop
      vertex   7.000000e+02 -2.918172e+02 7.867409e+02
      vertex   6.420000e+02 -2.918172e+02 7.867409e+02
      vertex   6.420000e+02 -2.894454e+02 7.894454e+02
    endloop
  endfacet
  facet normal -1.822097e-18 7.518398e-01 -6.593458e-01
    outer loop
      vertex   7.000000e+02 -2.918172e+02 7.867409e+02
      vertex   6.420000e+02 -2.894454e+02 7.894454e+02
      vertex   7.000000e+02 -2.894454e+02 7.894454e+02
    endloop
  endfacet
  facet normal 0.000000e+00 6.593458e-01 -7.518398e-01
    outer loop
      vertex   7.000000e+02 -2.894454e+02 7.894454e+02
      vertex   6.420000e+02 -2.894454e+02 7.894454e+02
      vertex   6.420000e+02 -2.867409e+02 7.918172e+02
    endloop
  endfacet
  facet normal -1.042349e-18 6.593458e-01 -7.518398e-01
    outer loop
      vertex   7.000000e+02 -2.894454e+02 7.894454e+02
      vertex   6.420000e+02 -2.867409e+02 7.918172e+02
      vertex   7.000000e+02 -2.867409e+02 7.918172e+02
    endloop
  endfacet
  facet normal 0.000000e+00 5.555702e-01 -8.314696e-01
    outer loop
      vertex   7.000000e+02 -2.867409e+02 7.918172e+02
      vertex   6.420000e+02 -2.867409e+02 7.918172e+02
      vertex   6.420000e+02 -2.837500e+02 7.938157e+02
    endloop
  endfacet
  facet normal -1.791504e-18 5.555702e-01 -8.314696e-01
    outer loop
      vertex   7.000000e+02 -2.867409e+02 7.918172e+02
      vertex   6.420000e+02 -2.837500e+02 7.938157e+02
      vertex   7.000000e+02 -2.837500e+02 7.938157e+02
    endloop
  endfacet
  facet normal 0.000000e+00 4.422887e-01 -8.968727e-01
    outer loop
      vertex   7.000000e+02 -2.837500e+02 7.938157e+02
      vertex   6.420000e+02 -2.837500e+02 7.938157e+02
      vertex   6.420000e+02 -2.805238e+02 7.954067e+02
    endloop
  endfacet
  facet normal 2.338204e-20 4.422887e-01 -8.968727e-01
    outer loop
      vertex   7.000000e+02 -2.837500e+02 7.938157e+02
      vertex   6.420000e+02 -2.805238e+02 7.954067e+02
      vertex   7.000000e+02 -2.805238e+02 7.954067e+02
    endloop
  endfacet
  facet normal 0.000000e+00 3.214395e-01 -9.469301e-01
    outer loop
      vertex   7.000000e+02 -2.805238e+02 7.954067e+02
      vertex   6.420000e+02 -2.805238e+02 7.954067e+02
      vertex   6.420000e+02 -2.771175e+02 7.965630e+02
    endloop
  endfacet
  facet normal -4.662111e-19 3.214395e-01 -9.469301e-01
    outer loop
      vertex   7.000000e+02 -2.805238e+02 7.954067e+02
      vertex   6.420000e+02 -2.771175e+02 7.965630e+02
      vertex   7.000000e+02 -2.771175e+02 7.965630e+02
    endloop
  endfacet
  facet normal 0.000000e+00 1.950903e-01 -9.807853e-01
    outer loop
      vertex   7.000000e+02 -2.771175e+02 7.965630e+02
      vertex   6.420000e+02 -2.771175e+02 7.965630e+02
      vertex   6.420000e+02 -2.735895e+02 7.972647e+02
    endloop
  endfacet
  facet normal 8.628546e-19 1.950903e-01 -9.807853e-01
    outer loop
      vertex   7.000000e+02 -2.771175e+02 7.965630e+02
      vertex   6.420000e+02 -2.735895e+02 7.972647e+02
      vertex   7.000000e+02 -2.735895e+02 7.972647e+02
    endloop
  endfacet
  facet normal 0.000000e+00 6.540313e-02 -9.978589e-01
    outer loop
      vertex   7.000000e+02 -2.735895e+02 7.972647e+02
      vertex   6.420000e+02 -2.735895e+02 7.972647e+02
      vertex   6.420000e+02 -2.700000e+02 7.975000e+02
    endloop
  endfacet
  facet normal -1.335021e-19 6.540313e-02 -9.978589e-01
    outer loop
      vertex   7.000000e+02 -2.735895e+02 7.972647e+02
      vertex   6.420000e+02 -2.700000e+02 7.975000e+02
      vertex   7.000000e+02 -2.700000e+02 7.975000e+02
    endloop
  endfacet
  facet normal -0.000000e+00 -6.540313e-02 -9.978589e-01
    outer loop
      vertex   7.000000e+02 -2.700000e+02 7.975000e+02
      vertex   6.420000e+02 -2.700000e+02 7.975000e+02
      vertex   6.420000e+02 -2.664105e+02 7.972647e+02
    endloop
  endfacet
  facet normal -1.375547e-19 -6.540313e-02 -9.978589e-01
    outer loop
      vertex   7.000000e+02 -2.700000e+02 7.975000e+02
      vertex   6.420000e+02 -2.664105e+02 7.972647e+02
      vertex   7.000000e+02 -2.664105e+02 7.972647e+02
    endloop
  endfacet
  facet normal -0.000000e+00 -1.950903e-01 -9.807853e-01
    outer loop
      vertex   7.000000e+02 -2.664105e+02 7.972647e+02
      vertex   6.420000e+02 -2.664105e+02 7.972647e+02
      vertex   6.420000e+02 -2.628825e+02 7.965630e+02
    endloop
  endfacet
  facet normal 4.958053e-19 -1.950903e-01 -9.807853e-01
    outer loop
      vertex   7.000000e+02 -2.664105e+02 7.972647e+02
      vertex   6.420000e+02 -2.628825e+02 7.965630e+02
      vertex   7.000000e+02 -2.628825e+02 7.965630e+02
    endloop
  endfacet
  facet normal -0.000000e+00 -3.214395e-01 -9.469301e-01
    outer loop
      vertex   7.000000e+02 -2.628825e+02 7.965630e+02
      vertex   6.420000e+02 -2.628825e+02 7.965630e+02
      vertex   6.420000e+02 -2.594762e+02 7.954067e+02
    endloop
  endfacet
  facet normal 9.747014e-19 -3.214395e-01 -9.469301e-01
    outer loop
      vertex   7.000000e+02 -2.628825e+02 7.965630e+02
      vertex   6.420000e+02 -2.594762e+02 7.954067e+02
      vertex   7.000000e+02 -2.594762e+02 7.954067e+02
    endloop
  endfacet
  facet normal -0.000000e+00 -4.422887e-01 -8.968727e-01
    outer loop
      vertex   7.000000e+02 -2.594762e+02 7.954067e+02
      vertex   6.420000e+02 -2.594762e+02 7.954067e+02
      vertex   6.420000e+02 -2.562500e+02 7.938157e+02
    endloop
  endfacet
  facet normal -2.517758e-19 -4.422887e-01 -8.968727e-01
    outer loop
      vertex   7.000000e+02 -2.594762e+02 7.954067e+02
      vertex   6.420000e+02 -2.562500e+02 7.938157e+02
      vertex   7.000000e+02 -2.562500e+02 7.938157e+02
    endloop
  endfacet
  facet normal -0.000000e+00 -5.555702e-01 -8.314696e-01
    outer loop
      vertex   7.000000e+02 -2.562500e+02 7.938157e+02
      vertex   6.420000e+02 -2.562500e+02 7.938157e+02
      vertex   6.420000e+02 -2.532591e+02 7.918172e+02
    endloop
  endfacet
  facet normal -8.628724e-19 -5.555702e-01 -8.314696e-01
    outer loop
      vertex   7.000000e+02 -2.562500e+02 7.938157e+02
      vertex   6.420000e+02 -2.532591e+02 7.918172e+02
      vertex   7.000000e+02 -2.532591e+02 7.918172e+02
    endloop
  endfacet
  facet normal -0.000000e+00 -6.593458e-01 -7.518398e-01
    outer loop
      vertex   7.000000e+02 -2.532591e+02 7.918172e+02
      vertex   6.420000e+02 -2.532591e+02 7.918172e+02
      vertex   7.000000e+02 -2.505546e+02 7.894454e+02
    endloop
  endfacet
  facet normal -0.000000e+00 -6.593458e-01 -7.518398e-01
    outer loop
      vertex   7.000000e+02 -2.505546e+02 7.894454e+02
      vertex   6.420000e+02 -2.532591e+02 7.918172e+02
      vertex   6.420000e+02 -2.505546e+02 7.894454e+02
    endloop
  endfacet
  facet normal -0.000000e+00 7.071068e-01 7.071068e-01
    outer loop
      vertex   6.420000e+02 -2.294454e+02 6.905546e+02
      vertex   6.420000e+02 -2.894454e+02 7.505546e+02
      vertex   7.000000e+02 -2.294454e+02 6.905546e+02
    endloop
  endfacet
  facet normal -4.016030e-17 7.071068e-01 7.071068e-01
    outer loop
      vertex   7.000000e+02 -2.294454e+02 6.905546e+02
      vertex   6.420000e+02 -2.894454e+02 7.505546e+02
      vertex   7.000000e+02 -2.894454e+02 7.505546e+02
    endloop
  endfacet
  facet normal -0.000000e+00 -7.518398e-01 -6.593458e-01
    outer loop
      vertex   7.000000e+02 -1.905546e+02 7.294454e+02
      vertex   6.420000e+02 -1.905546e+02 7.294454e+02
      vertex   7.000000e+02 -1.881828e+02 7.267409e+02
    endloop
  endfacet
  facet normal -7.368473e-16 -7.518398e-01 -6.593458e-01
    outer loop
      vertex   7.000000e+02 -1.881828e+02 7.267409e+02
      vertex   6.420000e+02 -1.905546e+02 7.294454e+02
      vertex   6.420000e+02 -1.881828e+02 7.267409e+02
    endloop
  endfacet
  facet normal -8.148892e-16 -8.314696e-01 -5.555702e-01
    outer loop
      vertex   7.000000e+02 -1.881828e+02 7.267409e+02
      vertex   6.420000e+02 -1.881828e+02 7.267409e+02
      vertex   6.420000e+02 -1.861843e+02 7.237500e+02
    endloop
  endfacet
  facet normal 8.631884e-19 -8.314696e-01 -5.555702e-01
    outer loop
      vertex   7.000000e+02 -1.881828e+02 7.267409e+02
      vertex   6.420000e+02 -1.861843e+02 7.237500e+02
      vertex   7.000000e+02 -1.861843e+02 7.237500e+02
    endloop
  endfacet
  facet normal -0.000000e+00 -8.968727e-01 -4.422887e-01
    outer loop
      vertex   7.000000e+02 -1.861843e+02 7.237500e+02
      vertex   6.420000e+02 -1.861843e+02 7.237500e+02
      vertex   6.420000e+02 -1.845933e+02 7.205238e+02
    endloop
  endfacet
  facet normal 1.689444e-18 -8.968727e-01 -4.422887e-01
    outer loop
      vertex   7.000000e+02 -1.861843e+02 7.237500e+02
      vertex   6.420000e+02 -1.845933e+02 7.205238e+02
      vertex   7.000000e+02 -1.845933e+02 7.205238e+02
    endloop
  endfacet
  facet normal -0.000000e+00 -9.469301e-01 -3.214395e-01
    outer loop
      vertex   7.000000e+02 -1.845933e+02 7.205238e+02
      vertex   6.420000e+02 -1.845933e+02 7.205238e+02
      vertex   6.420000e+02 -1.834370e+02 7.171175e+02
    endloop
  endfacet
  facet normal 1.259871e-15 -9.469301e-01 -3.214395e-01
    outer loop
      vertex   7.000000e+02 -1.845933e+02 7.205238e+02
      vertex   6.420000e+02 -1.834370e+02 7.171175e+02
      vertex   7.000000e+02 -1.834370e+02 7.171175e+02
    endloop
  endfacet
  facet normal 7.648001e-16 -9.807853e-01 -1.950903e-01
    outer loop
      vertex   7.000000e+02 -1.834370e+02 7.171175e+02
      vertex   6.420000e+02 -1.834370e+02 7.171175e+02
      vertex   6.420000e+02 -1.827353e+02 7.135895e+02
    endloop
  endfacet
  facet normal -8.297066e-19 -9.807853e-01 -1.950903e-01
    outer loop
      vertex   7.000000e+02 -1.834370e+02 7.171175e+02
      vertex   6.420000e+02 -1.827353e+02 7.135895e+02
      vertex   7.000000e+02 -1.827353e+02 7.135895e+02
    endloop
  endfacet
  facet normal -0.000000e+00 -9.978589e-01 -6.540313e-02
    outer loop
      vertex   7.000000e+02 -1.827353e+02 7.135895e+02
      vertex   6.420000e+02 -1.827353e+02 7.135895e+02
      vertex   6.420000e+02 -1.825000e+02 7.100000e+02
    endloop
  endfacet
  facet normal -1.429109e-19 -9.978589e-01 -6.540313e-02
    outer loop
      vertex   7.000000e+02 -1.827353e+02 7.135895e+02
      vertex   6.420000e+02 -1.825000e+02 7.100000e+02
      vertex   7.000000e+02 -1.825000e+02 7.100000e+02
    endloop
  endfacet
  facet normal 0.000000e+00 -9.978589e-01 6.540313e-02
    outer loop
      vertex   7.000000e+02 -1.825000e+02 7.100000e+02
      vertex   6.420000e+02 -1.825000e+02 7.100000e+02
      vertex   6.420000e+02 -1.827353e+02 7.064105e+02
    endloop
  endfacet
  facet normal 1.429109e-19 -9.978589e-01 6.540313e-02
    outer loop
      vertex   7.000000e+02 -1.825000e+02 7.100000e+02
      vertex   6.420000e+02 -1.827353e+02 7.064105e+02
      vertex   7.000000e+02 -1.827353e+02 7.064105e+02
    endloop
  endfacet
  facet normal 0.000000e+00 -9.807853e-01 1.950903e-01
    outer loop
      vertex   7.000000e+02 -1.827353e+02 7.064105e+02
      vertex   6.420000e+02 -1.827353e+02 7.064105e+02
      vertex   6.420000e+02 -1.834370e+02 7.028825e+02
    endloop
  endfacet
  facet normal -7.639704e-16 -9.807853e-01 1.950903e-01
    outer loop
      vertex   7.000000e+02 -1.827353e+02 7.064105e+02
      vertex   6.420000e+02 -1.834370e+02 7.028825e+02
      vertex   7.000000e+02 -1.834370e+02 7.028825e+02
    endloop
  endfacet
  facet normal -1.260118e-15 -9.469301e-01 3.214395e-01
    outer loop
      vertex   7.000000e+02 -1.834370e+02 7.028825e+02
      vertex   6.420000e+02 -1.834370e+02 7.028825e+02
      vertex   6.420000e+02 -1.845933e+02 6.994762e+02
    endloop
  endfacet
  facet normal 4.642716e-16 -9.469301e-01 3.214395e-01
    outer loop
      vertex   7.000000e+02 -1.834370e+02 7.028825e+02
      vertex   6.420000e+02 -1.845933e+02 6.994762e+02
      vertex   7.000000e+02 -1.845933e+02 6.994762e+02
    endloop
  endfacet
  facet normal 4.394941e-16 -8.968727e-01 4.422887e-01
    outer loop
      vertex   7.000000e+02 -1.845933e+02 6.994762e+02
      vertex   6.420000e+02 -1.845933e+02 6.994762e+02
      vertex   6.420000e+02 -1.861843e+02 6.962500e+02
    endloop
  endfacet
  facet normal -6.737936e-19 -8.968727e-01 4.422887e-01
    outer loop
      vertex   7.000000e+02 -1.845933e+02 6.994762e+02
      vertex   6.420000e+02 -1.861843e+02 6.962500e+02
      vertex   7.000000e+02 -1.861843e+02 6.962500e+02
    endloop
  endfacet
  facet normal 0.000000e+00 -8.314696e-01 5.555702e-01
    outer loop
      vertex   7.000000e+02 -1.861843e+02 6.962500e+02
      vertex   6.420000e+02 -1.861843e+02 6.962500e+02
      vertex   6.420000e+02 -1.881828e+02 6.932591e+02
    endloop
  endfacet
  facet normal 3.711176e-19 -8.314696e-01 5.555702e-01
    outer loop
      vertex   7.000000e+02 -1.861843e+02 6.962500e+02
      vertex   6.420000e+02 -1.881828e+02 6.932591e+02
      vertex   7.000000e+02 -1.881828e+02 6.932591e+02
    endloop
  endfacet
  facet normal 0.000000e+00 -7.518398e-01 6.593458e-01
    outer loop
      vertex   7.000000e+02 -1.881828e+02 6.932591e+02
      vertex   6.420000e+02 -1.881828e+02 6.932591e+02
      vertex   6.420000e+02 -1.905546e+02 6.905546e+02
    endloop
  endfacet
  facet normal 1.368019e-19 -7.518398e-01 6.593458e-01
    outer loop
      vertex   7.000000e+02 -1.881828e+02 6.932591e+02
      vertex   6.420000e+02 -1.905546e+02 6.905546e+02
      vertex   7.000000e+02 -1.905546e+02 6.905546e+02
    endloop
  endfacet
  facet normal 0.000000e+00 -6.593458e-01 7.518398e-01
    outer loop
      vertex   7.000000e+02 -1.905546e+02 6.905546e+02
      vertex   6.420000e+02 -1.905546e+02 6.905546e+02
      vertex   6.420000e+02 -1.932591e+02 6.881828e+02
    endloop
  endfacet
  facet normal -4.242715e-19 -6.593458e-01 7.518398e-01
    outer loop
      vertex   7.000000e+02 -1.905546e+02 6.905546e+02
      vertex   6.420000e+02 -1.932591e+02 6.881828e+02
      vertex   7.000000e+02 -1.932591e+02 6.881828e+02
    endloop
  endfacet
  facet normal 0.000000e+00 -5.555702e-01 8.314696e-01
    outer loop
      vertex   7.000000e+02 -1.932591e+02 6.881828e+02
      vertex   6.420000e+02 -1.932591e+02 6.881828e+02
      vertex   6.420000e+02 -1.962500e+02 6.861843e+02
    endloop
  endfacet
  facet normal 2.741322e-16 -5.555702e-01 8.314696e-01
    outer loop
      vertex   7.000000e+02 -1.932591e+02 6.881828e+02
      vertex   6.420000e+02 -1.962500e+02 6.861843e+02
      vertex   7.000000e+02 -1.962500e+02 6.861843e+02
    endloop
  endfacet
  facet normal 2.167345e-16 -4.422887e-01 8.968727e-01
    outer loop
      vertex   7.000000e+02 -1.962500e+02 6.861843e+02
      vertex   6.420000e+02 -1.962500e+02 6.861843e+02
      vertex   6.420000e+02 -1.994762e+02 6.845933e+02
    endloop
  endfacet
  facet normal 2.154212e-16 -4.422887e-01 8.968727e-01
    outer loop
      vertex   7.000000e+02 -1.962500e+02 6.861843e+02
      vertex   6.420000e+02 -1.994762e+02 6.845933e+02
      vertex   7.000000e+02 -1.994762e+02 6.845933e+02
    endloop
  endfacet
  facet normal 1.575148e-16 -3.214395e-01 9.469301e-01
    outer loop
      vertex   7.000000e+02 -1.994762e+02 6.845933e+02
      vertex   6.420000e+02 -1.994762e+02 6.845933e+02
      vertex   6.420000e+02 -2.028825e+02 6.834370e+02
    endloop
  endfacet
  facet normal -1.855838e-15 -3.214395e-01 9.469301e-01
    outer loop
      vertex   7.000000e+02 -1.994762e+02 6.845933e+02
      vertex   6.420000e+02 -2.028825e+02 6.834370e+02
      vertex   7.000000e+02 -2.028825e+02 6.834370e+02
    endloop
  endfacet
  facet normal -1.922455e-15 -1.950903e-01 9.807853e-01
    outer loop
      vertex   7.000000e+02 -2.028825e+02 6.834370e+02
      vertex   6.420000e+02 -2.028825e+02 6.834370e+02
      vertex   6.420000e+02 -2.064105e+02 6.827353e+02
    endloop
  endfacet
  facet normal -6.295952e-19 -1.950903e-01 9.807853e-01
    outer loop
      vertex   7.000000e+02 -2.028825e+02 6.834370e+02
      vertex   6.420000e+02 -2.064105e+02 6.827353e+02
      vertex   7.000000e+02 -2.064105e+02 6.827353e+02
    endloop
  endfacet
  facet normal 0.000000e+00 -6.540313e-02 9.978589e-01
    outer loop
      vertex   7.000000e+02 -2.064105e+02 6.827353e+02
      vertex   6.420000e+02 -2.064105e+02 6.827353e+02
      vertex   6.420000e+02 -2.100000e+02 6.825000e+02
    endloop
  endfacet
  facet normal 2.446621e-19 -6.540313e-02 9.978589e-01
    outer loop
      vertex   7.000000e+02 -2.064105e+02 6.827353e+02
      vertex   6.420000e+02 -2.100000e+02 6.825000e+02
      vertex   7.000000e+02 -2.100000e+02 6.825000e+02
    endloop
  endfacet
  facet normal 0.000000e+00 6.540313e-02 9.978589e-01
    outer loop
      vertex   7.000000e+02 -2.100000e+02 6.825000e+02
      vertex   6.420000e+02 -2.100000e+02 6.825000e+02
      vertex   6.420000e+02 -2.135895e+02 6.827353e+02
    endloop
  endfacet
  facet normal -2.446621e-19 6.540313e-02 9.978589e-01
    outer loop
      vertex   7.000000e+02 -2.100000e+02 6.825000e+02
      vertex   6.420000e+02 -2.135895e+02 6.827353e+02
      vertex   7.000000e+02 -2.135895e+02 6.827353e+02
    endloop
  endfacet
  facet normal 0.000000e+00 1.950903e-01 9.807853e-01
    outer loop
      vertex   7.000000e+02 -2.135895e+02 6.827353e+02
      vertex   6.420000e+02 -2.135895e+02 6.827353e+02
      vertex   6.420000e+02 -2.171175e+02 6.834370e+02
    endloop
  endfacet
  facet normal 1.923084e-15 1.950903e-01 9.807853e-01
    outer loop
      vertex   7.000000e+02 -2.135895e+02 6.827353e+02
      vertex   6.420000e+02 -2.171175e+02 6.834370e+02
      vertex   7.000000e+02 -2.171175e+02 6.834370e+02
    endloop
  endfacet
  facet normal 1.856095e-15 3.214395e-01 9.469301e-01
    outer loop
      vertex   7.000000e+02 -2.171175e+02 6.834370e+02
      vertex   6.420000e+02 -2.171175e+02 6.834370e+02
      vertex   6.420000e+02 -2.205238e+02 6.845933e+02
    endloop
  endfacet
  facet normal -2.532498e-19 3.214395e-01 9.469301e-01
    outer loop
      vertex   7.000000e+02 -2.171175e+02 6.834370e+02
      vertex   6.420000e+02 -2.205238e+02 6.845933e+02
      vertex   7.000000e+02 -2.205238e+02 6.845933e+02
    endloop
  endfacet
  facet normal 0.000000e+00 4.422887e-01 8.968727e-01
    outer loop
      vertex   7.000000e+02 -2.205238e+02 6.845933e+02
      vertex   6.420000e+02 -2.205238e+02 6.845933e+02
      vertex   6.420000e+02 -2.237500e+02 6.861843e+02
    endloop
  endfacet
  facet normal -2.154212e-16 4.422887e-01 8.968727e-01
    outer loop
      vertex   7.000000e+02 -2.205238e+02 6.845933e+02
      vertex   6.420000e+02 -2.237500e+02 6.861843e+02
      vertex   7.000000e+02 -2.237500e+02 6.861843e+02
    endloop
  endfacet
  facet normal -2.722458e-16 5.555702e-01 8.314696e-01
    outer loop
      vertex   7.000000e+02 -2.237500e+02 6.861843e+02
      vertex   6.420000e+02 -2.237500e+02 6.861843e+02
      vertex   6.420000e+02 -2.267409e+02 6.881828e+02
    endloop
  endfacet
  facet normal -1.679601e-18 5.555702e-01 8.314696e-01
    outer loop
      vertex   7.000000e+02 -2.237500e+02 6.861843e+02
      vertex   6.420000e+02 -2.267409e+02 6.881828e+02
      vertex   7.000000e+02 -2.267409e+02 6.881828e+02
    endloop
  endfacet
  facet normal 0.000000e+00 6.593458e-01 7.518398e-01
    outer loop
      vertex   7.000000e+02 -2.267409e+02 6.881828e+02
      vertex   6.420000e+02 -2.267409e+02 6.881828e+02
      vertex   7.000000e+02 -2.294454e+02 6.905546e+02
    endloop
  endfacet
  facet normal 0.000000e+00 6.593458e-01 7.518398e-01
    outer loop
      vertex   7.000000e+02 -2.294454e+02 6.905546e+02
      vertex   6.420000e+02 -2.267409e+02 6.881828e+02
      vertex   6.420000e+02 -2.294454e+02 6.905546e+02
    endloop
  endfacet
  facet normal 0.000000e+00 9.996738e-01 -2.553863e-02
    outer loop
      vertex   6.420000e+02 -1.922489e+02 5.098292e+02
      vertex   7.000000e+02 -1.922489e+02 5.098292e+02
      vertex   6.420000e+02 -1.925000e+02 5.000000e+02
    endloop
  endfacet
  facet normal 0.000000e+00 9.996738e-01 -2.553863e-02
    outer loop
      vertex   6.420000e+02 -1.925000e+02 5.000000e+02
      vertex   7.000000e+02 -1.922489e+02 5.098292e+02
      vertex   7.000000e+02 -1.925000e+02 5.000000e+02
    endloop
  endfacet
  facet normal -0.000000e+00 9.996738e-01 2.553863e-02
    outer loop
      vertex   6.420000e+02 -1.925000e+02 5.000000e+02
      vertex   7.000000e+02 -1.925000e+02 5.000000e+02
      vertex   6.420000e+02 -1.922489e+02 4.901708e+02
    endloop
  endfacet
  facet normal -0.000000e+00 9.996738e-01 2.553863e-02
    outer loop
      vertex   6.420000e+02 -1.922489e+02 4.901708e+02
      vertex   7.000000e+02 -1.925000e+02 5.000000e+02
      vertex   7.000000e+02 -1.922489e+02 4.901708e+02
    endloop
  endfacet
  facet normal -0.000000e+00 9.970658e-01 7.654925e-02
    outer loop
      vertex   6.420000e+02 -1.922489e+02 4.901708e+02
      vertex   7.000000e+02 -1.922489e+02 4.901708e+02
      vertex   6.420000e+02 -1.914962e+02 4.803673e+02
    endloop
  endfacet
  facet normal 7.502278e-17 9.970658e-01 7.654925e-02
    outer loop
      vertex   6.420000e+02 -1.914962e+02 4.803673e+02
      vertex   7.000000e+02 -1.922489e+02 4.901708e+02
      vertex   7.000000e+02 -1.914962e+02 4.803673e+02
    endloop
  endfacet
  facet normal 1.248205e-16 9.918565e-01 1.273602e-01
    outer loop
      vertex   6.420000e+02 -1.914962e+02 4.803673e+02
      vertex   7.000000e+02 -1.914962e+02 4.803673e+02
      vertex   6.420000e+02 -1.902440e+02 4.706150e+02
    endloop
  endfacet
  facet normal -3.612185e-16 9.918565e-01 1.273602e-01
    outer loop
      vertex   6.420000e+02 -1.902440e+02 4.706150e+02
      vertex   7.000000e+02 -1.914962e+02 4.803673e+02
      vertex   7.000000e+02 -1.902440e+02 4.706150e+02
    endloop
  endfacet
  facet normal -3.079257e-16 9.840596e-01 1.778388e-01
    outer loop
      vertex   6.420000e+02 -1.902440e+02 4.706150e+02
      vertex   7.000000e+02 -1.902440e+02 4.706150e+02
      vertex   6.420000e+02 -1.884954e+02 4.609394e+02
    endloop
  endfacet
  facet normal -3.079257e-16 9.840596e-01 1.778388e-01
    outer loop
      vertex   6.420000e+02 -1.884954e+02 4.609394e+02
      vertex   7.000000e+02 -1.902440e+02 4.706150e+02
      vertex   7.000000e+02 -1.884954e+02 4.609394e+02
    endloop
  endfacet
  facet normal -2.538296e-16 9.736954e-01 2.278535e-01
    outer loop
      vertex   6.420000e+02 -1.884954e+02 4.609394e+02
      vertex   7.000000e+02 -1.884954e+02 4.609394e+02
      vertex   6.420000e+02 -1.862551e+02 4.513656e+02
    endloop
  endfacet
  facet normal 4.466197e-16 9.736954e-01 2.278535e-01
    outer loop
      vertex   6.420000e+02 -1.862551e+02 4.513656e+02
      vertex   7.000000e+02 -1.884954e+02 4.609394e+02
      vertex   7.000000e+02 -1.862551e+02 4.513656e+02
    endloop
  endfacet
  facet normal 5.434892e-16 9.607910e-01 2.772738e-01
    outer loop
      vertex   6.420000e+02 -1.862551e+02 4.513656e+02
      vertex   7.000000e+02 -1.862551e+02 4.513656e+02
      vertex   6.420000e+02 -1.835288e+02 4.419188e+02
    endloop
  endfacet
  facet normal 3.444180e-16 9.607910e-01 2.772738e-01
    outer loop
      vertex   6.420000e+02 -1.835288e+02 4.419188e+02
      vertex   7.000000e+02 -1.862551e+02 4.513656e+02
      vertex   7.000000e+02 -1.835288e+02 4.419188e+02
    endloop
  endfacet
  facet normal 4.951473e-16 9.453799e-01 3.259706e-01
    outer loop
      vertex   6.420000e+02 -1.835288e+02 4.419188e+02
      vertex   7.000000e+02 -1.835288e+02 4.419188e+02
      vertex   6.420000e+02 -1.803237e+02 4.326235e+02
    endloop
  endfacet
  facet normal -0.000000e+00 9.453799e-01 3.259706e-01
    outer loop
      vertex   6.420000e+02 -1.803237e+02 4.326235e+02
      vertex   7.000000e+02 -1.835288e+02 4.419188e+02
      vertex   7.000000e+02 -1.803237e+02 4.326235e+02
    endloop
  endfacet
  facet normal -0.000000e+00 9.275025e-01 3.738171e-01
    outer loop
      vertex   6.420000e+02 -1.803237e+02 4.326235e+02
      vertex   7.000000e+02 -1.803237e+02 4.326235e+02
      vertex   6.420000e+02 -1.766482e+02 4.235039e+02
    endloop
  endfacet
  facet normal -0.000000e+00 9.275025e-01 3.738171e-01
    outer loop
      vertex   6.420000e+02 -1.766482e+02 4.235039e+02
      vertex   7.000000e+02 -1.803237e+02 4.326235e+02
      vertex   7.000000e+02 -1.766482e+02 4.235039e+02
    endloop
  endfacet
  facet normal -0.000000e+00 9.072053e-01 4.206883e-01
    outer loop
      vertex   6.420000e+02 -1.766482e+02 4.235039e+02
      vertex   7.000000e+02 -1.766482e+02 4.235039e+02
      vertex   6.420000e+02 -1.725119e+02 4.145839e+02
    endloop
  endfacet
  facet normal -0.000000e+00 9.072053e-01 4.206883e-01
    outer loop
      vertex   6.420000e+02 -1.725119e+02 4.145839e+02
      vertex   7.000000e+02 -1.766482e+02 4.235039e+02
      vertex   7.000000e+02 -1.725119e+02 4.145839e+02
    endloop
  endfacet
  facet normal -0.000000e+00 8.845413e-01 4.664620e-01
    outer loop
      vertex   6.420000e+02 -1.725119e+02 4.145839e+02
      vertex   7.000000e+02 -1.725119e+02 4.145839e+02
      vertex   6.420000e+02 -1.679254e+02 4.058868e+02
    endloop
  endfacet
  facet normal -8.431937e-16 8.845413e-01 4.664620e-01
    outer loop
      vertex   6.420000e+02 -1.679254e+02 4.058868e+02
      vertex   7.000000e+02 -1.725119e+02 4.145839e+02
      vertex   7.000000e+02 -1.679254e+02 4.058868e+02
    endloop
  endfacet
  facet normal -7.628149e-16 8.595696e-01 5.110187e-01
    outer loop
      vertex   6.420000e+02 -1.679254e+02 4.058868e+02
      vertex   7.000000e+02 -1.679254e+02 4.058868e+02
      vertex   6.420000e+02 -1.629009e+02 3.974352e+02
    endloop
  endfacet
  facet normal 5.804424e-16 8.595696e-01 5.110187e-01
    outer loop
      vertex   6.420000e+02 -1.629009e+02 3.974352e+02
      vertex   7.000000e+02 -1.679254e+02 4.058868e+02
      vertex   7.000000e+02 -1.629009e+02 3.974352e+02
    endloop
  endfacet
  facet normal 6.785014e-16 8.323554e-01 5.542422e-01
    outer loop
      vertex   6.420000e+02 -1.629009e+02 3.974352e+02
      vertex   7.000000e+02 -1.629009e+02 3.974352e+02
      vertex   6.420000e+02 -1.574514e+02 3.892512e+02
    endloop
  endfacet
  facet normal -2.725673e-16 8.323554e-01 5.542422e-01
    outer loop
      vertex   6.420000e+02 -1.574514e+02 3.892512e+02
      vertex   7.000000e+02 -1.629009e+02 3.974352e+02
      vertex   7.000000e+02 -1.574514e+02 3.892512e+02
    endloop
  endfacet
  facet normal -2.028231e-16 8.029697e-01 5.960198e-01
    outer loop
      vertex   6.420000e+02 -1.574514e+02 3.892512e+02
      vertex   7.000000e+02 -1.574514e+02 3.892512e+02
      vertex   6.420000e+02 -1.515911e+02 3.813561e+02
    endloop
  endfacet
  facet normal 1.784883e-16 8.029697e-01 5.960198e-01
    outer loop
      vertex   6.420000e+02 -1.515911e+02 3.813561e+02
      vertex   7.000000e+02 -1.574514e+02 3.892512e+02
      vertex   7.000000e+02 -1.515911e+02 3.813561e+02
    endloop
  endfacet
  facet normal 3.584555e-16 7.714892e-01 6.362424e-01
    outer loop
      vertex   6.420000e+02 -1.515911e+02 3.813561e+02
      vertex   7.000000e+02 -1.515911e+02 3.813561e+02
      vertex   6.420000e+02 -1.453353e+02 3.737705e+02
    endloop
  endfacet
  facet normal -0.000000e+00 7.714892e-01 6.362424e-01
    outer loop
      vertex   6.420000e+02 -1.453353e+02 3.737705e+02
      vertex   7.000000e+02 -1.515911e+02 3.813561e+02
      vertex   7.000000e+02 -1.453353e+02 3.737705e+02
    endloop
  endfacet
  facet normal -0.000000e+00 7.379959e-01 6.748052e-01
    outer loop
      vertex   6.420000e+02 -1.453353e+02 3.737705e+02
      vertex   7.000000e+02 -1.453353e+02 3.737705e+02
      vertex   6.420000e+02 -1.387004e+02 3.665142e+02
    endloop
  endfacet
  facet normal -0.000000e+00 7.379959e-01 6.748052e-01
    outer loop
      vertex   6.420000e+02 -1.387004e+02 3.665142e+02
      vertex   7.000000e+02 -1.453353e+02 3.737705e+02
      vertex   7.000000e+02 -1.387004e+02 3.665142e+02
    endloop
  endfacet
  facet normal -0.000000e+00 7.025773e-01 7.116075e-01
    outer loop
      vertex   6.420000e+02 -1.387004e+02 3.665142e+02
      vertex   7.000000e+02 -1.387004e+02 3.665142e+02
      vertex   6.420000e+02 -1.317036e+02 3.596062e+02
    endloop
  endfacet
  facet normal -0.000000e+00 7.025773e-01 7.116075e-01
    outer loop
      vertex   6.420000e+02 -1.317036e+02 3.596062e+02
      vertex   7.000000e+02 -1.387004e+02 3.665142e+02
      vertex   7.000000e+02 -1.317036e+02 3.596062e+02
    endloop
  endfacet
  facet normal -0.000000e+00 6.653257e-01 7.465532e-01
    outer loop
      vertex   6.420000e+02 -1.317036e+02 3.596062e+02
      vertex   7.000000e+02 -1.317036e+02 3.596062e+02
      vertex   6.420000e+02 -1.243632e+02 3.530645e+02
    endloop
  endfacet
  facet normal -0.000000e+00 6.653257e-01 7.465532e-01
    outer loop
      vertex   6.420000e+02 -1.243632e+02 3.530645e+02
      vertex   7.000000e+02 -1.317036e+02 3.596062e+02
      vertex   7.000000e+02 -1.243632e+02 3.530645e+02
    endloop
  endfacet
  facet normal -0.000000e+00 6.263384e-01 7.795513e-01
    outer loop
      vertex   6.420000e+02 -1.243632e+02 3.530645e+02
      vertex   7.000000e+02 -1.243632e+02 3.530645e+02
      vertex   6.420000e+02 -1.166984e+02 3.469061e+02
    endloop
  endfacet
  facet normal -3.304417e-18 6.263384e-01 7.795513e-01
    outer loop
      vertex   6.420000e+02 -1.166984e+02 3.469061e+02
      vertex   7.000000e+02 -1.243632e+02 3.530645e+02
      vertex   7.000000e+02 -1.166984e+02 3.469061e+02
    endloop
  endfacet
  facet normal 7.680663e-17 5.857170e-01 8.105156e-01
    outer loop
      vertex   6.420000e+02 -1.166984e+02 3.469061e+02
      vertex   7.000000e+02 -1.166984e+02 3.469061e+02
      vertex   6.420000e+02 -1.087291e+02 3.411471e+02
    endloop
  endfacet
  facet normal -8.610558e-16 5.857170e-01 8.105156e-01
    outer loop
      vertex   6.420000e+02 -1.087291e+02 3.411471e+02
      vertex   7.000000e+02 -1.166984e+02 3.469061e+02
      vertex   7.000000e+02 -1.087291e+02 3.411471e+02
    endloop
  endfacet
  facet normal -7.990924e-16 5.435676e-01 8.393654e-01
    outer loop
      vertex   6.420000e+02 -1.087291e+02 3.411471e+02
      vertex   7.000000e+02 -1.087291e+02 3.411471e+02
      vertex   6.420000e+02 -1.004761e+02 3.358026e+02
    endloop
  endfacet
  facet normal -5.091930e-16 5.435676e-01 8.393654e-01
    outer loop
      vertex   6.420000e+02 -1.004761e+02 3.358026e+02
      vertex   7.000000e+02 -1.087291e+02 3.411471e+02
      vertex   7.000000e+02 -1.004761e+02 3.358026e+02
    endloop
  endfacet
  facet normal -3.763177e-16 5.000000e-01 8.660254e-01
    outer loop
      vertex   6.420000e+02 -1.004761e+02 3.358026e+02
      vertex   7.000000e+02 -1.004761e+02 3.358026e+02
      vertex   6.420000e+02 -9.196107e+01 3.308864e+02
    endloop
  endfacet
  facet normal -3.763177e-16 5.000000e-01 8.660254e-01
    outer loop
      vertex   6.420000e+02 -9.196107e+01 3.308864e+02
      vertex   7.000000e+02 -1.004761e+02 3.358026e+02
      vertex   7.000000e+02 -9.196107e+01 3.308864e+02
    endloop
  endfacet
  facet normal -2.424607e-16 4.551280e-01 8.904260e-01
    outer loop
      vertex   6.420000e+02 -9.196107e+01 3.308864e+02
      vertex   7.000000e+02 -9.196107e+01 3.308864e+02
      vertex   6.420000e+02 -8.320607e+01 3.264114e+02
    endloop
  endfacet
  facet normal -0.000000e+00 4.551280e-01 8.904260e-01
    outer loop
      vertex   6.420000e+02 -8.320607e+01 3.264114e+02
      vertex   7.000000e+02 -9.196107e+01 3.308864e+02
      vertex   7.000000e+02 -8.320607e+01 3.264114e+02
    endloop
  endfacet
  facet normal -0.000000e+00 4.090686e-01 9.125036e-01
    outer loop
      vertex   6.420000e+02 -8.320607e+01 3.264114e+02
      vertex   7.000000e+02 -8.320607e+01 3.264114e+02
      vertex   6.420000e+02 -7.423399e+01 3.223893e+02
    endloop
  endfacet
  facet normal -0.000000e+00 4.090686e-01 9.125036e-01
    outer loop
      vertex   6.420000e+02 -7.423399e+01 3.223893e+02
      vertex   7.000000e+02 -8.320607e+01 3.264114e+02
      vertex   7.000000e+02 -7.423399e+01 3.223893e+02
    endloop
  endfacet
  facet normal -0.000000e+00 3.619421e-01 9.322006e-01
    outer loop
      vertex   6.420000e+02 -7.423399e+01 3.223893e+02
      vertex   7.000000e+02 -7.423399e+01 3.223893e+02
      vertex   6.420000e+02 -6.506825e+01 3.188305e+02
    endloop
  endfacet
  facet normal 6.475681e-16 3.619421e-01 9.322006e-01
    outer loop
      vertex   6.420000e+02 -6.506825e+01 3.188305e+02
      vertex   7.000000e+02 -7.423399e+01 3.223893e+02
      vertex   7.000000e+02 -6.506825e+01 3.188305e+02
    endloop
  endfacet
  facet normal 6.998230e-16 3.138712e-01 9.494656e-01
    outer loop
      vertex   6.420000e+02 -6.506825e+01 3.188305e+02
      vertex   7.000000e+02 -6.506825e+01 3.188305e+02
      vertex   6.420000e+02 -5.573275e+01 3.157444e+02
    endloop
  endfacet
  facet normal -2.307092e-16 3.138712e-01 9.494656e-01
    outer loop
      vertex   6.420000e+02 -5.573275e+01 3.157444e+02
      vertex   7.000000e+02 -6.506825e+01 3.188305e+02
      vertex   7.000000e+02 -5.573275e+01 3.157444e+02
    endloop
  endfacet
  facet normal -1.947731e-16 2.649815e-01 9.642535e-01
    outer loop
      vertex   6.420000e+02 -5.573275e+01 3.157444e+02
      vertex   7.000000e+02 -5.573275e+01 3.157444e+02
      vertex   6.420000e+02 -4.625185e+01 3.131390e+02
    endloop
  endfacet
  facet normal -3.570841e-16 2.649815e-01 9.642535e-01
    outer loop
      vertex   6.420000e+02 -4.625185e+01 3.131390e+02
      vertex   7.000000e+02 -5.573275e+01 3.157444e+02
      vertex   7.000000e+02 -4.625185e+01 3.131390e+02
    endloop
  endfacet
  facet normal -2.902696e-16 2.154005e-01 9.765258e-01
    outer loop
      vertex   6.420000e+02 -4.625185e+01 3.131390e+02
      vertex   7.000000e+02 -4.625185e+01 3.131390e+02
      vertex   6.420000e+02 -3.665029e+01 3.110211e+02
    endloop
  endfacet
  facet normal 6.667832e-16 2.154005e-01 9.765258e-01
    outer loop
      vertex   6.420000e+02 -3.665029e+01 3.110211e+02
      vertex   7.000000e+02 -4.625185e+01 3.131390e+02
      vertex   7.000000e+02 -3.665029e+01 3.110211e+02
    endloop
  endfacet
  facet normal 7.438857e-16 1.652575e-01 9.862504e-01
    outer loop
      vertex   6.420000e+02 -3.665029e+01 3.110211e+02
      vertex   7.000000e+02 -3.665029e+01 3.110211e+02
      vertex   6.420000e+02 -2.695311e+01 3.093963e+02
    endloop
  endfacet
  facet normal -3.542921e-16 1.652575e-01 9.862504e-01
    outer loop
      vertex   6.420000e+02 -2.695311e+01 3.093963e+02
      vertex   7.000000e+02 -3.665029e+01 3.110211e+02
      vertex   7.000000e+02 -2.695311e+01 3.093963e+02
    endloop
  endfacet
  facet normal -2.458674e-16 1.146834e-01 9.934021e-01
    outer loop
      vertex   6.420000e+02 -2.695311e+01 3.093963e+02
      vertex   7.000000e+02 -2.695311e+01 3.093963e+02
      vertex   6.420000e+02 -1.718561e+01 3.082687e+02
    endloop
  endfacet
  facet normal 8.429739e-17 1.146834e-01 9.934021e-01
    outer loop
      vertex   6.420000e+02 -1.718561e+01 3.082687e+02
      vertex   7.000000e+02 -2.695311e+01 3.093963e+02
      vertex   7.000000e+02 -1.718561e+01 3.082687e+02
    endloop
  endfacet
  facet normal 4.690326e-17 6.381013e-02 9.979621e-01
    outer loop
      vertex   6.420000e+02 -1.718561e+01 3.082687e+02
      vertex   7.000000e+02 -1.718561e+01 3.082687e+02
      vertex   6.420000e+02 -7.373276e+00 3.076413e+02
    endloop
  endfacet
  facet normal -0.000000e+00 6.381013e-02 9.979621e-01
    outer loop
      vertex   6.420000e+02 -7.373276e+00 3.076413e+02
      vertex   7.000000e+02 -1.718561e+01 3.082687e+02
      vertex   7.000000e+02 -7.373276e+00 3.076413e+02
    endloop
  endfacet
  facet normal -0.000000e+00 1.277035e-02 9.999185e-01
    outer loop
      vertex   6.420000e+02 -7.373276e+00 3.076413e+02
      vertex   7.000000e+02 -7.373276e+00 3.076413e+02
      vertex   6.420000e+02 2.458293e+00 3.075157e+02
    endloop
  endfacet
  facet normal -0.000000e+00 1.277035e-02 9.999185e-01
    outer loop
      vertex   6.420000e+02 2.458293e+00 3.075157e+02
      vertex   7.000000e+02 -7.373276e+00 3.076413e+02
      vertex   7.000000e+02 2.458293e+00 3.075157e+02
    endloop
  endfacet
  facet normal 0.000000e+00 -3.830273e-02 9.992662e-01
    outer loop
      vertex   6.420000e+02 2.458293e+00 3.075157e+02
      vertex   7.000000e+02 2.458293e+00 3.075157e+02
      vertex   6.420000e+02 1.228345e+01 3.078923e+02
    endloop
  endfacet
  facet normal 2.815420e-17 -3.830273e-02 9.992662e-01
    outer loop
      vertex   6.420000e+02 1.228345e+01 3.078923e+02
      vertex   7.000000e+02 2.458293e+00 3.075157e+02
      vertex   7.000000e+02 1.228345e+01 3.078923e+02
    endloop
  endfacet
  facet normal 6.562173e-17 -8.927589e-02 9.960069e-01
    outer loop
      vertex   6.420000e+02 1.228345e+01 3.078923e+02
      vertex   7.000000e+02 1.228345e+01 3.078923e+02
      vertex   6.420000e+02 2.207656e+01 3.087701e+02
    endloop
  endfacet
  facet normal 1.257750e-16 -8.927589e-02 9.960069e-01
    outer loop
      vertex   6.420000e+02 2.207656e+01 3.087701e+02
      vertex   7.000000e+02 1.228345e+01 3.078923e+02
      vertex   7.000000e+02 2.207656e+01 3.087701e+02
    endloop
  endfacet
  facet normal 1.972596e-16 -1.400161e-01 9.901492e-01
    outer loop
      vertex   6.420000e+02 2.207656e+01 3.087701e+02
      vertex   7.000000e+02 2.207656e+01 3.087701e+02
      vertex   6.420000e+02 3.181207e+01 3.101468e+02
    endloop
  endfacet
  facet normal 2.058361e-16 -1.400161e-01 9.901492e-01
    outer loop
      vertex   6.420000e+02 3.181207e+01 3.101468e+02
      vertex   7.000000e+02 2.207656e+01 3.087701e+02
      vertex   7.000000e+02 3.181207e+01 3.101468e+02
    endloop
  endfacet
  facet normal 2.798918e-16 -1.903911e-01 9.817083e-01
    outer loop
      vertex   6.420000e+02 3.181207e+01 3.101468e+02
      vertex   7.000000e+02 3.181207e+01 3.101468e+02
      vertex   6.420000e+02 4.146459e+01 3.120188e+02
    endloop
  endfacet
  facet normal 4.431620e-16 -1.903911e-01 9.817083e-01
    outer loop
      vertex   6.420000e+02 4.146459e+01 3.120188e+02
      vertex   7.000000e+02 3.181207e+01 3.101468e+02
      vertex   7.000000e+02 4.146459e+01 3.120188e+02
    endloop
  endfacet
  facet normal 5.592606e-16 -2.402694e-01 9.707063e-01
    outer loop
      vertex   6.420000e+02 4.146459e+01 3.120188e+02
      vertex   7.000000e+02 4.146459e+01 3.120188e+02
      vertex   6.420000e+02 5.100894e+01 3.143812e+02
    endloop
  endfacet
  facet normal -4.509583e-16 -2.402694e-01 9.707063e-01
    outer loop
      vertex   6.420000e+02 5.100894e+01 3.143812e+02
      vertex   7.000000e+02 4.146459e+01 3.120188e+02
      vertex   7.000000e+02 5.100894e+01 3.143812e+02
    endloop
  endfacet
  facet normal -3.351214e-16 -2.895208e-01 9.571717e-01
    outer loop
      vertex   6.420000e+02 5.100894e+01 3.143812e+02
      vertex   7.000000e+02 5.100894e+01 3.143812e+02
      vertex   6.420000e+02 6.042021e+01 3.172279e+02
    endloop
  endfacet
  facet normal 0.000000e+00 -2.895208e-01 9.571717e-01
    outer loop
      vertex   6.420000e+02 6.042021e+01 3.172279e+02
      vertex   7.000000e+02 5.100894e+01 3.143812e+02
      vertex   7.000000e+02 6.042021e+01 3.172279e+02
    endloop
  endfacet
  facet normal 0.000000e+00 -3.380169e-01 9.411400e-01
    outer loop
      vertex   6.420000e+02 6.042021e+01 3.172279e+02
      vertex   7.000000e+02 6.042021e+01 3.172279e+02
      vertex   6.420000e+02 6.967385e+01 3.205514e+02
    endloop
  endfacet
  facet normal 0.000000e+00 -3.380169e-01 9.411400e-01
    outer loop
      vertex   6.420000e+02 6.967385e+01 3.205514e+02
      vertex   7.000000e+02 6.042021e+01 3.172279e+02
      vertex   7.000000e+02 6.967385e+01 3.205514e+02
    endloop
  endfacet
  facet normal 0.000000e+00 -3.856311e-01 9.226530e-01
    outer loop
      vertex   6.420000e+02 6.967385e+01 3.205514e+02
      vertex   7.000000e+02 6.967385e+01 3.205514e+02
      vertex   6.420000e+02 7.874571e+01 3.243431e+02
    endloop
  endfacet
  facet normal 1.889706e-16 -3.856311e-01 9.226530e-01
    outer loop
      vertex   6.420000e+02 7.874571e+01 3.243431e+02
      vertex   7.000000e+02 6.967385e+01 3.205514e+02
      vertex   7.000000e+02 7.874571e+01 3.243431e+02
    endloop
  endfacet
  facet normal 2.118100e-16 -4.322393e-01 9.017589e-01
    outer loop
      vertex   6.420000e+02 7.874571e+01 3.243431e+02
      vertex   7.000000e+02 7.874571e+01 3.243431e+02
      vertex   6.420000e+02 8.761214e+01 3.285930e+02
    endloop
  endfacet
  facet normal 5.295250e-16 -4.322393e-01 9.017589e-01
    outer loop
      vertex   6.420000e+02 8.761214e+01 3.285930e+02
      vertex   7.000000e+02 7.874571e+01 3.243431e+02
      vertex   7.000000e+02 8.761214e+01 3.285930e+02
    endloop
  endfacet
  facet normal 5.852420e-16 -4.777198e-01 8.785123e-01
    outer loop
      vertex   6.420000e+02 8.761214e+01 3.285930e+02
      vertex   7.000000e+02 8.761214e+01 3.285930e+02
      vertex   6.420000e+02 9.625000e+01 3.332901e+02
    endloop
  endfacet
  facet normal -1.587034e-16 -4.777198e-01 8.785123e-01
    outer loop
      vertex   6.420000e+02 9.625000e+01 3.332901e+02
      vertex   7.000000e+02 8.761214e+01 3.285930e+02
      vertex   7.000000e+02 9.625000e+01 3.332901e+02
    endloop
  endfacet
  facet normal -6.864587e-17 -5.219540e-01 8.529736e-01
    outer loop
      vertex   6.420000e+02 9.625000e+01 3.332901e+02
      vertex   7.000000e+02 9.625000e+01 3.332901e+02
      vertex   6.420000e+02 1.046368e+02 3.384222e+02
    endloop
  endfacet
  facet normal 6.394321e-16 -5.219540e-01 8.529736e-01
    outer loop
      vertex   6.420000e+02 1.046368e+02 3.384222e+02
      vertex   7.000000e+02 9.625000e+01 3.332901e+02
      vertex   7.000000e+02 1.046368e+02 3.384222e+02
    endloop
  endfacet
  facet normal 6.919541e-16 -5.648265e-01 8.252097e-01
    outer loop
      vertex   6.420000e+02 1.046368e+02 3.384222e+02
      vertex   7.000000e+02 1.046368e+02 3.384222e+02
      vertex   6.420000e+02 1.127505e+02 3.439757e+02
    endloop
  endfacet
  facet normal -2.551909e-16 -5.648265e-01 8.252097e-01
    outer loop
      vertex   6.420000e+02 1.127505e+02 3.439757e+02
      vertex   7.000000e+02 1.046368e+02 3.384222e+02
      vertex   7.000000e+02 1.127505e+02 3.439757e+02
    endloop
  endfacet
  facet normal -1.852973e-16 -6.062254e-01 7.952929e-01
    outer loop
      vertex   6.420000e+02 1.127505e+02 3.439757e+02
      vertex   7.000000e+02 1.127505e+02 3.439757e+02
      vertex   6.420000e+02 1.205701e+02 3.499364e+02
    endloop
  endfacet
  facet normal 0.000000e+00 -6.062254e-01 7.952929e-01
    outer loop
      vertex   6.420000e+02 1.205701e+02 3.499364e+02
      vertex   7.000000e+02 1.127505e+02 3.439757e+02
      vertex   7.000000e+02 1.205701e+02 3.499364e+02
    endloop
  endfacet
  facet normal 0.000000e+00 -6.460428e-01 7.633012e-01
    outer loop
      vertex   6.420000e+02 1.205701e+02 3.499364e+02
      vertex   7.000000e+02 1.205701e+02 3.499364e+02
      vertex   6.420000e+02 1.280752e+02 3.562885e+02
    endloop
  endfacet
  facet normal -5.464204e-16 -6.460428e-01 7.633012e-01
    outer loop
      vertex   6.420000e+02 1.280752e+02 3.562885e+02
      vertex   7.000000e+02 1.205701e+02 3.499364e+02
      vertex   7.000000e+02 1.280752e+02 3.562885e+02
    endloop
  endfacet
  facet normal -4.237525e-16 -6.841746e-01 7.293182e-01
    outer loop
      vertex   6.420000e+02 1.280752e+02 3.562885e+02
      vertex   7.000000e+02 1.280752e+02 3.562885e+02
      vertex   6.420000e+02 1.352461e+02 3.630156e+02
    endloop
  endfacet
  facet normal 0.000000e+00 -6.841746e-01 7.293182e-01
    outer loop
      vertex   6.420000e+02 1.352461e+02 3.630156e+02
      vertex   7.000000e+02 1.280752e+02 3.562885e+02
      vertex   7.000000e+02 1.352461e+02 3.630156e+02
    endloop
  endfacet
  facet normal 0.000000e+00 -7.205216e-01 6.934325e-01
    outer loop
      vertex   6.420000e+02 1.352461e+02 3.630156e+02
      vertex   7.000000e+02 1.352461e+02 3.630156e+02
      vertex   6.420000e+02 1.420642e+02 3.701000e+02
    endloop
  endfacet
  facet normal 0.000000e+00 -7.205216e-01 6.934325e-01
    outer loop
      vertex   6.420000e+02 1.420642e+02 3.701000e+02
      vertex   7.000000e+02 1.352461e+02 3.630156e+02
      vertex   7.000000e+02 1.420642e+02 3.701000e+02
    endloop
  endfacet
  facet normal 0.000000e+00 -7.549888e-01 6.557377e-01
    outer loop
      vertex   6.420000e+02 1.420642e+02 3.701000e+02
      vertex   7.000000e+02 1.420642e+02 3.701000e+02
      vertex   6.420000e+02 1.485117e+02 3.775233e+02
    endloop
  endfacet
  facet normal -5.453897e-16 -7.549888e-01 6.557377e-01
    outer loop
      vertex   6.420000e+02 1.485117e+02 3.775233e+02
      vertex   7.000000e+02 1.420642e+02 3.701000e+02
      vertex   7.000000e+02 1.485117e+02 3.775233e+02
    endloop
  endfacet
  facet normal -4.363007e-16 -7.874863e-01 6.163321e-01
    outer loop
      vertex   6.420000e+02 1.485117e+02 3.775233e+02
      vertex   7.000000e+02 1.485117e+02 3.775233e+02
      vertex   6.420000e+02 1.545717e+02 3.852662e+02
    endloop
  endfacet
  facet normal -5.040917e-17 -7.874863e-01 6.163321e-01
    outer loop
      vertex   6.420000e+02 1.545717e+02 3.852662e+02
      vertex   7.000000e+02 1.485117e+02 3.775233e+02
      vertex   7.000000e+02 1.545717e+02 3.852662e+02
    endloop
  endfacet
  facet normal 7.473608e-17 -8.179294e-01 5.753187e-01
    outer loop
      vertex   6.420000e+02 1.545717e+02 3.852662e+02
      vertex   7.000000e+02 1.545717e+02 3.852662e+02
      vertex   6.420000e+02 1.602284e+02 3.933084e+02
    endloop
  endfacet
  facet normal 0.000000e+00 -8.179294e-01 5.753187e-01
    outer loop
      vertex   6.420000e+02 1.602284e+02 3.933084e+02
      vertex   7.000000e+02 1.545717e+02 3.852662e+02
      vertex   7.000000e+02 1.602284e+02 3.933084e+02
    endloop
  endfacet
  facet normal 0.000000e+00 -8.462385e-01 5.328042e-01
    outer loop
      vertex   6.420000e+02 1.602284e+02 3.933084e+02
      vertex   7.000000e+02 1.602284e+02 3.933084e+02
      vertex   6.420000e+02 1.654671e+02 4.016289e+02
    endloop
  endfacet
  facet normal -1.074977e-16 -8.462385e-01 5.328042e-01
    outer loop
      vertex   6.420000e+02 1.654671e+02 4.016289e+02
      vertex   7.000000e+02 1.602284e+02 3.933084e+02
      vertex   7.000000e+02 1.654671e+02 4.016289e+02
    endloop
  endfacet
  facet normal -5.167831e-17 -8.723400e-01 4.888998e-01
    outer loop
      vertex   6.420000e+02 1.654671e+02 4.016289e+02
      vertex   7.000000e+02 1.654671e+02 4.016289e+02
      vertex   6.420000e+02 1.702742e+02 4.102061e+02
    endloop
  endfacet
  facet normal -5.167831e-17 -8.723400e-01 4.888998e-01
    outer loop
      vertex   6.420000e+02 1.702742e+02 4.102061e+02
      vertex   7.000000e+02 1.654671e+02 4.016289e+02
      vertex   7.000000e+02 1.702742e+02 4.102061e+02
    endloop
  endfacet
  facet normal 4.275939e-18 -8.961656e-01 4.437198e-01
    outer loop
      vertex   6.420000e+02 1.702742e+02 4.102061e+02
      vertex   7.000000e+02 1.702742e+02 4.102061e+02
      vertex   6.420000e+02 1.746370e+02 4.190175e+02
    endloop
  endfacet
  facet normal 4.391475e-16 -8.961656e-01 4.437198e-01
    outer loop
      vertex   6.420000e+02 1.746370e+02 4.190175e+02
      vertex   7.000000e+02 1.702742e+02 4.102061e+02
      vertex   7.000000e+02 1.746370e+02 4.190175e+02
    endloop
  endfacet
  facet normal 4.496771e-16 -9.176532e-01 3.973823e-01
    outer loop
      vertex   6.420000e+02 1.746370e+02 4.190175e+02
      vertex   7.000000e+02 1.746370e+02 4.190175e+02
      vertex   6.420000e+02 1.785442e+02 4.280402e+02
    endloop
  endfacet
  facet normal 0.000000e+00 -9.176532e-01 3.973823e-01
    outer loop
      vertex   6.420000e+02 1.785442e+02 4.280402e+02
      vertex   7.000000e+02 1.746370e+02 4.190175e+02
      vertex   7.000000e+02 1.785442e+02 4.280402e+02
    endloop
  endfacet
  facet normal 0.000000e+00 -9.367467e-01 3.500080e-01
    outer loop
      vertex   6.420000e+02 1.785442e+02 4.280402e+02
      vertex   7.000000e+02 1.785442e+02 4.280402e+02
      vertex   6.420000e+02 1.819856e+02 4.372507e+02
    endloop
  endfacet
  facet normal 2.320100e-16 -9.367467e-01 3.500080e-01
    outer loop
      vertex   6.420000e+02 1.819856e+02 4.372507e+02
      vertex   7.000000e+02 1.785442e+02 4.280402e+02
      vertex   7.000000e+02 1.819856e+02 4.372507e+02
    endloop
  endfacet
  facet normal 3.429767e-16 -9.533964e-01 3.017206e-01
    outer loop
      vertex   6.420000e+02 1.819856e+02 4.372507e+02
      vertex   7.000000e+02 1.819856e+02 4.372507e+02
      vertex   6.420000e+02 1.849523e+02 4.466248e+02
    endloop
  endfacet
  facet normal -2.957040e-16 -9.533964e-01 3.017206e-01
    outer loop
      vertex   6.420000e+02 1.849523e+02 4.466248e+02
      vertex   7.000000e+02 1.819856e+02 4.372507e+02
      vertex   7.000000e+02 1.849523e+02 4.466248e+02
    endloop
  endfacet
  facet normal -2.476080e-16 -9.675588e-01 2.526460e-01
    outer loop
      vertex   6.420000e+02 1.849523e+02 4.466248e+02
      vertex   7.000000e+02 1.849523e+02 4.466248e+02
      vertex   6.420000e+02 1.874364e+02 4.561382e+02
    endloop
  endfacet
  facet normal -2.476080e-16 -9.675588e-01 2.526460e-01
    outer loop
      vertex   6.420000e+02 1.874364e+02 4.561382e+02
      vertex   7.000000e+02 1.849523e+02 4.466248e+02
      vertex   7.000000e+02 1.874364e+02 4.561382e+02
    endloop
  endfacet
  facet normal -1.988661e-16 -9.791969e-01 2.029123e-01
    outer loop
      vertex   6.420000e+02 1.874364e+02 4.561382e+02
      vertex   7.000000e+02 1.874364e+02 4.561382e+02
      vertex   6.420000e+02 1.894315e+02 4.657660e+02
    endloop
  endfacet
  facet normal 0.000000e+00 -9.791969e-01 2.029123e-01
    outer loop
      vertex   6.420000e+02 1.894315e+02 4.657660e+02
      vertex   7.000000e+02 1.874364e+02 4.561382e+02
      vertex   7.000000e+02 1.894315e+02 4.657660e+02
    endloop
  endfacet
  facet normal 0.000000e+00 -9.882804e-01 1.526493e-01
    outer loop
      vertex   6.420000e+02 1.894315e+02 4.657660e+02
      vertex   7.000000e+02 1.894315e+02 4.657660e+02
      vertex   6.420000e+02 1.909324e+02 4.754832e+02
    endloop
  endfacet
  facet normal -1.496053e-16 -9.882804e-01 1.526493e-01
    outer loop
      vertex   6.420000e+02 1.909324e+02 4.754832e+02
      vertex   7.000000e+02 1.894315e+02 4.657660e+02
      vertex   7.000000e+02 1.909324e+02 4.754832e+02
    endloop
  endfacet
  facet normal -9.995423e-17 -9.947856e-01 1.019880e-01
    outer loop
      vertex   6.420000e+02 1.909324e+02 4.754832e+02
      vertex   7.000000e+02 1.909324e+02 4.754832e+02
      vertex   6.420000e+02 1.919352e+02 4.852643e+02
    endloop
  endfacet
  facet normal -9.995423e-17 -9.947856e-01 1.019880e-01
    outer loop
      vertex   6.420000e+02 1.919352e+02 4.852643e+02
      vertex   7.000000e+02 1.909324e+02 4.754832e+02
      vertex   7.000000e+02 1.919352e+02 4.852643e+02
    endloop
  endfacet
  facet normal -5.004239e-17 -9.986956e-01 5.106059e-02
    outer loop
      vertex   6.420000e+02 1.919352e+02 4.852643e+02
      vertex   7.000000e+02 1.919352e+02 4.852643e+02
      vertex   6.420000e+02 1.924372e+02 4.950838e+02
    endloop
  endfacet
  facet normal 0.000000e+00 -9.986956e-01 5.106059e-02
    outer loop
      vertex   6.420000e+02 1.924372e+02 4.950838e+02
      vertex   7.000000e+02 1.919352e+02 4.852643e+02
      vertex   7.000000e+02 1.924372e+02 4.950838e+02
    endloop
  endfacet
  facet normal 0.000000e+00 -1.000000e+00 0.000000e+00
    outer loop
      vertex   6.420000e+02 1.924372e+02 4.950838e+02
      vertex   7.000000e+02 1.924372e+02 4.950838e+02
      vertex   6.420000e+02 1.924372e+02 5.049162e+02
    endloop
  endfacet
  facet normal 0.000000e+00 -1.000000e+00 0.000000e+00
    outer loop
      vertex   6.420000e+02 1.924372e+02 5.049162e+02
      vertex   7.000000e+02 1.924372e+02 4.950838e+02
      vertex   7.000000e+02 1.924372e+02 5.049162e+02
    endloop
  endfacet
  facet normal 0.000000e+00 -9.986956e-01 -5.106059e-02
    outer loop
      vertex   6.420000e+02 1.924372e+02 5.049162e+02
      vertex   7.000000e+02 1.924372e+02 5.049162e+02
      vertex   6.420000e+02 1.919352e+02 5.147357e+02
    endloop
  endfacet
  facet normal 1.000848e-16 -9.986956e-01 -5.106059e-02
    outer loop
      vertex   6.420000e+02 1.919352e+02 5.147357e+02
      vertex   7.000000e+02 1.924372e+02 5.049162e+02
      vertex   7.000000e+02 1.919352e+02 5.147357e+02
    endloop
  endfacet
  facet normal 1.999085e-16 -9.947856e-01 -1.019880e-01
    outer loop
      vertex   6.420000e+02 1.919352e+02 5.147357e+02
      vertex   7.000000e+02 1.919352e+02 5.147357e+02
      vertex   6.420000e+02 1.909324e+02 5.245168e+02
    endloop
  endfacet
  facet normal 0.000000e+00 -9.947856e-01 -1.019880e-01
    outer loop
      vertex   6.420000e+02 1.909324e+02 5.245168e+02
      vertex   7.000000e+02 1.919352e+02 5.147357e+02
      vertex   7.000000e+02 1.909324e+02 5.245168e+02
    endloop
  endfacet
  facet normal 0.000000e+00 -9.882804e-01 -1.526493e-01
    outer loop
      vertex   6.420000e+02 1.909324e+02 5.245168e+02
      vertex   7.000000e+02 1.909324e+02 5.245168e+02
      vertex   6.420000e+02 1.894315e+02 5.342340e+02
    endloop
  endfacet
  facet normal 0.000000e+00 -9.882804e-01 -1.526493e-01
    outer loop
      vertex   6.420000e+02 1.894315e+02 5.342340e+02
      vertex   7.000000e+02 1.909324e+02 5.245168e+02
      vertex   7.000000e+02 1.894315e+02 5.342340e+02
    endloop
  endfacet
  facet normal 0.000000e+00 -9.791969e-01 -2.029123e-01
    outer loop
      vertex   6.420000e+02 1.894315e+02 5.342340e+02
      vertex   7.000000e+02 1.894315e+02 5.342340e+02
      vertex   6.420000e+02 1.874364e+02 5.438618e+02
    endloop
  endfacet
  facet normal 3.977321e-16 -9.791969e-01 -2.029123e-01
    outer loop
      vertex   6.420000e+02 1.874364e+02 5.438618e+02
      vertex   7.000000e+02 1.894315e+02 5.342340e+02
      vertex   7.000000e+02 1.874364e+02 5.438618e+02
    endloop
  endfacet
  facet normal 4.952160e-16 -9.675588e-01 -2.526460e-01
    outer loop
      vertex   6.420000e+02 1.874364e+02 5.438618e+02
      vertex   7.000000e+02 1.874364e+02 5.438618e+02
      vertex   6.420000e+02 1.849523e+02 5.533752e+02
    endloop
  endfacet
  facet normal 0.000000e+00 -9.675588e-01 -2.526460e-01
    outer loop
      vertex   6.420000e+02 1.849523e+02 5.533752e+02
      vertex   7.000000e+02 1.874364e+02 5.438618e+02
      vertex   7.000000e+02 1.849523e+02 5.533752e+02
    endloop
  endfacet
  facet normal 0.000000e+00 -9.533964e-01 -3.017206e-01
    outer loop
      vertex   6.420000e+02 1.849523e+02 5.533752e+02
      vertex   7.000000e+02 1.849523e+02 5.533752e+02
      vertex   6.420000e+02 1.819856e+02 5.627493e+02
    endloop
  endfacet
  facet normal -3.429767e-16 -9.533964e-01 -3.017206e-01
    outer loop
      vertex   6.420000e+02 1.819856e+02 5.627493e+02
      vertex   7.000000e+02 1.849523e+02 5.533752e+02
      vertex   7.000000e+02 1.819856e+02 5.627493e+02
    endloop
  endfacet
  facet normal -2.320100e-16 -9.367467e-01 -3.500080e-01
    outer loop
      vertex   6.420000e+02 1.819856e+02 5.627493e+02
      vertex   7.000000e+02 1.819856e+02 5.627493e+02
      vertex   6.420000e+02 1.785442e+02 5.719598e+02
    endloop
  endfacet
  facet normal 0.000000e+00 -9.367467e-01 -3.500080e-01
    outer loop
      vertex   6.420000e+02 1.785442e+02 5.719598e+02
      vertex   7.000000e+02 1.819856e+02 5.627493e+02
      vertex   7.000000e+02 1.785442e+02 5.719598e+02
    endloop
  endfacet
  facet normal 0.000000e+00 -9.176532e-01 -3.973823e-01
    outer loop
      vertex   6.420000e+02 1.785442e+02 5.719598e+02
      vertex   7.000000e+02 1.785442e+02 5.719598e+02
      vertex   6.420000e+02 1.746370e+02 5.809825e+02
    endloop
  endfacet
  facet normal -4.496771e-16 -9.176532e-01 -3.973823e-01
    outer loop
      vertex   6.420000e+02 1.746370e+02 5.809825e+02
      vertex   7.000000e+02 1.785442e+02 5.719598e+02
      vertex   7.000000e+02 1.746370e+02 5.809825e+02
    endloop
  endfacet
  facet normal -4.391475e-16 -8.961656e-01 -4.437198e-01
    outer loop
      vertex   6.420000e+02 1.746370e+02 5.809825e+02
      vertex   7.000000e+02 1.746370e+02 5.809825e+02
      vertex   6.420000e+02 1.702742e+02 5.897939e+02
    endloop
  endfacet
  facet normal -4.391475e-16 -8.961656e-01 -4.437198e-01
    outer loop
      vertex   6.420000e+02 1.702742e+02 5.897939e+02
      vertex   7.000000e+02 1.746370e+02 5.809825e+02
      vertex   7.000000e+02 1.702742e+02 5.897939e+02
    endloop
  endfacet
  facet normal -4.274723e-16 -8.723400e-01 -4.888998e-01
    outer loop
      vertex   6.420000e+02 1.702742e+02 5.897939e+02
      vertex   7.000000e+02 1.702742e+02 5.897939e+02
      vertex   6.420000e+02 1.654671e+02 5.983711e+02
    endloop
  endfacet
  facet normal 5.308289e-16 -8.723400e-01 -4.888998e-01
    outer loop
      vertex   6.420000e+02 1.654671e+02 5.983711e+02
      vertex   7.000000e+02 1.702742e+02 5.897939e+02
      vertex   7.000000e+02 1.654671e+02 5.983711e+02
    endloop
  endfacet
  facet normal 6.296773e-16 -8.462385e-01 -5.328042e-01
    outer loop
      vertex   6.420000e+02 1.654671e+02 5.983711e+02
      vertex   7.000000e+02 1.654671e+02 5.983711e+02
      vertex   6.420000e+02 1.602284e+02 6.066916e+02
    endloop
  endfacet
  facet normal 0.000000e+00 -8.462385e-01 -5.328042e-01
    outer loop
      vertex   6.420000e+02 1.602284e+02 6.066916e+02
      vertex   7.000000e+02 1.654671e+02 5.983711e+02
      vertex   7.000000e+02 1.602284e+02 6.066916e+02
    endloop
  endfacet
  facet normal 0.000000e+00 -8.179294e-01 -5.753187e-01
    outer loop
      vertex   6.420000e+02 1.602284e+02 6.066916e+02
      vertex   7.000000e+02 1.602284e+02 6.066916e+02
      vertex   6.420000e+02 1.545717e+02 6.147338e+02
    endloop
  endfacet
  facet normal -7.473608e-17 -8.179294e-01 -5.753187e-01
    outer loop
      vertex   6.420000e+02 1.545717e+02 6.147338e+02
      vertex   7.000000e+02 1.602284e+02 6.066916e+02
      vertex   7.000000e+02 1.545717e+02 6.147338e+02
    endloop
  endfacet
  facet normal 5.040917e-17 -7.874863e-01 -6.163321e-01
    outer loop
      vertex   6.420000e+02 1.545717e+02 6.147338e+02
      vertex   7.000000e+02 1.545717e+02 6.147338e+02
      vertex   6.420000e+02 1.485117e+02 6.224767e+02
    endloop
  endfacet
  facet normal 4.363007e-16 -7.874863e-01 -6.163321e-01
    outer loop
      vertex   6.420000e+02 1.485117e+02 6.224767e+02
      vertex   7.000000e+02 1.545717e+02 6.147338e+02
      vertex   7.000000e+02 1.485117e+02 6.224767e+02
    endloop
  endfacet
  facet normal 5.453897e-16 -7.549888e-01 -6.557377e-01
    outer loop
      vertex   6.420000e+02 1.485117e+02 6.224767e+02
      vertex   7.000000e+02 1.485117e+02 6.224767e+02
      vertex   6.420000e+02 1.420642e+02 6.299000e+02
    endloop
  endfacet
  facet normal 0.000000e+00 -7.549888e-01 -6.557377e-01
    outer loop
      vertex   6.420000e+02 1.420642e+02 6.299000e+02
      vertex   7.000000e+02 1.485117e+02 6.224767e+02
      vertex   7.000000e+02 1.420642e+02 6.299000e+02
    endloop
  endfacet
  facet normal 0.000000e+00 -7.205216e-01 -6.934325e-01
    outer loop
      vertex   6.420000e+02 1.420642e+02 6.299000e+02
      vertex   7.000000e+02 1.420642e+02 6.299000e+02
      vertex   6.420000e+02 1.352461e+02 6.369844e+02
    endloop
  endfacet
  facet normal 0.000000e+00 -7.205216e-01 -6.934325e-01
    outer loop
      vertex   6.420000e+02 1.352461e+02 6.369844e+02
      vertex   7.000000e+02 1.420642e+02 6.299000e+02
      vertex   7.000000e+02 1.352461e+02 6.369844e+02
    endloop
  endfacet
  facet normal 0.000000e+00 -6.841746e-01 -7.293182e-01
    outer loop
      vertex   6.420000e+02 1.352461e+02 6.369844e+02
      vertex   7.000000e+02 1.352461e+02 6.369844e+02
      vertex   6.420000e+02 1.280752e+02 6.437115e+02
    endloop
  endfacet
  facet normal 4.237525e-16 -6.841746e-01 -7.293182e-01
    outer loop
      vertex   6.420000e+02 1.280752e+02 6.437115e+02
      vertex   7.000000e+02 1.352461e+02 6.369844e+02
      vertex   7.000000e+02 1.280752e+02 6.437115e+02
    endloop
  endfacet
  facet normal 5.464204e-16 -6.460428e-01 -7.633012e-01
    outer loop
      vertex   6.420000e+02 1.280752e+02 6.437115e+02
      vertex   7.000000e+02 1.280752e+02 6.437115e+02
      vertex   6.420000e+02 1.205701e+02 6.500636e+02
    endloop
  endfacet
  facet normal 0.000000e+00 -6.460428e-01 -7.633012e-01
    outer loop
      vertex   6.420000e+02 1.205701e+02 6.500636e+02
      vertex   7.000000e+02 1.280752e+02 6.437115e+02
      vertex   7.000000e+02 1.205701e+02 6.500636e+02
    endloop
  endfacet
  facet normal 0.000000e+00 -6.062254e-01 -7.952929e-01
    outer loop
      vertex   6.420000e+02 1.205701e+02 6.500636e+02
      vertex   7.000000e+02 1.205701e+02 6.500636e+02
      vertex   6.420000e+02 1.127505e+02 6.560243e+02
    endloop
  endfacet
  facet normal -5.941366e-16 -6.062254e-01 -7.952929e-01
    outer loop
      vertex   6.420000e+02 1.127505e+02 6.560243e+02
      vertex   7.000000e+02 1.205701e+02 6.500636e+02
      vertex   7.000000e+02 1.127505e+02 6.560243e+02
    endloop
  endfacet
  facet normal -5.535633e-16 -5.648265e-01 -8.252097e-01
    outer loop
      vertex   6.420000e+02 1.127505e+02 6.560243e+02
      vertex   7.000000e+02 1.127505e+02 6.560243e+02
      vertex   6.420000e+02 1.046368e+02 6.615778e+02
    endloop
  endfacet
  facet normal -6.919541e-16 -5.648265e-01 -8.252097e-01
    outer loop
      vertex   6.420000e+02 1.046368e+02 6.615778e+02
      vertex   7.000000e+02 1.127505e+02 6.560243e+02
      vertex   7.000000e+02 1.046368e+02 6.615778e+02
    endloop
  endfacet
  facet normal -6.394321e-16 -5.219540e-01 -8.529736e-01
    outer loop
      vertex   6.420000e+02 1.046368e+02 6.615778e+02
      vertex   7.000000e+02 1.046368e+02 6.615778e+02
      vertex   6.420000e+02 9.625000e+01 6.667099e+02
    endloop
  endfacet
  facet normal -7.673186e-16 -5.219540e-01 -8.529736e-01
    outer loop
      vertex   6.420000e+02 9.625000e+01 6.667099e+02
      vertex   7.000000e+02 1.046368e+02 6.615778e+02
      vertex   7.000000e+02 9.625000e+01 6.667099e+02
    endloop
  endfacet
  facet normal -7.022904e-16 -4.777198e-01 -8.785123e-01
    outer loop
      vertex   6.420000e+02 9.625000e+01 6.667099e+02
      vertex   7.000000e+02 9.625000e+01 6.667099e+02
      vertex   6.420000e+02 8.761214e+01 6.714070e+02
    endloop
  endfacet
  facet normal -5.852420e-16 -4.777198e-01 -8.785123e-01
    outer loop
      vertex   6.420000e+02 8.761214e+01 6.714070e+02
      vertex   7.000000e+02 9.625000e+01 6.667099e+02
      vertex   7.000000e+02 8.761214e+01 6.714070e+02
    endloop
  endfacet
  facet normal -5.295250e-16 -4.322393e-01 -9.017589e-01
    outer loop
      vertex   6.420000e+02 8.761214e+01 6.714070e+02
      vertex   7.000000e+02 8.761214e+01 6.714070e+02
      vertex   6.420000e+02 7.874571e+01 6.756569e+02
    endloop
  endfacet
  facet normal -2.118100e-16 -4.322393e-01 -9.017589e-01
    outer loop
      vertex   6.420000e+02 7.874571e+01 6.756569e+02
      vertex   7.000000e+02 8.761214e+01 6.714070e+02
      vertex   7.000000e+02 7.874571e+01 6.756569e+02
    endloop
  endfacet
  facet normal -1.889706e-16 -3.856311e-01 -9.226530e-01
    outer loop
      vertex   6.420000e+02 7.874571e+01 6.756569e+02
      vertex   7.000000e+02 7.874571e+01 6.756569e+02
      vertex   6.420000e+02 6.967385e+01 6.794486e+02
    endloop
  endfacet
  facet normal 0.000000e+00 -3.856311e-01 -9.226530e-01
    outer loop
      vertex   6.420000e+02 6.967385e+01 6.794486e+02
      vertex   7.000000e+02 7.874571e+01 6.756569e+02
      vertex   7.000000e+02 6.967385e+01 6.794486e+02
    endloop
  endfacet
  facet normal 0.000000e+00 -3.380169e-01 -9.411400e-01
    outer loop
      vertex   6.420000e+02 6.967385e+01 6.794486e+02
      vertex   7.000000e+02 6.967385e+01 6.794486e+02
      vertex   6.420000e+02 6.042021e+01 6.827721e+02
    endloop
  endfacet
  facet normal 0.000000e+00 -3.380169e-01 -9.411400e-01
    outer loop
      vertex   6.420000e+02 6.042021e+01 6.827721e+02
      vertex   7.000000e+02 6.967385e+01 6.794486e+02
      vertex   7.000000e+02 6.042021e+01 6.827721e+02
    endloop
  endfacet
  facet normal 0.000000e+00 -2.895208e-01 -9.571717e-01
    outer loop
      vertex   6.420000e+02 6.042021e+01 6.827721e+02
      vertex   7.000000e+02 6.042021e+01 6.827721e+02
      vertex   6.420000e+02 5.100894e+01 6.856188e+02
    endloop
  endfacet
  facet normal -6.029633e-16 -2.895208e-01 -9.571717e-01
    outer loop
      vertex   6.420000e+02 5.100894e+01 6.856188e+02
      vertex   7.000000e+02 6.042021e+01 6.827721e+02
      vertex   7.000000e+02 5.100894e+01 6.856188e+02
    endloop
  endfacet
  facet normal -5.003910e-16 -2.402694e-01 -9.707063e-01
    outer loop
      vertex   6.420000e+02 5.100894e+01 6.856188e+02
      vertex   7.000000e+02 5.100894e+01 6.856188e+02
      vertex   6.420000e+02 4.146459e+01 6.879812e+02
    endloop
  endfacet
  facet normal -5.592606e-16 -2.402694e-01 -9.707063e-01
    outer loop
      vertex   6.420000e+02 4.146459e+01 6.879812e+02
      vertex   7.000000e+02 5.100894e+01 6.856188e+02
      vertex   7.000000e+02 4.146459e+01 6.879812e+02
    endloop
  endfacet
  facet normal -4.431620e-16 -1.903911e-01 -9.817083e-01
    outer loop
      vertex   6.420000e+02 4.146459e+01 6.879812e+02
      vertex   7.000000e+02 4.146459e+01 6.879812e+02
      vertex   6.420000e+02 3.181207e+01 6.898532e+02
    endloop
  endfacet
  facet normal -2.798918e-16 -1.903911e-01 -9.817083e-01
    outer loop
      vertex   6.420000e+02 3.181207e+01 6.898532e+02
      vertex   7.000000e+02 4.146459e+01 6.879812e+02
      vertex   7.000000e+02 3.181207e+01 6.898532e+02
    endloop
  endfacet
  facet normal -2.058361e-16 -1.400161e-01 -9.901492e-01
    outer loop
      vertex   6.420000e+02 3.181207e+01 6.898532e+02
      vertex   7.000000e+02 3.181207e+01 6.898532e+02
      vertex   6.420000e+02 2.207656e+01 6.912299e+02
    endloop
  endfacet
  facet normal -1.972596e-16 -1.400161e-01 -9.901492e-01
    outer loop
      vertex   6.420000e+02 2.207656e+01 6.912299e+02
      vertex   7.000000e+02 3.181207e+01 6.898532e+02
      vertex   7.000000e+02 2.207656e+01 6.912299e+02
    endloop
  endfacet
  facet normal -1.257750e-16 -8.927589e-02 -9.960069e-01
    outer loop
      vertex   6.420000e+02 2.207656e+01 6.912299e+02
      vertex   7.000000e+02 2.207656e+01 6.912299e+02
      vertex   6.420000e+02 1.228345e+01 6.921077e+02
    endloop
  endfacet
  facet normal -6.562173e-17 -8.927589e-02 -9.960069e-01
    outer loop
      vertex   6.420000e+02 1.228345e+01 6.921077e+02
      vertex   7.000000e+02 2.207656e+01 6.912299e+02
      vertex   7.000000e+02 1.228345e+01 6.921077e+02
    endloop
  endfacet
  facet normal -2.815420e-17 -3.830273e-02 -9.992662e-01
    outer loop
      vertex   6.420000e+02 1.228345e+01 6.921077e+02
      vertex   7.000000e+02 1.228345e+01 6.921077e+02
      vertex   6.420000e+02 2.458293e+00 6.924843e+02
    endloop
  endfacet
  facet normal 0.000000e+00 -3.830273e-02 -9.992662e-01
    outer loop
      vertex   6.420000e+02 2.458293e+00 6.924843e+02
      vertex   7.000000e+02 1.228345e+01 6.921077e+02
      vertex   7.000000e+02 2.458293e+00 6.924843e+02
    endloop
  endfacet
  facet normal 0.000000e+00 1.277035e-02 -9.999185e-01
    outer loop
      vertex   6.420000e+02 2.458293e+00 6.924843e+02
      vertex   7.000000e+02 2.458293e+00 6.924843e+02
      vertex   6.420000e+02 -7.373276e+00 6.923587e+02
    endloop
  endfacet
  facet normal 0.000000e+00 1.277035e-02 -9.999185e-01
    outer loop
      vertex   6.420000e+02 -7.373276e+00 6.923587e+02
      vertex   7.000000e+02 2.458293e+00 6.924843e+02
      vertex   7.000000e+02 -7.373276e+00 6.923587e+02
    endloop
  endfacet
  facet normal 0.000000e+00 6.381013e-02 -9.979621e-01
    outer loop
      vertex   6.420000e+02 -7.373276e+00 6.923587e+02
      vertex   7.000000e+02 -7.373276e+00 6.923587e+02
      vertex   6.420000e+02 -1.718561e+01 6.917313e+02
    endloop
  endfacet
  facet normal -4.690326e-17 6.381013e-02 -9.979621e-01
    outer loop
      vertex   6.420000e+02 -1.718561e+01 6.917313e+02
      vertex   7.000000e+02 -7.373276e+00 6.923587e+02
      vertex   7.000000e+02 -1.718561e+01 6.917313e+02
    endloop
  endfacet
  facet normal -8.429739e-17 1.146834e-01 -9.934021e-01
    outer loop
      vertex   6.420000e+02 -1.718561e+01 6.917313e+02
      vertex   7.000000e+02 -1.718561e+01 6.917313e+02
      vertex   6.420000e+02 -2.695311e+01 6.906037e+02
    endloop
  endfacet
  facet normal 2.458674e-16 1.146834e-01 -9.934021e-01
    outer loop
      vertex   6.420000e+02 -2.695311e+01 6.906037e+02
      vertex   7.000000e+02 -1.718561e+01 6.917313e+02
      vertex   7.000000e+02 -2.695311e+01 6.906037e+02
    endloop
  endfacet
  facet normal 3.542921e-16 1.652575e-01 -9.862504e-01
    outer loop
      vertex   6.420000e+02 -2.695311e+01 6.906037e+02
      vertex   7.000000e+02 -2.695311e+01 6.906037e+02
      vertex   6.420000e+02 -3.665029e+01 6.889789e+02
    endloop
  endfacet
  facet normal -1.710469e-15 1.652575e-01 -9.862504e-01
    outer loop
      vertex   6.420000e+02 -3.665029e+01 6.889789e+02
      vertex   7.000000e+02 -2.695311e+01 6.906037e+02
      vertex   7.000000e+02 -3.665029e+01 6.889789e+02
    endloop
  endfacet
  facet normal -1.623836e-15 2.154005e-01 -9.765258e-01
    outer loop
      vertex   6.420000e+02 -3.665029e+01 6.889789e+02
      vertex   7.000000e+02 -3.665029e+01 6.889789e+02
      vertex   6.420000e+02 -4.625185e+01 6.868610e+02
    endloop
  endfacet
  facet normal 2.902696e-16 2.154005e-01 -9.765258e-01
    outer loop
      vertex   6.420000e+02 -4.625185e+01 6.868610e+02
      vertex   7.000000e+02 -3.665029e+01 6.889789e+02
      vertex   7.000000e+02 -4.625185e+01 6.868610e+02
    endloop
  endfacet
  facet normal 3.570841e-16 2.649815e-01 -9.642535e-01
    outer loop
      vertex   6.420000e+02 -4.625185e+01 6.868610e+02
      vertex   7.000000e+02 -4.625185e+01 6.868610e+02
      vertex   6.420000e+02 -5.573275e+01 6.842556e+02
    endloop
  endfacet
  facet normal 1.947731e-16 2.649815e-01 -9.642535e-01
    outer loop
      vertex   6.420000e+02 -5.573275e+01 6.842556e+02
      vertex   7.000000e+02 -4.625185e+01 6.868610e+02
      vertex   7.000000e+02 -5.573275e+01 6.842556e+02
    endloop
  endfacet
  facet normal 2.307092e-16 3.138712e-01 -9.494656e-01
    outer loop
      vertex   6.420000e+02 -5.573275e+01 6.842556e+02
      vertex   7.000000e+02 -5.573275e+01 6.842556e+02
      vertex   6.420000e+02 -6.506825e+01 6.811695e+02
    endloop
  endfacet
  facet normal -3.491420e-15 3.138712e-01 -9.494656e-01
    outer loop
      vertex   6.420000e+02 -6.506825e+01 6.811695e+02
      vertex   7.000000e+02 -5.573275e+01 6.842556e+02
      vertex   7.000000e+02 -6.506825e+01 6.811695e+02
    endloop
  endfacet
  facet normal -3.388403e-15 3.619421e-01 -9.322006e-01
    outer loop
      vertex   6.420000e+02 -6.506825e+01 6.811695e+02
      vertex   7.000000e+02 -6.506825e+01 6.811695e+02
      vertex   6.420000e+02 -7.423399e+01 6.776107e+02
    endloop
  endfacet
  facet normal 0.000000e+00 3.619421e-01 -9.322006e-01
    outer loop
      vertex   6.420000e+02 -7.423399e+01 6.776107e+02
      vertex   7.000000e+02 -6.506825e+01 6.811695e+02
      vertex   7.000000e+02 -7.423399e+01 6.776107e+02
    endloop
  endfacet
  facet normal 0.000000e+00 4.090686e-01 -9.125036e-01
    outer loop
      vertex   6.420000e+02 -7.423399e+01 6.776107e+02
      vertex   7.000000e+02 -7.423399e+01 6.776107e+02
      vertex   6.420000e+02 -8.320607e+01 6.735886e+02
    endloop
  endfacet
  facet normal 0.000000e+00 4.090686e-01 -9.125036e-01
    outer loop
      vertex   6.420000e+02 -8.320607e+01 6.735886e+02
      vertex   7.000000e+02 -7.423399e+01 6.776107e+02
      vertex   7.000000e+02 -8.320607e+01 6.735886e+02
    endloop
  endfacet
  facet normal 0.000000e+00 4.551280e-01 -8.904260e-01
    outer loop
      vertex   6.420000e+02 -8.320607e+01 6.735886e+02
      vertex   7.000000e+02 -8.320607e+01 6.735886e+02
      vertex   6.420000e+02 -9.196107e+01 6.691136e+02
    endloop
  endfacet
  facet normal 1.115131e-15 4.551280e-01 -8.904260e-01
    outer loop
      vertex   6.420000e+02 -9.196107e+01 6.691136e+02
      vertex   7.000000e+02 -8.320607e+01 6.735886e+02
      vertex   7.000000e+02 -9.196107e+01 6.691136e+02
    endloop
  endfacet
  facet normal 1.225074e-15 5.000000e-01 -8.660254e-01
    outer loop
      vertex   6.420000e+02 -9.196107e+01 6.691136e+02
      vertex   7.000000e+02 -9.196107e+01 6.691136e+02
      vertex   6.420000e+02 -1.004761e+02 6.641974e+02
    endloop
  endfacet
  facet normal -4.724382e-16 5.000000e-01 -8.660254e-01
    outer loop
      vertex   6.420000e+02 -1.004761e+02 6.641974e+02
      vertex   7.000000e+02 -9.196107e+01 6.691136e+02
      vertex   7.000000e+02 -1.004761e+02 6.641974e+02
    endloop
  endfacet
  facet normal -3.134346e-16 5.435676e-01 -8.393654e-01
    outer loop
      vertex   6.420000e+02 -1.004761e+02 6.641974e+02
      vertex   7.000000e+02 -1.004761e+02 6.641974e+02
      vertex   6.420000e+02 -1.087291e+02 6.588529e+02
    endloop
  endfacet
  facet normal 7.990924e-16 5.435676e-01 -8.393654e-01
    outer loop
      vertex   6.420000e+02 -1.087291e+02 6.588529e+02
      vertex   7.000000e+02 -1.004761e+02 6.641974e+02
      vertex   7.000000e+02 -1.087291e+02 6.588529e+02
    endloop
  endfacet
  facet normal 8.610558e-16 5.857170e-01 -8.105156e-01
    outer loop
      vertex   6.420000e+02 -1.087291e+02 6.588529e+02
      vertex   7.000000e+02 -1.087291e+02 6.588529e+02
      vertex   6.420000e+02 -1.166984e+02 6.530939e+02
    endloop
  endfacet
  facet normal -8.711597e-16 5.857170e-01 -8.105156e-01
    outer loop
      vertex   6.420000e+02 -1.166984e+02 6.530939e+02
      vertex   7.000000e+02 -1.087291e+02 6.588529e+02
      vertex   7.000000e+02 -1.166984e+02 6.530939e+02
    endloop
  endfacet
  facet normal -7.607018e-16 6.263384e-01 -7.795513e-01
    outer loop
      vertex   6.420000e+02 -1.166984e+02 6.530939e+02
      vertex   7.000000e+02 -1.166984e+02 6.530939e+02
      vertex   6.420000e+02 -1.243632e+02 6.469355e+02
    endloop
  endfacet
  facet normal 0.000000e+00 6.263384e-01 -7.795513e-01
    outer loop
      vertex   6.420000e+02 -1.243632e+02 6.469355e+02
      vertex   7.000000e+02 -1.166984e+02 6.530939e+02
      vertex   7.000000e+02 -1.243632e+02 6.469355e+02
    endloop
  endfacet
  facet normal 0.000000e+00 6.653257e-01 -7.465532e-01
    outer loop
      vertex   6.420000e+02 -1.243632e+02 6.469355e+02
      vertex   7.000000e+02 -1.243632e+02 6.469355e+02
      vertex   6.420000e+02 -1.317036e+02 6.403938e+02
    endloop
  endfacet
  facet normal 0.000000e+00 6.653257e-01 -7.465532e-01
    outer loop
      vertex   6.420000e+02 -1.317036e+02 6.403938e+02
      vertex   7.000000e+02 -1.243632e+02 6.469355e+02
      vertex   7.000000e+02 -1.317036e+02 6.403938e+02
    endloop
  endfacet
  facet normal 0.000000e+00 7.025773e-01 -7.116075e-01
    outer loop
      vertex   6.420000e+02 -1.317036e+02 6.403938e+02
      vertex   7.000000e+02 -1.317036e+02 6.403938e+02
      vertex   6.420000e+02 -1.387004e+02 6.334858e+02
    endloop
  endfacet
  facet normal 0.000000e+00 7.025773e-01 -7.116075e-01
    outer loop
      vertex   6.420000e+02 -1.387004e+02 6.334858e+02
      vertex   7.000000e+02 -1.317036e+02 6.403938e+02
      vertex   7.000000e+02 -1.387004e+02 6.334858e+02
    endloop
  endfacet
  facet normal 0.000000e+00 7.379959e-01 -6.748052e-01
    outer loop
      vertex   6.420000e+02 -1.387004e+02 6.334858e+02
      vertex   7.000000e+02 -1.387004e+02 6.334858e+02
      vertex   6.420000e+02 -1.453353e+02 6.262295e+02
    endloop
  endfacet
  facet normal 0.000000e+00 7.379959e-01 -6.748052e-01
    outer loop
      vertex   6.420000e+02 -1.453353e+02 6.262295e+02
      vertex   7.000000e+02 -1.387004e+02 6.334858e+02
      vertex   7.000000e+02 -1.453353e+02 6.262295e+02
    endloop
  endfacet
  facet normal 0.000000e+00 7.714892e-01 -6.362424e-01
    outer loop
      vertex   6.420000e+02 -1.453353e+02 6.262295e+02
      vertex   7.000000e+02 -1.453353e+02 6.262295e+02
      vertex   6.420000e+02 -1.515911e+02 6.186439e+02
    endloop
  endfacet
  facet normal 2.650995e-16 7.714892e-01 -6.362424e-01
    outer loop
      vertex   6.420000e+02 -1.515911e+02 6.186439e+02
      vertex   7.000000e+02 -1.453353e+02 6.262295e+02
      vertex   7.000000e+02 -1.515911e+02 6.186439e+02
    endloop
  endfacet
  facet normal 4.056463e-16 8.029697e-01 -5.960198e-01
    outer loop
      vertex   6.420000e+02 -1.515911e+02 6.186439e+02
      vertex   7.000000e+02 -1.515911e+02 6.186439e+02
      vertex   6.420000e+02 -1.574514e+02 6.107488e+02
    endloop
  endfacet
  facet normal -3.813114e-16 8.029697e-01 -5.960198e-01
    outer loop
      vertex   6.420000e+02 -1.574514e+02 6.107488e+02
      vertex   7.000000e+02 -1.515911e+02 6.186439e+02
      vertex   7.000000e+02 -1.574514e+02 6.107488e+02
    endloop
  endfacet
  facet normal -2.706227e-16 8.323554e-01 -5.542422e-01
    outer loop
      vertex   6.420000e+02 -1.574514e+02 6.107488e+02
      vertex   7.000000e+02 -1.574514e+02 6.107488e+02
      vertex   6.420000e+02 -1.629009e+02 6.025648e+02
    endloop
  endfacet
  facet normal -6.785014e-16 8.323554e-01 -5.542422e-01
    outer loop
      vertex   6.420000e+02 -1.629009e+02 6.025648e+02
      vertex   7.000000e+02 -1.574514e+02 6.107488e+02
      vertex   7.000000e+02 -1.629009e+02 6.025648e+02
    endloop
  endfacet
  facet normal -5.804424e-16 8.595696e-01 -5.110187e-01
    outer loop
      vertex   6.420000e+02 -1.629009e+02 6.025648e+02
      vertex   7.000000e+02 -1.629009e+02 6.025648e+02
      vertex   6.420000e+02 -1.679254e+02 5.941132e+02
    endloop
  endfacet
  facet normal 2.619865e-16 8.595696e-01 -5.110187e-01
    outer loop
      vertex   6.420000e+02 -1.679254e+02 5.941132e+02
      vertex   7.000000e+02 -1.629009e+02 6.025648e+02
      vertex   7.000000e+02 -1.679254e+02 5.941132e+02
    endloop
  endfacet
  facet normal 3.860335e-16 8.845413e-01 -4.664620e-01
    outer loop
      vertex   6.420000e+02 -1.679254e+02 5.941132e+02
      vertex   7.000000e+02 -1.679254e+02 5.941132e+02
      vertex   6.420000e+02 -1.725119e+02 5.854161e+02
    endloop
  endfacet
  facet normal 0.000000e+00 8.845413e-01 -4.664620e-01
    outer loop
      vertex   6.420000e+02 -1.725119e+02 5.854161e+02
      vertex   7.000000e+02 -1.679254e+02 5.941132e+02
      vertex   7.000000e+02 -1.725119e+02 5.854161e+02
    endloop
  endfacet
  facet normal 0.000000e+00 9.072053e-01 -4.206883e-01
    outer loop
      vertex   6.420000e+02 -1.725119e+02 5.854161e+02
      vertex   7.000000e+02 -1.725119e+02 5.854161e+02
      vertex   6.420000e+02 -1.766482e+02 5.764961e+02
    endloop
  endfacet
  facet normal 0.000000e+00 9.072053e-01 -4.206883e-01
    outer loop
      vertex   6.420000e+02 -1.766482e+02 5.764961e+02
      vertex   7.000000e+02 -1.725119e+02 5.854161e+02
      vertex   7.000000e+02 -1.766482e+02 5.764961e+02
    endloop
  endfacet
  facet normal 0.000000e+00 9.275025e-01 -3.738171e-01
    outer loop
      vertex   6.420000e+02 -1.766482e+02 5.764961e+02
      vertex   7.000000e+02 -1.766482e+02 5.764961e+02
      vertex   6.420000e+02 -1.803237e+02 5.673765e+02
    endloop
  endfacet
  facet normal 0.000000e+00 9.275025e-01 -3.738171e-01
    outer loop
      vertex   6.420000e+02 -1.803237e+02 5.673765e+02
      vertex   7.000000e+02 -1.766482e+02 5.764961e+02
      vertex   7.000000e+02 -1.803237e+02 5.673765e+02
    endloop
  endfacet
  facet normal 0.000000e+00 9.453799e-01 -3.259706e-01
    outer loop
      vertex   6.420000e+02 -1.803237e+02 5.673765e+02
      vertex   7.000000e+02 -1.803237e+02 5.673765e+02
      vertex   6.420000e+02 -1.835288e+02 5.580812e+02
    endloop
  endfacet
  facet normal -1.756768e-16 9.453799e-01 -3.259706e-01
    outer loop
      vertex   6.420000e+02 -1.835288e+02 5.580812e+02
      vertex   7.000000e+02 -1.803237e+02 5.673765e+02
      vertex   7.000000e+02 -1.835288e+02 5.580812e+02
    endloop
  endfacet
  facet normal -7.267336e-17 9.607910e-01 -2.772738e-01
    outer loop
      vertex   6.420000e+02 -1.835288e+02 5.580812e+02
      vertex   7.000000e+02 -1.835288e+02 5.580812e+02
      vertex   6.420000e+02 -1.862551e+02 5.486344e+02
    endloop
  endfacet
  facet normal -5.434892e-16 9.607910e-01 -2.772738e-01
    outer loop
      vertex   6.420000e+02 -1.862551e+02 5.486344e+02
      vertex   7.000000e+02 -1.835288e+02 5.580812e+02
      vertex   7.000000e+02 -1.862551e+02 5.486344e+02
    endloop
  endfacet
  facet normal -4.466197e-16 9.736954e-01 -2.278535e-01
    outer loop
      vertex   6.420000e+02 -1.862551e+02 5.486344e+02
      vertex   7.000000e+02 -1.862551e+02 5.486344e+02
      vertex   6.420000e+02 -1.884954e+02 5.390606e+02
    endloop
  endfacet
  facet normal 3.051972e-17 9.736954e-01 -2.278535e-01
    outer loop
      vertex   6.420000e+02 -1.884954e+02 5.390606e+02
      vertex   7.000000e+02 -1.862551e+02 5.486344e+02
      vertex   7.000000e+02 -1.884954e+02 5.390606e+02
    endloop
  endfacet
  facet normal 1.336332e-16 9.840596e-01 -1.778388e-01
    outer loop
      vertex   6.420000e+02 -1.884954e+02 5.390606e+02
      vertex   7.000000e+02 -1.884954e+02 5.390606e+02
      vertex   6.420000e+02 -1.902440e+02 5.293850e+02
    endloop
  endfacet
  facet normal 4.822182e-16 9.840596e-01 -1.778388e-01
    outer loop
      vertex   6.420000e+02 -1.902440e+02 5.293850e+02
      vertex   7.000000e+02 -1.884954e+02 5.390606e+02
      vertex   7.000000e+02 -1.902440e+02 5.293850e+02
    endloop
  endfacet
  facet normal 4.860389e-16 9.918565e-01 -1.273602e-01
    outer loop
      vertex   6.420000e+02 -1.902440e+02 5.293850e+02
      vertex   7.000000e+02 -1.902440e+02 5.293850e+02
      vertex   6.420000e+02 -1.914962e+02 5.196327e+02
    endloop
  endfacet
  facet normal 0.000000e+00 9.918565e-01 -1.273602e-01
    outer loop
      vertex   6.420000e+02 -1.914962e+02 5.196327e+02
      vertex   7.000000e+02 -1.902440e+02 5.293850e+02
      vertex   7.000000e+02 -1.914962e+02 5.196327e+02
    endloop
  endfacet
  facet normal 0.000000e+00 9.970658e-01 -7.654925e-02
    outer loop
      vertex   6.420000e+02 -1.914962e+02 5.196327e+02
      vertex   7.000000e+02 -1.914962e+02 5.196327e+02
      vertex   6.420000e+02 -1.922489e+02 5.098292e+02
    endloop
  endfacet
  facet normal 0.000000e+00 9.970658e-01 -7.654925e-02
    outer loop
      vertex   6.420000e+02 -1.922489e+02 5.098292e+02
      vertex   7.000000e+02 -1.914962e+02 5.196327e+02
      vertex   7.000000e+02 -1.922489e+02 5.098292e+02
    endloop
  endfacet
  facet normal -0.000000e+00 -0.000000e+00 -1.000000e+00
    outer loop
      vertex   6.700000e+02 4.500000e+02 9.498573e+02
      vertex   6.700000e+02 2.990000e+02 9.498573e+02
      vertex   6.680000e+02 4.500000e+02 9.498573e+02
    endloop
  endfacet
  facet normal 0.000000e+00 0.000000e+00 -1.000000e+00
    outer loop
      vertex   6.680000e+02 4.500000e+02 9.498573e+02
      vertex   6.700000e+02 2.990000e+02 9.498573e+02
      vertex   6.680000e+02 2.990000e+02 9.498573e+02
    endloop
  endfacet
  facet normal 1.000000e+00 -0.000000e+00 0.000000e+00
    outer loop
      vertex   6.680000e+02 4.112493e+02 8.695116e+02
      vertex   6.680000e+02 4.115000e+02 8.666464e+02
      vertex   6.680000e+02 4.500000e+02 9.498573e+02
    endloop
  endfacet
  facet normal 1.000000e+00 0.000000e+00 0.000000e+00
    outer loop
      vertex   6.680000e+02 4.500000e+02 9.498573e+02
      vertex   6.680000e+02 4.115000e+02 8.666464e+02
      vertex   6.680000e+02 4.112493e+02 8.637812e+02
    endloop
  endfacet
  facet normal 1.000000e+00 0.000000e+00 0.000000e+00
    outer loop
      vertex   6.680000e+02 4.500000e+02 9.498573e+02
      vertex   6.680000e+02 4.112493e+02 8.637812e+02
      vertex   6.680000e+02 4.500000e+02 5.895216e+01
    endloop
  endfacet
  facet normal 1.000000e+00 0.000000e+00 0.000000e+00
    outer loop
      vertex   6.680000e+02 4.500000e+02 5.895216e+01
      vertex   6.680000e+02 4.112493e+02 8.637812e+02
      vertex   6.680000e+02 4.105049e+02 8.610031e+02
    endloop
  endfacet
  facet normal 1.000000e+00 0.000000e+00 0.000000e+00
    outer loop
      vertex   6.680000e+02 4.500000e+02 5.895216e+01
      vertex   6.680000e+02 4.105049e+02 8.610031e+02
      vertex   6.680000e+02 4.092894e+02 8.583964e+02
    endloop
  endfacet
  facet normal 1.000000e+00 0.000000e+00 0.000000e+00
    outer loop
      vertex   6.680000e+02 4.092894e+02 8.583964e+02
      vertex   6.680000e+02 4.076397e+02 8.560404e+02
      vertex   6.680000e+02 4.500000e+02 5.895216e+01
    endloop
  endfacet
  facet normal 1.000000e+00 0.000000e+00 0.000000e+00
    outer loop
      vertex   6.680000e+02 4.500000e+02 5.895216e+01
      vertex   6.680000e+02 4.076397e+02 8.560404e+02
      vertex   6.680000e+02 4.056060e+02 8.540067e+02
    endloop
  endfacet
  facet normal 1.000000e+00 0.000000e+00 0.000000e+00
    outer loop
      vertex   6.680000e+02 4.500000e+02 5.895216e+01
      vertex   6.680000e+02 4.056060e+02 8.540067e+02
      vertex   6.680000e+02 4.032500e+02 8.523570e+02
    endloop
  endfacet
  facet normal 1.000000e+00 0.000000e+00 0.000000e+00
    outer loop
      vertex   6.680000e+02 4.032500e+02 8.523570e+02
      vertex   6.680000e+02 4.006433e+02 8.511415e+02
      vertex   6.680000e+02 4.500000e+02 5.895216e+01
    endloop
  endfacet
  facet normal 1.000000e+00 0.000000e+00 0.000000e+00
    outer loop
      vertex   6.680000e+02 4.500000e+02 5.895216e+01
      vertex   6.680000e+02 4.006433e+02 8.511415e+02
      vertex   6.680000e+02 3.978652e+02 8.503971e+02
    endloop
  endfacet
  facet normal 1.000000e+00 0.000000e+00 0.000000e+00
    outer loop
      vertex   6.680000e+02 4.500000e+02 5.895216e+01
      vertex   6.680000e+02 3.978652e+02 8.503971e+02
      vertex   6.680000e+02 3.950000e+02 8.501464e+02
    endloop
  endfacet
  facet normal 1.000000e+00 0.000000e+00 0.000000e+00
    outer loop
      vertex   6.680000e+02 3.950000e+02 8.501464e+02
      vertex   6.680000e+02 3.921348e+02 8.503971e+02
      vertex   6.680000e+02 4.500000e+02 5.895216e+01
    endloop
  endfacet
  facet normal 1.000000e+00 0.000000e+00 0.000000e+00
    outer loop
      vertex   6.680000e+02 4.500000e+02 5.895216e+01
      vertex   6.680000e+02 3.921348e+02 8.503971e+02
      vertex   6.680000e+02 3.893567e+02 8.511415e+02
    endloop
  endfacet
  facet normal 1.000000e+00 0.000000e+00 0.000000e+00
    outer loop
      vertex   6.680000e+02 4.500000e+02 5.895216e+01
      vertex   6.680000e+02 3.893567e+02 8.511415e+02
      vertex   6.680000e+02 3.867500e+02 8.523570e+02
    endloop
  endfacet
  facet normal 1.000000e+00 0.000000e+00 0.000000e+00
    outer loop
      vertex   6.680000e+02 3.867500e+02 8.523570e+02
      vertex   6.680000e+02 3.843940e+02 8.540067e+02
      vertex   6.680000e+02 4.500000e+02 5.895216e+01
    endloop
  endfacet
  facet normal 1.000000e+00 0.000000e+00 0.000000e+00
    outer loop
      vertex   6.680000e+02 4.500000e+02 5.895216e+01
      vertex   6.680000e+02 3.843940e+02 8.540067e+02
      vertex   6.680000e+02 2.990000e+02 5.895216e+01
    endloop
  endfacet
  facet normal 1.000000e+00 0.000000e+00 0.000000e+00
    outer loop
      vertex   6.680000e+02 2.990000e+02 5.895216e+01
      vertex   6.680000e+02 3.843940e+02 8.540067e+02
      vertex   6.680000e+02 3.823603e+02 8.560404e+02
    endloop
  endfacet
  facet normal 1.000000e+00 0.000000e+00 0.000000e+00
    outer loop
      vertex   6.680000e+02 2.990000e+02 5.895216e+01
      vertex   6.680000e+02 3.823603e+02 8.560404e+02
      vertex   6.680000e+02 3.807106e+02 8.583964e+02
    endloop
  endfacet
  facet normal 1.000000e+00 0.000000e+00 0.000000e+00
    outer loop
      vertex   6.680000e+02 3.807106e+02 8.583964e+02
      vertex   6.680000e+02 3.794951e+02 8.610031e+02
      vertex   6.680000e+02 2.990000e+02 5.895216e+01
    endloop
  endfacet
  facet normal 1.000000e+00 0.000000e+00 0.000000e+00
    outer loop
      vertex   6.680000e+02 2.990000e+02 5.895216e+01
      vertex   6.680000e+02 3.794951e+02 8.610031e+02
      vertex   6.680000e+02 3.787507e+02 8.637812e+02
    endloop
  endfacet
  facet normal 1.000000e+00 0.000000e+00 0.000000e+00
    outer loop
      vertex   6.680000e+02 2.990000e+02 5.895216e+01
      vertex   6.680000e+02 3.787507e+02 8.637812e+02
      vertex   6.680000e+02 2.990000e+02 9.498573e+02
    endloop
  endfacet
  facet normal 1.000000e+00 0.000000e+00 0.000000e+00
    outer loop
      vertex   6.680000e+02 2.990000e+02 9.498573e+02
      vertex   6.680000e+02 3.787507e+02 8.637812e+02
      vertex   6.680000e+02 3.785000e+02 8.666464e+02
    endloop
  endfacet
  facet normal 1.000000e+00 0.000000e+00 0.000000e+00
    outer loop
      vertex   6.680000e+02 2.990000e+02 9.498573e+02
      vertex   6.680000e+02 3.785000e+02 8.666464e+02
      vertex   6.680000e+02 3.787507e+02 8.695116e+02
    endloop
  endfacet
  facet normal 1.000000e+00 0.000000e+00 -0.000000e+00
    outer loop
      vertex   6.680000e+02 3.787507e+02 8.695116e+02
      vertex   6.680000e+02 3.794951e+02 8.722898e+02
      vertex   6.680000e+02 2.990000e+02 9.498573e+02
    endloop
  endfacet
  facet normal 1.000000e+00 0.000000e+00 0.000000e+00
    outer loop
      vertex   6.680000e+02 2.990000e+02 9.498573e+02
      vertex   6.680000e+02 3.794951e+02 8.722898e+02
      vertex   6.680000e+02 3.807106e+02 8.748964e+02
    endloop
  endfacet
  facet normal 1.000000e+00 0.000000e+00 0.000000e+00
    outer loop
      vertex   6.680000e+02 2.990000e+02 9.498573e+02
      vertex   6.680000e+02 3.807106e+02 8.748964e+02
      vertex   6.680000e+02 3.823603e+02 8.772524e+02
    endloop
  endfacet
  facet normal 1.000000e+00 0.000000e+00 -0.000000e+00
    outer loop
      vertex   6.680000e+02 3.823603e+02 8.772524e+02
      vertex   6.680000e+02 3.843940e+02 8.792862e+02
      vertex   6.680000e+02 2.990000e+02 9.498573e+02
    endloop
  endfacet
  facet normal 1.000000e+00 0.000000e+00 0.000000e+00
    outer loop
      vertex   6.680000e+02 2.990000e+02 9.498573e+02
      vertex   6.680000e+02 3.843940e+02 8.792862e+02
      vertex   6.680000e+02 3.867500e+02 8.809359e+02
    endloop
  endfacet
  facet normal 1.000000e+00 0.000000e+00 0.000000e+00
    outer loop
      vertex   6.680000e+02 2.990000e+02 9.498573e+02
      vertex   6.680000e+02 3.867500e+02 8.809359e+02
      vertex   6.680000e+02 3.893567e+02 8.821514e+02
    endloop
  endfacet
  facet normal 1.000000e+00 -0.000000e+00 0.000000e+00
    outer loop
      vertex   6.680000e+02 2.990000e+02 9.498573e+02
      vertex   6.680000e+02 3.893567e+02 8.821514e+02
      vertex   6.680000e+02 4.500000e+02 9.498573e+02
    endloop
  endfacet
  facet normal 1.000000e+00 0.000000e+00 0.000000e+00
    outer loop
      vertex   6.680000e+02 4.500000e+02 9.498573e+02
      vertex   6.680000e+02 3.893567e+02 8.821514e+02
      vertex   6.680000e+02 3.921348e+02 8.828958e+02
    endloop
  endfacet
  facet normal 1.000000e+00 0.000000e+00 0.000000e+00
    outer loop
      vertex   6.680000e+02 4.500000e+02 9.498573e+02
      vertex   6.680000e+02 3.921348e+02 8.828958e+02
      vertex   6.680000e+02 3.950000e+02 8.831464e+02
    endloop
  endfacet
  facet normal 1.000000e+00 -0.000000e+00 0.000000e+00
    outer loop
      vertex   6.680000e+02 3.950000e+02 8.831464e+02
      vertex   6.680000e+02 3.978652e+02 8.828958e+02
      vertex   6.680000e+02 4.500000e+02 9.498573e+02
    endloop
  endfacet
  facet normal 1.000000e+00 0.000000e+00 0.000000e+00
    outer loop
      vertex   6.680000e+02 4.500000e+02 9.498573e+02
      vertex   6.680000e+02 3.978652e+02 8.828958e+02
      vertex   6.680000e+02 4.006433e+02 8.821514e+02
    endloop
  endfacet
  facet normal 1.000000e+00 0.000000e+00 0.000000e+00
    outer loop
      vertex   6.680000e+02 4.500000e+02 9.498573e+02
      vertex   6.680000e+02 4.006433e+02 8.821514e+02
      vertex   6.680000e+02 4.032500e+02 8.809359e+02
    endloop
  endfacet
  facet normal 1.000000e+00 -0.000000e+00 0.000000e+00
    outer loop
      vertex   6.680000e+02 4.032500e+02 8.809359e+02
      vertex   6.680000e+02 4.056060e+02 8.792862e+02
      vertex   6.680000e+02 4.500000e+02 9.498573e+02
    endloop
  endfacet
  facet normal 1.000000e+00 0.000000e+00 0.000000e+00
    outer loop
      vertex   6.680000e+02 4.500000e+02 9.498573e+02
      vertex   6.680000e+02 4.056060e+02 8.792862e+02
      vertex   6.680000e+02 4.076397e+02 8.772524e+02
    endloop
  endfacet
  facet normal 1.000000e+00 0.000000e+00 0.000000e+00
    outer loop
      vertex   6.680000e+02 4.500000e+02 9.498573e+02
      vertex   6.680000e+02 4.076397e+02 8.772524e+02
      vertex   6.680000e+02 4.092894e+02 8.748964e+02
    endloop
  endfacet
  facet normal 1.000000e+00 -0.000000e+00 0.000000e+00
    outer loop
      vertex   6.680000e+02 4.092894e+02 8.748964e+02
      vertex   6.680000e+02 4.105049e+02 8.722898e+02
      vertex   6.680000e+02 4.500000e+02 9.498573e+02
    endloop
  endfacet
  facet normal 1.000000e+00 0.000000e+00 0.000000e+00
    outer loop
      vertex   6.680000e+02 4.500000e+02 9.498573e+02
      vertex   6.680000e+02 4.105049e+02 8.722898e+02
      vertex   6.680000e+02 4.112493e+02 8.695116e+02
    endloop
  endfacet
  facet normal -0.000000e+00 -0.000000e+00 -1.000000e+00
    outer loop
      vertex   6.700000e+02 -2.990000e+02 9.498573e+02
      vertex   6.700000e+02 -4.500000e+02 9.498573e+02
      vertex   6.680000e+02 -2.990000e+02 9.498573e+02
    endloop
  endfacet
  facet normal 0.000000e+00 0.000000e+00 -1.000000e+00
    outer loop
      vertex   6.680000e+02 -2.990000e+02 9.498573e+02
      vertex   6.700000e+02 -4.500000e+02 9.498573e+02
      vertex   6.680000e+02 -4.500000e+02 9.498573e+02
    endloop
  endfacet
  facet normal 1.000000e+00 -0.000000e+00 0.000000e+00
    outer loop
      vertex   6.680000e+02 -4.500000e+02 9.498573e+02
      vertex   6.680000e+02 -3.893567e+02 8.821514e+02
      vertex   6.680000e+02 -2.990000e+02 9.498573e+02
    endloop
  endfacet
  facet normal 1.000000e+00 0.000000e+00 0.000000e+00
    outer loop
      vertex   6.680000e+02 -2.990000e+02 9.498573e+02
      vertex   6.680000e+02 -3.893567e+02 8.821514e+02
      vertex   6.680000e+02 -3.867500e+02 8.809359e+02
    endloop
  endfacet
  facet normal 1.000000e+00 0.000000e+00 0.000000e+00
    outer loop
      vertex   6.680000e+02 -2.990000e+02 9.498573e+02
      vertex   6.680000e+02 -3.867500e+02 8.809359e+02
      vertex   6.680000e+02 -3.843940e+02 8.792862e+02
    endloop
  endfacet
  facet normal 1.000000e+00 0.000000e+00 0.000000e+00
    outer loop
      vertex   6.680000e+02 -4.500000e+02 5.895216e+01
      vertex   6.680000e+02 -4.112493e+02 8.637812e+02
      vertex   6.680000e+02 -4.500000e+02 9.498573e+02
    endloop
  endfacet
  facet normal 1.000000e+00 0.000000e+00 0.000000e+00
    outer loop
      vertex   6.680000e+02 -4.500000e+02 9.498573e+02
      vertex   6.680000e+02 -4.112493e+02 8.637812e+02
      vertex   6.680000e+02 -4.115000e+02 8.666464e+02
    endloop
  endfacet
  facet normal 1.000000e+00 0.000000e+00 0.000000e+00
    outer loop
      vertex   6.680000e+02 -4.500000e+02 9.498573e+02
      vertex   6.680000e+02 -4.115000e+02 8.666464e+02
      vertex   6.680000e+02 -4.112493e+02 8.695116e+02
    endloop
  endfacet
  facet normal 1.000000e+00 0.000000e+00 0.000000e+00
    outer loop
      vertex   6.680000e+02 -2.990000e+02 5.895216e+01
      vertex   6.680000e+02 -3.843940e+02 8.540067e+02
      vertex   6.680000e+02 -4.500000e+02 5.895216e+01
    endloop
  endfacet
  facet normal 1.000000e+00 0.000000e+00 0.000000e+00
    outer loop
      vertex   6.680000e+02 -4.500000e+02 5.895216e+01
      vertex   6.680000e+02 -3.843940e+02 8.540067e+02
      vertex   6.680000e+02 -3.867500e+02 8.523570e+02
    endloop
  endfacet
  facet normal 1.000000e+00 0.000000e+00 0.000000e+00
    outer loop
      vertex   6.680000e+02 -4.500000e+02 5.895216e+01
      vertex   6.680000e+02 -3.867500e+02 8.523570e+02
      vertex   6.680000e+02 -3.893567e+02 8.511415e+02
    endloop
  endfacet
  facet normal 1.000000e+00 0.000000e+00 0.000000e+00
    outer loop
      vertex   6.680000e+02 -2.990000e+02 9.498573e+02
      vertex   6.680000e+02 -3.787507e+02 8.637812e+02
      vertex   6.680000e+02 -2.990000e+02 5.895216e+01
    endloop
  endfacet
  facet normal 1.000000e+00 0.000000e+00 0.000000e+00
    outer loop
      vertex   6.680000e+02 -2.990000e+02 5.895216e+01
      vertex   6.680000e+02 -3.787507e+02 8.637812e+02
      vertex   6.680000e+02 -3.794951e+02 8.610031e+02
    endloop
  endfacet
  facet normal 1.000000e+00 0.000000e+00 0.000000e+00
    outer loop
      vertex   6.680000e+02 -2.990000e+02 5.895216e+01
      vertex   6.680000e+02 -3.794951e+02 8.610031e+02
      vertex   6.680000e+02 -3.807106e+02 8.583964e+02
    endloop
  endfacet
  facet normal 1.000000e+00 0.000000e+00 -0.000000e+00
    outer loop
      vertex   6.680000e+02 -4.112493e+02 8.695116e+02
      vertex   6.680000e+02 -4.105049e+02 8.722898e+02
      vertex   6.680000e+02 -4.500000e+02 9.498573e+02
    endloop
  endfacet
  facet normal 1.000000e+00 0.000000e+00 0.000000e+00
    outer loop
      vertex   6.680000e+02 -4.500000e+02 9.498573e+02
      vertex   6.680000e+02 -4.105049e+02 8.722898e+02
      vertex   6.680000e+02 -4.092894e+02 8.748964e+02
    endloop
  endfacet
  facet normal 1.000000e+00 0.000000e+00 0.000000e+00
    outer loop
      vertex   6.680000e+02 -4.500000e+02 9.498573e+02
      vertex   6.680000e+02 -4.092894e+02 8.748964e+02
      vertex   6.680000e+02 -4.076397e+02 8.772524e+02
    endloop
  endfacet
  facet normal 1.000000e+00 0.000000e+00 -0.000000e+00
    outer loop
      vertex   6.680000e+02 -4.076397e+02 8.772524e+02
      vertex   6.680000e+02 -4.056060e+02 8.792862e+02
      vertex   6.680000e+02 -4.500000e+02 9.498573e+02
    endloop
  endfacet
  facet normal 1.000000e+00 0.000000e+00 0.000000e+00
    outer loop
      vertex   6.680000e+02 -4.500000e+02 9.498573e+02
      vertex   6.680000e+02 -4.056060e+02 8.792862e+02
      vertex   6.680000e+02 -4.032500e+02 8.809359e+02
    endloop
  endfacet
  facet normal 1.000000e+00 0.000000e+00 0.000000e+00
    outer loop
      vertex   6.680000e+02 -4.500000e+02 9.498573e+02
      vertex   6.680000e+02 -4.032500e+02 8.809359e+02
      vertex   6.680000e+02 -4.006433e+02 8.821514e+02
    endloop
  endfacet
  facet normal 1.000000e+00 0.000000e+00 -0.000000e+00
    outer loop
      vertex   6.680000e+02 -4.006433e+02 8.821514e+02
      vertex   6.680000e+02 -3.978652e+02 8.828958e+02
      vertex   6.680000e+02 -4.500000e+02 9.498573e+02
    endloop
  endfacet
  facet normal 1.000000e+00 0.000000e+00 0.000000e+00
    outer loop
      vertex   6.680000e+02 -4.500000e+02 9.498573e+02
      vertex   6.680000e+02 -3.978652e+02 8.828958e+02
      vertex   6.680000e+02 -3.950000e+02 8.831464e+02
    endloop
  endfacet
  facet normal 1.000000e+00 0.000000e+00 0.000000e+00
    outer loop
      vertex   6.680000e+02 -4.500000e+02 9.498573e+02
      vertex   6.680000e+02 -3.950000e+02 8.831464e+02
      vertex   6.680000e+02 -3.921348e+02 8.828958e+02
    endloop
  endfacet
  facet normal 1.000000e+00 -0.000000e+00 -0.000000e+00
    outer loop
      vertex   6.680000e+02 -3.921348e+02 8.828958e+02
      vertex   6.680000e+02 -3.893567e+02 8.821514e+02
      vertex   6.680000e+02 -4.500000e+02 9.498573e+02
    endloop
  endfacet
  facet normal 1.000000e+00 -0.000000e+00 0.000000e+00
    outer loop
      vertex   6.680000e+02 -3.843940e+02 8.792862e+02
      vertex   6.680000e+02 -3.823603e+02 8.772524e+02
      vertex   6.680000e+02 -2.990000e+02 9.498573e+02
    endloop
  endfacet
  facet normal 1.000000e+00 0.000000e+00 0.000000e+00
    outer loop
      vertex   6.680000e+02 -2.990000e+02 9.498573e+02
      vertex   6.680000e+02 -3.823603e+02 8.772524e+02
      vertex   6.680000e+02 -3.807106e+02 8.748964e+02
    endloop
  endfacet
  facet normal 1.000000e+00 0.000000e+00 0.000000e+00
    outer loop
      vertex   6.680000e+02 -2.990000e+02 9.498573e+02
      vertex   6.680000e+02 -3.807106e+02 8.748964e+02
      vertex   6.680000e+02 -3.794951e+02 8.722898e+02
    endloop
  endfacet
  facet normal 1.000000e+00 -0.000000e+00 0.000000e+00
    outer loop
      vertex   6.680000e+02 -3.794951e+02 8.722898e+02
      vertex   6.680000e+02 -3.787507e+02 8.695116e+02
      vertex   6.680000e+02 -2.990000e+02 9.498573e+02
    endloop
  endfacet
  facet normal 1.000000e+00 0.000000e+00 0.000000e+00
    outer loop
      vertex   6.680000e+02 -2.990000e+02 9.498573e+02
      vertex   6.680000e+02 -3.787507e+02 8.695116e+02
      vertex   6.680000e+02 -3.785000e+02 8.666464e+02
    endloop
  endfacet
  facet normal 1.000000e+00 0.000000e+00 0.000000e+00
    outer loop
      vertex   6.680000e+02 -2.990000e+02 9.498573e+02
      vertex   6.680000e+02 -3.785000e+02 8.666464e+02
      vertex   6.680000e+02 -3.787507e+02 8.637812e+02
    endloop
  endfacet
  facet normal 1.000000e+00 0.000000e+00 0.000000e+00
    outer loop
      vertex   6.680000e+02 -3.807106e+02 8.583964e+02
      vertex   6.680000e+02 -3.823603e+02 8.560404e+02
      vertex   6.680000e+02 -2.990000e+02 5.895216e+01
    endloop
  endfacet
  facet normal 1.000000e+00 0.000000e+00 0.000000e+00
    outer loop
      vertex   6.680000e+02 -2.990000e+02 5.895216e+01
      vertex   6.680000e+02 -3.823603e+02 8.560404e+02
      vertex   6.680000e+02 -3.843940e+02 8.540067e+02
    endloop
  endfacet
  facet normal 1.000000e+00 0.000000e+00 0.000000e+00
    outer loop
      vertex   6.680000e+02 -3.893567e+02 8.511415e+02
      vertex   6.680000e+02 -3.921348e+02 8.503971e+02
      vertex   6.680000e+02 -4.500000e+02 5.895216e+01
    endloop
  endfacet
  facet normal 1.000000e+00 0.000000e+00 0.000000e+00
    outer loop
      vertex   6.680000e+02 -4.500000e+02 5.895216e+01
      vertex   6.680000e+02 -3.921348e+02 8.503971e+02
      vertex   6.680000e+02 -3.950000e+02 8.501464e+02
    endloop
  endfacet
  facet normal 1.000000e+00 0.000000e+00 0.000000e+00
    outer loop
      vertex   6.680000e+02 -4.500000e+02 5.895216e+01
      vertex   6.680000e+02 -3.950000e+02 8.501464e+02
      vertex   6.680000e+02 -3.978652e+02 8.503971e+02
    endloop
  endfacet
  facet normal 1.000000e+00 0.000000e+00 0.000000e+00
    outer loop
      vertex   6.680000e+02 -3.978652e+02 8.503971e+02
      vertex   6.680000e+02 -4.006433e+02 8.511415e+02
      vertex   6.680000e+02 -4.500000e+02 5.895216e+01
    endloop
  endfacet
  facet normal 1.000000e+00 0.000000e+00 0.000000e+00
    outer loop
      vertex   6.680000e+02 -4.500000e+02 5.895216e+01
      vertex   6.680000e+02 -4.006433e+02 8.511415e+02
      vertex   6.680000e+02 -4.032500e+02 8.523570e+02
    endloop
  endfacet
  facet normal 1.000000e+00 0.000000e+00 0.000000e+00
    outer loop
      vertex   6.680000e+02 -4.500000e+02 5.895216e+01
      vertex   6.680000e+02 -4.032500e+02 8.523570e+02
      vertex   6.680000e+02 -4.056060e+02 8.540067e+02
    endloop
  endfacet
  facet normal 1.000000e+00 0.000000e+00 0.000000e+00
    outer loop
      vertex   6.680000e+02 -4.056060e+02 8.540067e+02
      vertex   6.680000e+02 -4.076397e+02 8.560404e+02
      vertex   6.680000e+02 -4.500000e+02 5.895216e+01
    endloop
  endfacet
  facet normal 1.000000e+00 0.000000e+00 0.000000e+00
    outer loop
      vertex   6.680000e+02 -4.500000e+02 5.895216e+01
      vertex   6.680000e+02 -4.076397e+02 8.560404e+02
      vertex   6.680000e+02 -4.092894e+02 8.583964e+02
    endloop
  endfacet
  facet normal 1.000000e+00 0.000000e+00 0.000000e+00
    outer loop
      vertex   6.680000e+02 -4.500000e+02 5.895216e+01
      vertex   6.680000e+02 -4.092894e+02 8.583964e+02
      vertex   6.680000e+02 -4.105049e+02 8.610031e+02
    endloop
  endfacet
  facet normal 1.000000e+00 0.000000e+00 0.000000e+00
    outer loop
      vertex   6.680000e+02 -4.105049e+02 8.610031e+02
      vertex   6.680000e+02 -4.112493e+02 8.637812e+02
      vertex   6.680000e+02 -4.500000e+02 5.895216e+01
    endloop
  endfacet
  facet normal 0.000000e+00 1.000000e+00 0.000000e+00
    outer loop
      vertex   6.700000e+02 4.500000e+02 9.498573e+02
      vertex   6.680000e+02 4.500000e+02 9.498573e+02
      vertex   6.660502e+02 4.500000e+02 9.508325e+02
    endloop
  endfacet
  facet normal 0.000000e+00 1.000000e+00 0.000000e+00
    outer loop
      vertex   6.660502e+02 4.500000e+02 9.508325e+02
      vertex   6.680000e+02 4.500000e+02 9.498573e+02
      vertex   6.680000e+02 4.500000e+02 5.895216e+01
    endloop
  endfacet
  facet normal 0.000000e+00 1.000000e+00 0.000000e+00
    outer loop
      vertex   6.660502e+02 4.500000e+02 9.508325e+02
      vertex   6.680000e+02 4.500000e+02 5.895216e+01
      vertex   6.620246e+02 4.500000e+02 9.514212e+02
    endloop
  endfacet
  facet normal 0.000000e+00 1.000000e+00 0.000000e+00
    outer loop
      vertex   6.620246e+02 4.500000e+02 9.514212e+02
      vertex   6.680000e+02 4.500000e+02 5.895216e+01
      vertex   6.579610e+02 4.500000e+02 9.516181e+02
    endloop
  endfacet
  facet normal 0.000000e+00 1.000000e+00 0.000000e+00
    outer loop
      vertex   6.579610e+02 4.500000e+02 9.516181e+02
      vertex   6.680000e+02 4.500000e+02 5.895216e+01
      vertex   6.420000e+02 4.500000e+02 5.895216e+01
    endloop
  endfacet
  facet normal 0.000000e+00 1.000000e+00 0.000000e+00
    outer loop
      vertex   6.579610e+02 4.500000e+02 9.516181e+02
      vertex   6.420000e+02 4.500000e+02 5.895216e+01
      vertex   6.420000e+02 4.500000e+02 9.516181e+02
    endloop
  endfacet
  facet normal -0.000000e+00 -1.000000e+00 -0.000000e+00
    outer loop
      vertex   6.680000e+02 -4.500000e+02 9.498573e+02
      vertex   6.660502e+02 -4.500000e+02 9.508325e+02
      vertex   6.680000e+02 -4.500000e+02 5.895216e+01
    endloop
  endfacet
  facet normal 0.000000e+00 -1.000000e+00 0.000000e+00
    outer loop
      vertex   6.680000e+02 -4.500000e+02 5.895216e+01
      vertex   6.660502e+02 -4.500000e+02 9.508325e+02
      vertex   6.620246e+02 -4.500000e+02 9.514212e+02
    endloop
  endfacet
  facet normal 0.000000e+00 -1.000000e+00 0.000000e+00
    outer loop
      vertex   6.680000e+02 -4.500000e+02 5.895216e+01
      vertex   6.620246e+02 -4.500000e+02 9.514212e+02
      vertex   6.579610e+02 -4.500000e+02 9.516181e+02
    endloop
  endfacet
  facet normal 0.000000e+00 -1.000000e+00 0.000000e+00
    outer loop
      vertex   6.680000e+02 -4.500000e+02 9.498573e+02
      vertex   6.700000e+02 -4.500000e+02 9.498573e+02
      vertex   6.660502e+02 -4.500000e+02 9.508325e+02
    endloop
  endfacet
  facet normal 0.000000e+00 -1.000000e+00 0.000000e+00
    outer loop
      vertex   6.420000e+02 -4.500000e+02 9.516181e+02
      vertex   6.420000e+02 -4.500000e+02 5.895216e+01
      vertex   6.579610e+02 -4.500000e+02 9.516181e+02
    endloop
  endfacet
  facet normal 0.000000e+00 -1.000000e+00 -0.000000e+00
    outer loop
      vertex   6.579610e+02 -4.500000e+02 9.516181e+02
      vertex   6.420000e+02 -4.500000e+02 5.895216e+01
      vertex   6.680000e+02 -4.500000e+02 5.895216e+01
    endloop
  endfacet
  facet normal 3.370586e-01 -1.425951e-03 9.414826e-01
    outer loop
      vertex   6.742209e+02 -2.990000e+02 9.483462e+02
      vertex   6.709518e+02 -2.700000e+02 9.495605e+02
      vertex   6.700000e+02 -2.990000e+02 9.498573e+02
    endloop
  endfacet
  facet normal 2.588188e-01 1.392008e-03 9.659249e-01
    outer loop
      vertex   6.700000e+02 -2.990000e+02 9.498573e+02
      vertex   6.709518e+02 -2.700000e+02 9.495605e+02
      vertex   6.667014e+02 -2.700000e+02 9.506994e+02
    endloop
  endfacet
  facet normal 2.473472e-01 -1.870110e-20 9.689269e-01
    outer loop
      vertex   6.700000e+02 -2.990000e+02 9.498573e+02
      vertex   6.667014e+02 -2.700000e+02 9.506994e+02
      vertex   6.667014e+02 -3.600000e+02 9.506994e+02
    endloop
  endfacet
  facet normal 1.564345e-01 -0.000000e+00 9.876883e-01
    outer loop
      vertex   6.667014e+02 -3.600000e+02 9.506994e+02
      vertex   6.667014e+02 -2.700000e+02 9.506994e+02
      vertex   6.623553e+02 -3.600000e+02 9.513878e+02
    endloop
  endfacet
  facet normal 1.564345e-01 3.281927e-04 9.876883e-01
    outer loop
      vertex   6.667014e+02 -3.600000e+02 9.506994e+02
      vertex   6.623553e+02 -3.600000e+02 9.513878e+02
      vertex   6.660502e+02 -4.500000e+02 9.508325e+02
    endloop
  endfacet
  facet normal 1.447117e-01 -1.640976e-04 9.894738e-01
    outer loop
      vertex   6.660502e+02 -4.500000e+02 9.508325e+02
      vertex   6.623553e+02 -3.600000e+02 9.513878e+02
      vertex   6.620246e+02 -4.500000e+02 9.514212e+02
    endloop
  endfacet
  facet normal 4.838830e-02 1.932544e-04 9.988286e-01
    outer loop
      vertex   6.620246e+02 -4.500000e+02 9.514212e+02
      vertex   6.623553e+02 -3.600000e+02 9.513878e+02
      vertex   6.579610e+02 -4.500000e+02 9.516181e+02
    endloop
  endfacet
  facet normal 5.233596e-02 3.535160e-20 9.986295e-01
    outer loop
      vertex   6.579610e+02 -4.500000e+02 9.516181e+02
      vertex   6.623553e+02 -3.600000e+02 9.513878e+02
      vertex   6.623553e+02 -2.700000e+02 9.513878e+02
    endloop
  endfacet
  facet normal 5.233596e-02 3.535160e-20 9.986295e-01
    outer loop
      vertex   6.579610e+02 -4.500000e+02 9.516181e+02
      vertex   6.623553e+02 -2.700000e+02 9.513878e+02
      vertex   6.623553e+02 -1.800000e+02 9.513878e+02
    endloop
  endfacet
  facet normal 1.564345e-01 0.000000e+00 9.876883e-01
    outer loop
      vertex   6.623553e+02 -1.800000e+02 9.513878e+02
      vertex   6.623553e+02 -2.700000e+02 9.513878e+02
      vertex   6.667014e+02 -1.800000e+02 9.506994e+02
    endloop
  endfacet
  facet normal 1.564345e-01 1.920097e-19 9.876883e-01
    outer loop
      vertex   6.623553e+02 -1.800000e+02 9.513878e+02
      vertex   6.667014e+02 -1.800000e+02 9.506994e+02
      vertex   6.667014e+02 -9.000000e+01 9.506994e+02
    endloop
  endfacet
  facet normal 2.588190e-01 0.000000e+00 9.659258e-01
    outer loop
      vertex   6.667014e+02 -9.000000e+01 9.506994e+02
      vertex   6.667014e+02 -1.800000e+02 9.506994e+02
      vertex   6.709518e+02 -9.000000e+01 9.495605e+02
    endloop
  endfacet
  facet normal 2.588190e-01 -3.134774e-20 9.659258e-01
    outer loop
      vertex   6.667014e+02 -9.000000e+01 9.506994e+02
      vertex   6.709518e+02 -9.000000e+01 9.495605e+02
      vertex   6.709518e+02 0.000000e+00 9.495605e+02
    endloop
  endfacet
  facet normal 3.583679e-01 0.000000e+00 9.335804e-01
    outer loop
      vertex   6.709518e+02 0.000000e+00 9.495605e+02
      vertex   6.709518e+02 -9.000000e+01 9.495605e+02
      vertex   6.750598e+02 0.000000e+00 9.479836e+02
    endloop
  endfacet
  facet normal 3.583679e-01 -1.370195e-20 9.335804e-01
    outer loop
      vertex   6.709518e+02 0.000000e+00 9.495605e+02
      vertex   6.750598e+02 0.000000e+00 9.479836e+02
      vertex   6.750598e+02 9.000000e+01 9.479836e+02
    endloop
  endfacet
  facet normal 4.539905e-01 0.000000e+00 8.910065e-01
    outer loop
      vertex   6.750598e+02 9.000000e+01 9.479836e+02
      vertex   6.750598e+02 0.000000e+00 9.479836e+02
      vertex   6.789805e+02 9.000000e+01 9.459859e+02
    endloop
  endfacet
  facet normal 4.539905e-01 8.694839e-19 8.910065e-01
    outer loop
      vertex   6.750598e+02 9.000000e+01 9.479836e+02
      vertex   6.789805e+02 9.000000e+01 9.459859e+02
      vertex   6.789805e+02 1.800000e+02 9.459859e+02
    endloop
  endfacet
  facet normal 5.446390e-01 0.000000e+00 8.386706e-01
    outer loop
      vertex   6.789805e+02 1.800000e+02 9.459859e+02
      vertex   6.789805e+02 9.000000e+01 9.459859e+02
      vertex   6.826709e+02 1.800000e+02 9.435893e+02
    endloop
  endfacet
  facet normal 5.446390e-01 1.806113e-18 8.386706e-01
    outer loop
      vertex   6.789805e+02 1.800000e+02 9.459859e+02
      vertex   6.826709e+02 1.800000e+02 9.435893e+02
      vertex   6.826709e+02 2.700000e+02 9.435893e+02
    endloop
  endfacet
  facet normal 6.293204e-01 0.000000e+00 7.771460e-01
    outer loop
      vertex   6.826709e+02 2.700000e+02 9.435893e+02
      vertex   6.826709e+02 1.800000e+02 9.435893e+02
      vertex   6.860906e+02 2.700000e+02 9.408201e+02
    endloop
  endfacet
  facet normal 6.293201e-01 -1.018529e-03 7.771456e-01
    outer loop
      vertex   6.826709e+02 2.700000e+02 9.435893e+02
      vertex   6.860906e+02 2.700000e+02 9.408201e+02
      vertex   6.855931e+02 2.990000e+02 9.412609e+02
    endloop
  endfacet
  facet normal 6.965480e-01 1.041154e-03 7.175094e-01
    outer loop
      vertex   6.855931e+02 2.990000e+02 9.412609e+02
      vertex   6.860906e+02 2.700000e+02 9.408201e+02
      vertex   6.888099e+02 2.990000e+02 9.381381e+02
    endloop
  endfacet
  facet normal 7.071065e-01 -9.110118e-04 7.071065e-01
    outer loop
      vertex   6.888099e+02 2.990000e+02 9.381381e+02
      vertex   6.860906e+02 2.700000e+02 9.408201e+02
      vertex   6.892021e+02 2.700000e+02 9.377086e+02
    endloop
  endfacet
  facet normal 7.689974e-01 9.308080e-04 6.392513e-01
    outer loop
      vertex   6.888099e+02 2.990000e+02 9.381381e+02
      vertex   6.892021e+02 2.700000e+02 9.377086e+02
      vertex   6.916759e+02 2.990000e+02 9.346905e+02
    endloop
  endfacet
  facet normal 7.771457e-01 -7.978372e-04 6.293202e-01
    outer loop
      vertex   6.916759e+02 2.990000e+02 9.346905e+02
      vertex   6.892021e+02 2.700000e+02 9.377086e+02
      vertex   6.919713e+02 2.700000e+02 9.342890e+02
    endloop
  endfacet
  facet normal 8.327007e-01 8.148046e-04 5.537227e-01
    outer loop
      vertex   6.916759e+02 2.990000e+02 9.346905e+02
      vertex   6.919713e+02 2.700000e+02 9.342890e+02
      vertex   6.941584e+02 2.990000e+02 9.309573e+02
    endloop
  endfacet
  facet normal 8.386704e-01 -6.790051e-04 5.446389e-01
    outer loop
      vertex   6.941584e+02 2.990000e+02 9.309573e+02
      vertex   6.919713e+02 2.700000e+02 9.342890e+02
      vertex   6.943678e+02 2.700000e+02 9.305986e+02
    endloop
  endfacet
  facet normal 8.869336e-01 6.931440e-04 4.618965e-01
    outer loop
      vertex   6.941584e+02 2.990000e+02 9.309573e+02
      vertex   6.943678e+02 2.700000e+02 9.305986e+02
      vertex   6.962292e+02 2.990000e+02 9.269809e+02
    endloop
  endfacet
  facet normal 8.910064e-01 -5.545160e-04 4.539904e-01
    outer loop
      vertex   6.962292e+02 2.990000e+02 9.269809e+02
      vertex   6.943678e+02 2.700000e+02 9.305986e+02
      vertex   6.963655e+02 2.700000e+02 9.266779e+02
    endloop
  endfacet
  facet normal 9.310791e-01 5.658266e-04 3.648170e-01
    outer loop
      vertex   6.962292e+02 2.990000e+02 9.269809e+02
      vertex   6.963655e+02 2.700000e+02 9.266779e+02
      vertex   6.978647e+02 2.990000e+02 9.228066e+02
    endloop
  endfacet
  facet normal 9.335803e-01 -4.243705e-04 3.583679e-01
    outer loop
      vertex   6.978647e+02 2.990000e+02 9.228066e+02
      vertex   6.963655e+02 2.700000e+02 9.266779e+02
      vertex   6.979425e+02 2.700000e+02 9.225698e+02
    endloop
  endfacet
  facet normal 9.646352e-01 4.328530e-04 2.635883e-01
    outer loop
      vertex   6.978647e+02 2.990000e+02 9.228066e+02
      vertex   6.979425e+02 2.700000e+02 9.225698e+02
      vertex   6.990465e+02 2.990000e+02 9.184819e+02
    endloop
  endfacet
  facet normal 9.659258e-01 -2.885689e-04 2.588190e-01
    outer loop
      vertex   6.990465e+02 2.990000e+02 9.184819e+02
      vertex   6.979425e+02 2.700000e+02 9.225698e+02
      vertex   6.990813e+02 2.700000e+02 9.183195e+02
    endloop
  endfacet
  facet normal 9.872202e-01 2.942237e-04 1.593618e-01
    outer loop
      vertex   6.990465e+02 2.990000e+02 9.184819e+02
      vertex   6.990813e+02 2.700000e+02 9.183195e+02
      vertex   6.997609e+02 2.990000e+02 9.140560e+02
    endloop
  endfacet
  facet normal 9.876883e-01 -1.471119e-04 1.564345e-01
    outer loop
      vertex   6.997609e+02 2.990000e+02 9.140560e+02
      vertex   6.990813e+02 2.700000e+02 9.183195e+02
      vertex   6.997697e+02 2.700000e+02 9.139733e+02
    endloop
  endfacet
  facet normal 9.985773e-01 1.499391e-04 5.332274e-02
    outer loop
      vertex   6.997609e+02 2.990000e+02 9.140560e+02
      vertex   6.997697e+02 2.700000e+02 9.139733e+02
      vertex   7.000000e+02 2.990000e+02 9.095791e+02
    endloop
  endfacet
  facet normal 9.986295e-01 1.599082e-19 5.233596e-02
    outer loop
      vertex   7.000000e+02 2.990000e+02 9.095791e+02
      vertex   6.997697e+02 2.700000e+02 9.139733e+02
      vertex   6.997697e+02 1.800000e+02 9.139733e+02
    endloop
  endfacet
  facet normal 9.986295e-01 1.599082e-19 5.233596e-02
    outer loop
      vertex   7.000000e+02 2.990000e+02 9.095791e+02
      vertex   6.997697e+02 1.800000e+02 9.139733e+02
      vertex   6.997697e+02 9.000000e+01 9.139733e+02
    endloop
  endfacet
  facet normal 9.876883e-01 -0.000000e+00 1.564345e-01
    outer loop
      vertex   6.997697e+02 9.000000e+01 9.139733e+02
      vertex   6.997697e+02 1.800000e+02 9.139733e+02
      vertex   6.990813e+02 9.000000e+01 9.183195e+02
    endloop
  endfacet
  facet normal 9.876883e-01 1.920097e-19 1.564345e-01
    outer loop
      vertex   6.997697e+02 9.000000e+01 9.139733e+02
      vertex   6.990813e+02 9.000000e+01 9.183195e+02
      vertex   6.990813e+02 0.000000e+00 9.183195e+02
    endloop
  endfacet
  facet normal 9.659258e-01 -0.000000e+00 2.588190e-01
    outer loop
      vertex   6.990813e+02 0.000000e+00 9.183195e+02
      vertex   6.990813e+02 9.000000e+01 9.183195e+02
      vertex   6.979425e+02 0.000000e+00 9.225698e+02
    endloop
  endfacet
  facet normal 9.659258e-01 7.367797e-20 2.588190e-01
    outer loop
      vertex   6.990813e+02 0.000000e+00 9.183195e+02
      vertex   6.979425e+02 0.000000e+00 9.225698e+02
      vertex   6.979425e+02 -9.000000e+01 9.225698e+02
    endloop
  endfacet
  facet normal 9.335804e-01 -0.000000e+00 3.583679e-01
    outer loop
      vertex   6.979425e+02 -9.000000e+01 9.225698e+02
      vertex   6.979425e+02 0.000000e+00 9.225698e+02
      vertex   6.963655e+02 -9.000000e+01 9.266779e+02
    endloop
  endfacet
  facet normal 9.335804e-01 3.705929e-19 3.583679e-01
    outer loop
      vertex   6.979425e+02 -9.000000e+01 9.225698e+02
      vertex   6.963655e+02 -9.000000e+01 9.266779e+02
      vertex   6.963655e+02 -1.800000e+02 9.266779e+02
    endloop
  endfacet
  facet normal 8.910065e-01 -0.000000e+00 4.539905e-01
    outer loop
      vertex   6.963655e+02 -1.800000e+02 9.266779e+02
      vertex   6.963655e+02 -9.000000e+01 9.266779e+02
      vertex   6.943678e+02 -1.800000e+02 9.305986e+02
    endloop
  endfacet
  facet normal 8.910065e-01 -1.298564e-19 4.539905e-01
    outer loop
      vertex   6.963655e+02 -1.800000e+02 9.266779e+02
      vertex   6.943678e+02 -1.800000e+02 9.305986e+02
      vertex   6.943678e+02 -2.700000e+02 9.305986e+02
    endloop
  endfacet
  facet normal 8.386706e-01 -0.000000e+00 5.446390e-01
    outer loop
      vertex   6.943678e+02 -2.700000e+02 9.305986e+02
      vertex   6.943678e+02 -1.800000e+02 9.305986e+02
      vertex   6.919713e+02 -2.700000e+02 9.342890e+02
    endloop
  endfacet
  facet normal 8.386704e-01 6.790051e-04 5.446389e-01
    outer loop
      vertex   6.943678e+02 -2.700000e+02 9.305986e+02
      vertex   6.919713e+02 -2.700000e+02 9.342890e+02
      vertex   6.941584e+02 -2.990000e+02 9.309573e+02
    endloop
  endfacet
  facet normal 8.327007e-01 -8.148046e-04 5.537227e-01
    outer loop
      vertex   6.941584e+02 -2.990000e+02 9.309573e+02
      vertex   6.919713e+02 -2.700000e+02 9.342890e+02
      vertex   6.916759e+02 -2.990000e+02 9.346905e+02
    endloop
  endfacet
  facet normal 7.771457e-01 7.978372e-04 6.293202e-01
    outer loop
      vertex   6.916759e+02 -2.990000e+02 9.346905e+02
      vertex   6.919713e+02 -2.700000e+02 9.342890e+02
      vertex   6.892021e+02 -2.700000e+02 9.377086e+02
    endloop
  endfacet
  facet normal 7.689974e-01 -9.308080e-04 6.392513e-01
    outer loop
      vertex   6.916759e+02 -2.990000e+02 9.346905e+02
      vertex   6.892021e+02 -2.700000e+02 9.377086e+02
      vertex   6.888099e+02 -2.990000e+02 9.381381e+02
    endloop
  endfacet
  facet normal 7.071065e-01 9.110118e-04 7.071065e-01
    outer loop
      vertex   6.888099e+02 -2.990000e+02 9.381381e+02
      vertex   6.892021e+02 -2.700000e+02 9.377086e+02
      vertex   6.860906e+02 -2.700000e+02 9.408201e+02
    endloop
  endfacet
  facet normal 6.965480e-01 -1.041154e-03 7.175094e-01
    outer loop
      vertex   6.888099e+02 -2.990000e+02 9.381381e+02
      vertex   6.860906e+02 -2.700000e+02 9.408201e+02
      vertex   6.855931e+02 -2.990000e+02 9.412609e+02
    endloop
  endfacet
  facet normal 6.293201e-01 1.018529e-03 7.771456e-01
    outer loop
      vertex   6.855931e+02 -2.990000e+02 9.412609e+02
      vertex   6.860906e+02 -2.700000e+02 9.408201e+02
      vertex   6.826709e+02 -2.700000e+02 9.435893e+02
    endloop
  endfacet
  facet normal 6.161766e-01 -1.145841e-03 7.876072e-01
    outer loop
      vertex   6.855931e+02 -2.990000e+02 9.412609e+02
      vertex   6.826709e+02 -2.700000e+02 9.435893e+02
      vertex   6.820621e+02 -2.990000e+02 9.440234e+02
    endloop
  endfacet
  facet normal 5.446387e-01 1.120387e-03 8.386700e-01
    outer loop
      vertex   6.820621e+02 -2.990000e+02 9.440234e+02
      vertex   6.826709e+02 -2.700000e+02 9.435893e+02
      vertex   6.789805e+02 -2.700000e+02 9.459859e+02
    endloop
  endfacet
  facet normal 5.287974e-01 -1.244870e-03 8.487472e-01
    outer loop
      vertex   6.820621e+02 -2.990000e+02 9.440234e+02
      vertex   6.789805e+02 -2.700000e+02 9.459859e+02
      vertex   6.782569e+02 -2.990000e+02 9.463942e+02
    endloop
  endfacet
  facet normal 4.539902e-01 1.216587e-03 8.910059e-01
    outer loop
      vertex   6.782569e+02 -2.990000e+02 9.463942e+02
      vertex   6.789805e+02 -2.700000e+02 9.459859e+02
      vertex   6.750598e+02 -2.700000e+02 9.479836e+02
    endloop
  endfacet
  facet normal 4.354040e-01 -1.338241e-03 9.002342e-01
    outer loop
      vertex   6.782569e+02 -2.990000e+02 9.463942e+02
      vertex   6.750598e+02 -2.700000e+02 9.479836e+02
      vertex   6.742209e+02 -2.990000e+02 9.483462e+02
    endloop
  endfacet
  facet normal 3.583676e-01 1.307127e-03 9.335796e-01
    outer loop
      vertex   6.742209e+02 -2.990000e+02 9.483462e+02
      vertex   6.750598e+02 -2.700000e+02 9.479836e+02
      vertex   6.709518e+02 -2.700000e+02 9.495605e+02
    endloop
  endfacet
  facet normal 8.869336e-01 -6.931440e-04 4.618965e-01
    outer loop
      vertex   6.941584e+02 -2.990000e+02 9.309573e+02
      vertex   6.962292e+02 -2.990000e+02 9.269809e+02
      vertex   6.943678e+02 -2.700000e+02 9.305986e+02
    endloop
  endfacet
  facet normal 8.910064e-01 5.545160e-04 4.539904e-01
    outer loop
      vertex   6.943678e+02 -2.700000e+02 9.305986e+02
      vertex   6.962292e+02 -2.990000e+02 9.269809e+02
      vertex   6.963655e+02 -2.700000e+02 9.266779e+02
    endloop
  endfacet
  facet normal 8.910065e-01 -1.298564e-19 4.539905e-01
    outer loop
      vertex   6.943678e+02 -2.700000e+02 9.305986e+02
      vertex   6.963655e+02 -2.700000e+02 9.266779e+02
      vertex   6.963655e+02 -1.800000e+02 9.266779e+02
    endloop
  endfacet
  facet normal 9.335804e-01 0.000000e+00 3.583679e-01
    outer loop
      vertex   6.963655e+02 -1.800000e+02 9.266779e+02
      vertex   6.963655e+02 -2.700000e+02 9.266779e+02
      vertex   6.979425e+02 -1.800000e+02 9.225698e+02
    endloop
  endfacet
  facet normal 9.335804e-01 3.705929e-19 3.583679e-01
    outer loop
      vertex   6.963655e+02 -1.800000e+02 9.266779e+02
      vertex   6.979425e+02 -1.800000e+02 9.225698e+02
      vertex   6.979425e+02 -9.000000e+01 9.225698e+02
    endloop
  endfacet
  facet normal 9.659258e-01 0.000000e+00 2.588190e-01
    outer loop
      vertex   6.979425e+02 -9.000000e+01 9.225698e+02
      vertex   6.979425e+02 -1.800000e+02 9.225698e+02
      vertex   6.990813e+02 -9.000000e+01 9.183195e+02
    endloop
  endfacet
  facet normal 9.659258e-01 7.367797e-20 2.588190e-01
    outer loop
      vertex   6.979425e+02 -9.000000e+01 9.225698e+02
      vertex   6.990813e+02 -9.000000e+01 9.183195e+02
      vertex   6.990813e+02 0.000000e+00 9.183195e+02
    endloop
  endfacet
  facet normal 9.876883e-01 0.000000e+00 1.564345e-01
    outer loop
      vertex   6.990813e+02 0.000000e+00 9.183195e+02
      vertex   6.990813e+02 -9.000000e+01 9.183195e+02
      vertex   6.997697e+02 0.000000e+00 9.139733e+02
    endloop
  endfacet
  facet normal 9.876883e-01 1.920097e-19 1.564345e-01
    outer loop
      vertex   6.990813e+02 0.000000e+00 9.183195e+02
      vertex   6.997697e+02 0.000000e+00 9.139733e+02
      vertex   6.997697e+02 9.000000e+01 9.139733e+02
    endloop
  endfacet
  facet normal 9.986295e-01 0.000000e+00 5.233596e-02
    outer loop
      vertex   6.997697e+02 9.000000e+01 9.139733e+02
      vertex   6.997697e+02 0.000000e+00 9.139733e+02
      vertex   7.000000e+02 2.990000e+02 9.095791e+02
    endloop
  endfacet
  facet normal 9.310791e-01 -5.658266e-04 3.648170e-01
    outer loop
      vertex   6.962292e+02 -2.990000e+02 9.269809e+02
      vertex   6.978647e+02 -2.990000e+02 9.228066e+02
      vertex   6.963655e+02 -2.700000e+02 9.266779e+02
    endloop
  endfacet
  facet normal 9.335803e-01 4.243705e-04 3.583679e-01
    outer loop
      vertex   6.963655e+02 -2.700000e+02 9.266779e+02
      vertex   6.978647e+02 -2.990000e+02 9.228066e+02
      vertex   6.979425e+02 -2.700000e+02 9.225698e+02
    endloop
  endfacet
  facet normal 9.335804e-01 3.705929e-19 3.583679e-01
    outer loop
      vertex   6.963655e+02 -2.700000e+02 9.266779e+02
      vertex   6.979425e+02 -2.700000e+02 9.225698e+02
      vertex   6.979425e+02 -1.800000e+02 9.225698e+02
    endloop
  endfacet
  facet normal 9.659258e-01 0.000000e+00 2.588190e-01
    outer loop
      vertex   6.979425e+02 -1.800000e+02 9.225698e+02
      vertex   6.979425e+02 -2.700000e+02 9.225698e+02
      vertex   6.990813e+02 -1.800000e+02 9.183195e+02
    endloop
  endfacet
  facet normal 9.659258e-01 7.367797e-20 2.588190e-01
    outer loop
      vertex   6.979425e+02 -1.800000e+02 9.225698e+02
      vertex   6.990813e+02 -1.800000e+02 9.183195e+02
      vertex   6.990813e+02 -9.000000e+01 9.183195e+02
    endloop
  endfacet
  facet normal 9.876883e-01 0.000000e+00 1.564345e-01
    outer loop
      vertex   6.990813e+02 -9.000000e+01 9.183195e+02
      vertex   6.990813e+02 -1.800000e+02 9.183195e+02
      vertex   6.997697e+02 -9.000000e+01 9.139733e+02
    endloop
  endfacet
  facet normal 9.876883e-01 1.920097e-19 1.564345e-01
    outer loop
      vertex   6.990813e+02 -9.000000e+01 9.183195e+02
      vertex   6.997697e+02 -9.000000e+01 9.139733e+02
      vertex   6.997697e+02 0.000000e+00 9.139733e+02
    endloop
  endfacet
  facet normal 9.986295e-01 0.000000e+00 5.233596e-02
    outer loop
      vertex   6.997697e+02 0.000000e+00 9.139733e+02
      vertex   6.997697e+02 -9.000000e+01 9.139733e+02
      vertex   7.000000e+02 -2.990000e+02 9.095791e+02
    endloop
  endfacet
  facet normal 9.986295e-01 2.406646e-20 5.233596e-02
    outer loop
      vertex   6.997697e+02 0.000000e+00 9.139733e+02
      vertex   7.000000e+02 -2.990000e+02 9.095791e+02
      vertex   7.000000e+02 2.990000e+02 9.095791e+02
    endloop
  endfacet
  facet normal 9.646352e-01 -4.328530e-04 2.635883e-01
    outer loop
      vertex   6.978647e+02 -2.990000e+02 9.228066e+02
      vertex   6.990465e+02 -2.990000e+02 9.184819e+02
      vertex   6.979425e+02 -2.700000e+02 9.225698e+02
    endloop
  endfacet
  facet normal 9.659258e-01 2.885689e-04 2.588190e-01
    outer loop
      vertex   6.979425e+02 -2.700000e+02 9.225698e+02
      vertex   6.990465e+02 -2.990000e+02 9.184819e+02
      vertex   6.990813e+02 -2.700000e+02 9.183195e+02
    endloop
  endfacet
  facet normal 9.659258e-01 7.367797e-20 2.588190e-01
    outer loop
      vertex   6.979425e+02 -2.700000e+02 9.225698e+02
      vertex   6.990813e+02 -2.700000e+02 9.183195e+02
      vertex   6.990813e+02 -1.800000e+02 9.183195e+02
    endloop
  endfacet
  facet normal 9.876883e-01 0.000000e+00 1.564345e-01
    outer loop
      vertex   6.990813e+02 -1.800000e+02 9.183195e+02
      vertex   6.990813e+02 -2.700000e+02 9.183195e+02
      vertex   6.997697e+02 -1.800000e+02 9.139733e+02
    endloop
  endfacet
  facet normal 9.876883e-01 1.920097e-19 1.564345e-01
    outer loop
      vertex   6.990813e+02 -1.800000e+02 9.183195e+02
      vertex   6.997697e+02 -1.800000e+02 9.139733e+02
      vertex   6.997697e+02 -9.000000e+01 9.139733e+02
    endloop
  endfacet
  facet normal 9.986295e-01 0.000000e+00 5.233596e-02
    outer loop
      vertex   6.997697e+02 -9.000000e+01 9.139733e+02
      vertex   6.997697e+02 -1.800000e+02 9.139733e+02
      vertex   7.000000e+02 -2.990000e+02 9.095791e+02
    endloop
  endfacet
  facet normal 9.872202e-01 -2.942237e-04 1.593618e-01
    outer loop
      vertex   6.990465e+02 -2.990000e+02 9.184819e+02
      vertex   6.997609e+02 -2.990000e+02 9.140560e+02
      vertex   6.990813e+02 -2.700000e+02 9.183195e+02
    endloop
  endfacet
  facet normal 9.876883e-01 1.471119e-04 1.564345e-01
    outer loop
      vertex   6.990813e+02 -2.700000e+02 9.183195e+02
      vertex   6.997609e+02 -2.990000e+02 9.140560e+02
      vertex   6.997697e+02 -2.700000e+02 9.139733e+02
    endloop
  endfacet
  facet normal 9.876883e-01 1.920097e-19 1.564345e-01
    outer loop
      vertex   6.990813e+02 -2.700000e+02 9.183195e+02
      vertex   6.997697e+02 -2.700000e+02 9.139733e+02
      vertex   6.997697e+02 -1.800000e+02 9.139733e+02
    endloop
  endfacet
  facet normal 9.986295e-01 0.000000e+00 5.233596e-02
    outer loop
      vertex   6.997697e+02 -1.800000e+02 9.139733e+02
      vertex   6.997697e+02 -2.700000e+02 9.139733e+02
      vertex   7.000000e+02 -2.990000e+02 9.095791e+02
    endloop
  endfacet
  facet normal 9.985773e-01 -1.499391e-04 5.332274e-02
    outer loop
      vertex   6.997609e+02 -2.990000e+02 9.140560e+02
      vertex   7.000000e+02 -2.990000e+02 9.095791e+02
      vertex   6.997697e+02 -2.700000e+02 9.139733e+02
    endloop
  endfacet
  facet normal 6.161766e-01 1.145841e-03 7.876072e-01
    outer loop
      vertex   6.855931e+02 2.990000e+02 9.412609e+02
      vertex   6.820621e+02 2.990000e+02 9.440234e+02
      vertex   6.826709e+02 2.700000e+02 9.435893e+02
    endloop
  endfacet
  facet normal 5.446387e-01 -1.120387e-03 8.386700e-01
    outer loop
      vertex   6.826709e+02 2.700000e+02 9.435893e+02
      vertex   6.820621e+02 2.990000e+02 9.440234e+02
      vertex   6.789805e+02 2.700000e+02 9.459859e+02
    endloop
  endfacet
  facet normal 5.446390e-01 1.806113e-18 8.386706e-01
    outer loop
      vertex   6.826709e+02 2.700000e+02 9.435893e+02
      vertex   6.789805e+02 2.700000e+02 9.459859e+02
      vertex   6.789805e+02 1.800000e+02 9.459859e+02
    endloop
  endfacet
  facet normal 4.539905e-01 -0.000000e+00 8.910065e-01
    outer loop
      vertex   6.789805e+02 1.800000e+02 9.459859e+02
      vertex   6.789805e+02 2.700000e+02 9.459859e+02
      vertex   6.750598e+02 1.800000e+02 9.479836e+02
    endloop
  endfacet
  facet normal 4.539905e-01 8.694839e-19 8.910065e-01
    outer loop
      vertex   6.789805e+02 1.800000e+02 9.459859e+02
      vertex   6.750598e+02 1.800000e+02 9.479836e+02
      vertex   6.750598e+02 9.000000e+01 9.479836e+02
    endloop
  endfacet
  facet normal 3.583679e-01 -0.000000e+00 9.335804e-01
    outer loop
      vertex   6.750598e+02 9.000000e+01 9.479836e+02
      vertex   6.750598e+02 1.800000e+02 9.479836e+02
      vertex   6.709518e+02 9.000000e+01 9.495605e+02
    endloop
  endfacet
  facet normal 3.583679e-01 -1.370195e-20 9.335804e-01
    outer loop
      vertex   6.750598e+02 9.000000e+01 9.479836e+02
      vertex   6.709518e+02 9.000000e+01 9.495605e+02
      vertex   6.709518e+02 0.000000e+00 9.495605e+02
    endloop
  endfacet
  facet normal 2.588190e-01 -0.000000e+00 9.659258e-01
    outer loop
      vertex   6.709518e+02 0.000000e+00 9.495605e+02
      vertex   6.709518e+02 9.000000e+01 9.495605e+02
      vertex   6.667014e+02 0.000000e+00 9.506994e+02
    endloop
  endfacet
  facet normal 2.588190e-01 -3.134774e-20 9.659258e-01
    outer loop
      vertex   6.709518e+02 0.000000e+00 9.495605e+02
      vertex   6.667014e+02 0.000000e+00 9.506994e+02
      vertex   6.667014e+02 -9.000000e+01 9.506994e+02
    endloop
  endfacet
  facet normal 1.564345e-01 -0.000000e+00 9.876883e-01
    outer loop
      vertex   6.667014e+02 -9.000000e+01 9.506994e+02
      vertex   6.667014e+02 0.000000e+00 9.506994e+02
      vertex   6.623553e+02 -9.000000e+01 9.513878e+02
    endloop
  endfacet
  facet normal 1.564345e-01 1.920097e-19 9.876883e-01
    outer loop
      vertex   6.667014e+02 -9.000000e+01 9.506994e+02
      vertex   6.623553e+02 -9.000000e+01 9.513878e+02
      vertex   6.623553e+02 -1.800000e+02 9.513878e+02
    endloop
  endfacet
  facet normal 5.233596e-02 -0.000000e+00 9.986295e-01
    outer loop
      vertex   6.623553e+02 -1.800000e+02 9.513878e+02
      vertex   6.623553e+02 -9.000000e+01 9.513878e+02
      vertex   6.579610e+02 -4.500000e+02 9.516181e+02
    endloop
  endfacet
  facet normal 5.287974e-01 1.244870e-03 8.487472e-01
    outer loop
      vertex   6.820621e+02 2.990000e+02 9.440234e+02
      vertex   6.782569e+02 2.990000e+02 9.463942e+02
      vertex   6.789805e+02 2.700000e+02 9.459859e+02
    endloop
  endfacet
  facet normal 4.539902e-01 -1.216587e-03 8.910059e-01
    outer loop
      vertex   6.789805e+02 2.700000e+02 9.459859e+02
      vertex   6.782569e+02 2.990000e+02 9.463942e+02
      vertex   6.750598e+02 2.700000e+02 9.479836e+02
    endloop
  endfacet
  facet normal 4.539905e-01 8.694839e-19 8.910065e-01
    outer loop
      vertex   6.789805e+02 2.700000e+02 9.459859e+02
      vertex   6.750598e+02 2.700000e+02 9.479836e+02
      vertex   6.750598e+02 1.800000e+02 9.479836e+02
    endloop
  endfacet
  facet normal 3.583679e-01 -0.000000e+00 9.335804e-01
    outer loop
      vertex   6.750598e+02 1.800000e+02 9.479836e+02
      vertex   6.750598e+02 2.700000e+02 9.479836e+02
      vertex   6.709518e+02 1.800000e+02 9.495605e+02
    endloop
  endfacet
  facet normal 3.583679e-01 -1.370195e-20 9.335804e-01
    outer loop
      vertex   6.750598e+02 1.800000e+02 9.479836e+02
      vertex   6.709518e+02 1.800000e+02 9.495605e+02
      vertex   6.709518e+02 9.000000e+01 9.495605e+02
    endloop
  endfacet
  facet normal 2.588190e-01 -0.000000e+00 9.659258e-01
    outer loop
      vertex   6.709518e+02 9.000000e+01 9.495605e+02
      vertex   6.709518e+02 1.800000e+02 9.495605e+02
      vertex   6.667014e+02 9.000000e+01 9.506994e+02
    endloop
  endfacet
  facet normal 2.588190e-01 -3.134774e-20 9.659258e-01
    outer loop
      vertex   6.709518e+02 9.000000e+01 9.495605e+02
      vertex   6.667014e+02 9.000000e+01 9.506994e+02
      vertex   6.667014e+02 0.000000e+00 9.506994e+02
    endloop
  endfacet
  facet normal 1.564345e-01 -0.000000e+00 9.876883e-01
    outer loop
      vertex   6.667014e+02 0.000000e+00 9.506994e+02
      vertex   6.667014e+02 9.000000e+01 9.506994e+02
      vertex   6.623553e+02 0.000000e+00 9.513878e+02
    endloop
  endfacet
  facet normal 1.564345e-01 1.920097e-19 9.876883e-01
    outer loop
      vertex   6.667014e+02 0.000000e+00 9.506994e+02
      vertex   6.623553e+02 0.000000e+00 9.513878e+02
      vertex   6.623553e+02 -9.000000e+01 9.513878e+02
    endloop
  endfacet
  facet normal 5.233596e-02 -0.000000e+00 9.986295e-01
    outer loop
      vertex   6.623553e+02 -9.000000e+01 9.513878e+02
      vertex   6.623553e+02 0.000000e+00 9.513878e+02
      vertex   6.579610e+02 -4.500000e+02 9.516181e+02
    endloop
  endfacet
  facet normal 4.354040e-01 1.338241e-03 9.002342e-01
    outer loop
      vertex   6.782569e+02 2.990000e+02 9.463942e+02
      vertex   6.742209e+02 2.990000e+02 9.483462e+02
      vertex   6.750598e+02 2.700000e+02 9.479836e+02
    endloop
  endfacet
  facet normal 3.583676e-01 -1.307127e-03 9.335796e-01
    outer loop
      vertex   6.750598e+02 2.700000e+02 9.479836e+02
      vertex   6.742209e+02 2.990000e+02 9.483462e+02
      vertex   6.709518e+02 2.700000e+02 9.495605e+02
    endloop
  endfacet
  facet normal 3.583679e-01 -1.370195e-20 9.335804e-01
    outer loop
      vertex   6.750598e+02 2.700000e+02 9.479836e+02
      vertex   6.709518e+02 2.700000e+02 9.495605e+02
      vertex   6.709518e+02 1.800000e+02 9.495605e+02
    endloop
  endfacet
  facet normal 2.588190e-01 -0.000000e+00 9.659258e-01
    outer loop
      vertex   6.709518e+02 1.800000e+02 9.495605e+02
      vertex   6.709518e+02 2.700000e+02 9.495605e+02
      vertex   6.667014e+02 1.800000e+02 9.506994e+02
    endloop
  endfacet
  facet normal 2.588190e-01 -3.134774e-20 9.659258e-01
    outer loop
      vertex   6.709518e+02 1.800000e+02 9.495605e+02
      vertex   6.667014e+02 1.800000e+02 9.506994e+02
      vertex   6.667014e+02 9.000000e+01 9.506994e+02
    endloop
  endfacet
  facet normal 1.564345e-01 -0.000000e+00 9.876883e-01
    outer loop
      vertex   6.667014e+02 9.000000e+01 9.506994e+02
      vertex   6.667014e+02 1.800000e+02 9.506994e+02
      vertex   6.623553e+02 9.000000e+01 9.513878e+02
    endloop
  endfacet
  facet normal 1.564345e-01 1.920097e-19 9.876883e-01
    outer loop
      vertex   6.667014e+02 9.000000e+01 9.506994e+02
      vertex   6.623553e+02 9.000000e+01 9.513878e+02
      vertex   6.623553e+02 0.000000e+00 9.513878e+02
    endloop
  endfacet
  facet normal 5.233596e-02 -0.000000e+00 9.986295e-01
    outer loop
      vertex   6.623553e+02 0.000000e+00 9.513878e+02
      vertex   6.623553e+02 9.000000e+01 9.513878e+02
      vertex   6.579610e+02 -4.500000e+02 9.516181e+02
    endloop
  endfacet
  facet normal 3.370586e-01 1.425951e-03 9.414826e-01
    outer loop
      vertex   6.742209e+02 2.990000e+02 9.483462e+02
      vertex   6.700000e+02 2.990000e+02 9.498573e+02
      vertex   6.709518e+02 2.700000e+02 9.495605e+02
    endloop
  endfacet
  facet normal 2.588188e-01 -1.392008e-03 9.659249e-01
    outer loop
      vertex   6.709518e+02 2.700000e+02 9.495605e+02
      vertex   6.700000e+02 2.990000e+02 9.498573e+02
      vertex   6.667014e+02 2.700000e+02 9.506994e+02
    endloop
  endfacet
  facet normal 2.588190e-01 -3.134774e-20 9.659258e-01
    outer loop
      vertex   6.709518e+02 2.700000e+02 9.495605e+02
      vertex   6.667014e+02 2.700000e+02 9.506994e+02
      vertex   6.667014e+02 1.800000e+02 9.506994e+02
    endloop
  endfacet
  facet normal 1.564345e-01 -0.000000e+00 9.876883e-01
    outer loop
      vertex   6.667014e+02 1.800000e+02 9.506994e+02
      vertex   6.667014e+02 2.700000e+02 9.506994e+02
      vertex   6.623553e+02 1.800000e+02 9.513878e+02
    endloop
  endfacet
  facet normal 1.564345e-01 1.920097e-19 9.876883e-01
    outer loop
      vertex   6.667014e+02 1.800000e+02 9.506994e+02
      vertex   6.623553e+02 1.800000e+02 9.513878e+02
      vertex   6.623553e+02 9.000000e+01 9.513878e+02
    endloop
  endfacet
  facet normal 5.233596e-02 -0.000000e+00 9.986295e-01
    outer loop
      vertex   6.623553e+02 9.000000e+01 9.513878e+02
      vertex   6.623553e+02 1.800000e+02 9.513878e+02
      vertex   6.579610e+02 -4.500000e+02 9.516181e+02
    endloop
  endfacet
  facet normal 2.473472e-01 -0.000000e+00 9.689269e-01
    outer loop
      vertex   6.667014e+02 2.700000e+02 9.506994e+02
      vertex   6.700000e+02 2.990000e+02 9.498573e+02
      vertex   6.667014e+02 3.600000e+02 9.506994e+02
    endloop
  endfacet
  facet normal 2.473472e-01 -1.114635e-20 9.689269e-01
    outer loop
      vertex   6.667014e+02 3.600000e+02 9.506994e+02
      vertex   6.700000e+02 2.990000e+02 9.498573e+02
      vertex   6.700000e+02 4.500000e+02 9.498573e+02
    endloop
  endfacet
  facet normal 2.396798e-01 2.990282e-04 9.708519e-01
    outer loop
      vertex   6.667014e+02 3.600000e+02 9.506994e+02
      vertex   6.700000e+02 4.500000e+02 9.498573e+02
      vertex   6.660502e+02 4.500000e+02 9.508325e+02
    endloop
  endfacet
  facet normal 1.564345e-01 -3.281927e-04 9.876883e-01
    outer loop
      vertex   6.667014e+02 3.600000e+02 9.506994e+02
      vertex   6.660502e+02 4.500000e+02 9.508325e+02
      vertex   6.623553e+02 3.600000e+02 9.513878e+02
    endloop
  endfacet
  facet normal 1.447117e-01 1.640976e-04 9.894738e-01
    outer loop
      vertex   6.623553e+02 3.600000e+02 9.513878e+02
      vertex   6.660502e+02 4.500000e+02 9.508325e+02
      vertex   6.620246e+02 4.500000e+02 9.514212e+02
    endloop
  endfacet
  facet normal 1.005966e-01 0.000000e+00 9.949273e-01
    outer loop
      vertex   6.623553e+02 3.600000e+02 9.513878e+02
      vertex   6.620246e+02 4.500000e+02 9.514212e+02
      vertex   6.623553e+02 2.700000e+02 9.513878e+02
    endloop
  endfacet
  facet normal 6.354614e-02 -6.862563e-05 9.979789e-01
    outer loop
      vertex   6.623553e+02 2.700000e+02 9.513878e+02
      vertex   6.620246e+02 4.500000e+02 9.514212e+02
      vertex   6.579610e+02 -4.500000e+02 9.516181e+02
    endloop
  endfacet
  facet normal 5.233596e-02 0.000000e+00 9.986295e-01
    outer loop
      vertex   6.623553e+02 2.700000e+02 9.513878e+02
      vertex   6.579610e+02 -4.500000e+02 9.516181e+02
      vertex   6.623553e+02 1.800000e+02 9.513878e+02
    endloop
  endfacet
  facet normal 4.838830e-02 -4.139680e-21 9.988286e-01
    outer loop
      vertex   6.620246e+02 4.500000e+02 9.514212e+02
      vertex   6.579610e+02 4.500000e+02 9.516181e+02
      vertex   6.579610e+02 -4.500000e+02 9.516181e+02
    endloop
  endfacet
  facet normal 2.396798e-01 -2.990282e-04 9.708519e-01
    outer loop
      vertex   6.660502e+02 -4.500000e+02 9.508325e+02
      vertex   6.700000e+02 -4.500000e+02 9.498573e+02
      vertex   6.667014e+02 -3.600000e+02 9.506994e+02
    endloop
  endfacet
  facet normal 2.473472e-01 -1.114635e-20 9.689269e-01
    outer loop
      vertex   6.667014e+02 -3.600000e+02 9.506994e+02
      vertex   6.700000e+02 -4.500000e+02 9.498573e+02
      vertex   6.700000e+02 -2.990000e+02 9.498573e+02
    endloop
  endfacet
  facet normal 2.588190e-01 -0.000000e+00 9.659258e-01
    outer loop
      vertex   6.709518e+02 -2.700000e+02 9.495605e+02
      vertex   6.709518e+02 -1.800000e+02 9.495605e+02
      vertex   6.667014e+02 -2.700000e+02 9.506994e+02
    endloop
  endfacet
  facet normal 2.588190e-01 -0.000000e+00 9.659258e-01
    outer loop
      vertex   6.667014e+02 -2.700000e+02 9.506994e+02
      vertex   6.709518e+02 -1.800000e+02 9.495605e+02
      vertex   6.667014e+02 -1.800000e+02 9.506994e+02
    endloop
  endfacet
  facet normal 1.564345e-01 -0.000000e+00 9.876883e-01
    outer loop
      vertex   6.667014e+02 -2.700000e+02 9.506994e+02
      vertex   6.667014e+02 -1.800000e+02 9.506994e+02
      vertex   6.623553e+02 -2.700000e+02 9.513878e+02
    endloop
  endfacet
  facet normal 2.588190e-01 -3.134774e-20 9.659258e-01
    outer loop
      vertex   6.667014e+02 -1.800000e+02 9.506994e+02
      vertex   6.709518e+02 -1.800000e+02 9.495605e+02
      vertex   6.709518e+02 -9.000000e+01 9.495605e+02
    endloop
  endfacet
  facet normal 3.583679e-01 0.000000e+00 9.335804e-01
    outer loop
      vertex   6.709518e+02 -9.000000e+01 9.495605e+02
      vertex   6.709518e+02 -1.800000e+02 9.495605e+02
      vertex   6.750598e+02 -9.000000e+01 9.479836e+02
    endloop
  endfacet
  facet normal 3.583679e-01 -1.370195e-20 9.335804e-01
    outer loop
      vertex   6.709518e+02 -9.000000e+01 9.495605e+02
      vertex   6.750598e+02 -9.000000e+01 9.479836e+02
      vertex   6.750598e+02 0.000000e+00 9.479836e+02
    endloop
  endfacet
  facet normal 4.539905e-01 0.000000e+00 8.910065e-01
    outer loop
      vertex   6.750598e+02 0.000000e+00 9.479836e+02
      vertex   6.750598e+02 -9.000000e+01 9.479836e+02
      vertex   6.789805e+02 0.000000e+00 9.459859e+02
    endloop
  endfacet
  facet normal 4.539905e-01 8.694839e-19 8.910065e-01
    outer loop
      vertex   6.750598e+02 0.000000e+00 9.479836e+02
      vertex   6.789805e+02 0.000000e+00 9.459859e+02
      vertex   6.789805e+02 9.000000e+01 9.459859e+02
    endloop
  endfacet
  facet normal 5.446390e-01 0.000000e+00 8.386706e-01
    outer loop
      vertex   6.789805e+02 9.000000e+01 9.459859e+02
      vertex   6.789805e+02 0.000000e+00 9.459859e+02
      vertex   6.826709e+02 9.000000e+01 9.435893e+02
    endloop
  endfacet
  facet normal 5.446390e-01 1.806113e-18 8.386706e-01
    outer loop
      vertex   6.789805e+02 9.000000e+01 9.459859e+02
      vertex   6.826709e+02 9.000000e+01 9.435893e+02
      vertex   6.826709e+02 1.800000e+02 9.435893e+02
    endloop
  endfacet
  facet normal 6.293204e-01 0.000000e+00 7.771460e-01
    outer loop
      vertex   6.826709e+02 1.800000e+02 9.435893e+02
      vertex   6.826709e+02 9.000000e+01 9.435893e+02
      vertex   6.860906e+02 1.800000e+02 9.408201e+02
    endloop
  endfacet
  facet normal 6.293204e-01 -1.329641e-18 7.771460e-01
    outer loop
      vertex   6.826709e+02 1.800000e+02 9.435893e+02
      vertex   6.860906e+02 1.800000e+02 9.408201e+02
      vertex   6.860906e+02 2.700000e+02 9.408201e+02
    endloop
  endfacet
  facet normal 7.071068e-01 0.000000e+00 7.071068e-01
    outer loop
      vertex   6.860906e+02 2.700000e+02 9.408201e+02
      vertex   6.860906e+02 1.800000e+02 9.408201e+02
      vertex   6.892021e+02 2.700000e+02 9.377086e+02
    endloop
  endfacet
  facet normal 3.583679e-01 0.000000e+00 9.335804e-01
    outer loop
      vertex   6.709518e+02 -1.800000e+02 9.495605e+02
      vertex   6.709518e+02 -2.700000e+02 9.495605e+02
      vertex   6.750598e+02 -1.800000e+02 9.479836e+02
    endloop
  endfacet
  facet normal 3.583679e-01 0.000000e+00 9.335804e-01
    outer loop
      vertex   6.750598e+02 -1.800000e+02 9.479836e+02
      vertex   6.709518e+02 -2.700000e+02 9.495605e+02
      vertex   6.750598e+02 -2.700000e+02 9.479836e+02
    endloop
  endfacet
  facet normal 4.539905e-01 0.000000e+00 8.910065e-01
    outer loop
      vertex   6.750598e+02 -1.800000e+02 9.479836e+02
      vertex   6.750598e+02 -2.700000e+02 9.479836e+02
      vertex   6.789805e+02 -1.800000e+02 9.459859e+02
    endloop
  endfacet
  facet normal 4.539905e-01 0.000000e+00 8.910065e-01
    outer loop
      vertex   6.789805e+02 -1.800000e+02 9.459859e+02
      vertex   6.750598e+02 -2.700000e+02 9.479836e+02
      vertex   6.789805e+02 -2.700000e+02 9.459859e+02
    endloop
  endfacet
  facet normal 5.446390e-01 0.000000e+00 8.386706e-01
    outer loop
      vertex   6.789805e+02 -1.800000e+02 9.459859e+02
      vertex   6.789805e+02 -2.700000e+02 9.459859e+02
      vertex   6.826709e+02 -1.800000e+02 9.435893e+02
    endloop
  endfacet
  facet normal 5.446390e-01 0.000000e+00 8.386706e-01
    outer loop
      vertex   6.826709e+02 -1.800000e+02 9.435893e+02
      vertex   6.789805e+02 -2.700000e+02 9.459859e+02
      vertex   6.826709e+02 -2.700000e+02 9.435893e+02
    endloop
  endfacet
  facet normal 6.293204e-01 0.000000e+00 7.771460e-01
    outer loop
      vertex   6.826709e+02 -1.800000e+02 9.435893e+02
      vertex   6.826709e+02 -2.700000e+02 9.435893e+02
      vertex   6.860906e+02 -1.800000e+02 9.408201e+02
    endloop
  endfacet
  facet normal 6.293204e-01 0.000000e+00 7.771460e-01
    outer loop
      vertex   6.860906e+02 -1.800000e+02 9.408201e+02
      vertex   6.826709e+02 -2.700000e+02 9.435893e+02
      vertex   6.860906e+02 -2.700000e+02 9.408201e+02
    endloop
  endfacet
  facet normal 7.071068e-01 0.000000e+00 7.071068e-01
    outer loop
      vertex   6.860906e+02 -1.800000e+02 9.408201e+02
      vertex   6.860906e+02 -2.700000e+02 9.408201e+02
      vertex   6.892021e+02 -1.800000e+02 9.377086e+02
    endloop
  endfacet
  facet normal 7.071068e-01 0.000000e+00 7.071068e-01
    outer loop
      vertex   6.892021e+02 -1.800000e+02 9.377086e+02
      vertex   6.860906e+02 -2.700000e+02 9.408201e+02
      vertex   6.892021e+02 -2.700000e+02 9.377086e+02
    endloop
  endfacet
  facet normal 7.771460e-01 0.000000e+00 6.293204e-01
    outer loop
      vertex   6.892021e+02 -1.800000e+02 9.377086e+02
      vertex   6.892021e+02 -2.700000e+02 9.377086e+02
      vertex   6.919713e+02 -1.800000e+02 9.342890e+02
    endloop
  endfacet
  facet normal 7.771460e-01 0.000000e+00 6.293204e-01
    outer loop
      vertex   6.919713e+02 -1.800000e+02 9.342890e+02
      vertex   6.892021e+02 -2.700000e+02 9.377086e+02
      vertex   6.919713e+02 -2.700000e+02 9.342890e+02
    endloop
  endfacet
  facet normal 8.386706e-01 0.000000e+00 5.446390e-01
    outer loop
      vertex   6.919713e+02 -1.800000e+02 9.342890e+02
      vertex   6.919713e+02 -2.700000e+02 9.342890e+02
      vertex   6.943678e+02 -1.800000e+02 9.305986e+02
    endloop
  endfacet
  facet normal 1.564345e-01 0.000000e+00 9.876883e-01
    outer loop
      vertex   6.623553e+02 3.600000e+02 9.513878e+02
      vertex   6.623553e+02 2.700000e+02 9.513878e+02
      vertex   6.667014e+02 3.600000e+02 9.506994e+02
    endloop
  endfacet
  facet normal 1.564345e-01 0.000000e+00 9.876883e-01
    outer loop
      vertex   6.667014e+02 3.600000e+02 9.506994e+02
      vertex   6.623553e+02 2.700000e+02 9.513878e+02
      vertex   6.667014e+02 2.700000e+02 9.506994e+02
    endloop
  endfacet
  facet normal 1.564345e-01 0.000000e+00 9.876883e-01
    outer loop
      vertex   6.623553e+02 2.700000e+02 9.513878e+02
      vertex   6.623553e+02 1.800000e+02 9.513878e+02
      vertex   6.667014e+02 2.700000e+02 9.506994e+02
    endloop
  endfacet
  facet normal 1.564345e-01 -0.000000e+00 9.876883e-01
    outer loop
      vertex   6.623553e+02 -3.600000e+02 9.513878e+02
      vertex   6.667014e+02 -2.700000e+02 9.506994e+02
      vertex   6.623553e+02 -2.700000e+02 9.513878e+02
    endloop
  endfacet
  facet normal 3.583679e-01 -1.370195e-20 9.335804e-01
    outer loop
      vertex   6.709518e+02 -1.800000e+02 9.495605e+02
      vertex   6.750598e+02 -1.800000e+02 9.479836e+02
      vertex   6.750598e+02 -9.000000e+01 9.479836e+02
    endloop
  endfacet
  facet normal 4.539905e-01 0.000000e+00 8.910065e-01
    outer loop
      vertex   6.750598e+02 -9.000000e+01 9.479836e+02
      vertex   6.750598e+02 -1.800000e+02 9.479836e+02
      vertex   6.789805e+02 -9.000000e+01 9.459859e+02
    endloop
  endfacet
  facet normal 4.539905e-01 8.694839e-19 8.910065e-01
    outer loop
      vertex   6.750598e+02 -9.000000e+01 9.479836e+02
      vertex   6.789805e+02 -9.000000e+01 9.459859e+02
      vertex   6.789805e+02 0.000000e+00 9.459859e+02
    endloop
  endfacet
  facet normal 5.446390e-01 0.000000e+00 8.386706e-01
    outer loop
      vertex   6.789805e+02 0.000000e+00 9.459859e+02
      vertex   6.789805e+02 -9.000000e+01 9.459859e+02
      vertex   6.826709e+02 0.000000e+00 9.435893e+02
    endloop
  endfacet
  facet normal 5.446390e-01 1.806113e-18 8.386706e-01
    outer loop
      vertex   6.789805e+02 0.000000e+00 9.459859e+02
      vertex   6.826709e+02 0.000000e+00 9.435893e+02
      vertex   6.826709e+02 9.000000e+01 9.435893e+02
    endloop
  endfacet
  facet normal 6.293204e-01 0.000000e+00 7.771460e-01
    outer loop
      vertex   6.826709e+02 9.000000e+01 9.435893e+02
      vertex   6.826709e+02 0.000000e+00 9.435893e+02
      vertex   6.860906e+02 9.000000e+01 9.408201e+02
    endloop
  endfacet
  facet normal 6.293204e-01 -1.329641e-18 7.771460e-01
    outer loop
      vertex   6.826709e+02 9.000000e+01 9.435893e+02
      vertex   6.860906e+02 9.000000e+01 9.408201e+02
      vertex   6.860906e+02 1.800000e+02 9.408201e+02
    endloop
  endfacet
  facet normal 7.071068e-01 0.000000e+00 7.071068e-01
    outer loop
      vertex   6.860906e+02 1.800000e+02 9.408201e+02
      vertex   6.860906e+02 9.000000e+01 9.408201e+02
      vertex   6.892021e+02 1.800000e+02 9.377086e+02
    endloop
  endfacet
  facet normal 7.071068e-01 -2.208284e-18 7.071068e-01
    outer loop
      vertex   6.860906e+02 1.800000e+02 9.408201e+02
      vertex   6.892021e+02 1.800000e+02 9.377086e+02
      vertex   6.892021e+02 2.700000e+02 9.377086e+02
    endloop
  endfacet
  facet normal 7.771460e-01 0.000000e+00 6.293204e-01
    outer loop
      vertex   6.892021e+02 2.700000e+02 9.377086e+02
      vertex   6.892021e+02 1.800000e+02 9.377086e+02
      vertex   6.919713e+02 2.700000e+02 9.342890e+02
    endloop
  endfacet
  facet normal 4.539905e-01 0.000000e+00 8.910065e-01
    outer loop
      vertex   6.789805e+02 -9.000000e+01 9.459859e+02
      vertex   6.750598e+02 -1.800000e+02 9.479836e+02
      vertex   6.789805e+02 -1.800000e+02 9.459859e+02
    endloop
  endfacet
  facet normal 5.446390e-01 0.000000e+00 8.386706e-01
    outer loop
      vertex   6.789805e+02 -9.000000e+01 9.459859e+02
      vertex   6.789805e+02 -1.800000e+02 9.459859e+02
      vertex   6.826709e+02 -9.000000e+01 9.435893e+02
    endloop
  endfacet
  facet normal 5.446390e-01 0.000000e+00 8.386706e-01
    outer loop
      vertex   6.826709e+02 -9.000000e+01 9.435893e+02
      vertex   6.789805e+02 -1.800000e+02 9.459859e+02
      vertex   6.826709e+02 -1.800000e+02 9.435893e+02
    endloop
  endfacet
  facet normal 6.293204e-01 0.000000e+00 7.771460e-01
    outer loop
      vertex   6.826709e+02 -9.000000e+01 9.435893e+02
      vertex   6.826709e+02 -1.800000e+02 9.435893e+02
      vertex   6.860906e+02 -9.000000e+01 9.408201e+02
    endloop
  endfacet
  facet normal 6.293204e-01 0.000000e+00 7.771460e-01
    outer loop
      vertex   6.860906e+02 -9.000000e+01 9.408201e+02
      vertex   6.826709e+02 -1.800000e+02 9.435893e+02
      vertex   6.860906e+02 -1.800000e+02 9.408201e+02
    endloop
  endfacet
  facet normal 7.071068e-01 0.000000e+00 7.071068e-01
    outer loop
      vertex   6.860906e+02 -9.000000e+01 9.408201e+02
      vertex   6.860906e+02 -1.800000e+02 9.408201e+02
      vertex   6.892021e+02 -9.000000e+01 9.377086e+02
    endloop
  endfacet
  facet normal 7.071068e-01 0.000000e+00 7.071068e-01
    outer loop
      vertex   6.892021e+02 -9.000000e+01 9.377086e+02
      vertex   6.860906e+02 -1.800000e+02 9.408201e+02
      vertex   6.892021e+02 -1.800000e+02 9.377086e+02
    endloop
  endfacet
  facet normal 7.771460e-01 0.000000e+00 6.293204e-01
    outer loop
      vertex   6.892021e+02 -9.000000e+01 9.377086e+02
      vertex   6.892021e+02 -1.800000e+02 9.377086e+02
      vertex   6.919713e+02 -9.000000e+01 9.342890e+02
    endloop
  endfacet
  facet normal 7.771460e-01 0.000000e+00 6.293204e-01
    outer loop
      vertex   6.919713e+02 -9.000000e+01 9.342890e+02
      vertex   6.892021e+02 -1.800000e+02 9.377086e+02
      vertex   6.919713e+02 -1.800000e+02 9.342890e+02
    endloop
  endfacet
  facet normal 8.386706e-01 0.000000e+00 5.446390e-01
    outer loop
      vertex   6.919713e+02 -9.000000e+01 9.342890e+02
      vertex   6.919713e+02 -1.800000e+02 9.342890e+02
      vertex   6.943678e+02 -9.000000e+01 9.305986e+02
    endloop
  endfacet
  facet normal 8.386706e-01 0.000000e+00 5.446390e-01
    outer loop
      vertex   6.943678e+02 -9.000000e+01 9.305986e+02
      vertex   6.919713e+02 -1.800000e+02 9.342890e+02
      vertex   6.943678e+02 -1.800000e+02 9.305986e+02
    endloop
  endfacet
  facet normal 8.910065e-01 0.000000e+00 4.539905e-01
    outer loop
      vertex   6.943678e+02 -9.000000e+01 9.305986e+02
      vertex   6.943678e+02 -1.800000e+02 9.305986e+02
      vertex   6.963655e+02 -9.000000e+01 9.266779e+02
    endloop
  endfacet
  facet normal 5.446390e-01 1.806113e-18 8.386706e-01
    outer loop
      vertex   6.789805e+02 -9.000000e+01 9.459859e+02
      vertex   6.826709e+02 -9.000000e+01 9.435893e+02
      vertex   6.826709e+02 0.000000e+00 9.435893e+02
    endloop
  endfacet
  facet normal 6.293204e-01 0.000000e+00 7.771460e-01
    outer loop
      vertex   6.826709e+02 0.000000e+00 9.435893e+02
      vertex   6.826709e+02 -9.000000e+01 9.435893e+02
      vertex   6.860906e+02 0.000000e+00 9.408201e+02
    endloop
  endfacet
  facet normal 6.293204e-01 -1.329641e-18 7.771460e-01
    outer loop
      vertex   6.826709e+02 0.000000e+00 9.435893e+02
      vertex   6.860906e+02 0.000000e+00 9.408201e+02
      vertex   6.860906e+02 9.000000e+01 9.408201e+02
    endloop
  endfacet
  facet normal 7.071068e-01 0.000000e+00 7.071068e-01
    outer loop
      vertex   6.860906e+02 9.000000e+01 9.408201e+02
      vertex   6.860906e+02 0.000000e+00 9.408201e+02
      vertex   6.892021e+02 9.000000e+01 9.377086e+02
    endloop
  endfacet
  facet normal 7.071068e-01 -2.208284e-18 7.071068e-01
    outer loop
      vertex   6.860906e+02 9.000000e+01 9.408201e+02
      vertex   6.892021e+02 9.000000e+01 9.377086e+02
      vertex   6.892021e+02 1.800000e+02 9.377086e+02
    endloop
  endfacet
  facet normal 7.771460e-01 0.000000e+00 6.293204e-01
    outer loop
      vertex   6.892021e+02 1.800000e+02 9.377086e+02
      vertex   6.892021e+02 9.000000e+01 9.377086e+02
      vertex   6.919713e+02 1.800000e+02 9.342890e+02
    endloop
  endfacet
  facet normal 7.771460e-01 -1.960520e-18 6.293204e-01
    outer loop
      vertex   6.892021e+02 1.800000e+02 9.377086e+02
      vertex   6.919713e+02 1.800000e+02 9.342890e+02
      vertex   6.919713e+02 2.700000e+02 9.342890e+02
    endloop
  endfacet
  facet normal 8.386706e-01 0.000000e+00 5.446390e-01
    outer loop
      vertex   6.919713e+02 2.700000e+02 9.342890e+02
      vertex   6.919713e+02 1.800000e+02 9.342890e+02
      vertex   6.943678e+02 2.700000e+02 9.305986e+02
    endloop
  endfacet
  facet normal 6.293204e-01 0.000000e+00 7.771460e-01
    outer loop
      vertex   6.860906e+02 0.000000e+00 9.408201e+02
      vertex   6.826709e+02 -9.000000e+01 9.435893e+02
      vertex   6.860906e+02 -9.000000e+01 9.408201e+02
    endloop
  endfacet
  facet normal 7.071068e-01 0.000000e+00 7.071068e-01
    outer loop
      vertex   6.860906e+02 0.000000e+00 9.408201e+02
      vertex   6.860906e+02 -9.000000e+01 9.408201e+02
      vertex   6.892021e+02 0.000000e+00 9.377086e+02
    endloop
  endfacet
  facet normal 7.071068e-01 0.000000e+00 7.071068e-01
    outer loop
      vertex   6.892021e+02 0.000000e+00 9.377086e+02
      vertex   6.860906e+02 -9.000000e+01 9.408201e+02
      vertex   6.892021e+02 -9.000000e+01 9.377086e+02
    endloop
  endfacet
  facet normal 7.771460e-01 0.000000e+00 6.293204e-01
    outer loop
      vertex   6.892021e+02 0.000000e+00 9.377086e+02
      vertex   6.892021e+02 -9.000000e+01 9.377086e+02
      vertex   6.919713e+02 0.000000e+00 9.342890e+02
    endloop
  endfacet
  facet normal 7.771460e-01 0.000000e+00 6.293204e-01
    outer loop
      vertex   6.919713e+02 0.000000e+00 9.342890e+02
      vertex   6.892021e+02 -9.000000e+01 9.377086e+02
      vertex   6.919713e+02 -9.000000e+01 9.342890e+02
    endloop
  endfacet
  facet normal 8.386706e-01 0.000000e+00 5.446390e-01
    outer loop
      vertex   6.919713e+02 0.000000e+00 9.342890e+02
      vertex   6.919713e+02 -9.000000e+01 9.342890e+02
      vertex   6.943678e+02 0.000000e+00 9.305986e+02
    endloop
  endfacet
  facet normal 8.386706e-01 0.000000e+00 5.446390e-01
    outer loop
      vertex   6.943678e+02 0.000000e+00 9.305986e+02
      vertex   6.919713e+02 -9.000000e+01 9.342890e+02
      vertex   6.943678e+02 -9.000000e+01 9.305986e+02
    endloop
  endfacet
  facet normal 8.910065e-01 0.000000e+00 4.539905e-01
    outer loop
      vertex   6.943678e+02 0.000000e+00 9.305986e+02
      vertex   6.943678e+02 -9.000000e+01 9.305986e+02
      vertex   6.963655e+02 0.000000e+00 9.266779e+02
    endloop
  endfacet
  facet normal 8.910065e-01 0.000000e+00 4.539905e-01
    outer loop
      vertex   6.963655e+02 0.000000e+00 9.266779e+02
      vertex   6.943678e+02 -9.000000e+01 9.305986e+02
      vertex   6.963655e+02 -9.000000e+01 9.266779e+02
    endloop
  endfacet
  facet normal 9.335804e-01 0.000000e+00 3.583679e-01
    outer loop
      vertex   6.963655e+02 0.000000e+00 9.266779e+02
      vertex   6.963655e+02 -9.000000e+01 9.266779e+02
      vertex   6.979425e+02 0.000000e+00 9.225698e+02
    endloop
  endfacet
  facet normal 7.071068e-01 -2.208284e-18 7.071068e-01
    outer loop
      vertex   6.860906e+02 0.000000e+00 9.408201e+02
      vertex   6.892021e+02 0.000000e+00 9.377086e+02
      vertex   6.892021e+02 9.000000e+01 9.377086e+02
    endloop
  endfacet
  facet normal 7.771460e-01 0.000000e+00 6.293204e-01
    outer loop
      vertex   6.892021e+02 9.000000e+01 9.377086e+02
      vertex   6.892021e+02 0.000000e+00 9.377086e+02
      vertex   6.919713e+02 9.000000e+01 9.342890e+02
    endloop
  endfacet
  facet normal 7.771460e-01 -1.960520e-18 6.293204e-01
    outer loop
      vertex   6.892021e+02 9.000000e+01 9.377086e+02
      vertex   6.919713e+02 9.000000e+01 9.342890e+02
      vertex   6.919713e+02 1.800000e+02 9.342890e+02
    endloop
  endfacet
  facet normal 8.386706e-01 0.000000e+00 5.446390e-01
    outer loop
      vertex   6.919713e+02 1.800000e+02 9.342890e+02
      vertex   6.919713e+02 9.000000e+01 9.342890e+02
      vertex   6.943678e+02 1.800000e+02 9.305986e+02
    endloop
  endfacet
  facet normal 8.386706e-01 9.724033e-19 5.446390e-01
    outer loop
      vertex   6.919713e+02 1.800000e+02 9.342890e+02
      vertex   6.943678e+02 1.800000e+02 9.305986e+02
      vertex   6.943678e+02 2.700000e+02 9.305986e+02
    endloop
  endfacet
  facet normal 8.910065e-01 0.000000e+00 4.539905e-01
    outer loop
      vertex   6.943678e+02 2.700000e+02 9.305986e+02
      vertex   6.943678e+02 1.800000e+02 9.305986e+02
      vertex   6.963655e+02 2.700000e+02 9.266779e+02
    endloop
  endfacet
  facet normal 7.771460e-01 0.000000e+00 6.293204e-01
    outer loop
      vertex   6.919713e+02 9.000000e+01 9.342890e+02
      vertex   6.892021e+02 0.000000e+00 9.377086e+02
      vertex   6.919713e+02 0.000000e+00 9.342890e+02
    endloop
  endfacet
  facet normal 8.386706e-01 0.000000e+00 5.446390e-01
    outer loop
      vertex   6.919713e+02 9.000000e+01 9.342890e+02
      vertex   6.919713e+02 0.000000e+00 9.342890e+02
      vertex   6.943678e+02 9.000000e+01 9.305986e+02
    endloop
  endfacet
  facet normal 8.386706e-01 0.000000e+00 5.446390e-01
    outer loop
      vertex   6.943678e+02 9.000000e+01 9.305986e+02
      vertex   6.919713e+02 0.000000e+00 9.342890e+02
      vertex   6.943678e+02 0.000000e+00 9.305986e+02
    endloop
  endfacet
  facet normal 8.910065e-01 0.000000e+00 4.539905e-01
    outer loop
      vertex   6.943678e+02 9.000000e+01 9.305986e+02
      vertex   6.943678e+02 0.000000e+00 9.305986e+02
      vertex   6.963655e+02 9.000000e+01 9.266779e+02
    endloop
  endfacet
  facet normal 8.910065e-01 0.000000e+00 4.539905e-01
    outer loop
      vertex   6.963655e+02 9.000000e+01 9.266779e+02
      vertex   6.943678e+02 0.000000e+00 9.305986e+02
      vertex   6.963655e+02 0.000000e+00 9.266779e+02
    endloop
  endfacet
  facet normal 9.335804e-01 0.000000e+00 3.583679e-01
    outer loop
      vertex   6.963655e+02 9.000000e+01 9.266779e+02
      vertex   6.963655e+02 0.000000e+00 9.266779e+02
      vertex   6.979425e+02 9.000000e+01 9.225698e+02
    endloop
  endfacet
  facet normal 9.335804e-01 0.000000e+00 3.583679e-01
    outer loop
      vertex   6.979425e+02 9.000000e+01 9.225698e+02
      vertex   6.963655e+02 0.000000e+00 9.266779e+02
      vertex   6.979425e+02 0.000000e+00 9.225698e+02
    endloop
  endfacet
  facet normal 9.659258e-01 0.000000e+00 2.588190e-01
    outer loop
      vertex   6.979425e+02 9.000000e+01 9.225698e+02
      vertex   6.979425e+02 0.000000e+00 9.225698e+02
      vertex   6.990813e+02 9.000000e+01 9.183195e+02
    endloop
  endfacet
  facet normal 8.386706e-01 9.724033e-19 5.446390e-01
    outer loop
      vertex   6.919713e+02 9.000000e+01 9.342890e+02
      vertex   6.943678e+02 9.000000e+01 9.305986e+02
      vertex   6.943678e+02 1.800000e+02 9.305986e+02
    endloop
  endfacet
  facet normal 8.910065e-01 0.000000e+00 4.539905e-01
    outer loop
      vertex   6.943678e+02 1.800000e+02 9.305986e+02
      vertex   6.943678e+02 9.000000e+01 9.305986e+02
      vertex   6.963655e+02 1.800000e+02 9.266779e+02
    endloop
  endfacet
  facet normal 8.910065e-01 -1.298564e-19 4.539905e-01
    outer loop
      vertex   6.943678e+02 1.800000e+02 9.305986e+02
      vertex   6.963655e+02 1.800000e+02 9.266779e+02
      vertex   6.963655e+02 2.700000e+02 9.266779e+02
    endloop
  endfacet
  facet normal 9.335804e-01 0.000000e+00 3.583679e-01
    outer loop
      vertex   6.963655e+02 2.700000e+02 9.266779e+02
      vertex   6.963655e+02 1.800000e+02 9.266779e+02
      vertex   6.979425e+02 2.700000e+02 9.225698e+02
    endloop
  endfacet
  facet normal 8.910065e-01 0.000000e+00 4.539905e-01
    outer loop
      vertex   6.963655e+02 1.800000e+02 9.266779e+02
      vertex   6.943678e+02 9.000000e+01 9.305986e+02
      vertex   6.963655e+02 9.000000e+01 9.266779e+02
    endloop
  endfacet
  facet normal 9.335804e-01 0.000000e+00 3.583679e-01
    outer loop
      vertex   6.963655e+02 1.800000e+02 9.266779e+02
      vertex   6.963655e+02 9.000000e+01 9.266779e+02
      vertex   6.979425e+02 1.800000e+02 9.225698e+02
    endloop
  endfacet
  facet normal 9.335804e-01 0.000000e+00 3.583679e-01
    outer loop
      vertex   6.979425e+02 1.800000e+02 9.225698e+02
      vertex   6.963655e+02 9.000000e+01 9.266779e+02
      vertex   6.979425e+02 9.000000e+01 9.225698e+02
    endloop
  endfacet
  facet normal 9.659258e-01 0.000000e+00 2.588190e-01
    outer loop
      vertex   6.979425e+02 1.800000e+02 9.225698e+02
      vertex   6.979425e+02 9.000000e+01 9.225698e+02
      vertex   6.990813e+02 1.800000e+02 9.183195e+02
    endloop
  endfacet
  facet normal 9.659258e-01 0.000000e+00 2.588190e-01
    outer loop
      vertex   6.990813e+02 1.800000e+02 9.183195e+02
      vertex   6.979425e+02 9.000000e+01 9.225698e+02
      vertex   6.990813e+02 9.000000e+01 9.183195e+02
    endloop
  endfacet
  facet normal 9.876883e-01 0.000000e+00 1.564345e-01
    outer loop
      vertex   6.990813e+02 1.800000e+02 9.183195e+02
      vertex   6.990813e+02 9.000000e+01 9.183195e+02
      vertex   6.997697e+02 1.800000e+02 9.139733e+02
    endloop
  endfacet
  facet normal 9.659258e-01 7.367797e-20 2.588190e-01
    outer loop
      vertex   6.990813e+02 2.700000e+02 9.183195e+02
      vertex   6.979425e+02 2.700000e+02 9.225698e+02
      vertex   6.979425e+02 1.800000e+02 9.225698e+02
    endloop
  endfacet
  facet normal 9.335804e-01 -0.000000e+00 3.583679e-01
    outer loop
      vertex   6.979425e+02 1.800000e+02 9.225698e+02
      vertex   6.979425e+02 2.700000e+02 9.225698e+02
      vertex   6.963655e+02 1.800000e+02 9.266779e+02
    endloop
  endfacet
  facet normal 9.659258e-01 0.000000e+00 2.588190e-01
    outer loop
      vertex   6.990813e+02 2.700000e+02 9.183195e+02
      vertex   6.979425e+02 1.800000e+02 9.225698e+02
      vertex   6.990813e+02 1.800000e+02 9.183195e+02
    endloop
  endfacet
  facet normal 9.876883e-01 1.920097e-19 1.564345e-01
    outer loop
      vertex   6.997697e+02 2.700000e+02 9.139733e+02
      vertex   6.990813e+02 2.700000e+02 9.183195e+02
      vertex   6.990813e+02 1.800000e+02 9.183195e+02
    endloop
  endfacet
  facet normal 9.876883e-01 0.000000e+00 1.564345e-01
    outer loop
      vertex   6.997697e+02 2.700000e+02 9.139733e+02
      vertex   6.990813e+02 1.800000e+02 9.183195e+02
      vertex   6.997697e+02 1.800000e+02 9.139733e+02
    endloop
  endfacet
  facet normal 0.000000e+00 0.000000e+00 1.000000e+00
    outer loop
      vertex   6.579610e+02 4.500000e+02 9.516181e+02
      vertex   6.420000e+02 4.500000e+02 9.516181e+02
      vertex   6.579610e+02 -4.500000e+02 9.516181e+02
    endloop
  endfacet
  facet normal 0.000000e+00 0.000000e+00 1.000000e+00
    outer loop
      vertex   6.579610e+02 -4.500000e+02 9.516181e+02
      vertex   6.420000e+02 4.500000e+02 9.516181e+02
      vertex   6.420000e+02 -4.500000e+02 9.516181e+02
    endloop
  endfacet
  facet normal 0.000000e+00 1.000000e+00 -6.380412e-17
    outer loop
      vertex   6.680000e+02 2.990000e+02 9.498573e+02
      vertex   6.700000e+02 2.990000e+02 9.498573e+02
      vertex   6.680000e+02 2.990000e+02 5.895216e+01
    endloop
  endfacet
  facet normal -2.282406e-17 1.000000e+00 -6.375288e-17
    outer loop
      vertex   6.680000e+02 2.990000e+02 5.895216e+01
      vertex   6.700000e+02 2.990000e+02 9.498573e+02
      vertex   6.742209e+02 2.990000e+02 9.483462e+02
    endloop
  endfacet
  facet normal -3.080748e-17 1.000000e+00 -6.369704e-17
    outer loop
      vertex   6.680000e+02 2.990000e+02 5.895216e+01
      vertex   6.742209e+02 2.990000e+02 9.483462e+02
      vertex   6.782569e+02 2.990000e+02 9.463942e+02
    endloop
  endfacet
  facet normal -3.962187e-17 1.000000e+00 -6.359516e-17
    outer loop
      vertex   6.782569e+02 2.990000e+02 9.463942e+02
      vertex   6.820621e+02 2.990000e+02 9.440234e+02
      vertex   6.680000e+02 2.990000e+02 5.895216e+01
    endloop
  endfacet
  facet normal -4.962866e-17 1.000000e+00 -6.343617e-17
    outer loop
      vertex   6.680000e+02 2.990000e+02 5.895216e+01
      vertex   6.820621e+02 2.990000e+02 9.440234e+02
      vertex   6.855931e+02 2.990000e+02 9.412609e+02
    endloop
  endfacet
  facet normal -1.144431e-31 1.000000e+00 -6.442577e-17
    outer loop
      vertex   6.680000e+02 2.990000e+02 5.895216e+01
      vertex   6.855931e+02 2.990000e+02 9.412609e+02
      vertex   7.000000e+02 2.990000e+02 5.895216e+01
    endloop
  endfacet
  facet normal -6.355100e-17 1.000000e+00 -6.546346e-17
    outer loop
      vertex   7.000000e+02 2.990000e+02 5.895216e+01
      vertex   6.855931e+02 2.990000e+02 9.412609e+02
      vertex   6.888099e+02 2.990000e+02 9.381381e+02
    endloop
  endfacet
  facet normal -7.898664e-17 1.000000e+00 -6.565992e-17
    outer loop
      vertex   7.000000e+02 2.990000e+02 5.895216e+01
      vertex   6.888099e+02 2.990000e+02 9.381381e+02
      vertex   6.916759e+02 2.990000e+02 9.346905e+02
    endloop
  endfacet
  facet normal -9.902734e-17 1.000000e+00 -6.585042e-17
    outer loop
      vertex   6.916759e+02 2.990000e+02 9.346905e+02
      vertex   6.941584e+02 2.990000e+02 9.309573e+02
      vertex   7.000000e+02 2.990000e+02 5.895216e+01
    endloop
  endfacet
  facet normal -1.268033e-16 1.000000e+00 -6.603649e-17
    outer loop
      vertex   7.000000e+02 2.990000e+02 5.895216e+01
      vertex   6.941584e+02 2.990000e+02 9.309573e+02
      vertex   6.962292e+02 2.990000e+02 9.269809e+02
    endloop
  endfacet
  facet normal -1.690050e-16 1.000000e+00 -6.621982e-17
    outer loop
      vertex   7.000000e+02 2.990000e+02 5.895216e+01
      vertex   6.962292e+02 2.990000e+02 9.269809e+02
      vertex   6.978647e+02 2.990000e+02 9.228066e+02
    endloop
  endfacet
  facet normal 2.662131e-14 1.000000e+00 -0.000000e+00
    outer loop
      vertex   7.000000e+02 2.990000e+02 5.895216e+01
      vertex   6.978647e+02 2.990000e+02 9.228066e+02
      vertex   7.000000e+02 2.990000e+02 9.095791e+02
    endloop
  endfacet
  facet normal -3.842843e-14 1.000000e+00 -1.050064e-14
    outer loop
      vertex   7.000000e+02 2.990000e+02 9.095791e+02
      vertex   6.978647e+02 2.990000e+02 9.228066e+02
      vertex   6.990465e+02 2.990000e+02 9.184819e+02
    endloop
  endfacet
  facet normal -1.175372e-13 1.000000e+00 -1.897341e-14
    outer loop
      vertex   7.000000e+02 2.990000e+02 9.095791e+02
      vertex   6.990465e+02 2.990000e+02 9.184819e+02
      vertex   6.997609e+02 2.990000e+02 9.140560e+02
    endloop
  endfacet
  facet normal 1.000000e+00 0.000000e+00 0.000000e+00
    outer loop
      vertex   7.000000e+02 2.918172e+02 2.467409e+02
      vertex   7.000000e+02 2.918172e+02 7.532591e+02
      vertex   7.000000e+02 2.894454e+02 2.494454e+02
    endloop
  endfacet
  facet normal 1.000000e+00 0.000000e+00 -0.000000e+00
    outer loop
      vertex   7.000000e+02 2.894454e+02 2.494454e+02
      vertex   7.000000e+02 2.918172e+02 7.532591e+02
      vertex   7.000000e+02 2.894454e+02 7.505546e+02
    endloop
  endfacet
  facet normal 1.000000e+00 0.000000e+00 0.000000e+00
    outer loop
      vertex   7.000000e+02 2.894454e+02 2.494454e+02
      vertex   7.000000e+02 2.894454e+02 7.505546e+02
      vertex   7.000000e+02 1.924372e+02 4.950838e+02
    endloop
  endfacet
  facet normal 1.000000e+00 0.000000e+00 0.000000e+00
    outer loop
      vertex   7.000000e+02 1.924372e+02 4.950838e+02
      vertex   7.000000e+02 2.894454e+02 7.505546e+02
      vertex   7.000000e+02 1.924372e+02 5.049162e+02
    endloop
  endfacet
  facet normal 1.000000e+00 0.000000e+00 -0.000000e+00
    outer loop
      vertex   7.000000e+02 1.924372e+02 5.049162e+02
      vertex   7.000000e+02 2.894454e+02 7.505546e+02
      vertex   7.000000e+02 1.919352e+02 5.147357e+02
    endloop
  endfacet
  facet normal 1.000000e+00 0.000000e+00 0.000000e+00
    outer loop
      vertex   7.000000e+02 1.919352e+02 5.147357e+02
      vertex   7.000000e+02 2.894454e+02 7.505546e+02
      vertex   7.000000e+02 2.294454e+02 6.905546e+02
    endloop
  endfacet
  facet normal 1.000000e+00 0.000000e+00 -0.000000e+00
    outer loop
      vertex   7.000000e+02 1.919352e+02 5.147357e+02
      vertex   7.000000e+02 2.294454e+02 6.905546e+02
      vertex   7.000000e+02 1.909324e+02 5.245168e+02
    endloop
  endfacet
  facet normal 1.000000e+00 0.000000e+00 -0.000000e+00
    outer loop
      vertex   7.000000e+02 1.909324e+02 5.245168e+02
      vertex   7.000000e+02 2.294454e+02 6.905546e+02
      vertex   7.000000e+02 1.894315e+02 5.342340e+02
    endloop
  endfacet
  facet normal 1.000000e+00 0.000000e+00 -0.000000e+00
    outer loop
      vertex   7.000000e+02 1.894315e+02 5.342340e+02
      vertex   7.000000e+02 2.294454e+02 6.905546e+02
      vertex   7.000000e+02 1.874364e+02 5.438618e+02
    endloop
  endfacet
  facet normal 1.000000e+00 0.000000e+00 0.000000e+00
    outer loop
      vertex   7.000000e+02 1.874364e+02 5.438618e+02
      vertex   7.000000e+02 2.294454e+02 6.905546e+02
      vertex   7.000000e+02 2.267409e+02 6.881828e+02
    endloop
  endfacet
  facet normal 1.000000e+00 0.000000e+00 -0.000000e+00
    outer loop
      vertex   7.000000e+02 1.874364e+02 5.438618e+02
      vertex   7.000000e+02 2.267409e+02 6.881828e+02
      vertex   7.000000e+02 1.849523e+02 5.533752e+02
    endloop
  endfacet
  facet normal 1.000000e+00 0.000000e+00 0.000000e+00
    outer loop
      vertex   7.000000e+02 1.849523e+02 5.533752e+02
      vertex   7.000000e+02 2.267409e+02 6.881828e+02
      vertex   7.000000e+02 2.237500e+02 6.861843e+02
    endloop
  endfacet
  facet normal 1.000000e+00 0.000000e+00 0.000000e+00
    outer loop
      vertex   7.000000e+02 1.849523e+02 5.533752e+02
      vertex   7.000000e+02 2.237500e+02 6.861843e+02
      vertex   7.000000e+02 2.205238e+02 6.845933e+02
    endloop
  endfacet
  facet normal 1.000000e+00 -0.000000e+00 0.000000e+00
    outer loop
      vertex   7.000000e+02 2.918172e+02 7.532591e+02
      vertex   7.000000e+02 2.918172e+02 2.467409e+02
      vertex   7.000000e+02 2.938157e+02 7.562500e+02
    endloop
  endfacet
  facet normal 1.000000e+00 0.000000e+00 0.000000e+00
    outer loop
      vertex   7.000000e+02 2.938157e+02 7.562500e+02
      vertex   7.000000e+02 2.918172e+02 2.467409e+02
      vertex   7.000000e+02 2.938157e+02 2.437500e+02
    endloop
  endfacet
  facet normal 1.000000e+00 -0.000000e+00 0.000000e+00
    outer loop
      vertex   7.000000e+02 2.938157e+02 7.562500e+02
      vertex   7.000000e+02 2.938157e+02 2.437500e+02
      vertex   7.000000e+02 2.954067e+02 7.594762e+02
    endloop
  endfacet
  facet normal 1.000000e+00 0.000000e+00 0.000000e+00
    outer loop
      vertex   7.000000e+02 2.954067e+02 7.594762e+02
      vertex   7.000000e+02 2.938157e+02 2.437500e+02
      vertex   7.000000e+02 2.954067e+02 2.405238e+02
    endloop
  endfacet
  facet normal 1.000000e+00 -0.000000e+00 0.000000e+00
    outer loop
      vertex   7.000000e+02 2.954067e+02 7.594762e+02
      vertex   7.000000e+02 2.954067e+02 2.405238e+02
      vertex   7.000000e+02 2.965630e+02 7.628825e+02
    endloop
  endfacet
  facet normal 1.000000e+00 0.000000e+00 0.000000e+00
    outer loop
      vertex   7.000000e+02 2.965630e+02 7.628825e+02
      vertex   7.000000e+02 2.954067e+02 2.405238e+02
      vertex   7.000000e+02 2.965630e+02 2.371175e+02
    endloop
  endfacet
  facet normal 1.000000e+00 -0.000000e+00 0.000000e+00
    outer loop
      vertex   7.000000e+02 2.965630e+02 7.628825e+02
      vertex   7.000000e+02 2.965630e+02 2.371175e+02
      vertex   7.000000e+02 2.972647e+02 7.664105e+02
    endloop
  endfacet
  facet normal 1.000000e+00 0.000000e+00 0.000000e+00
    outer loop
      vertex   7.000000e+02 2.972647e+02 7.664105e+02
      vertex   7.000000e+02 2.965630e+02 2.371175e+02
      vertex   7.000000e+02 2.972647e+02 2.335895e+02
    endloop
  endfacet
  facet normal 1.000000e+00 -0.000000e+00 0.000000e+00
    outer loop
      vertex   7.000000e+02 2.972647e+02 7.664105e+02
      vertex   7.000000e+02 2.972647e+02 2.335895e+02
      vertex   7.000000e+02 2.975000e+02 7.700000e+02
    endloop
  endfacet
  facet normal 1.000000e+00 0.000000e+00 0.000000e+00
    outer loop
      vertex   7.000000e+02 2.975000e+02 7.700000e+02
      vertex   7.000000e+02 2.972647e+02 2.335895e+02
      vertex   7.000000e+02 2.975000e+02 2.300000e+02
    endloop
  endfacet
  facet normal 1.000000e+00 -0.000000e+00 0.000000e+00
    outer loop
      vertex   7.000000e+02 2.975000e+02 7.700000e+02
      vertex   7.000000e+02 2.975000e+02 2.300000e+02
      vertex   7.000000e+02 2.990000e+02 9.095791e+02
    endloop
  endfacet
  facet normal 1.000000e+00 0.000000e+00 0.000000e+00
    outer loop
      vertex   7.000000e+02 2.990000e+02 9.095791e+02
      vertex   7.000000e+02 2.975000e+02 2.300000e+02
      vertex   7.000000e+02 2.990000e+02 5.895216e+01
    endloop
  endfacet
  facet normal 1.000000e+00 0.000000e+00 0.000000e+00
    outer loop
      vertex   7.000000e+02 2.990000e+02 5.895216e+01
      vertex   7.000000e+02 2.975000e+02 2.300000e+02
      vertex   7.000000e+02 2.972647e+02 2.264105e+02
    endloop
  endfacet
  facet normal 1.000000e+00 0.000000e+00 0.000000e+00
    outer loop
      vertex   7.000000e+02 2.990000e+02 5.895216e+01
      vertex   7.000000e+02 2.972647e+02 2.264105e+02
      vertex   7.000000e+02 2.965630e+02 2.228825e+02
    endloop
  endfacet
  facet normal 1.000000e+00 0.000000e+00 0.000000e+00
    outer loop
      vertex   7.000000e+02 2.965630e+02 2.228825e+02
      vertex   7.000000e+02 2.954067e+02 2.194762e+02
      vertex   7.000000e+02 2.990000e+02 5.895216e+01
    endloop
  endfacet
  facet normal 1.000000e+00 0.000000e+00 0.000000e+00
    outer loop
      vertex   7.000000e+02 2.990000e+02 5.895216e+01
      vertex   7.000000e+02 2.954067e+02 2.194762e+02
      vertex   7.000000e+02 2.938157e+02 2.162500e+02
    endloop
  endfacet
  facet normal 1.000000e+00 0.000000e+00 0.000000e+00
    outer loop
      vertex   7.000000e+02 2.990000e+02 5.895216e+01
      vertex   7.000000e+02 2.938157e+02 2.162500e+02
      vertex   7.000000e+02 2.918172e+02 2.132591e+02
    endloop
  endfacet
  facet normal 1.000000e+00 0.000000e+00 0.000000e+00
    outer loop
      vertex   7.000000e+02 2.918172e+02 2.132591e+02
      vertex   7.000000e+02 2.894454e+02 2.105546e+02
      vertex   7.000000e+02 2.990000e+02 5.895216e+01
    endloop
  endfacet
  facet normal 1.000000e+00 0.000000e+00 0.000000e+00
    outer loop
      vertex   7.000000e+02 2.990000e+02 5.895216e+01
      vertex   7.000000e+02 2.894454e+02 2.105546e+02
      vertex   7.000000e+02 2.867409e+02 2.081828e+02
    endloop
  endfacet
  facet normal 1.000000e+00 0.000000e+00 0.000000e+00
    outer loop
      vertex   7.000000e+02 2.990000e+02 5.895216e+01
      vertex   7.000000e+02 2.867409e+02 2.081828e+02
      vertex   7.000000e+02 2.837500e+02 2.061843e+02
    endloop
  endfacet
  facet normal 1.000000e+00 0.000000e+00 0.000000e+00
    outer loop
      vertex   7.000000e+02 2.837500e+02 2.061843e+02
      vertex   7.000000e+02 2.805238e+02 2.045933e+02
      vertex   7.000000e+02 2.990000e+02 5.895216e+01
    endloop
  endfacet
  facet normal 1.000000e+00 0.000000e+00 0.000000e+00
    outer loop
      vertex   7.000000e+02 2.990000e+02 5.895216e+01
      vertex   7.000000e+02 2.805238e+02 2.045933e+02
      vertex   7.000000e+02 2.771175e+02 2.034370e+02
    endloop
  endfacet
  facet normal 1.000000e+00 0.000000e+00 0.000000e+00
    outer loop
      vertex   7.000000e+02 2.990000e+02 5.895216e+01
      vertex   7.000000e+02 2.771175e+02 2.034370e+02
      vertex   7.000000e+02 2.735895e+02 2.027353e+02
    endloop
  endfacet
  facet normal 1.000000e+00 0.000000e+00 0.000000e+00
    outer loop
      vertex   7.000000e+02 2.735895e+02 2.027353e+02
      vertex   7.000000e+02 2.700000e+02 2.025000e+02
      vertex   7.000000e+02 2.990000e+02 5.895216e+01
    endloop
  endfacet
  facet normal 1.000000e+00 0.000000e+00 0.000000e+00
    outer loop
      vertex   7.000000e+02 2.990000e+02 5.895216e+01
      vertex   7.000000e+02 2.700000e+02 2.025000e+02
      vertex   7.000000e+02 -2.990000e+02 5.895216e+01
    endloop
  endfacet
  facet normal 1.000000e+00 0.000000e+00 0.000000e+00
    outer loop
      vertex   7.000000e+02 -2.990000e+02 5.895216e+01
      vertex   7.000000e+02 2.700000e+02 2.025000e+02
      vertex   7.000000e+02 -2.700000e+02 2.025000e+02
    endloop
  endfacet
  facet normal 1.000000e+00 0.000000e+00 0.000000e+00
    outer loop
      vertex   7.000000e+02 -2.990000e+02 5.895216e+01
      vertex   7.000000e+02 -2.700000e+02 2.025000e+02
      vertex   7.000000e+02 -2.735895e+02 2.027353e+02
    endloop
  endfacet
  facet normal 1.000000e+00 -0.000000e+00 0.000000e+00
    outer loop
      vertex   7.000000e+02 -2.700000e+02 2.025000e+02
      vertex   7.000000e+02 2.700000e+02 2.025000e+02
      vertex   7.000000e+02 -2.664105e+02 2.027353e+02
    endloop
  endfacet
  facet normal 1.000000e+00 -0.000000e+00 0.000000e+00
    outer loop
      vertex   7.000000e+02 -2.664105e+02 2.027353e+02
      vertex   7.000000e+02 2.700000e+02 2.025000e+02
      vertex   7.000000e+02 2.664105e+02 2.027353e+02
    endloop
  endfacet
  facet normal 1.000000e+00 0.000000e+00 0.000000e+00
    outer loop
      vertex   7.000000e+02 -2.664105e+02 2.027353e+02
      vertex   7.000000e+02 2.664105e+02 2.027353e+02
      vertex   7.000000e+02 -2.628825e+02 2.034370e+02
    endloop
  endfacet
  facet normal 1.000000e+00 -0.000000e+00 0.000000e+00
    outer loop
      vertex   7.000000e+02 -2.628825e+02 2.034370e+02
      vertex   7.000000e+02 2.664105e+02 2.027353e+02
      vertex   7.000000e+02 2.628825e+02 2.034370e+02
    endloop
  endfacet
  facet normal 1.000000e+00 0.000000e+00 0.000000e+00
    outer loop
      vertex   7.000000e+02 -2.628825e+02 2.034370e+02
      vertex   7.000000e+02 2.628825e+02 2.034370e+02
      vertex   7.000000e+02 -2.594762e+02 2.045933e+02
    endloop
  endfacet
  facet normal 1.000000e+00 -0.000000e+00 0.000000e+00
    outer loop
      vertex   7.000000e+02 -2.594762e+02 2.045933e+02
      vertex   7.000000e+02 2.628825e+02 2.034370e+02
      vertex   7.000000e+02 2.594762e+02 2.045933e+02
    endloop
  endfacet
  facet normal 1.000000e+00 0.000000e+00 0.000000e+00
    outer loop
      vertex   7.000000e+02 -2.594762e+02 2.045933e+02
      vertex   7.000000e+02 2.594762e+02 2.045933e+02
      vertex   7.000000e+02 -2.562500e+02 2.061843e+02
    endloop
  endfacet
  facet normal 1.000000e+00 -0.000000e+00 0.000000e+00
    outer loop
      vertex   7.000000e+02 -2.562500e+02 2.061843e+02
      vertex   7.000000e+02 2.594762e+02 2.045933e+02
      vertex   7.000000e+02 2.562500e+02 2.061843e+02
    endloop
  endfacet
  facet normal 1.000000e+00 0.000000e+00 0.000000e+00
    outer loop
      vertex   7.000000e+02 -2.562500e+02 2.061843e+02
      vertex   7.000000e+02 2.562500e+02 2.061843e+02
      vertex   7.000000e+02 -2.532591e+02 2.081828e+02
    endloop
  endfacet
  facet normal 1.000000e+00 -0.000000e+00 0.000000e+00
    outer loop
      vertex   7.000000e+02 -2.532591e+02 2.081828e+02
      vertex   7.000000e+02 2.562500e+02 2.061843e+02
      vertex   7.000000e+02 2.532591e+02 2.081828e+02
    endloop
  endfacet
  facet normal 1.000000e+00 0.000000e+00 0.000000e+00
    outer loop
      vertex   7.000000e+02 -2.532591e+02 2.081828e+02
      vertex   7.000000e+02 2.532591e+02 2.081828e+02
      vertex   7.000000e+02 2.458293e+00 3.075157e+02
    endloop
  endfacet
  facet normal 1.000000e+00 0.000000e+00 0.000000e+00
    outer loop
      vertex   7.000000e+02 2.458293e+00 3.075157e+02
      vertex   7.000000e+02 2.532591e+02 2.081828e+02
      vertex   7.000000e+02 2.505546e+02 2.105546e+02
    endloop
  endfacet
  facet normal 1.000000e+00 0.000000e+00 0.000000e+00
    outer loop
      vertex   7.000000e+02 2.458293e+00 3.075157e+02
      vertex   7.000000e+02 2.505546e+02 2.105546e+02
      vertex   7.000000e+02 1.905546e+02 2.705546e+02
    endloop
  endfacet
  facet normal 1.000000e+00 0.000000e+00 0.000000e+00
    outer loop
      vertex   7.000000e+02 1.905546e+02 2.705546e+02
      vertex   7.000000e+02 1.881828e+02 2.732591e+02
      vertex   7.000000e+02 2.458293e+00 3.075157e+02
    endloop
  endfacet
  facet normal 1.000000e+00 0.000000e+00 0.000000e+00
    outer loop
      vertex   7.000000e+02 2.458293e+00 3.075157e+02
      vertex   7.000000e+02 1.881828e+02 2.732591e+02
      vertex   7.000000e+02 1.861843e+02 2.762500e+02
    endloop
  endfacet
  facet normal 1.000000e+00 0.000000e+00 0.000000e+00
    outer loop
      vertex   7.000000e+02 2.458293e+00 3.075157e+02
      vertex   7.000000e+02 1.861843e+02 2.762500e+02
      vertex   7.000000e+02 1.845933e+02 2.794762e+02
    endloop
  endfacet
  facet normal 1.000000e+00 0.000000e+00 0.000000e+00
    outer loop
      vertex   7.000000e+02 1.845933e+02 2.794762e+02
      vertex   7.000000e+02 1.834370e+02 2.828825e+02
      vertex   7.000000e+02 2.458293e+00 3.075157e+02
    endloop
  endfacet
  facet normal 1.000000e+00 0.000000e+00 0.000000e+00
    outer loop
      vertex   7.000000e+02 2.458293e+00 3.075157e+02
      vertex   7.000000e+02 1.834370e+02 2.828825e+02
      vertex   7.000000e+02 1.827353e+02 2.864105e+02
    endloop
  endfacet
  facet normal 1.000000e+00 0.000000e+00 0.000000e+00
    outer loop
      vertex   7.000000e+02 2.458293e+00 3.075157e+02
      vertex   7.000000e+02 1.827353e+02 2.864105e+02
      vertex   7.000000e+02 1.825000e+02 2.900000e+02
    endloop
  endfacet
  facet normal 1.000000e+00 0.000000e+00 -0.000000e+00
    outer loop
      vertex   7.000000e+02 1.825000e+02 2.900000e+02
      vertex   7.000000e+02 1.827353e+02 2.935895e+02
      vertex   7.000000e+02 2.458293e+00 3.075157e+02
    endloop
  endfacet
  facet normal 1.000000e+00 0.000000e+00 0.000000e+00
    outer loop
      vertex   7.000000e+02 2.458293e+00 3.075157e+02
      vertex   7.000000e+02 1.827353e+02 2.935895e+02
      vertex   7.000000e+02 1.834370e+02 2.971175e+02
    endloop
  endfacet
  facet normal 1.000000e+00 0.000000e+00 0.000000e+00
    outer loop
      vertex   7.000000e+02 2.458293e+00 3.075157e+02
      vertex   7.000000e+02 1.834370e+02 2.971175e+02
      vertex   7.000000e+02 1.845933e+02 3.005238e+02
    endloop
  endfacet
  facet normal 1.000000e+00 0.000000e+00 -0.000000e+00
    outer loop
      vertex   7.000000e+02 1.845933e+02 3.005238e+02
      vertex   7.000000e+02 1.861843e+02 3.037500e+02
      vertex   7.000000e+02 2.458293e+00 3.075157e+02
    endloop
  endfacet
  facet normal 1.000000e+00 0.000000e+00 0.000000e+00
    outer loop
      vertex   7.000000e+02 2.458293e+00 3.075157e+02
      vertex   7.000000e+02 1.861843e+02 3.037500e+02
      vertex   7.000000e+02 1.881828e+02 3.067409e+02
    endloop
  endfacet
  facet normal 1.000000e+00 -0.000000e+00 0.000000e+00
    outer loop
      vertex   7.000000e+02 2.458293e+00 3.075157e+02
      vertex   7.000000e+02 1.881828e+02 3.067409e+02
      vertex   7.000000e+02 1.228345e+01 3.078923e+02
    endloop
  endfacet
  facet normal 1.000000e+00 -0.000000e+00 0.000000e+00
    outer loop
      vertex   7.000000e+02 1.228345e+01 3.078923e+02
      vertex   7.000000e+02 1.881828e+02 3.067409e+02
      vertex   7.000000e+02 2.207656e+01 3.087701e+02
    endloop
  endfacet
  facet normal 1.000000e+00 -0.000000e+00 0.000000e+00
    outer loop
      vertex   7.000000e+02 2.207656e+01 3.087701e+02
      vertex   7.000000e+02 1.881828e+02 3.067409e+02
      vertex   7.000000e+02 3.181207e+01 3.101468e+02
    endloop
  endfacet
  facet normal 1.000000e+00 -0.000000e+00 0.000000e+00
    outer loop
      vertex   7.000000e+02 3.181207e+01 3.101468e+02
      vertex   7.000000e+02 1.881828e+02 3.067409e+02
      vertex   7.000000e+02 4.146459e+01 3.120188e+02
    endloop
  endfacet
  facet normal 1.000000e+00 -0.000000e+00 0.000000e+00
    outer loop
      vertex   7.000000e+02 4.146459e+01 3.120188e+02
      vertex   7.000000e+02 1.881828e+02 3.067409e+02
      vertex   7.000000e+02 5.100894e+01 3.143812e+02
    endloop
  endfacet
  facet normal 1.000000e+00 -0.000000e+00 0.000000e+00
    outer loop
      vertex   7.000000e+02 5.100894e+01 3.143812e+02
      vertex   7.000000e+02 1.881828e+02 3.067409e+02
      vertex   7.000000e+02 6.042021e+01 3.172279e+02
    endloop
  endfacet
  facet normal 1.000000e+00 -0.000000e+00 0.000000e+00
    outer loop
      vertex   7.000000e+02 6.042021e+01 3.172279e+02
      vertex   7.000000e+02 1.881828e+02 3.067409e+02
      vertex   7.000000e+02 6.967385e+01 3.205514e+02
    endloop
  endfacet
  facet normal 1.000000e+00 -0.000000e+00 0.000000e+00
    outer loop
      vertex   7.000000e+02 6.967385e+01 3.205514e+02
      vertex   7.000000e+02 1.881828e+02 3.067409e+02
      vertex   7.000000e+02 7.874571e+01 3.243431e+02
    endloop
  endfacet
  facet normal 1.000000e+00 -0.000000e+00 0.000000e+00
    outer loop
      vertex   7.000000e+02 7.874571e+01 3.243431e+02
      vertex   7.000000e+02 1.881828e+02 3.067409e+02
      vertex   7.000000e+02 8.761214e+01 3.285930e+02
    endloop
  endfacet
  facet normal 1.000000e+00 -0.000000e+00 0.000000e+00
    outer loop
      vertex   7.000000e+02 8.761214e+01 3.285930e+02
      vertex   7.000000e+02 1.881828e+02 3.067409e+02
      vertex   7.000000e+02 9.625000e+01 3.332901e+02
    endloop
  endfacet
  facet normal 1.000000e+00 -0.000000e+00 0.000000e+00
    outer loop
      vertex   7.000000e+02 9.625000e+01 3.332901e+02
      vertex   7.000000e+02 1.881828e+02 3.067409e+02
      vertex   7.000000e+02 1.046368e+02 3.384222e+02
    endloop
  endfacet
  facet normal 1.000000e+00 -0.000000e+00 0.000000e+00
    outer loop
      vertex   7.000000e+02 1.046368e+02 3.384222e+02
      vertex   7.000000e+02 1.881828e+02 3.067409e+02
      vertex   7.000000e+02 1.127505e+02 3.439757e+02
    endloop
  endfacet
  facet normal 1.000000e+00 -0.000000e+00 0.000000e+00
    outer loop
      vertex   7.000000e+02 1.127505e+02 3.439757e+02
      vertex   7.000000e+02 1.881828e+02 3.067409e+02
      vertex   7.000000e+02 1.205701e+02 3.499364e+02
    endloop
  endfacet
  facet normal 1.000000e+00 -0.000000e+00 0.000000e+00
    outer loop
      vertex   7.000000e+02 1.205701e+02 3.499364e+02
      vertex   7.000000e+02 1.881828e+02 3.067409e+02
      vertex   7.000000e+02 1.280752e+02 3.562885e+02
    endloop
  endfacet
  facet normal 1.000000e+00 -0.000000e+00 0.000000e+00
    outer loop
      vertex   7.000000e+02 1.280752e+02 3.562885e+02
      vertex   7.000000e+02 1.881828e+02 3.067409e+02
      vertex   7.000000e+02 1.352461e+02 3.630156e+02
    endloop
  endfacet
  facet normal 1.000000e+00 -0.000000e+00 0.000000e+00
    outer loop
      vertex   7.000000e+02 1.352461e+02 3.630156e+02
      vertex   7.000000e+02 1.881828e+02 3.067409e+02
      vertex   7.000000e+02 1.420642e+02 3.701000e+02
    endloop
  endfacet
  facet normal 1.000000e+00 -0.000000e+00 0.000000e+00
    outer loop
      vertex   7.000000e+02 1.420642e+02 3.701000e+02
      vertex   7.000000e+02 1.881828e+02 3.067409e+02
      vertex   7.000000e+02 1.485117e+02 3.775233e+02
    endloop
  endfacet
  facet normal 1.000000e+00 0.000000e+00 0.000000e+00
    outer loop
      vertex   7.000000e+02 1.485117e+02 3.775233e+02
      vertex   7.000000e+02 1.881828e+02 3.067409e+02
      vertex   7.000000e+02 1.905546e+02 3.094454e+02
    endloop
  endfacet
  facet normal 1.000000e+00 -0.000000e+00 0.000000e+00
    outer loop
      vertex   7.000000e+02 1.485117e+02 3.775233e+02
      vertex   7.000000e+02 1.905546e+02 3.094454e+02
      vertex   7.000000e+02 1.545717e+02 3.852662e+02
    endloop
  endfacet
  facet normal 1.000000e+00 0.000000e+00 0.000000e+00
    outer loop
      vertex   7.000000e+02 1.545717e+02 3.852662e+02
      vertex   7.000000e+02 1.905546e+02 3.094454e+02
      vertex   7.000000e+02 1.932591e+02 3.118172e+02
    endloop
  endfacet
  facet normal 1.000000e+00 0.000000e+00 0.000000e+00
    outer loop
      vertex   7.000000e+02 1.545717e+02 3.852662e+02
      vertex   7.000000e+02 1.932591e+02 3.118172e+02
      vertex   7.000000e+02 1.962500e+02 3.138157e+02
    endloop
  endfacet
  facet normal 1.000000e+00 -0.000000e+00 0.000000e+00
    outer loop
      vertex   7.000000e+02 1.545717e+02 3.852662e+02
      vertex   7.000000e+02 1.962500e+02 3.138157e+02
      vertex   7.000000e+02 1.602284e+02 3.933084e+02
    endloop
  endfacet
  facet normal 1.000000e+00 0.000000e+00 0.000000e+00
    outer loop
      vertex   7.000000e+02 1.602284e+02 3.933084e+02
      vertex   7.000000e+02 1.962500e+02 3.138157e+02
      vertex   7.000000e+02 1.994762e+02 3.154067e+02
    endloop
  endfacet
  facet normal 1.000000e+00 -0.000000e+00 0.000000e+00
    outer loop
      vertex   7.000000e+02 1.602284e+02 3.933084e+02
      vertex   7.000000e+02 1.994762e+02 3.154067e+02
      vertex   7.000000e+02 1.654671e+02 4.016289e+02
    endloop
  endfacet
  facet normal 1.000000e+00 0.000000e+00 0.000000e+00
    outer loop
      vertex   7.000000e+02 1.654671e+02 4.016289e+02
      vertex   7.000000e+02 1.994762e+02 3.154067e+02
      vertex   7.000000e+02 2.028825e+02 3.165630e+02
    endloop
  endfacet
  facet normal 1.000000e+00 -0.000000e+00 0.000000e+00
    outer loop
      vertex   7.000000e+02 1.654671e+02 4.016289e+02
      vertex   7.000000e+02 2.028825e+02 3.165630e+02
      vertex   7.000000e+02 1.702742e+02 4.102061e+02
    endloop
  endfacet
  facet normal 1.000000e+00 0.000000e+00 0.000000e+00
    outer loop
      vertex   7.000000e+02 1.702742e+02 4.102061e+02
      vertex   7.000000e+02 2.028825e+02 3.165630e+02
      vertex   7.000000e+02 2.064105e+02 3.172647e+02
    endloop
  endfacet
  facet normal 1.000000e+00 0.000000e+00 0.000000e+00
    outer loop
      vertex   7.000000e+02 1.702742e+02 4.102061e+02
      vertex   7.000000e+02 2.064105e+02 3.172647e+02
      vertex   7.000000e+02 2.100000e+02 3.175000e+02
    endloop
  endfacet
  facet normal 1.000000e+00 -0.000000e+00 0.000000e+00
    outer loop
      vertex   7.000000e+02 1.702742e+02 4.102061e+02
      vertex   7.000000e+02 2.100000e+02 3.175000e+02
      vertex   7.000000e+02 1.746370e+02 4.190175e+02
    endloop
  endfacet
  facet normal 1.000000e+00 0.000000e+00 0.000000e+00
    outer loop
      vertex   7.000000e+02 1.746370e+02 4.190175e+02
      vertex   7.000000e+02 2.100000e+02 3.175000e+02
      vertex   7.000000e+02 2.135895e+02 3.172647e+02
    endloop
  endfacet
  facet normal 1.000000e+00 -0.000000e+00 0.000000e+00
    outer loop
      vertex   7.000000e+02 1.746370e+02 4.190175e+02
      vertex   7.000000e+02 2.135895e+02 3.172647e+02
      vertex   7.000000e+02 1.785442e+02 4.280402e+02
    endloop
  endfacet
  facet normal 1.000000e+00 0.000000e+00 0.000000e+00
    outer loop
      vertex   7.000000e+02 1.785442e+02 4.280402e+02
      vertex   7.000000e+02 2.135895e+02 3.172647e+02
      vertex   7.000000e+02 2.171175e+02 3.165630e+02
    endloop
  endfacet
  facet normal 1.000000e+00 -0.000000e+00 0.000000e+00
    outer loop
      vertex   7.000000e+02 1.785442e+02 4.280402e+02
      vertex   7.000000e+02 2.171175e+02 3.165630e+02
      vertex   7.000000e+02 1.819856e+02 4.372507e+02
    endloop
  endfacet
  facet normal 1.000000e+00 0.000000e+00 0.000000e+00
    outer loop
      vertex   7.000000e+02 1.819856e+02 4.372507e+02
      vertex   7.000000e+02 2.171175e+02 3.165630e+02
      vertex   7.000000e+02 2.205238e+02 3.154067e+02
    endloop
  endfacet
  facet normal 1.000000e+00 -0.000000e+00 0.000000e+00
    outer loop
      vertex   7.000000e+02 1.819856e+02 4.372507e+02
      vertex   7.000000e+02 2.205238e+02 3.154067e+02
      vertex   7.000000e+02 1.849523e+02 4.466248e+02
    endloop
  endfacet
  facet normal 1.000000e+00 0.000000e+00 0.000000e+00
    outer loop
      vertex   7.000000e+02 1.849523e+02 4.466248e+02
      vertex   7.000000e+02 2.205238e+02 3.154067e+02
      vertex   7.000000e+02 2.237500e+02 3.138157e+02
    endloop
  endfacet
  facet normal 1.000000e+00 0.000000e+00 0.000000e+00
    outer loop
      vertex   7.000000e+02 1.849523e+02 4.466248e+02
      vertex   7.000000e+02 2.237500e+02 3.138157e+02
      vertex   7.000000e+02 2.267409e+02 3.118172e+02
    endloop
  endfacet
  facet normal 1.000000e+00 -0.000000e+00 0.000000e+00
    outer loop
      vertex   7.000000e+02 1.849523e+02 4.466248e+02
      vertex   7.000000e+02 2.267409e+02 3.118172e+02
      vertex   7.000000e+02 1.874364e+02 4.561382e+02
    endloop
  endfacet
  facet normal 1.000000e+00 0.000000e+00 0.000000e+00
    outer loop
      vertex   7.000000e+02 1.874364e+02 4.561382e+02
      vertex   7.000000e+02 2.267409e+02 3.118172e+02
      vertex   7.000000e+02 2.294454e+02 3.094454e+02
    endloop
  endfacet
  facet normal 1.000000e+00 -0.000000e+00 0.000000e+00
    outer loop
      vertex   7.000000e+02 1.874364e+02 4.561382e+02
      vertex   7.000000e+02 2.294454e+02 3.094454e+02
      vertex   7.000000e+02 1.894315e+02 4.657660e+02
    endloop
  endfacet
  facet normal 1.000000e+00 -0.000000e+00 0.000000e+00
    outer loop
      vertex   7.000000e+02 1.894315e+02 4.657660e+02
      vertex   7.000000e+02 2.294454e+02 3.094454e+02
      vertex   7.000000e+02 1.909324e+02 4.754832e+02
    endloop
  endfacet
  facet normal 1.000000e+00 -0.000000e+00 0.000000e+00
    outer loop
      vertex   7.000000e+02 1.909324e+02 4.754832e+02
      vertex   7.000000e+02 2.294454e+02 3.094454e+02
      vertex   7.000000e+02 1.919352e+02 4.852643e+02
    endloop
  endfacet
  facet normal 1.000000e+00 0.000000e+00 0.000000e+00
    outer loop
      vertex   7.000000e+02 1.919352e+02 4.852643e+02
      vertex   7.000000e+02 2.294454e+02 3.094454e+02
      vertex   7.000000e+02 2.894454e+02 2.494454e+02
    endloop
  endfacet
  facet normal 1.000000e+00 -0.000000e+00 0.000000e+00
    outer loop
      vertex   7.000000e+02 1.919352e+02 4.852643e+02
      vertex   7.000000e+02 2.894454e+02 2.494454e+02
      vertex   7.000000e+02 1.924372e+02 4.950838e+02
    endloop
  endfacet
  facet normal 1.000000e+00 0.000000e+00 0.000000e+00
    outer loop
      vertex   7.000000e+02 1.905546e+02 7.294454e+02
      vertex   7.000000e+02 2.505546e+02 7.894454e+02
      vertex   7.000000e+02 2.990000e+02 9.095791e+02
    endloop
  endfacet
  facet normal 1.000000e+00 0.000000e+00 0.000000e+00
    outer loop
      vertex   7.000000e+02 2.990000e+02 9.095791e+02
      vertex   7.000000e+02 2.505546e+02 7.894454e+02
      vertex   7.000000e+02 2.532591e+02 7.918172e+02
    endloop
  endfacet
  facet normal 1.000000e+00 0.000000e+00 0.000000e+00
    outer loop
      vertex   7.000000e+02 2.990000e+02 9.095791e+02
      vertex   7.000000e+02 2.532591e+02 7.918172e+02
      vertex   7.000000e+02 2.562500e+02 7.938157e+02
    endloop
  endfacet
  facet normal 1.000000e+00 0.000000e+00 0.000000e+00
    outer loop
      vertex   7.000000e+02 2.562500e+02 7.938157e+02
      vertex   7.000000e+02 2.594762e+02 7.954067e+02
      vertex   7.000000e+02 2.990000e+02 9.095791e+02
    endloop
  endfacet
  facet normal 1.000000e+00 0.000000e+00 0.000000e+00
    outer loop
      vertex   7.000000e+02 2.990000e+02 9.095791e+02
      vertex   7.000000e+02 2.594762e+02 7.954067e+02
      vertex   7.000000e+02 2.628825e+02 7.965630e+02
    endloop
  endfacet
  facet normal 1.000000e+00 0.000000e+00 0.000000e+00
    outer loop
      vertex   7.000000e+02 2.990000e+02 9.095791e+02
      vertex   7.000000e+02 2.628825e+02 7.965630e+02
      vertex   7.000000e+02 2.664105e+02 7.972647e+02
    endloop
  endfacet
  facet normal 1.000000e+00 0.000000e+00 0.000000e+00
    outer loop
      vertex   7.000000e+02 2.664105e+02 7.972647e+02
      vertex   7.000000e+02 2.700000e+02 7.975000e+02
      vertex   7.000000e+02 2.990000e+02 9.095791e+02
    endloop
  endfacet
  facet normal 1.000000e+00 0.000000e+00 0.000000e+00
    outer loop
      vertex   7.000000e+02 2.990000e+02 9.095791e+02
      vertex   7.000000e+02 2.700000e+02 7.975000e+02
      vertex   7.000000e+02 2.735895e+02 7.972647e+02
    endloop
  endfacet
  facet normal 1.000000e+00 0.000000e+00 0.000000e+00
    outer loop
      vertex   7.000000e+02 2.990000e+02 9.095791e+02
      vertex   7.000000e+02 2.735895e+02 7.972647e+02
      vertex   7.000000e+02 2.771175e+02 7.965630e+02
    endloop
  endfacet
  facet normal 1.000000e+00 -0.000000e+00 0.000000e+00
    outer loop
      vertex   7.000000e+02 2.771175e+02 7.965630e+02
      vertex   7.000000e+02 2.805238e+02 7.954067e+02
      vertex   7.000000e+02 2.990000e+02 9.095791e+02
    endloop
  endfacet
  facet normal 1.000000e+00 0.000000e+00 0.000000e+00
    outer loop
      vertex   7.000000e+02 2.990000e+02 9.095791e+02
      vertex   7.000000e+02 2.805238e+02 7.954067e+02
      vertex   7.000000e+02 2.837500e+02 7.938157e+02
    endloop
  endfacet
  facet normal 1.000000e+00 0.000000e+00 0.000000e+00
    outer loop
      vertex   7.000000e+02 2.990000e+02 9.095791e+02
      vertex   7.000000e+02 2.837500e+02 7.938157e+02
      vertex   7.000000e+02 2.867409e+02 7.918172e+02
    endloop
  endfacet
  facet normal 1.000000e+00 -0.000000e+00 0.000000e+00
    outer loop
      vertex   7.000000e+02 2.867409e+02 7.918172e+02
      vertex   7.000000e+02 2.894454e+02 7.894454e+02
      vertex   7.000000e+02 2.990000e+02 9.095791e+02
    endloop
  endfacet
  facet normal 1.000000e+00 0.000000e+00 0.000000e+00
    outer loop
      vertex   7.000000e+02 2.990000e+02 9.095791e+02
      vertex   7.000000e+02 2.894454e+02 7.894454e+02
      vertex   7.000000e+02 2.918172e+02 7.867409e+02
    endloop
  endfacet
  facet normal 1.000000e+00 0.000000e+00 0.000000e+00
    outer loop
      vertex   7.000000e+02 2.990000e+02 9.095791e+02
      vertex   7.000000e+02 2.918172e+02 7.867409e+02
      vertex   7.000000e+02 2.938157e+02 7.837500e+02
    endloop
  endfacet
  facet normal 1.000000e+00 -0.000000e+00 0.000000e+00
    outer loop
      vertex   7.000000e+02 2.938157e+02 7.837500e+02
      vertex   7.000000e+02 2.954067e+02 7.805238e+02
      vertex   7.000000e+02 2.990000e+02 9.095791e+02
    endloop
  endfacet
  facet normal 1.000000e+00 0.000000e+00 0.000000e+00
    outer loop
      vertex   7.000000e+02 2.990000e+02 9.095791e+02
      vertex   7.000000e+02 2.954067e+02 7.805238e+02
      vertex   7.000000e+02 2.965630e+02 7.771175e+02
    endloop
  endfacet
  facet normal 1.000000e+00 0.000000e+00 0.000000e+00
    outer loop
      vertex   7.000000e+02 2.990000e+02 9.095791e+02
      vertex   7.000000e+02 2.965630e+02 7.771175e+02
      vertex   7.000000e+02 2.972647e+02 7.735895e+02
    endloop
  endfacet
  facet normal 1.000000e+00 -0.000000e+00 0.000000e+00
    outer loop
      vertex   7.000000e+02 2.972647e+02 7.735895e+02
      vertex   7.000000e+02 2.975000e+02 7.700000e+02
      vertex   7.000000e+02 2.990000e+02 9.095791e+02
    endloop
  endfacet
  facet normal 1.000000e+00 0.000000e+00 -0.000000e+00
    outer loop
      vertex   7.000000e+02 1.849523e+02 5.533752e+02
      vertex   7.000000e+02 2.205238e+02 6.845933e+02
      vertex   7.000000e+02 1.819856e+02 5.627493e+02
    endloop
  endfacet
  facet normal 1.000000e+00 0.000000e+00 0.000000e+00
    outer loop
      vertex   7.000000e+02 1.819856e+02 5.627493e+02
      vertex   7.000000e+02 2.205238e+02 6.845933e+02
      vertex   7.000000e+02 2.171175e+02 6.834370e+02
    endloop
  endfacet
  facet normal 1.000000e+00 0.000000e+00 -0.000000e+00
    outer loop
      vertex   7.000000e+02 1.819856e+02 5.627493e+02
      vertex   7.000000e+02 2.171175e+02 6.834370e+02
      vertex   7.000000e+02 1.785442e+02 5.719598e+02
    endloop
  endfacet
  facet normal 1.000000e+00 0.000000e+00 0.000000e+00
    outer loop
      vertex   7.000000e+02 1.785442e+02 5.719598e+02
      vertex   7.000000e+02 2.171175e+02 6.834370e+02
      vertex   7.000000e+02 2.135895e+02 6.827353e+02
    endloop
  endfacet
  facet normal 1.000000e+00 0.000000e+00 -0.000000e+00
    outer loop
      vertex   7.000000e+02 1.785442e+02 5.719598e+02
      vertex   7.000000e+02 2.135895e+02 6.827353e+02
      vertex   7.000000e+02 1.746370e+02 5.809825e+02
    endloop
  endfacet
  facet normal 1.000000e+00 0.000000e+00 0.000000e+00
    outer loop
      vertex   7.000000e+02 1.746370e+02 5.809825e+02
      vertex   7.000000e+02 2.135895e+02 6.827353e+02
      vertex   7.000000e+02 2.100000e+02 6.825000e+02
    endloop
  endfacet
  facet normal 1.000000e+00 0.000000e+00 -0.000000e+00
    outer loop
      vertex   7.000000e+02 1.746370e+02 5.809825e+02
      vertex   7.000000e+02 2.100000e+02 6.825000e+02
      vertex   7.000000e+02 1.702742e+02 5.897939e+02
    endloop
  endfacet
  facet normal 1.000000e+00 0.000000e+00 0.000000e+00
    outer loop
      vertex   7.000000e+02 1.702742e+02 5.897939e+02
      vertex   7.000000e+02 2.100000e+02 6.825000e+02
      vertex   7.000000e+02 2.064105e+02 6.827353e+02
    endloop
  endfacet
  facet normal 1.000000e+00 0.000000e+00 0.000000e+00
    outer loop
      vertex   7.000000e+02 1.702742e+02 5.897939e+02
      vertex   7.000000e+02 2.064105e+02 6.827353e+02
      vertex   7.000000e+02 2.028825e+02 6.834370e+02
    endloop
  endfacet
  facet normal 1.000000e+00 0.000000e+00 -0.000000e+00
    outer loop
      vertex   7.000000e+02 1.702742e+02 5.897939e+02
      vertex   7.000000e+02 2.028825e+02 6.834370e+02
      vertex   7.000000e+02 1.654671e+02 5.983711e+02
    endloop
  endfacet
  facet normal 1.000000e+00 0.000000e+00 0.000000e+00
    outer loop
      vertex   7.000000e+02 1.654671e+02 5.983711e+02
      vertex   7.000000e+02 2.028825e+02 6.834370e+02
      vertex   7.000000e+02 1.994762e+02 6.845933e+02
    endloop
  endfacet
  facet normal 1.000000e+00 0.000000e+00 -0.000000e+00
    outer loop
      vertex   7.000000e+02 1.654671e+02 5.983711e+02
      vertex   7.000000e+02 1.994762e+02 6.845933e+02
      vertex   7.000000e+02 1.602284e+02 6.066916e+02
    endloop
  endfacet
  facet normal 1.000000e+00 0.000000e+00 0.000000e+00
    outer loop
      vertex   7.000000e+02 1.602284e+02 6.066916e+02
      vertex   7.000000e+02 1.994762e+02 6.845933e+02
      vertex   7.000000e+02 1.962500e+02 6.861843e+02
    endloop
  endfacet
  facet normal 1.000000e+00 0.000000e+00 -0.000000e+00
    outer loop
      vertex   7.000000e+02 1.602284e+02 6.066916e+02
      vertex   7.000000e+02 1.962500e+02 6.861843e+02
      vertex   7.000000e+02 1.545717e+02 6.147338e+02
    endloop
  endfacet
  facet normal 1.000000e+00 0.000000e+00 0.000000e+00
    outer loop
      vertex   7.000000e+02 1.545717e+02 6.147338e+02
      vertex   7.000000e+02 1.962500e+02 6.861843e+02
      vertex   7.000000e+02 1.932591e+02 6.881828e+02
    endloop
  endfacet
  facet normal 1.000000e+00 0.000000e+00 0.000000e+00
    outer loop
      vertex   7.000000e+02 1.545717e+02 6.147338e+02
      vertex   7.000000e+02 1.932591e+02 6.881828e+02
      vertex   7.000000e+02 1.905546e+02 6.905546e+02
    endloop
  endfacet
  facet normal 1.000000e+00 0.000000e+00 0.000000e+00
    outer loop
      vertex   7.000000e+02 1.881828e+02 6.932591e+02
      vertex   7.000000e+02 1.205701e+02 6.500636e+02
      vertex   7.000000e+02 1.905546e+02 6.905546e+02
    endloop
  endfacet
  facet normal 1.000000e+00 0.000000e+00 0.000000e+00
    outer loop
      vertex   7.000000e+02 1.905546e+02 6.905546e+02
      vertex   7.000000e+02 1.205701e+02 6.500636e+02
      vertex   7.000000e+02 1.280752e+02 6.437115e+02
    endloop
  endfacet
  facet normal 1.000000e+00 0.000000e+00 0.000000e+00
    outer loop
      vertex   7.000000e+02 1.905546e+02 6.905546e+02
      vertex   7.000000e+02 1.280752e+02 6.437115e+02
      vertex   7.000000e+02 1.352461e+02 6.369844e+02
    endloop
  endfacet
  facet normal 1.000000e+00 0.000000e+00 0.000000e+00
    outer loop
      vertex   7.000000e+02 1.881828e+02 6.932591e+02
      vertex   7.000000e+02 1.861843e+02 6.962500e+02
      vertex   7.000000e+02 1.205701e+02 6.500636e+02
    endloop
  endfacet
  facet normal 1.000000e+00 0.000000e+00 0.000000e+00
    outer loop
      vertex   7.000000e+02 1.205701e+02 6.500636e+02
      vertex   7.000000e+02 1.861843e+02 6.962500e+02
      vertex   7.000000e+02 1.845933e+02 6.994762e+02
    endloop
  endfacet
  facet normal 1.000000e+00 0.000000e+00 0.000000e+00
    outer loop
      vertex   7.000000e+02 1.205701e+02 6.500636e+02
      vertex   7.000000e+02 1.845933e+02 6.994762e+02
      vertex   7.000000e+02 1.834370e+02 7.028825e+02
    endloop
  endfacet
  facet normal 1.000000e+00 0.000000e+00 0.000000e+00
    outer loop
      vertex   7.000000e+02 1.834370e+02 7.028825e+02
      vertex   7.000000e+02 1.827353e+02 7.064105e+02
      vertex   7.000000e+02 1.205701e+02 6.500636e+02
    endloop
  endfacet
  facet normal 1.000000e+00 0.000000e+00 0.000000e+00
    outer loop
      vertex   7.000000e+02 1.205701e+02 6.500636e+02
      vertex   7.000000e+02 1.827353e+02 7.064105e+02
      vertex   7.000000e+02 1.825000e+02 7.100000e+02
    endloop
  endfacet
  facet normal 1.000000e+00 0.000000e+00 -0.000000e+00
    outer loop
      vertex   7.000000e+02 1.205701e+02 6.500636e+02
      vertex   7.000000e+02 1.825000e+02 7.100000e+02
      vertex   7.000000e+02 1.127505e+02 6.560243e+02
    endloop
  endfacet
  facet normal 1.000000e+00 0.000000e+00 0.000000e+00
    outer loop
      vertex   7.000000e+02 1.127505e+02 6.560243e+02
      vertex   7.000000e+02 1.825000e+02 7.100000e+02
      vertex   7.000000e+02 1.827353e+02 7.135895e+02
    endloop
  endfacet
  facet normal 1.000000e+00 0.000000e+00 -0.000000e+00
    outer loop
      vertex   7.000000e+02 1.127505e+02 6.560243e+02
      vertex   7.000000e+02 1.827353e+02 7.135895e+02
      vertex   7.000000e+02 1.046368e+02 6.615778e+02
    endloop
  endfacet
  facet normal 1.000000e+00 0.000000e+00 0.000000e+00
    outer loop
      vertex   7.000000e+02 1.046368e+02 6.615778e+02
      vertex   7.000000e+02 1.827353e+02 7.135895e+02
      vertex   7.000000e+02 1.834370e+02 7.171175e+02
    endloop
  endfacet
  facet normal 1.000000e+00 0.000000e+00 -0.000000e+00
    outer loop
      vertex   7.000000e+02 1.046368e+02 6.615778e+02
      vertex   7.000000e+02 1.834370e+02 7.171175e+02
      vertex   7.000000e+02 9.625000e+01 6.667099e+02
    endloop
  endfacet
  facet normal 1.000000e+00 0.000000e+00 0.000000e+00
    outer loop
      vertex   7.000000e+02 9.625000e+01 6.667099e+02
      vertex   7.000000e+02 1.834370e+02 7.171175e+02
      vertex   7.000000e+02 1.845933e+02 7.205238e+02
    endloop
  endfacet
  facet normal 1.000000e+00 0.000000e+00 -0.000000e+00
    outer loop
      vertex   7.000000e+02 9.625000e+01 6.667099e+02
      vertex   7.000000e+02 1.845933e+02 7.205238e+02
      vertex   7.000000e+02 8.761214e+01 6.714070e+02
    endloop
  endfacet
  facet normal 1.000000e+00 0.000000e+00 -0.000000e+00
    outer loop
      vertex   7.000000e+02 8.761214e+01 6.714070e+02
      vertex   7.000000e+02 1.845933e+02 7.205238e+02
      vertex   7.000000e+02 7.874571e+01 6.756569e+02
    endloop
  endfacet
  facet normal 1.000000e+00 0.000000e+00 0.000000e+00
    outer loop
      vertex   7.000000e+02 7.874571e+01 6.756569e+02
      vertex   7.000000e+02 1.845933e+02 7.205238e+02
      vertex   7.000000e+02 1.861843e+02 7.237500e+02
    endloop
  endfacet
  facet normal 1.000000e+00 0.000000e+00 -0.000000e+00
    outer loop
      vertex   7.000000e+02 7.874571e+01 6.756569e+02
      vertex   7.000000e+02 1.861843e+02 7.237500e+02
      vertex   7.000000e+02 6.967385e+01 6.794486e+02
    endloop
  endfacet
  facet normal 1.000000e+00 0.000000e+00 0.000000e+00
    outer loop
      vertex   7.000000e+02 6.967385e+01 6.794486e+02
      vertex   7.000000e+02 1.861843e+02 7.237500e+02
      vertex   7.000000e+02 1.881828e+02 7.267409e+02
    endloop
  endfacet
  facet normal 1.000000e+00 0.000000e+00 -0.000000e+00
    outer loop
      vertex   7.000000e+02 6.967385e+01 6.794486e+02
      vertex   7.000000e+02 1.881828e+02 7.267409e+02
      vertex   7.000000e+02 6.042021e+01 6.827721e+02
    endloop
  endfacet
  facet normal 1.000000e+00 0.000000e+00 0.000000e+00
    outer loop
      vertex   7.000000e+02 6.042021e+01 6.827721e+02
      vertex   7.000000e+02 1.881828e+02 7.267409e+02
      vertex   7.000000e+02 1.905546e+02 7.294454e+02
    endloop
  endfacet
  facet normal 1.000000e+00 0.000000e+00 -0.000000e+00
    outer loop
      vertex   7.000000e+02 6.042021e+01 6.827721e+02
      vertex   7.000000e+02 1.905546e+02 7.294454e+02
      vertex   7.000000e+02 5.100894e+01 6.856188e+02
    endloop
  endfacet
  facet normal 1.000000e+00 0.000000e+00 -0.000000e+00
    outer loop
      vertex   7.000000e+02 5.100894e+01 6.856188e+02
      vertex   7.000000e+02 1.905546e+02 7.294454e+02
      vertex   7.000000e+02 4.146459e+01 6.879812e+02
    endloop
  endfacet
  facet normal 1.000000e+00 0.000000e+00 0.000000e+00
    outer loop
      vertex   7.000000e+02 4.146459e+01 6.879812e+02
      vertex   7.000000e+02 1.905546e+02 7.294454e+02
      vertex   7.000000e+02 2.990000e+02 9.095791e+02
    endloop
  endfacet
  facet normal 1.000000e+00 0.000000e+00 -0.000000e+00
    outer loop
      vertex   7.000000e+02 4.146459e+01 6.879812e+02
      vertex   7.000000e+02 2.990000e+02 9.095791e+02
      vertex   7.000000e+02 3.181207e+01 6.898532e+02
    endloop
  endfacet
  facet normal 1.000000e+00 0.000000e+00 -0.000000e+00
    outer loop
      vertex   7.000000e+02 3.181207e+01 6.898532e+02
      vertex   7.000000e+02 2.990000e+02 9.095791e+02
      vertex   7.000000e+02 2.207656e+01 6.912299e+02
    endloop
  endfacet
  facet normal 1.000000e+00 0.000000e+00 -0.000000e+00
    outer loop
      vertex   7.000000e+02 2.207656e+01 6.912299e+02
      vertex   7.000000e+02 2.990000e+02 9.095791e+02
      vertex   7.000000e+02 1.228345e+01 6.921077e+02
    endloop
  endfacet
  facet normal 1.000000e+00 0.000000e+00 -0.000000e+00
    outer loop
      vertex   7.000000e+02 1.228345e+01 6.921077e+02
      vertex   7.000000e+02 2.990000e+02 9.095791e+02
      vertex   7.000000e+02 2.458293e+00 6.924843e+02
    endloop
  endfacet
  facet normal 1.000000e+00 0.000000e+00 -0.000000e+00
    outer loop
      vertex   7.000000e+02 2.458293e+00 6.924843e+02
      vertex   7.000000e+02 2.990000e+02 9.095791e+02
      vertex   7.000000e+02 -2.990000e+02 9.095791e+02
    endloop
  endfacet
  facet normal 1.000000e+00 0.000000e+00 0.000000e+00
    outer loop
      vertex   7.000000e+02 2.458293e+00 6.924843e+02
      vertex   7.000000e+02 -2.990000e+02 9.095791e+02
      vertex   7.000000e+02 -7.373276e+00 6.923587e+02
    endloop
  endfacet
  facet normal 1.000000e+00 0.000000e+00 0.000000e+00
    outer loop
      vertex   7.000000e+02 -7.373276e+00 6.923587e+02
      vertex   7.000000e+02 -2.990000e+02 9.095791e+02
      vertex   7.000000e+02 -1.718561e+01 6.917313e+02
    endloop
  endfacet
  facet normal 1.000000e+00 0.000000e+00 0.000000e+00
    outer loop
      vertex   7.000000e+02 -1.718561e+01 6.917313e+02
      vertex   7.000000e+02 -2.990000e+02 9.095791e+02
      vertex   7.000000e+02 -2.695311e+01 6.906037e+02
    endloop
  endfacet
  facet normal 1.000000e+00 0.000000e+00 0.000000e+00
    outer loop
      vertex   7.000000e+02 -2.695311e+01 6.906037e+02
      vertex   7.000000e+02 -2.990000e+02 9.095791e+02
      vertex   7.000000e+02 -3.665029e+01 6.889789e+02
    endloop
  endfacet
  facet normal 1.000000e+00 0.000000e+00 0.000000e+00
    outer loop
      vertex   7.000000e+02 -3.665029e+01 6.889789e+02
      vertex   7.000000e+02 -2.990000e+02 9.095791e+02
      vertex   7.000000e+02 -1.905546e+02 7.294454e+02
    endloop
  endfacet
  facet normal 1.000000e+00 0.000000e+00 0.000000e+00
    outer loop
      vertex   7.000000e+02 -3.665029e+01 6.889789e+02
      vertex   7.000000e+02 -1.905546e+02 7.294454e+02
      vertex   7.000000e+02 -4.625185e+01 6.868610e+02
    endloop
  endfacet
  facet normal 1.000000e+00 0.000000e+00 0.000000e+00
    outer loop
      vertex   7.000000e+02 -4.625185e+01 6.868610e+02
      vertex   7.000000e+02 -1.905546e+02 7.294454e+02
      vertex   7.000000e+02 -5.573275e+01 6.842556e+02
    endloop
  endfacet
  facet normal 1.000000e+00 0.000000e+00 0.000000e+00
    outer loop
      vertex   7.000000e+02 -5.573275e+01 6.842556e+02
      vertex   7.000000e+02 -1.905546e+02 7.294454e+02
      vertex   7.000000e+02 -1.881828e+02 7.267409e+02
    endloop
  endfacet
  facet normal 1.000000e+00 0.000000e+00 0.000000e+00
    outer loop
      vertex   7.000000e+02 -5.573275e+01 6.842556e+02
      vertex   7.000000e+02 -1.881828e+02 7.267409e+02
      vertex   7.000000e+02 -6.506825e+01 6.811695e+02
    endloop
  endfacet
  facet normal 1.000000e+00 0.000000e+00 0.000000e+00
    outer loop
      vertex   7.000000e+02 -6.506825e+01 6.811695e+02
      vertex   7.000000e+02 -1.881828e+02 7.267409e+02
      vertex   7.000000e+02 -1.861843e+02 7.237500e+02
    endloop
  endfacet
  facet normal 1.000000e+00 0.000000e+00 0.000000e+00
    outer loop
      vertex   7.000000e+02 -6.506825e+01 6.811695e+02
      vertex   7.000000e+02 -1.861843e+02 7.237500e+02
      vertex   7.000000e+02 -1.845933e+02 7.205238e+02
    endloop
  endfacet
  facet normal 1.000000e+00 0.000000e+00 0.000000e+00
    outer loop
      vertex   7.000000e+02 -2.532591e+02 2.081828e+02
      vertex   7.000000e+02 -7.373276e+00 3.076413e+02
      vertex   7.000000e+02 -2.505546e+02 2.105546e+02
    endloop
  endfacet
  facet normal 1.000000e+00 0.000000e+00 0.000000e+00
    outer loop
      vertex   7.000000e+02 -2.505546e+02 2.105546e+02
      vertex   7.000000e+02 -7.373276e+00 3.076413e+02
      vertex   7.000000e+02 -1.718561e+01 3.082687e+02
    endloop
  endfacet
  facet normal 1.000000e+00 0.000000e+00 0.000000e+00
    outer loop
      vertex   7.000000e+02 -2.505546e+02 2.105546e+02
      vertex   7.000000e+02 -1.718561e+01 3.082687e+02
      vertex   7.000000e+02 -2.695311e+01 3.093963e+02
    endloop
  endfacet
  facet normal 1.000000e+00 0.000000e+00 0.000000e+00
    outer loop
      vertex   7.000000e+02 -2.735895e+02 2.027353e+02
      vertex   7.000000e+02 -2.771175e+02 2.034370e+02
      vertex   7.000000e+02 -2.990000e+02 5.895216e+01
    endloop
  endfacet
  facet normal 1.000000e+00 0.000000e+00 0.000000e+00
    outer loop
      vertex   7.000000e+02 -2.990000e+02 5.895216e+01
      vertex   7.000000e+02 -2.771175e+02 2.034370e+02
      vertex   7.000000e+02 -2.805238e+02 2.045933e+02
    endloop
  endfacet
  facet normal 1.000000e+00 0.000000e+00 0.000000e+00
    outer loop
      vertex   7.000000e+02 -2.990000e+02 5.895216e+01
      vertex   7.000000e+02 -2.805238e+02 2.045933e+02
      vertex   7.000000e+02 -2.837500e+02 2.061843e+02
    endloop
  endfacet
  facet normal 1.000000e+00 0.000000e+00 0.000000e+00
    outer loop
      vertex   7.000000e+02 -2.837500e+02 2.061843e+02
      vertex   7.000000e+02 -2.867409e+02 2.081828e+02
      vertex   7.000000e+02 -2.990000e+02 5.895216e+01
    endloop
  endfacet
  facet normal 1.000000e+00 0.000000e+00 0.000000e+00
    outer loop
      vertex   7.000000e+02 -2.990000e+02 5.895216e+01
      vertex   7.000000e+02 -2.867409e+02 2.081828e+02
      vertex   7.000000e+02 -2.894454e+02 2.105546e+02
    endloop
  endfacet
  facet normal 1.000000e+00 0.000000e+00 0.000000e+00
    outer loop
      vertex   7.000000e+02 -2.990000e+02 5.895216e+01
      vertex   7.000000e+02 -2.894454e+02 2.105546e+02
      vertex   7.000000e+02 -2.918172e+02 2.132591e+02
    endloop
  endfacet
  facet normal 1.000000e+00 0.000000e+00 0.000000e+00
    outer loop
      vertex   7.000000e+02 -2.918172e+02 2.132591e+02
      vertex   7.000000e+02 -2.938157e+02 2.162500e+02
      vertex   7.000000e+02 -2.990000e+02 5.895216e+01
    endloop
  endfacet
  facet normal 1.000000e+00 0.000000e+00 0.000000e+00
    outer loop
      vertex   7.000000e+02 -2.990000e+02 5.895216e+01
      vertex   7.000000e+02 -2.938157e+02 2.162500e+02
      vertex   7.000000e+02 -2.954067e+02 2.194762e+02
    endloop
  endfacet
  facet normal 1.000000e+00 0.000000e+00 0.000000e+00
    outer loop
      vertex   7.000000e+02 -2.990000e+02 5.895216e+01
      vertex   7.000000e+02 -2.954067e+02 2.194762e+02
      vertex   7.000000e+02 -2.965630e+02 2.228825e+02
    endloop
  endfacet
  facet normal 1.000000e+00 0.000000e+00 0.000000e+00
    outer loop
      vertex   7.000000e+02 -2.965630e+02 2.228825e+02
      vertex   7.000000e+02 -2.972647e+02 2.264105e+02
      vertex   7.000000e+02 -2.990000e+02 5.895216e+01
    endloop
  endfacet
  facet normal 1.000000e+00 0.000000e+00 0.000000e+00
    outer loop
      vertex   7.000000e+02 -2.990000e+02 5.895216e+01
      vertex   7.000000e+02 -2.972647e+02 2.264105e+02
      vertex   7.000000e+02 -2.975000e+02 2.300000e+02
    endloop
  endfacet
  facet normal 1.000000e+00 0.000000e+00 0.000000e+00
    outer loop
      vertex   7.000000e+02 -2.990000e+02 5.895216e+01
      vertex   7.000000e+02 -2.975000e+02 2.300000e+02
      vertex   7.000000e+02 -2.990000e+02 9.095791e+02
    endloop
  endfacet
  facet normal 1.000000e+00 0.000000e+00 0.000000e+00
    outer loop
      vertex   7.000000e+02 -2.990000e+02 9.095791e+02
      vertex   7.000000e+02 -2.975000e+02 2.300000e+02
      vertex   7.000000e+02 -2.975000e+02 7.700000e+02
    endloop
  endfacet
  facet normal 1.000000e+00 0.000000e+00 0.000000e+00
    outer loop
      vertex   7.000000e+02 -2.990000e+02 9.095791e+02
      vertex   7.000000e+02 -2.975000e+02 7.700000e+02
      vertex   7.000000e+02 -2.972647e+02 7.735895e+02
    endloop
  endfacet
  facet normal 1.000000e+00 0.000000e+00 0.000000e+00
    outer loop
      vertex   7.000000e+02 -2.975000e+02 7.700000e+02
      vertex   7.000000e+02 -2.975000e+02 2.300000e+02
      vertex   7.000000e+02 -2.972647e+02 7.664105e+02
    endloop
  endfacet
  facet normal 1.000000e+00 0.000000e+00 0.000000e+00
    outer loop
      vertex   7.000000e+02 -2.972647e+02 7.664105e+02
      vertex   7.000000e+02 -2.975000e+02 2.300000e+02
      vertex   7.000000e+02 -2.972647e+02 2.335895e+02
    endloop
  endfacet
  facet normal 1.000000e+00 0.000000e+00 0.000000e+00
    outer loop
      vertex   7.000000e+02 -2.972647e+02 7.664105e+02
      vertex   7.000000e+02 -2.972647e+02 2.335895e+02
      vertex   7.000000e+02 -2.965630e+02 7.628825e+02
    endloop
  endfacet
  facet normal 1.000000e+00 0.000000e+00 0.000000e+00
    outer loop
      vertex   7.000000e+02 -2.965630e+02 7.628825e+02
      vertex   7.000000e+02 -2.972647e+02 2.335895e+02
      vertex   7.000000e+02 -2.965630e+02 2.371175e+02
    endloop
  endfacet
  facet normal 1.000000e+00 0.000000e+00 0.000000e+00
    outer loop
      vertex   7.000000e+02 -2.965630e+02 7.628825e+02
      vertex   7.000000e+02 -2.965630e+02 2.371175e+02
      vertex   7.000000e+02 -2.954067e+02 7.594762e+02
    endloop
  endfacet
  facet normal 1.000000e+00 0.000000e+00 0.000000e+00
    outer loop
      vertex   7.000000e+02 -2.954067e+02 7.594762e+02
      vertex   7.000000e+02 -2.965630e+02 2.371175e+02
      vertex   7.000000e+02 -2.954067e+02 2.405238e+02
    endloop
  endfacet
  facet normal 1.000000e+00 0.000000e+00 0.000000e+00
    outer loop
      vertex   7.000000e+02 -2.954067e+02 7.594762e+02
      vertex   7.000000e+02 -2.954067e+02 2.405238e+02
      vertex   7.000000e+02 -2.938157e+02 7.562500e+02
    endloop
  endfacet
  facet normal 1.000000e+00 0.000000e+00 0.000000e+00
    outer loop
      vertex   7.000000e+02 -2.938157e+02 7.562500e+02
      vertex   7.000000e+02 -2.954067e+02 2.405238e+02
      vertex   7.000000e+02 -2.938157e+02 2.437500e+02
    endloop
  endfacet
  facet normal 1.000000e+00 0.000000e+00 0.000000e+00
    outer loop
      vertex   7.000000e+02 -2.938157e+02 7.562500e+02
      vertex   7.000000e+02 -2.938157e+02 2.437500e+02
      vertex   7.000000e+02 -2.918172e+02 7.532591e+02
    endloop
  endfacet
  facet normal 1.000000e+00 0.000000e+00 0.000000e+00
    outer loop
      vertex   7.000000e+02 -2.918172e+02 7.532591e+02
      vertex   7.000000e+02 -2.938157e+02 2.437500e+02
      vertex   7.000000e+02 -2.918172e+02 2.467409e+02
    endloop
  endfacet
  facet normal 1.000000e+00 0.000000e+00 0.000000e+00
    outer loop
      vertex   7.000000e+02 -2.918172e+02 7.532591e+02
      vertex   7.000000e+02 -2.918172e+02 2.467409e+02
      vertex   7.000000e+02 -2.894454e+02 7.505546e+02
    endloop
  endfacet
  facet normal 1.000000e+00 0.000000e+00 0.000000e+00
    outer loop
      vertex   7.000000e+02 -2.894454e+02 7.505546e+02
      vertex   7.000000e+02 -2.918172e+02 2.467409e+02
      vertex   7.000000e+02 -2.894454e+02 2.494454e+02
    endloop
  endfacet
  facet normal 1.000000e+00 0.000000e+00 0.000000e+00
    outer loop
      vertex   7.000000e+02 -2.894454e+02 7.505546e+02
      vertex   7.000000e+02 -2.894454e+02 2.494454e+02
      vertex   7.000000e+02 -1.925000e+02 5.000000e+02
    endloop
  endfacet
  facet normal 1.000000e+00 0.000000e+00 0.000000e+00
    outer loop
      vertex   7.000000e+02 -1.925000e+02 5.000000e+02
      vertex   7.000000e+02 -2.894454e+02 2.494454e+02
      vertex   7.000000e+02 -1.922489e+02 4.901708e+02
    endloop
  endfacet
  facet normal 1.000000e+00 0.000000e+00 0.000000e+00
    outer loop
      vertex   7.000000e+02 -1.922489e+02 4.901708e+02
      vertex   7.000000e+02 -2.894454e+02 2.494454e+02
      vertex   7.000000e+02 -1.914962e+02 4.803673e+02
    endloop
  endfacet
  facet normal 1.000000e+00 0.000000e+00 0.000000e+00
    outer loop
      vertex   7.000000e+02 -1.914962e+02 4.803673e+02
      vertex   7.000000e+02 -2.894454e+02 2.494454e+02
      vertex   7.000000e+02 -2.294454e+02 3.094454e+02
    endloop
  endfacet
  facet normal 1.000000e+00 0.000000e+00 0.000000e+00
    outer loop
      vertex   7.000000e+02 -1.914962e+02 4.803673e+02
      vertex   7.000000e+02 -2.294454e+02 3.094454e+02
      vertex   7.000000e+02 -1.902440e+02 4.706150e+02
    endloop
  endfacet
  facet normal 1.000000e+00 0.000000e+00 0.000000e+00
    outer loop
      vertex   7.000000e+02 -1.902440e+02 4.706150e+02
      vertex   7.000000e+02 -2.294454e+02 3.094454e+02
      vertex   7.000000e+02 -1.884954e+02 4.609394e+02
    endloop
  endfacet
  facet normal 1.000000e+00 0.000000e+00 0.000000e+00
    outer loop
      vertex   7.000000e+02 -1.884954e+02 4.609394e+02
      vertex   7.000000e+02 -2.294454e+02 3.094454e+02
      vertex   7.000000e+02 -2.267409e+02 3.118172e+02
    endloop
  endfacet
  facet normal 1.000000e+00 0.000000e+00 0.000000e+00
    outer loop
      vertex   7.000000e+02 -1.884954e+02 4.609394e+02
      vertex   7.000000e+02 -2.267409e+02 3.118172e+02
      vertex   7.000000e+02 -1.862551e+02 4.513656e+02
    endloop
  endfacet
  facet normal 1.000000e+00 0.000000e+00 0.000000e+00
    outer loop
      vertex   7.000000e+02 -1.862551e+02 4.513656e+02
      vertex   7.000000e+02 -2.267409e+02 3.118172e+02
      vertex   7.000000e+02 -2.237500e+02 3.138157e+02
    endloop
  endfacet
  facet normal 1.000000e+00 0.000000e+00 0.000000e+00
    outer loop
      vertex   7.000000e+02 -1.862551e+02 4.513656e+02
      vertex   7.000000e+02 -2.237500e+02 3.138157e+02
      vertex   7.000000e+02 -1.835288e+02 4.419188e+02
    endloop
  endfacet
  facet normal 1.000000e+00 0.000000e+00 0.000000e+00
    outer loop
      vertex   7.000000e+02 -1.835288e+02 4.419188e+02
      vertex   7.000000e+02 -2.237500e+02 3.138157e+02
      vertex   7.000000e+02 -2.205238e+02 3.154067e+02
    endloop
  endfacet
  facet normal 1.000000e+00 0.000000e+00 0.000000e+00
    outer loop
      vertex   7.000000e+02 -1.835288e+02 4.419188e+02
      vertex   7.000000e+02 -2.205238e+02 3.154067e+02
      vertex   7.000000e+02 -1.803237e+02 4.326235e+02
    endloop
  endfacet
  facet normal 1.000000e+00 0.000000e+00 0.000000e+00
    outer loop
      vertex   7.000000e+02 -1.803237e+02 4.326235e+02
      vertex   7.000000e+02 -2.205238e+02 3.154067e+02
      vertex   7.000000e+02 -2.171175e+02 3.165630e+02
    endloop
  endfacet
  facet normal 1.000000e+00 0.000000e+00 0.000000e+00
    outer loop
      vertex   7.000000e+02 -1.803237e+02 4.326235e+02
      vertex   7.000000e+02 -2.171175e+02 3.165630e+02
      vertex   7.000000e+02 -1.766482e+02 4.235039e+02
    endloop
  endfacet
  facet normal 1.000000e+00 0.000000e+00 0.000000e+00
    outer loop
      vertex   7.000000e+02 -1.766482e+02 4.235039e+02
      vertex   7.000000e+02 -2.171175e+02 3.165630e+02
      vertex   7.000000e+02 -2.135895e+02 3.172647e+02
    endloop
  endfacet
  facet normal 1.000000e+00 0.000000e+00 0.000000e+00
    outer loop
      vertex   7.000000e+02 -1.766482e+02 4.235039e+02
      vertex   7.000000e+02 -2.135895e+02 3.172647e+02
      vertex   7.000000e+02 -2.100000e+02 3.175000e+02
    endloop
  endfacet
  facet normal 1.000000e+00 0.000000e+00 0.000000e+00
    outer loop
      vertex   7.000000e+02 -1.766482e+02 4.235039e+02
      vertex   7.000000e+02 -2.100000e+02 3.175000e+02
      vertex   7.000000e+02 -1.725119e+02 4.145839e+02
    endloop
  endfacet
  facet normal 1.000000e+00 0.000000e+00 0.000000e+00
    outer loop
      vertex   7.000000e+02 -1.725119e+02 4.145839e+02
      vertex   7.000000e+02 -2.100000e+02 3.175000e+02
      vertex   7.000000e+02 -2.064105e+02 3.172647e+02
    endloop
  endfacet
  facet normal 1.000000e+00 0.000000e+00 0.000000e+00
    outer loop
      vertex   7.000000e+02 -1.725119e+02 4.145839e+02
      vertex   7.000000e+02 -2.064105e+02 3.172647e+02
      vertex   7.000000e+02 -1.679254e+02 4.058868e+02
    endloop
  endfacet
  facet normal 1.000000e+00 0.000000e+00 0.000000e+00
    outer loop
      vertex   7.000000e+02 -1.679254e+02 4.058868e+02
      vertex   7.000000e+02 -2.064105e+02 3.172647e+02
      vertex   7.000000e+02 -2.028825e+02 3.165630e+02
    endloop
  endfacet
  facet normal 1.000000e+00 0.000000e+00 0.000000e+00
    outer loop
      vertex   7.000000e+02 -1.679254e+02 4.058868e+02
      vertex   7.000000e+02 -2.028825e+02 3.165630e+02
      vertex   7.000000e+02 -1.629009e+02 3.974352e+02
    endloop
  endfacet
  facet normal 1.000000e+00 0.000000e+00 0.000000e+00
    outer loop
      vertex   7.000000e+02 -1.629009e+02 3.974352e+02
      vertex   7.000000e+02 -2.028825e+02 3.165630e+02
      vertex   7.000000e+02 -1.994762e+02 3.154067e+02
    endloop
  endfacet
  facet normal 1.000000e+00 0.000000e+00 0.000000e+00
    outer loop
      vertex   7.000000e+02 -1.629009e+02 3.974352e+02
      vertex   7.000000e+02 -1.994762e+02 3.154067e+02
      vertex   7.000000e+02 -1.962500e+02 3.138157e+02
    endloop
  endfacet
  facet normal 1.000000e+00 0.000000e+00 0.000000e+00
    outer loop
      vertex   7.000000e+02 -1.629009e+02 3.974352e+02
      vertex   7.000000e+02 -1.962500e+02 3.138157e+02
      vertex   7.000000e+02 -1.574514e+02 3.892512e+02
    endloop
  endfacet
  facet normal 1.000000e+00 0.000000e+00 0.000000e+00
    outer loop
      vertex   7.000000e+02 -1.574514e+02 3.892512e+02
      vertex   7.000000e+02 -1.962500e+02 3.138157e+02
      vertex   7.000000e+02 -1.932591e+02 3.118172e+02
    endloop
  endfacet
  facet normal 1.000000e+00 0.000000e+00 0.000000e+00
    outer loop
      vertex   7.000000e+02 -1.574514e+02 3.892512e+02
      vertex   7.000000e+02 -1.932591e+02 3.118172e+02
      vertex   7.000000e+02 -1.515911e+02 3.813561e+02
    endloop
  endfacet
  facet normal 1.000000e+00 0.000000e+00 0.000000e+00
    outer loop
      vertex   7.000000e+02 -1.515911e+02 3.813561e+02
      vertex   7.000000e+02 -1.932591e+02 3.118172e+02
      vertex   7.000000e+02 -1.905546e+02 3.094454e+02
    endloop
  endfacet
  facet normal 1.000000e+00 0.000000e+00 0.000000e+00
    outer loop
      vertex   7.000000e+02 -1.515911e+02 3.813561e+02
      vertex   7.000000e+02 -1.905546e+02 3.094454e+02
      vertex   7.000000e+02 -1.881828e+02 3.067409e+02
    endloop
  endfacet
  facet normal 1.000000e+00 0.000000e+00 0.000000e+00
    outer loop
      vertex   7.000000e+02 -1.515911e+02 3.813561e+02
      vertex   7.000000e+02 -1.881828e+02 3.067409e+02
      vertex   7.000000e+02 -1.453353e+02 3.737705e+02
    endloop
  endfacet
  facet normal 1.000000e+00 0.000000e+00 0.000000e+00
    outer loop
      vertex   7.000000e+02 -1.453353e+02 3.737705e+02
      vertex   7.000000e+02 -1.881828e+02 3.067409e+02
      vertex   7.000000e+02 -1.861843e+02 3.037500e+02
    endloop
  endfacet
  facet normal 1.000000e+00 0.000000e+00 0.000000e+00
    outer loop
      vertex   7.000000e+02 -1.453353e+02 3.737705e+02
      vertex   7.000000e+02 -1.861843e+02 3.037500e+02
      vertex   7.000000e+02 -1.387004e+02 3.665142e+02
    endloop
  endfacet
  facet normal 1.000000e+00 0.000000e+00 0.000000e+00
    outer loop
      vertex   7.000000e+02 -1.387004e+02 3.665142e+02
      vertex   7.000000e+02 -1.861843e+02 3.037500e+02
      vertex   7.000000e+02 -1.845933e+02 3.005238e+02
    endloop
  endfacet
  facet normal 1.000000e+00 0.000000e+00 0.000000e+00
    outer loop
      vertex   7.000000e+02 -1.387004e+02 3.665142e+02
      vertex   7.000000e+02 -1.845933e+02 3.005238e+02
      vertex   7.000000e+02 -1.317036e+02 3.596062e+02
    endloop
  endfacet
  facet normal 1.000000e+00 0.000000e+00 0.000000e+00
    outer loop
      vertex   7.000000e+02 -1.317036e+02 3.596062e+02
      vertex   7.000000e+02 -1.845933e+02 3.005238e+02
      vertex   7.000000e+02 -1.834370e+02 2.971175e+02
    endloop
  endfacet
  facet normal 1.000000e+00 0.000000e+00 0.000000e+00
    outer loop
      vertex   7.000000e+02 -1.317036e+02 3.596062e+02
      vertex   7.000000e+02 -1.834370e+02 2.971175e+02
      vertex   7.000000e+02 -1.243632e+02 3.530645e+02
    endloop
  endfacet
  facet normal 1.000000e+00 0.000000e+00 0.000000e+00
    outer loop
      vertex   7.000000e+02 -1.243632e+02 3.530645e+02
      vertex   7.000000e+02 -1.834370e+02 2.971175e+02
      vertex   7.000000e+02 -1.827353e+02 2.935895e+02
    endloop
  endfacet
  facet normal 1.000000e+00 0.000000e+00 0.000000e+00
    outer loop
      vertex   7.000000e+02 -1.243632e+02 3.530645e+02
      vertex   7.000000e+02 -1.827353e+02 2.935895e+02
      vertex   7.000000e+02 -1.166984e+02 3.469061e+02
    endloop
  endfacet
  facet normal 1.000000e+00 0.000000e+00 0.000000e+00
    outer loop
      vertex   7.000000e+02 -1.166984e+02 3.469061e+02
      vertex   7.000000e+02 -1.827353e+02 2.935895e+02
      vertex   7.000000e+02 -1.825000e+02 2.900000e+02
    endloop
  endfacet
  facet normal 1.000000e+00 0.000000e+00 0.000000e+00
    outer loop
      vertex   7.000000e+02 -1.166984e+02 3.469061e+02
      vertex   7.000000e+02 -1.825000e+02 2.900000e+02
      vertex   7.000000e+02 -1.087291e+02 3.411471e+02
    endloop
  endfacet
  facet normal 1.000000e+00 0.000000e+00 0.000000e+00
    outer loop
      vertex   7.000000e+02 -1.087291e+02 3.411471e+02
      vertex   7.000000e+02 -1.825000e+02 2.900000e+02
      vertex   7.000000e+02 -1.827353e+02 2.864105e+02
    endloop
  endfacet
  facet normal 1.000000e+00 0.000000e+00 0.000000e+00
    outer loop
      vertex   7.000000e+02 -1.087291e+02 3.411471e+02
      vertex   7.000000e+02 -1.827353e+02 2.864105e+02
      vertex   7.000000e+02 -1.004761e+02 3.358026e+02
    endloop
  endfacet
  facet normal 1.000000e+00 0.000000e+00 0.000000e+00
    outer loop
      vertex   7.000000e+02 -1.004761e+02 3.358026e+02
      vertex   7.000000e+02 -1.827353e+02 2.864105e+02
      vertex   7.000000e+02 -1.834370e+02 2.828825e+02
    endloop
  endfacet
  facet normal 1.000000e+00 0.000000e+00 0.000000e+00
    outer loop
      vertex   7.000000e+02 -1.004761e+02 3.358026e+02
      vertex   7.000000e+02 -1.834370e+02 2.828825e+02
      vertex   7.000000e+02 -9.196107e+01 3.308864e+02
    endloop
  endfacet
  facet normal 1.000000e+00 0.000000e+00 0.000000e+00
    outer loop
      vertex   7.000000e+02 -9.196107e+01 3.308864e+02
      vertex   7.000000e+02 -1.834370e+02 2.828825e+02
      vertex   7.000000e+02 -1.845933e+02 2.794762e+02
    endloop
  endfacet
  facet normal 1.000000e+00 0.000000e+00 0.000000e+00
    outer loop
      vertex   7.000000e+02 -9.196107e+01 3.308864e+02
      vertex   7.000000e+02 -1.845933e+02 2.794762e+02
      vertex   7.000000e+02 -8.320607e+01 3.264114e+02
    endloop
  endfacet
  facet normal 1.000000e+00 0.000000e+00 0.000000e+00
    outer loop
      vertex   7.000000e+02 -8.320607e+01 3.264114e+02
      vertex   7.000000e+02 -1.845933e+02 2.794762e+02
      vertex   7.000000e+02 -1.861843e+02 2.762500e+02
    endloop
  endfacet
  facet normal 1.000000e+00 0.000000e+00 0.000000e+00
    outer loop
      vertex   7.000000e+02 -8.320607e+01 3.264114e+02
      vertex   7.000000e+02 -1.861843e+02 2.762500e+02
      vertex   7.000000e+02 -7.423399e+01 3.223893e+02
    endloop
  endfacet
  facet normal 1.000000e+00 0.000000e+00 0.000000e+00
    outer loop
      vertex   7.000000e+02 -7.423399e+01 3.223893e+02
      vertex   7.000000e+02 -1.861843e+02 2.762500e+02
      vertex   7.000000e+02 -1.881828e+02 2.732591e+02
    endloop
  endfacet
  facet normal 1.000000e+00 0.000000e+00 0.000000e+00
    outer loop
      vertex   7.000000e+02 -7.423399e+01 3.223893e+02
      vertex   7.000000e+02 -1.881828e+02 2.732591e+02
      vertex   7.000000e+02 -6.506825e+01 3.188305e+02
    endloop
  endfacet
  facet normal 1.000000e+00 0.000000e+00 0.000000e+00
    outer loop
      vertex   7.000000e+02 -6.506825e+01 3.188305e+02
      vertex   7.000000e+02 -1.881828e+02 2.732591e+02
      vertex   7.000000e+02 -5.573275e+01 3.157444e+02
    endloop
  endfacet
  facet normal 1.000000e+00 0.000000e+00 0.000000e+00
    outer loop
      vertex   7.000000e+02 -5.573275e+01 3.157444e+02
      vertex   7.000000e+02 -1.881828e+02 2.732591e+02
      vertex   7.000000e+02 -1.905546e+02 2.705546e+02
    endloop
  endfacet
  facet normal 1.000000e+00 0.000000e+00 0.000000e+00
    outer loop
      vertex   7.000000e+02 -5.573275e+01 3.157444e+02
      vertex   7.000000e+02 -1.905546e+02 2.705546e+02
      vertex   7.000000e+02 -4.625185e+01 3.131390e+02
    endloop
  endfacet
  facet normal 1.000000e+00 0.000000e+00 0.000000e+00
    outer loop
      vertex   7.000000e+02 -4.625185e+01 3.131390e+02
      vertex   7.000000e+02 -1.905546e+02 2.705546e+02
      vertex   7.000000e+02 -3.665029e+01 3.110211e+02
    endloop
  endfacet
  facet normal 1.000000e+00 0.000000e+00 0.000000e+00
    outer loop
      vertex   7.000000e+02 -3.665029e+01 3.110211e+02
      vertex   7.000000e+02 -1.905546e+02 2.705546e+02
      vertex   7.000000e+02 -2.505546e+02 2.105546e+02
    endloop
  endfacet
  facet normal 1.000000e+00 0.000000e+00 0.000000e+00
    outer loop
      vertex   7.000000e+02 -3.665029e+01 3.110211e+02
      vertex   7.000000e+02 -2.505546e+02 2.105546e+02
      vertex   7.000000e+02 -2.695311e+01 3.093963e+02
    endloop
  endfacet
  facet normal 1.000000e+00 0.000000e+00 0.000000e+00
    outer loop
      vertex   7.000000e+02 -2.894454e+02 7.505546e+02
      vertex   7.000000e+02 -1.914962e+02 5.196327e+02
      vertex   7.000000e+02 -2.294454e+02 6.905546e+02
    endloop
  endfacet
  facet normal 1.000000e+00 0.000000e+00 0.000000e+00
    outer loop
      vertex   7.000000e+02 -2.294454e+02 6.905546e+02
      vertex   7.000000e+02 -1.914962e+02 5.196327e+02
      vertex   7.000000e+02 -1.902440e+02 5.293850e+02
    endloop
  endfacet
  facet normal 1.000000e+00 0.000000e+00 0.000000e+00
    outer loop
      vertex   7.000000e+02 -2.294454e+02 6.905546e+02
      vertex   7.000000e+02 -1.902440e+02 5.293850e+02
      vertex   7.000000e+02 -1.884954e+02 5.390606e+02
    endloop
  endfacet
  facet normal 1.000000e+00 0.000000e+00 -0.000000e+00
    outer loop
      vertex   7.000000e+02 -2.972647e+02 7.735895e+02
      vertex   7.000000e+02 -2.965630e+02 7.771175e+02
      vertex   7.000000e+02 -2.990000e+02 9.095791e+02
    endloop
  endfacet
  facet normal 1.000000e+00 0.000000e+00 0.000000e+00
    outer loop
      vertex   7.000000e+02 -2.990000e+02 9.095791e+02
      vertex   7.000000e+02 -2.965630e+02 7.771175e+02
      vertex   7.000000e+02 -2.954067e+02 7.805238e+02
    endloop
  endfacet
  facet normal 1.000000e+00 0.000000e+00 0.000000e+00
    outer loop
      vertex   7.000000e+02 -2.990000e+02 9.095791e+02
      vertex   7.000000e+02 -2.954067e+02 7.805238e+02
      vertex   7.000000e+02 -2.938157e+02 7.837500e+02
    endloop
  endfacet
  facet normal 1.000000e+00 0.000000e+00 -0.000000e+00
    outer loop
      vertex   7.000000e+02 -2.938157e+02 7.837500e+02
      vertex   7.000000e+02 -2.918172e+02 7.867409e+02
      vertex   7.000000e+02 -2.990000e+02 9.095791e+02
    endloop
  endfacet
  facet normal 1.000000e+00 0.000000e+00 0.000000e+00
    outer loop
      vertex   7.000000e+02 -2.990000e+02 9.095791e+02
      vertex   7.000000e+02 -2.918172e+02 7.867409e+02
      vertex   7.000000e+02 -2.894454e+02 7.894454e+02
    endloop
  endfacet
  facet normal 1.000000e+00 0.000000e+00 0.000000e+00
    outer loop
      vertex   7.000000e+02 -2.990000e+02 9.095791e+02
      vertex   7.000000e+02 -2.894454e+02 7.894454e+02
      vertex   7.000000e+02 -2.867409e+02 7.918172e+02
    endloop
  endfacet
  facet normal 1.000000e+00 0.000000e+00 -0.000000e+00
    outer loop
      vertex   7.000000e+02 -2.867409e+02 7.918172e+02
      vertex   7.000000e+02 -2.837500e+02 7.938157e+02
      vertex   7.000000e+02 -2.990000e+02 9.095791e+02
    endloop
  endfacet
  facet normal 1.000000e+00 0.000000e+00 0.000000e+00
    outer loop
      vertex   7.000000e+02 -2.990000e+02 9.095791e+02
      vertex   7.000000e+02 -2.837500e+02 7.938157e+02
      vertex   7.000000e+02 -2.805238e+02 7.954067e+02
    endloop
  endfacet
  facet normal 1.000000e+00 0.000000e+00 0.000000e+00
    outer loop
      vertex   7.000000e+02 -2.990000e+02 9.095791e+02
      vertex   7.000000e+02 -2.805238e+02 7.954067e+02
      vertex   7.000000e+02 -2.771175e+02 7.965630e+02
    endloop
  endfacet
  facet normal 1.000000e+00 0.000000e+00 -0.000000e+00
    outer loop
      vertex   7.000000e+02 -2.771175e+02 7.965630e+02
      vertex   7.000000e+02 -2.735895e+02 7.972647e+02
      vertex   7.000000e+02 -2.990000e+02 9.095791e+02
    endloop
  endfacet
  facet normal 1.000000e+00 0.000000e+00 0.000000e+00
    outer loop
      vertex   7.000000e+02 -2.990000e+02 9.095791e+02
      vertex   7.000000e+02 -2.735895e+02 7.972647e+02
      vertex   7.000000e+02 -2.700000e+02 7.975000e+02
    endloop
  endfacet
  facet normal 1.000000e+00 0.000000e+00 0.000000e+00
    outer loop
      vertex   7.000000e+02 -2.990000e+02 9.095791e+02
      vertex   7.000000e+02 -2.700000e+02 7.975000e+02
      vertex   7.000000e+02 -2.664105e+02 7.972647e+02
    endloop
  endfacet
  facet normal 1.000000e+00 -0.000000e+00 -0.000000e+00
    outer loop
      vertex   7.000000e+02 -2.664105e+02 7.972647e+02
      vertex   7.000000e+02 -2.628825e+02 7.965630e+02
      vertex   7.000000e+02 -2.990000e+02 9.095791e+02
    endloop
  endfacet
  facet normal 1.000000e+00 0.000000e+00 0.000000e+00
    outer loop
      vertex   7.000000e+02 -2.990000e+02 9.095791e+02
      vertex   7.000000e+02 -2.628825e+02 7.965630e+02
      vertex   7.000000e+02 -2.594762e+02 7.954067e+02
    endloop
  endfacet
  facet normal 1.000000e+00 0.000000e+00 0.000000e+00
    outer loop
      vertex   7.000000e+02 -2.990000e+02 9.095791e+02
      vertex   7.000000e+02 -2.594762e+02 7.954067e+02
      vertex   7.000000e+02 -2.562500e+02 7.938157e+02
    endloop
  endfacet
  facet normal 1.000000e+00 -0.000000e+00 -0.000000e+00
    outer loop
      vertex   7.000000e+02 -2.562500e+02 7.938157e+02
      vertex   7.000000e+02 -2.532591e+02 7.918172e+02
      vertex   7.000000e+02 -2.990000e+02 9.095791e+02
    endloop
  endfacet
  facet normal 1.000000e+00 0.000000e+00 0.000000e+00
    outer loop
      vertex   7.000000e+02 -2.990000e+02 9.095791e+02
      vertex   7.000000e+02 -2.532591e+02 7.918172e+02
      vertex   7.000000e+02 -2.505546e+02 7.894454e+02
    endloop
  endfacet
  facet normal 1.000000e+00 0.000000e+00 0.000000e+00
    outer loop
      vertex   7.000000e+02 -2.990000e+02 9.095791e+02
      vertex   7.000000e+02 -2.505546e+02 7.894454e+02
      vertex   7.000000e+02 -1.905546e+02 7.294454e+02
    endloop
  endfacet
  facet normal 1.000000e+00 0.000000e+00 0.000000e+00
    outer loop
      vertex   7.000000e+02 -1.845933e+02 7.205238e+02
      vertex   7.000000e+02 -1.834370e+02 7.171175e+02
      vertex   7.000000e+02 -6.506825e+01 6.811695e+02
    endloop
  endfacet
  facet normal 1.000000e+00 0.000000e+00 0.000000e+00
    outer loop
      vertex   7.000000e+02 -6.506825e+01 6.811695e+02
      vertex   7.000000e+02 -1.834370e+02 7.171175e+02
      vertex   7.000000e+02 -1.827353e+02 7.135895e+02
    endloop
  endfacet
  facet normal 1.000000e+00 0.000000e+00 0.000000e+00
    outer loop
      vertex   7.000000e+02 -6.506825e+01 6.811695e+02
      vertex   7.000000e+02 -1.827353e+02 7.135895e+02
      vertex   7.000000e+02 -1.825000e+02 7.100000e+02
    endloop
  endfacet
  facet normal 1.000000e+00 0.000000e+00 0.000000e+00
    outer loop
      vertex   7.000000e+02 -1.825000e+02 7.100000e+02
      vertex   7.000000e+02 -1.827353e+02 7.064105e+02
      vertex   7.000000e+02 -6.506825e+01 6.811695e+02
    endloop
  endfacet
  facet normal 1.000000e+00 0.000000e+00 0.000000e+00
    outer loop
      vertex   7.000000e+02 -6.506825e+01 6.811695e+02
      vertex   7.000000e+02 -1.827353e+02 7.064105e+02
      vertex   7.000000e+02 -1.834370e+02 7.028825e+02
    endloop
  endfacet
  facet normal 1.000000e+00 0.000000e+00 0.000000e+00
    outer loop
      vertex   7.000000e+02 -6.506825e+01 6.811695e+02
      vertex   7.000000e+02 -1.834370e+02 7.028825e+02
      vertex   7.000000e+02 -1.845933e+02 6.994762e+02
    endloop
  endfacet
  facet normal 1.000000e+00 0.000000e+00 0.000000e+00
    outer loop
      vertex   7.000000e+02 -1.845933e+02 6.994762e+02
      vertex   7.000000e+02 -1.861843e+02 6.962500e+02
      vertex   7.000000e+02 -6.506825e+01 6.811695e+02
    endloop
  endfacet
  facet normal 1.000000e+00 0.000000e+00 0.000000e+00
    outer loop
      vertex   7.000000e+02 -6.506825e+01 6.811695e+02
      vertex   7.000000e+02 -1.861843e+02 6.962500e+02
      vertex   7.000000e+02 -1.881828e+02 6.932591e+02
    endloop
  endfacet
  facet normal 1.000000e+00 0.000000e+00 0.000000e+00
    outer loop
      vertex   7.000000e+02 -6.506825e+01 6.811695e+02
      vertex   7.000000e+02 -1.881828e+02 6.932591e+02
      vertex   7.000000e+02 -1.905546e+02 6.905546e+02
    endloop
  endfacet
  facet normal 1.000000e+00 0.000000e+00 0.000000e+00
    outer loop
      vertex   7.000000e+02 -1.905546e+02 6.905546e+02
      vertex   7.000000e+02 -1.932591e+02 6.881828e+02
      vertex   7.000000e+02 -6.506825e+01 6.811695e+02
    endloop
  endfacet
  facet normal 1.000000e+00 0.000000e+00 0.000000e+00
    outer loop
      vertex   7.000000e+02 -6.506825e+01 6.811695e+02
      vertex   7.000000e+02 -1.932591e+02 6.881828e+02
      vertex   7.000000e+02 -1.962500e+02 6.861843e+02
    endloop
  endfacet
  facet normal 1.000000e+00 0.000000e+00 0.000000e+00
    outer loop
      vertex   7.000000e+02 -6.506825e+01 6.811695e+02
      vertex   7.000000e+02 -1.962500e+02 6.861843e+02
      vertex   7.000000e+02 -1.994762e+02 6.845933e+02
    endloop
  endfacet
  facet normal 1.000000e+00 0.000000e+00 0.000000e+00
    outer loop
      vertex   7.000000e+02 -1.994762e+02 6.845933e+02
      vertex   7.000000e+02 -2.028825e+02 6.834370e+02
      vertex   7.000000e+02 -6.506825e+01 6.811695e+02
    endloop
  endfacet
  facet normal 1.000000e+00 0.000000e+00 0.000000e+00
    outer loop
      vertex   7.000000e+02 -6.506825e+01 6.811695e+02
      vertex   7.000000e+02 -2.028825e+02 6.834370e+02
      vertex   7.000000e+02 -2.064105e+02 6.827353e+02
    endloop
  endfacet
  facet normal 1.000000e+00 0.000000e+00 0.000000e+00
    outer loop
      vertex   7.000000e+02 -6.506825e+01 6.811695e+02
      vertex   7.000000e+02 -2.064105e+02 6.827353e+02
      vertex   7.000000e+02 -2.100000e+02 6.825000e+02
    endloop
  endfacet
  facet normal 1.000000e+00 0.000000e+00 0.000000e+00
    outer loop
      vertex   7.000000e+02 -2.135895e+02 6.827353e+02
      vertex   7.000000e+02 -1.766482e+02 5.764961e+02
      vertex   7.000000e+02 -2.100000e+02 6.825000e+02
    endloop
  endfacet
  facet normal 1.000000e+00 0.000000e+00 0.000000e+00
    outer loop
      vertex   7.000000e+02 -2.100000e+02 6.825000e+02
      vertex   7.000000e+02 -1.766482e+02 5.764961e+02
      vertex   7.000000e+02 -1.725119e+02 5.854161e+02
    endloop
  endfacet
  facet normal 1.000000e+00 0.000000e+00 0.000000e+00
    outer loop
      vertex   7.000000e+02 -2.100000e+02 6.825000e+02
      vertex   7.000000e+02 -1.725119e+02 5.854161e+02
      vertex   7.000000e+02 -1.679254e+02 5.941132e+02
    endloop
  endfacet
  facet normal 1.000000e+00 0.000000e+00 0.000000e+00
    outer loop
      vertex   7.000000e+02 -2.135895e+02 6.827353e+02
      vertex   7.000000e+02 -2.171175e+02 6.834370e+02
      vertex   7.000000e+02 -1.766482e+02 5.764961e+02
    endloop
  endfacet
  facet normal 1.000000e+00 0.000000e+00 0.000000e+00
    outer loop
      vertex   7.000000e+02 -1.766482e+02 5.764961e+02
      vertex   7.000000e+02 -2.171175e+02 6.834370e+02
      vertex   7.000000e+02 -1.803237e+02 5.673765e+02
    endloop
  endfacet
  facet normal 1.000000e+00 0.000000e+00 0.000000e+00
    outer loop
      vertex   7.000000e+02 -1.803237e+02 5.673765e+02
      vertex   7.000000e+02 -2.171175e+02 6.834370e+02
      vertex   7.000000e+02 -2.205238e+02 6.845933e+02
    endloop
  endfacet
  facet normal 1.000000e+00 0.000000e+00 0.000000e+00
    outer loop
      vertex   7.000000e+02 -1.803237e+02 5.673765e+02
      vertex   7.000000e+02 -2.205238e+02 6.845933e+02
      vertex   7.000000e+02 -1.835288e+02 5.580812e+02
    endloop
  endfacet
  facet normal 1.000000e+00 0.000000e+00 0.000000e+00
    outer loop
      vertex   7.000000e+02 -1.835288e+02 5.580812e+02
      vertex   7.000000e+02 -2.205238e+02 6.845933e+02
      vertex   7.000000e+02 -2.237500e+02 6.861843e+02
    endloop
  endfacet
  facet normal 1.000000e+00 0.000000e+00 0.000000e+00
    outer loop
      vertex   7.000000e+02 -1.835288e+02 5.580812e+02
      vertex   7.000000e+02 -2.237500e+02 6.861843e+02
      vertex   7.000000e+02 -1.862551e+02 5.486344e+02
    endloop
  endfacet
  facet normal 1.000000e+00 0.000000e+00 0.000000e+00
    outer loop
      vertex   7.000000e+02 -1.862551e+02 5.486344e+02
      vertex   7.000000e+02 -2.237500e+02 6.861843e+02
      vertex   7.000000e+02 -2.267409e+02 6.881828e+02
    endloop
  endfacet
  facet normal 1.000000e+00 0.000000e+00 0.000000e+00
    outer loop
      vertex   7.000000e+02 -1.862551e+02 5.486344e+02
      vertex   7.000000e+02 -2.267409e+02 6.881828e+02
      vertex   7.000000e+02 -1.884954e+02 5.390606e+02
    endloop
  endfacet
  facet normal 1.000000e+00 0.000000e+00 0.000000e+00
    outer loop
      vertex   7.000000e+02 -1.884954e+02 5.390606e+02
      vertex   7.000000e+02 -2.267409e+02 6.881828e+02
      vertex   7.000000e+02 -2.294454e+02 6.905546e+02
    endloop
  endfacet
  facet normal 1.000000e+00 0.000000e+00 -0.000000e+00
    outer loop
      vertex   7.000000e+02 -1.925000e+02 5.000000e+02
      vertex   7.000000e+02 -1.922489e+02 5.098292e+02
      vertex   7.000000e+02 -2.894454e+02 7.505546e+02
    endloop
  endfacet
  facet normal 1.000000e+00 0.000000e+00 0.000000e+00
    outer loop
      vertex   7.000000e+02 -2.894454e+02 7.505546e+02
      vertex   7.000000e+02 -1.922489e+02 5.098292e+02
      vertex   7.000000e+02 -1.914962e+02 5.196327e+02
    endloop
  endfacet
  facet normal 1.000000e+00 0.000000e+00 -0.000000e+00
    outer loop
      vertex   7.000000e+02 -1.679254e+02 5.941132e+02
      vertex   7.000000e+02 -1.629009e+02 6.025648e+02
      vertex   7.000000e+02 -2.100000e+02 6.825000e+02
    endloop
  endfacet
  facet normal 1.000000e+00 0.000000e+00 0.000000e+00
    outer loop
      vertex   7.000000e+02 -2.100000e+02 6.825000e+02
      vertex   7.000000e+02 -1.629009e+02 6.025648e+02
      vertex   7.000000e+02 -1.574514e+02 6.107488e+02
    endloop
  endfacet
  facet normal 1.000000e+00 0.000000e+00 0.000000e+00
    outer loop
      vertex   7.000000e+02 -2.100000e+02 6.825000e+02
      vertex   7.000000e+02 -1.574514e+02 6.107488e+02
      vertex   7.000000e+02 -1.515911e+02 6.186439e+02
    endloop
  endfacet
  facet normal 1.000000e+00 0.000000e+00 -0.000000e+00
    outer loop
      vertex   7.000000e+02 -1.515911e+02 6.186439e+02
      vertex   7.000000e+02 -1.453353e+02 6.262295e+02
      vertex   7.000000e+02 -2.100000e+02 6.825000e+02
    endloop
  endfacet
  facet normal 1.000000e+00 0.000000e+00 0.000000e+00
    outer loop
      vertex   7.000000e+02 -2.100000e+02 6.825000e+02
      vertex   7.000000e+02 -1.453353e+02 6.262295e+02
      vertex   7.000000e+02 -1.387004e+02 6.334858e+02
    endloop
  endfacet
  facet normal 1.000000e+00 0.000000e+00 0.000000e+00
    outer loop
      vertex   7.000000e+02 -2.100000e+02 6.825000e+02
      vertex   7.000000e+02 -1.387004e+02 6.334858e+02
      vertex   7.000000e+02 -1.317036e+02 6.403938e+02
    endloop
  endfacet
  facet normal 1.000000e+00 0.000000e+00 -0.000000e+00
    outer loop
      vertex   7.000000e+02 -1.317036e+02 6.403938e+02
      vertex   7.000000e+02 -1.243632e+02 6.469355e+02
      vertex   7.000000e+02 -2.100000e+02 6.825000e+02
    endloop
  endfacet
  facet normal 1.000000e+00 0.000000e+00 0.000000e+00
    outer loop
      vertex   7.000000e+02 -2.100000e+02 6.825000e+02
      vertex   7.000000e+02 -1.243632e+02 6.469355e+02
      vertex   7.000000e+02 -1.166984e+02 6.530939e+02
    endloop
  endfacet
  facet normal 1.000000e+00 0.000000e+00 0.000000e+00
    outer loop
      vertex   7.000000e+02 -2.100000e+02 6.825000e+02
      vertex   7.000000e+02 -1.166984e+02 6.530939e+02
      vertex   7.000000e+02 -1.087291e+02 6.588529e+02
    endloop
  endfacet
  facet normal 1.000000e+00 0.000000e+00 -0.000000e+00
    outer loop
      vertex   7.000000e+02 -1.087291e+02 6.588529e+02
      vertex   7.000000e+02 -1.004761e+02 6.641974e+02
      vertex   7.000000e+02 -2.100000e+02 6.825000e+02
    endloop
  endfacet
  facet normal 1.000000e+00 0.000000e+00 0.000000e+00
    outer loop
      vertex   7.000000e+02 -2.100000e+02 6.825000e+02
      vertex   7.000000e+02 -1.004761e+02 6.641974e+02
      vertex   7.000000e+02 -9.196107e+01 6.691136e+02
    endloop
  endfacet
  facet normal 1.000000e+00 0.000000e+00 0.000000e+00
    outer loop
      vertex   7.000000e+02 -2.100000e+02 6.825000e+02
      vertex   7.000000e+02 -9.196107e+01 6.691136e+02
      vertex   7.000000e+02 -8.320607e+01 6.735886e+02
    endloop
  endfacet
  facet normal 1.000000e+00 0.000000e+00 -0.000000e+00
    outer loop
      vertex   7.000000e+02 -8.320607e+01 6.735886e+02
      vertex   7.000000e+02 -7.423399e+01 6.776107e+02
      vertex   7.000000e+02 -2.100000e+02 6.825000e+02
    endloop
  endfacet
  facet normal 1.000000e+00 0.000000e+00 0.000000e+00
    outer loop
      vertex   7.000000e+02 -2.100000e+02 6.825000e+02
      vertex   7.000000e+02 -7.423399e+01 6.776107e+02
      vertex   7.000000e+02 -6.506825e+01 6.811695e+02
    endloop
  endfacet
  facet normal 1.000000e+00 -0.000000e+00 0.000000e+00
    outer loop
      vertex   7.000000e+02 1.352461e+02 6.369844e+02
      vertex   7.000000e+02 1.420642e+02 6.299000e+02
      vertex   7.000000e+02 1.905546e+02 6.905546e+02
    endloop
  endfacet
  facet normal 1.000000e+00 0.000000e+00 0.000000e+00
    outer loop
      vertex   7.000000e+02 1.905546e+02 6.905546e+02
      vertex   7.000000e+02 1.420642e+02 6.299000e+02
      vertex   7.000000e+02 1.485117e+02 6.224767e+02
    endloop
  endfacet
  facet normal 1.000000e+00 0.000000e+00 0.000000e+00
    outer loop
      vertex   7.000000e+02 1.905546e+02 6.905546e+02
      vertex   7.000000e+02 1.485117e+02 6.224767e+02
      vertex   7.000000e+02 1.545717e+02 6.147338e+02
    endloop
  endfacet
  facet normal 1.000000e+00 0.000000e+00 0.000000e+00
    outer loop
      vertex   7.000000e+02 2.458293e+00 3.075157e+02
      vertex   7.000000e+02 -7.373276e+00 3.076413e+02
      vertex   7.000000e+02 -2.532591e+02 2.081828e+02
    endloop
  endfacet
  facet normal -0.000000e+00 -1.000000e+00 -0.000000e+00
    outer loop
      vertex   6.997609e+02 -2.990000e+02 9.140560e+02
      vertex   6.990465e+02 -2.990000e+02 9.184819e+02
      vertex   7.000000e+02 -2.990000e+02 9.095791e+02
    endloop
  endfacet
  facet normal 0.000000e+00 -1.000000e+00 0.000000e+00
    outer loop
      vertex   7.000000e+02 -2.990000e+02 9.095791e+02
      vertex   6.990465e+02 -2.990000e+02 9.184819e+02
      vertex   6.978647e+02 -2.990000e+02 9.228066e+02
    endloop
  endfacet
  facet normal -0.000000e+00 -1.000000e+00 -0.000000e+00
    outer loop
      vertex   7.000000e+02 -2.990000e+02 9.095791e+02
      vertex   6.978647e+02 -2.990000e+02 9.228066e+02
      vertex   7.000000e+02 -2.990000e+02 5.895216e+01
    endloop
  endfacet
  facet normal 0.000000e+00 -1.000000e+00 0.000000e+00
    outer loop
      vertex   7.000000e+02 -2.990000e+02 5.895216e+01
      vertex   6.978647e+02 -2.990000e+02 9.228066e+02
      vertex   6.962292e+02 -2.990000e+02 9.269809e+02
    endloop
  endfacet
  facet normal 0.000000e+00 -1.000000e+00 0.000000e+00
    outer loop
      vertex   7.000000e+02 -2.990000e+02 5.895216e+01
      vertex   6.962292e+02 -2.990000e+02 9.269809e+02
      vertex   6.941584e+02 -2.990000e+02 9.309573e+02
    endloop
  endfacet
  facet normal -0.000000e+00 -1.000000e+00 -0.000000e+00
    outer loop
      vertex   6.941584e+02 -2.990000e+02 9.309573e+02
      vertex   6.916759e+02 -2.990000e+02 9.346905e+02
      vertex   7.000000e+02 -2.990000e+02 5.895216e+01
    endloop
  endfacet
  facet normal 0.000000e+00 -1.000000e+00 0.000000e+00
    outer loop
      vertex   7.000000e+02 -2.990000e+02 5.895216e+01
      vertex   6.916759e+02 -2.990000e+02 9.346905e+02
      vertex   6.888099e+02 -2.990000e+02 9.381381e+02
    endloop
  endfacet
  facet normal 0.000000e+00 -1.000000e+00 0.000000e+00
    outer loop
      vertex   7.000000e+02 -2.990000e+02 5.895216e+01
      vertex   6.888099e+02 -2.990000e+02 9.381381e+02
      vertex   6.855931e+02 -2.990000e+02 9.412609e+02
    endloop
  endfacet
  facet normal 0.000000e+00 -1.000000e+00 0.000000e+00
    outer loop
      vertex   7.000000e+02 -2.990000e+02 5.895216e+01
      vertex   6.855931e+02 -2.990000e+02 9.412609e+02
      vertex   6.680000e+02 -2.990000e+02 5.895216e+01
    endloop
  endfacet
  facet normal 0.000000e+00 -1.000000e+00 0.000000e+00
    outer loop
      vertex   6.680000e+02 -2.990000e+02 5.895216e+01
      vertex   6.855931e+02 -2.990000e+02 9.412609e+02
      vertex   6.820621e+02 -2.990000e+02 9.440234e+02
    endloop
  endfacet
  facet normal 0.000000e+00 -1.000000e+00 0.000000e+00
    outer loop
      vertex   6.680000e+02 -2.990000e+02 5.895216e+01
      vertex   6.820621e+02 -2.990000e+02 9.440234e+02
      vertex   6.782569e+02 -2.990000e+02 9.463942e+02
    endloop
  endfacet
  facet normal -0.000000e+00 -1.000000e+00 0.000000e+00
    outer loop
      vertex   6.782569e+02 -2.990000e+02 9.463942e+02
      vertex   6.742209e+02 -2.990000e+02 9.483462e+02
      vertex   6.680000e+02 -2.990000e+02 5.895216e+01
    endloop
  endfacet
  facet normal 0.000000e+00 -1.000000e+00 0.000000e+00
    outer loop
      vertex   6.680000e+02 -2.990000e+02 5.895216e+01
      vertex   6.742209e+02 -2.990000e+02 9.483462e+02
      vertex   6.700000e+02 -2.990000e+02 9.498573e+02
    endloop
  endfacet
  facet normal 0.000000e+00 -1.000000e+00 0.000000e+00
    outer loop
      vertex   6.680000e+02 -2.990000e+02 5.895216e+01
      vertex   6.700000e+02 -2.990000e+02 9.498573e+02
      vertex   6.680000e+02 -2.990000e+02 9.498573e+02
    endloop
  endfacet
  facet normal -0.000000e+00 -9.961947e-01 -8.715574e-02
    outer loop
      vertex   6.680000e+02 4.112493e+02 8.695116e+02
      vertex   6.420000e+02 4.112493e+02 8.695116e+02
      vertex   6.680000e+02 4.115000e+02 8.666464e+02
    endloop
  endfacet
  facet normal -0.000000e+00 -9.961947e-01 -8.715574e-02
    outer loop
      vertex   6.680000e+02 4.115000e+02 8.666464e+02
      vertex   6.420000e+02 4.112493e+02 8.695116e+02
      vertex   6.420000e+02 4.115000e+02 8.666464e+02
    endloop
  endfacet
  facet normal 0.000000e+00 -9.961947e-01 8.715574e-02
    outer loop
      vertex   6.680000e+02 4.115000e+02 8.666464e+02
      vertex   6.420000e+02 4.115000e+02 8.666464e+02
      vertex   6.680000e+02 4.112493e+02 8.637812e+02
    endloop
  endfacet
  facet normal 0.000000e+00 -9.961947e-01 8.715574e-02
    outer loop
      vertex   6.680000e+02 4.112493e+02 8.637812e+02
      vertex   6.420000e+02 4.115000e+02 8.666464e+02
      vertex   6.420000e+02 4.112493e+02 8.637812e+02
    endloop
  endfacet
  facet normal 0.000000e+00 -9.659258e-01 2.588190e-01
    outer loop
      vertex   6.680000e+02 4.112493e+02 8.637812e+02
      vertex   6.420000e+02 4.112493e+02 8.637812e+02
      vertex   6.680000e+02 4.105049e+02 8.610031e+02
    endloop
  endfacet
  facet normal 0.000000e+00 -9.659258e-01 2.588190e-01
    outer loop
      vertex   6.680000e+02 4.105049e+02 8.610031e+02
      vertex   6.420000e+02 4.112493e+02 8.637812e+02
      vertex   6.420000e+02 4.105049e+02 8.610031e+02
    endloop
  endfacet
  facet normal 0.000000e+00 -9.063078e-01 4.226183e-01
    outer loop
      vertex   6.680000e+02 4.105049e+02 8.610031e+02
      vertex   6.420000e+02 4.105049e+02 8.610031e+02
      vertex   6.680000e+02 4.092894e+02 8.583964e+02
    endloop
  endfacet
  facet normal 0.000000e+00 -9.063078e-01 4.226183e-01
    outer loop
      vertex   6.680000e+02 4.092894e+02 8.583964e+02
      vertex   6.420000e+02 4.105049e+02 8.610031e+02
      vertex   6.420000e+02 4.092894e+02 8.583964e+02
    endloop
  endfacet
  facet normal 0.000000e+00 -8.191520e-01 5.735764e-01
    outer loop
      vertex   6.680000e+02 4.092894e+02 8.583964e+02
      vertex   6.420000e+02 4.092894e+02 8.583964e+02
      vertex   6.680000e+02 4.076397e+02 8.560404e+02
    endloop
  endfacet
  facet normal 0.000000e+00 -8.191520e-01 5.735764e-01
    outer loop
      vertex   6.680000e+02 4.076397e+02 8.560404e+02
      vertex   6.420000e+02 4.092894e+02 8.583964e+02
      vertex   6.420000e+02 4.076397e+02 8.560404e+02
    endloop
  endfacet
  facet normal 0.000000e+00 -7.071068e-01 7.071068e-01
    outer loop
      vertex   6.680000e+02 4.076397e+02 8.560404e+02
      vertex   6.420000e+02 4.076397e+02 8.560404e+02
      vertex   6.680000e+02 4.056060e+02 8.540067e+02
    endloop
  endfacet
  facet normal 0.000000e+00 -7.071068e-01 7.071068e-01
    outer loop
      vertex   6.680000e+02 4.056060e+02 8.540067e+02
      vertex   6.420000e+02 4.076397e+02 8.560404e+02
      vertex   6.420000e+02 4.056060e+02 8.540067e+02
    endloop
  endfacet
  facet normal 0.000000e+00 -5.735764e-01 8.191520e-01
    outer loop
      vertex   6.680000e+02 4.056060e+02 8.540067e+02
      vertex   6.420000e+02 4.056060e+02 8.540067e+02
      vertex   6.680000e+02 4.032500e+02 8.523570e+02
    endloop
  endfacet
  facet normal 0.000000e+00 -5.735764e-01 8.191520e-01
    outer loop
      vertex   6.680000e+02 4.032500e+02 8.523570e+02
      vertex   6.420000e+02 4.056060e+02 8.540067e+02
      vertex   6.420000e+02 4.032500e+02 8.523570e+02
    endloop
  endfacet
  facet normal 0.000000e+00 -4.226183e-01 9.063078e-01
    outer loop
      vertex   6.680000e+02 4.032500e+02 8.523570e+02
      vertex   6.420000e+02 4.032500e+02 8.523570e+02
      vertex   6.680000e+02 4.006433e+02 8.511415e+02
    endloop
  endfacet
  facet normal 0.000000e+00 -4.226183e-01 9.063078e-01
    outer loop
      vertex   6.680000e+02 4.006433e+02 8.511415e+02
      vertex   6.420000e+02 4.032500e+02 8.523570e+02
      vertex   6.420000e+02 4.006433e+02 8.511415e+02
    endloop
  endfacet
  facet normal 0.000000e+00 -2.588190e-01 9.659258e-01
    outer loop
      vertex   6.680000e+02 4.006433e+02 8.511415e+02
      vertex   6.420000e+02 4.006433e+02 8.511415e+02
      vertex   6.680000e+02 3.978652e+02 8.503971e+02
    endloop
  endfacet
  facet normal 0.000000e+00 -2.588190e-01 9.659258e-01
    outer loop
      vertex   6.680000e+02 3.978652e+02 8.503971e+02
      vertex   6.420000e+02 4.006433e+02 8.511415e+02
      vertex   6.420000e+02 3.978652e+02 8.503971e+02
    endloop
  endfacet
  facet normal 0.000000e+00 -8.715574e-02 9.961947e-01
    outer loop
      vertex   6.680000e+02 3.978652e+02 8.503971e+02
      vertex   6.420000e+02 3.978652e+02 8.503971e+02
      vertex   6.680000e+02 3.950000e+02 8.501464e+02
    endloop
  endfacet
  facet normal 0.000000e+00 -8.715574e-02 9.961947e-01
    outer loop
      vertex   6.680000e+02 3.950000e+02 8.501464e+02
      vertex   6.420000e+02 3.978652e+02 8.503971e+02
      vertex   6.420000e+02 3.950000e+02 8.501464e+02
    endloop
  endfacet
  facet normal 0.000000e+00 8.715574e-02 9.961947e-01
    outer loop
      vertex   6.680000e+02 3.950000e+02 8.501464e+02
      vertex   6.420000e+02 3.950000e+02 8.501464e+02
      vertex   6.680000e+02 3.921348e+02 8.503971e+02
    endloop
  endfacet
  facet normal 0.000000e+00 8.715574e-02 9.961947e-01
    outer loop
      vertex   6.680000e+02 3.921348e+02 8.503971e+02
      vertex   6.420000e+02 3.950000e+02 8.501464e+02
      vertex   6.420000e+02 3.921348e+02 8.503971e+02
    endloop
  endfacet
  facet normal 0.000000e+00 2.588190e-01 9.659258e-01
    outer loop
      vertex   6.680000e+02 3.921348e+02 8.503971e+02
      vertex   6.420000e+02 3.921348e+02 8.503971e+02
      vertex   6.680000e+02 3.893567e+02 8.511415e+02
    endloop
  endfacet
  facet normal 0.000000e+00 2.588190e-01 9.659258e-01
    outer loop
      vertex   6.680000e+02 3.893567e+02 8.511415e+02
      vertex   6.420000e+02 3.921348e+02 8.503971e+02
      vertex   6.420000e+02 3.893567e+02 8.511415e+02
    endloop
  endfacet
  facet normal 0.000000e+00 4.226183e-01 9.063078e-01
    outer loop
      vertex   6.680000e+02 3.893567e+02 8.511415e+02
      vertex   6.420000e+02 3.893567e+02 8.511415e+02
      vertex   6.680000e+02 3.867500e+02 8.523570e+02
    endloop
  endfacet
  facet normal 0.000000e+00 4.226183e-01 9.063078e-01
    outer loop
      vertex   6.680000e+02 3.867500e+02 8.523570e+02
      vertex   6.420000e+02 3.893567e+02 8.511415e+02
      vertex   6.420000e+02 3.867500e+02 8.523570e+02
    endloop
  endfacet
  facet normal 0.000000e+00 5.735764e-01 8.191520e-01
    outer loop
      vertex   6.680000e+02 3.867500e+02 8.523570e+02
      vertex   6.420000e+02 3.867500e+02 8.523570e+02
      vertex   6.680000e+02 3.843940e+02 8.540067e+02
    endloop
  endfacet
  facet normal 0.000000e+00 5.735764e-01 8.191520e-01
    outer loop
      vertex   6.680000e+02 3.843940e+02 8.540067e+02
      vertex   6.420000e+02 3.867500e+02 8.523570e+02
      vertex   6.420000e+02 3.843940e+02 8.540067e+02
    endloop
  endfacet
  facet normal 0.000000e+00 7.071068e-01 7.071068e-01
    outer loop
      vertex   6.680000e+02 3.843940e+02 8.540067e+02
      vertex   6.420000e+02 3.843940e+02 8.540067e+02
      vertex   6.680000e+02 3.823603e+02 8.560404e+02
    endloop
  endfacet
  facet normal 0.000000e+00 7.071068e-01 7.071068e-01
    outer loop
      vertex   6.680000e+02 3.823603e+02 8.560404e+02
      vertex   6.420000e+02 3.843940e+02 8.540067e+02
      vertex   6.420000e+02 3.823603e+02 8.560404e+02
    endloop
  endfacet
  facet normal 0.000000e+00 8.191520e-01 5.735764e-01
    outer loop
      vertex   6.680000e+02 3.823603e+02 8.560404e+02
      vertex   6.420000e+02 3.823603e+02 8.560404e+02
      vertex   6.680000e+02 3.807106e+02 8.583964e+02
    endloop
  endfacet
  facet normal 0.000000e+00 8.191520e-01 5.735764e-01
    outer loop
      vertex   6.680000e+02 3.807106e+02 8.583964e+02
      vertex   6.420000e+02 3.823603e+02 8.560404e+02
      vertex   6.420000e+02 3.807106e+02 8.583964e+02
    endloop
  endfacet
  facet normal 0.000000e+00 9.063078e-01 4.226183e-01
    outer loop
      vertex   6.680000e+02 3.807106e+02 8.583964e+02
      vertex   6.420000e+02 3.807106e+02 8.583964e+02
      vertex   6.680000e+02 3.794951e+02 8.610031e+02
    endloop
  endfacet
  facet normal 0.000000e+00 9.063078e-01 4.226183e-01
    outer loop
      vertex   6.680000e+02 3.794951e+02 8.610031e+02
      vertex   6.420000e+02 3.807106e+02 8.583964e+02
      vertex   6.420000e+02 3.794951e+02 8.610031e+02
    endloop
  endfacet
  facet normal 0.000000e+00 9.659258e-01 2.588190e-01
    outer loop
      vertex   6.680000e+02 3.794951e+02 8.610031e+02
      vertex   6.420000e+02 3.794951e+02 8.610031e+02
      vertex   6.680000e+02 3.787507e+02 8.637812e+02
    endloop
  endfacet
  facet normal 0.000000e+00 9.659258e-01 2.588190e-01
    outer loop
      vertex   6.680000e+02 3.787507e+02 8.637812e+02
      vertex   6.420000e+02 3.794951e+02 8.610031e+02
      vertex   6.420000e+02 3.787507e+02 8.637812e+02
    endloop
  endfacet
  facet normal 0.000000e+00 9.961947e-01 8.715574e-02
    outer loop
      vertex   6.680000e+02 3.787507e+02 8.637812e+02
      vertex   6.420000e+02 3.787507e+02 8.637812e+02
      vertex   6.680000e+02 3.785000e+02 8.666464e+02
    endloop
  endfacet
  facet normal 0.000000e+00 9.961947e-01 8.715574e-02
    outer loop
      vertex   6.680000e+02 3.785000e+02 8.666464e+02
      vertex   6.420000e+02 3.787507e+02 8.637812e+02
      vertex   6.420000e+02 3.785000e+02 8.666464e+02
    endloop
  endfacet
  facet normal 0.000000e+00 9.961947e-01 -8.715574e-02
    outer loop
      vertex   6.680000e+02 3.785000e+02 8.666464e+02
      vertex   6.420000e+02 3.785000e+02 8.666464e+02
      vertex   6.680000e+02 3.787507e+02 8.695116e+02
    endloop
  endfacet
  facet normal 0.000000e+00 9.961947e-01 -8.715574e-02
    outer loop
      vertex   6.680000e+02 3.787507e+02 8.695116e+02
      vertex   6.420000e+02 3.785000e+02 8.666464e+02
      vertex   6.420000e+02 3.787507e+02 8.695116e+02
    endloop
  endfacet
  facet normal 0.000000e+00 9.659258e-01 -2.588190e-01
    outer loop
      vertex   6.680000e+02 3.787507e+02 8.695116e+02
      vertex   6.420000e+02 3.787507e+02 8.695116e+02
      vertex   6.680000e+02 3.794951e+02 8.722898e+02
    endloop
  endfacet
  facet normal 0.000000e+00 9.659258e-01 -2.588190e-01
    outer loop
      vertex   6.680000e+02 3.794951e+02 8.722898e+02
      vertex   6.420000e+02 3.787507e+02 8.695116e+02
      vertex   6.420000e+02 3.794951e+02 8.722898e+02
    endloop
  endfacet
  facet normal 0.000000e+00 9.063078e-01 -4.226183e-01
    outer loop
      vertex   6.680000e+02 3.794951e+02 8.722898e+02
      vertex   6.420000e+02 3.794951e+02 8.722898e+02
      vertex   6.680000e+02 3.807106e+02 8.748964e+02
    endloop
  endfacet
  facet normal 0.000000e+00 9.063078e-01 -4.226183e-01
    outer loop
      vertex   6.680000e+02 3.807106e+02 8.748964e+02
      vertex   6.420000e+02 3.794951e+02 8.722898e+02
      vertex   6.420000e+02 3.807106e+02 8.748964e+02
    endloop
  endfacet
  facet normal 0.000000e+00 8.191520e-01 -5.735764e-01
    outer loop
      vertex   6.680000e+02 3.807106e+02 8.748964e+02
      vertex   6.420000e+02 3.807106e+02 8.748964e+02
      vertex   6.680000e+02 3.823603e+02 8.772524e+02
    endloop
  endfacet
  facet normal 0.000000e+00 8.191520e-01 -5.735764e-01
    outer loop
      vertex   6.680000e+02 3.823603e+02 8.772524e+02
      vertex   6.420000e+02 3.807106e+02 8.748964e+02
      vertex   6.420000e+02 3.823603e+02 8.772524e+02
    endloop
  endfacet
  facet normal 0.000000e+00 7.071068e-01 -7.071068e-01
    outer loop
      vertex   6.680000e+02 3.823603e+02 8.772524e+02
      vertex   6.420000e+02 3.823603e+02 8.772524e+02
      vertex   6.680000e+02 3.843940e+02 8.792862e+02
    endloop
  endfacet
  facet normal 0.000000e+00 7.071068e-01 -7.071068e-01
    outer loop
      vertex   6.680000e+02 3.843940e+02 8.792862e+02
      vertex   6.420000e+02 3.823603e+02 8.772524e+02
      vertex   6.420000e+02 3.843940e+02 8.792862e+02
    endloop
  endfacet
  facet normal 0.000000e+00 5.735764e-01 -8.191520e-01
    outer loop
      vertex   6.680000e+02 3.843940e+02 8.792862e+02
      vertex   6.420000e+02 3.843940e+02 8.792862e+02
      vertex   6.680000e+02 3.867500e+02 8.809359e+02
    endloop
  endfacet
  facet normal 0.000000e+00 5.735764e-01 -8.191520e-01
    outer loop
      vertex   6.680000e+02 3.867500e+02 8.809359e+02
      vertex   6.420000e+02 3.843940e+02 8.792862e+02
      vertex   6.420000e+02 3.867500e+02 8.809359e+02
    endloop
  endfacet
  facet normal 0.000000e+00 4.226183e-01 -9.063078e-01
    outer loop
      vertex   6.680000e+02 3.867500e+02 8.809359e+02
      vertex   6.420000e+02 3.867500e+02 8.809359e+02
      vertex   6.680000e+02 3.893567e+02 8.821514e+02
    endloop
  endfacet
  facet normal 0.000000e+00 4.226183e-01 -9.063078e-01
    outer loop
      vertex   6.680000e+02 3.893567e+02 8.821514e+02
      vertex   6.420000e+02 3.867500e+02 8.809359e+02
      vertex   6.420000e+02 3.893567e+02 8.821514e+02
    endloop
  endfacet
  facet normal 0.000000e+00 2.588190e-01 -9.659258e-01
    outer loop
      vertex   6.680000e+02 3.893567e+02 8.821514e+02
      vertex   6.420000e+02 3.893567e+02 8.821514e+02
      vertex   6.680000e+02 3.921348e+02 8.828958e+02
    endloop
  endfacet
  facet normal 0.000000e+00 2.588190e-01 -9.659258e-01
    outer loop
      vertex   6.680000e+02 3.921348e+02 8.828958e+02
      vertex   6.420000e+02 3.893567e+02 8.821514e+02
      vertex   6.420000e+02 3.921348e+02 8.828958e+02
    endloop
  endfacet
  facet normal 0.000000e+00 8.715574e-02 -9.961947e-01
    outer loop
      vertex   6.680000e+02 3.921348e+02 8.828958e+02
      vertex   6.420000e+02 3.921348e+02 8.828958e+02
      vertex   6.680000e+02 3.950000e+02 8.831464e+02
    endloop
  endfacet
  facet normal 0.000000e+00 8.715574e-02 -9.961947e-01
    outer loop
      vertex   6.680000e+02 3.950000e+02 8.831464e+02
      vertex   6.420000e+02 3.921348e+02 8.828958e+02
      vertex   6.420000e+02 3.950000e+02 8.831464e+02
    endloop
  endfacet
  facet normal -0.000000e+00 -8.715574e-02 -9.961947e-01
    outer loop
      vertex   6.680000e+02 3.950000e+02 8.831464e+02
      vertex   6.420000e+02 3.950000e+02 8.831464e+02
      vertex   6.680000e+02 3.978652e+02 8.828958e+02
    endloop
  endfacet
  facet normal -0.000000e+00 -8.715574e-02 -9.961947e-01
    outer loop
      vertex   6.680000e+02 3.978652e+02 8.828958e+02
      vertex   6.420000e+02 3.950000e+02 8.831464e+02
      vertex   6.420000e+02 3.978652e+02 8.828958e+02
    endloop
  endfacet
  facet normal -0.000000e+00 -2.588190e-01 -9.659258e-01
    outer loop
      vertex   6.680000e+02 3.978652e+02 8.828958e+02
      vertex   6.420000e+02 3.978652e+02 8.828958e+02
      vertex   6.680000e+02 4.006433e+02 8.821514e+02
    endloop
  endfacet
  facet normal -0.000000e+00 -2.588190e-01 -9.659258e-01
    outer loop
      vertex   6.680000e+02 4.006433e+02 8.821514e+02
      vertex   6.420000e+02 3.978652e+02 8.828958e+02
      vertex   6.420000e+02 4.006433e+02 8.821514e+02
    endloop
  endfacet
  facet normal -0.000000e+00 -4.226183e-01 -9.063078e-01
    outer loop
      vertex   6.680000e+02 4.006433e+02 8.821514e+02
      vertex   6.420000e+02 4.006433e+02 8.821514e+02
      vertex   6.680000e+02 4.032500e+02 8.809359e+02
    endloop
  endfacet
  facet normal -0.000000e+00 -4.226183e-01 -9.063078e-01
    outer loop
      vertex   6.680000e+02 4.032500e+02 8.809359e+02
      vertex   6.420000e+02 4.006433e+02 8.821514e+02
      vertex   6.420000e+02 4.032500e+02 8.809359e+02
    endloop
  endfacet
  facet normal -0.000000e+00 -5.735764e-01 -8.191520e-01
    outer loop
      vertex   6.680000e+02 4.032500e+02 8.809359e+02
      vertex   6.420000e+02 4.032500e+02 8.809359e+02
      vertex   6.680000e+02 4.056060e+02 8.792862e+02
    endloop
  endfacet
  facet normal -0.000000e+00 -5.735764e-01 -8.191520e-01
    outer loop
      vertex   6.680000e+02 4.056060e+02 8.792862e+02
      vertex   6.420000e+02 4.032500e+02 8.809359e+02
      vertex   6.420000e+02 4.056060e+02 8.792862e+02
    endloop
  endfacet
  facet normal -0.000000e+00 -7.071068e-01 -7.071068e-01
    outer loop
      vertex   6.680000e+02 4.056060e+02 8.792862e+02
      vertex   6.420000e+02 4.056060e+02 8.792862e+02
      vertex   6.680000e+02 4.076397e+02 8.772524e+02
    endloop
  endfacet
  facet normal -0.000000e+00 -7.071068e-01 -7.071068e-01
    outer loop
      vertex   6.680000e+02 4.076397e+02 8.772524e+02
      vertex   6.420000e+02 4.056060e+02 8.792862e+02
      vertex   6.420000e+02 4.076397e+02 8.772524e+02
    endloop
  endfacet
  facet normal -0.000000e+00 -8.191520e-01 -5.735764e-01
    outer loop
      vertex   6.680000e+02 4.076397e+02 8.772524e+02
      vertex   6.420000e+02 4.076397e+02 8.772524e+02
      vertex   6.680000e+02 4.092894e+02 8.748964e+02
    endloop
  endfacet
  facet normal -0.000000e+00 -8.191520e-01 -5.735764e-01
    outer loop
      vertex   6.680000e+02 4.092894e+02 8.748964e+02
      vertex   6.420000e+02 4.076397e+02 8.772524e+02
      vertex   6.420000e+02 4.092894e+02 8.748964e+02
    endloop
  endfacet
  facet normal -0.000000e+00 -9.063078e-01 -4.226183e-01
    outer loop
      vertex   6.680000e+02 4.092894e+02 8.748964e+02
      vertex   6.420000e+02 4.092894e+02 8.748964e+02
      vertex   6.680000e+02 4.105049e+02 8.722898e+02
    endloop
  endfacet
  facet normal -0.000000e+00 -9.063078e-01 -4.226183e-01
    outer loop
      vertex   6.680000e+02 4.105049e+02 8.722898e+02
      vertex   6.420000e+02 4.092894e+02 8.748964e+02
      vertex   6.420000e+02 4.105049e+02 8.722898e+02
    endloop
  endfacet
  facet normal -0.000000e+00 -9.659258e-01 -2.588190e-01
    outer loop
      vertex   6.680000e+02 4.105049e+02 8.722898e+02
      vertex   6.420000e+02 4.105049e+02 8.722898e+02
      vertex   6.680000e+02 4.112493e+02 8.695116e+02
    endloop
  endfacet
  facet normal -0.000000e+00 -9.659258e-01 -2.588190e-01
    outer loop
      vertex   6.680000e+02 4.112493e+02 8.695116e+02
      vertex   6.420000e+02 4.105049e+02 8.722898e+02
      vertex   6.420000e+02 4.112493e+02 8.695116e+02
    endloop
  endfacet
  facet normal 0.000000e+00 9.961947e-01 8.715574e-02
    outer loop
      vertex   6.680000e+02 -4.112493e+02 8.637812e+02
      vertex   6.420000e+02 -4.112493e+02 8.637812e+02
      vertex   6.680000e+02 -4.115000e+02 8.666464e+02
    endloop
  endfacet
  facet normal 0.000000e+00 9.961947e-01 8.715574e-02
    outer loop
      vertex   6.680000e+02 -4.115000e+02 8.666464e+02
      vertex   6.420000e+02 -4.112493e+02 8.637812e+02
      vertex   6.420000e+02 -4.115000e+02 8.666464e+02
    endloop
  endfacet
  facet normal 0.000000e+00 9.961947e-01 -8.715574e-02
    outer loop
      vertex   6.680000e+02 -4.115000e+02 8.666464e+02
      vertex   6.420000e+02 -4.115000e+02 8.666464e+02
      vertex   6.680000e+02 -4.112493e+02 8.695116e+02
    endloop
  endfacet
  facet normal 0.000000e+00 9.961947e-01 -8.715574e-02
    outer loop
      vertex   6.680000e+02 -4.112493e+02 8.695116e+02
      vertex   6.420000e+02 -4.115000e+02 8.666464e+02
      vertex   6.420000e+02 -4.112493e+02 8.695116e+02
    endloop
  endfacet
  facet normal 0.000000e+00 9.659258e-01 -2.588190e-01
    outer loop
      vertex   6.680000e+02 -4.112493e+02 8.695116e+02
      vertex   6.420000e+02 -4.112493e+02 8.695116e+02
      vertex   6.680000e+02 -4.105049e+02 8.722898e+02
    endloop
  endfacet
  facet normal 0.000000e+00 9.659258e-01 -2.588190e-01
    outer loop
      vertex   6.680000e+02 -4.105049e+02 8.722898e+02
      vertex   6.420000e+02 -4.112493e+02 8.695116e+02
      vertex   6.420000e+02 -4.105049e+02 8.722898e+02
    endloop
  endfacet
  facet normal 0.000000e+00 9.063078e-01 -4.226183e-01
    outer loop
      vertex   6.680000e+02 -4.105049e+02 8.722898e+02
      vertex   6.420000e+02 -4.105049e+02 8.722898e+02
      vertex   6.680000e+02 -4.092894e+02 8.748964e+02
    endloop
  endfacet
  facet normal 0.000000e+00 9.063078e-01 -4.226183e-01
    outer loop
      vertex   6.680000e+02 -4.092894e+02 8.748964e+02
      vertex   6.420000e+02 -4.105049e+02 8.722898e+02
      vertex   6.420000e+02 -4.092894e+02 8.748964e+02
    endloop
  endfacet
  facet normal 0.000000e+00 8.191520e-01 -5.735764e-01
    outer loop
      vertex   6.680000e+02 -4.092894e+02 8.748964e+02
      vertex   6.420000e+02 -4.092894e+02 8.748964e+02
      vertex   6.680000e+02 -4.076397e+02 8.772524e+02
    endloop
  endfacet
  facet normal 0.000000e+00 8.191520e-01 -5.735764e-01
    outer loop
      vertex   6.680000e+02 -4.076397e+02 8.772524e+02
      vertex   6.420000e+02 -4.092894e+02 8.748964e+02
      vertex   6.420000e+02 -4.076397e+02 8.772524e+02
    endloop
  endfacet
  facet normal 0.000000e+00 7.071068e-01 -7.071068e-01
    outer loop
      vertex   6.680000e+02 -4.076397e+02 8.772524e+02
      vertex   6.420000e+02 -4.076397e+02 8.772524e+02
      vertex   6.680000e+02 -4.056060e+02 8.792862e+02
    endloop
  endfacet
  facet normal 0.000000e+00 7.071068e-01 -7.071068e-01
    outer loop
      vertex   6.680000e+02 -4.056060e+02 8.792862e+02
      vertex   6.420000e+02 -4.076397e+02 8.772524e+02
      vertex   6.420000e+02 -4.056060e+02 8.792862e+02
    endloop
  endfacet
  facet normal 0.000000e+00 5.735764e-01 -8.191520e-01
    outer loop
      vertex   6.680000e+02 -4.056060e+02 8.792862e+02
      vertex   6.420000e+02 -4.056060e+02 8.792862e+02
      vertex   6.680000e+02 -4.032500e+02 8.809359e+02
    endloop
  endfacet
  facet normal 0.000000e+00 5.735764e-01 -8.191520e-01
    outer loop
      vertex   6.680000e+02 -4.032500e+02 8.809359e+02
      vertex   6.420000e+02 -4.056060e+02 8.792862e+02
      vertex   6.420000e+02 -4.032500e+02 8.809359e+02
    endloop
  endfacet
  facet normal 0.000000e+00 4.226183e-01 -9.063078e-01
    outer loop
      vertex   6.680000e+02 -4.032500e+02 8.809359e+02
      vertex   6.420000e+02 -4.032500e+02 8.809359e+02
      vertex   6.680000e+02 -4.006433e+02 8.821514e+02
    endloop
  endfacet
  facet normal 0.000000e+00 4.226183e-01 -9.063078e-01
    outer loop
      vertex   6.680000e+02 -4.006433e+02 8.821514e+02
      vertex   6.420000e+02 -4.032500e+02 8.809359e+02
      vertex   6.420000e+02 -4.006433e+02 8.821514e+02
    endloop
  endfacet
  facet normal 0.000000e+00 2.588190e-01 -9.659258e-01
    outer loop
      vertex   6.680000e+02 -4.006433e+02 8.821514e+02
      vertex   6.420000e+02 -4.006433e+02 8.821514e+02
      vertex   6.680000e+02 -3.978652e+02 8.828958e+02
    endloop
  endfacet
  facet normal 0.000000e+00 2.588190e-01 -9.659258e-01
    outer loop
      vertex   6.680000e+02 -3.978652e+02 8.828958e+02
      vertex   6.420000e+02 -4.006433e+02 8.821514e+02
      vertex   6.420000e+02 -3.978652e+02 8.828958e+02
    endloop
  endfacet
  facet normal 0.000000e+00 8.715574e-02 -9.961947e-01
    outer loop
      vertex   6.680000e+02 -3.978652e+02 8.828958e+02
      vertex   6.420000e+02 -3.978652e+02 8.828958e+02
      vertex   6.680000e+02 -3.950000e+02 8.831464e+02
    endloop
  endfacet
  facet normal 0.000000e+00 8.715574e-02 -9.961947e-01
    outer loop
      vertex   6.680000e+02 -3.950000e+02 8.831464e+02
      vertex   6.420000e+02 -3.978652e+02 8.828958e+02
      vertex   6.420000e+02 -3.950000e+02 8.831464e+02
    endloop
  endfacet
  facet normal -0.000000e+00 -8.715574e-02 -9.961947e-01
    outer loop
      vertex   6.680000e+02 -3.950000e+02 8.831464e+02
      vertex   6.420000e+02 -3.950000e+02 8.831464e+02
      vertex   6.680000e+02 -3.921348e+02 8.828958e+02
    endloop
  endfacet
  facet normal -0.000000e+00 -8.715574e-02 -9.961947e-01
    outer loop
      vertex   6.680000e+02 -3.921348e+02 8.828958e+02
      vertex   6.420000e+02 -3.950000e+02 8.831464e+02
      vertex   6.420000e+02 -3.921348e+02 8.828958e+02
    endloop
  endfacet
  facet normal -0.000000e+00 -2.588190e-01 -9.659258e-01
    outer loop
      vertex   6.680000e+02 -3.921348e+02 8.828958e+02
      vertex   6.420000e+02 -3.921348e+02 8.828958e+02
      vertex   6.680000e+02 -3.893567e+02 8.821514e+02
    endloop
  endfacet
  facet normal -0.000000e+00 -2.588190e-01 -9.659258e-01
    outer loop
      vertex   6.680000e+02 -3.893567e+02 8.821514e+02
      vertex   6.420000e+02 -3.921348e+02 8.828958e+02
      vertex   6.420000e+02 -3.893567e+02 8.821514e+02
    endloop
  endfacet
  facet normal -0.000000e+00 -4.226183e-01 -9.063078e-01
    outer loop
      vertex   6.680000e+02 -3.893567e+02 8.821514e+02
      vertex   6.420000e+02 -3.893567e+02 8.821514e+02
      vertex   6.680000e+02 -3.867500e+02 8.809359e+02
    endloop
  endfacet
  facet normal -0.000000e+00 -4.226183e-01 -9.063078e-01
    outer loop
      vertex   6.680000e+02 -3.867500e+02 8.809359e+02
      vertex   6.420000e+02 -3.893567e+02 8.821514e+02
      vertex   6.420000e+02 -3.867500e+02 8.809359e+02
    endloop
  endfacet
  facet normal -0.000000e+00 -5.735764e-01 -8.191520e-01
    outer loop
      vertex   6.680000e+02 -3.867500e+02 8.809359e+02
      vertex   6.420000e+02 -3.867500e+02 8.809359e+02
      vertex   6.680000e+02 -3.843940e+02 8.792862e+02
    endloop
  endfacet
  facet normal -0.000000e+00 -5.735764e-01 -8.191520e-01
    outer loop
      vertex   6.680000e+02 -3.843940e+02 8.792862e+02
      vertex   6.420000e+02 -3.867500e+02 8.809359e+02
      vertex   6.420000e+02 -3.843940e+02 8.792862e+02
    endloop
  endfacet
  facet normal -0.000000e+00 -7.071068e-01 -7.071068e-01
    outer loop
      vertex   6.680000e+02 -3.843940e+02 8.792862e+02
      vertex   6.420000e+02 -3.843940e+02 8.792862e+02
      vertex   6.680000e+02 -3.823603e+02 8.772524e+02
    endloop
  endfacet
  facet normal -0.000000e+00 -7.071068e-01 -7.071068e-01
    outer loop
      vertex   6.680000e+02 -3.823603e+02 8.772524e+02
      vertex   6.420000e+02 -3.843940e+02 8.792862e+02
      vertex   6.420000e+02 -3.823603e+02 8.772524e+02
    endloop
  endfacet
  facet normal -0.000000e+00 -8.191520e-01 -5.735764e-01
    outer loop
      vertex   6.680000e+02 -3.823603e+02 8.772524e+02
      vertex   6.420000e+02 -3.823603e+02 8.772524e+02
      vertex   6.680000e+02 -3.807106e+02 8.748964e+02
    endloop
  endfacet
  facet normal -0.000000e+00 -8.191520e-01 -5.735764e-01
    outer loop
      vertex   6.680000e+02 -3.807106e+02 8.748964e+02
      vertex   6.420000e+02 -3.823603e+02 8.772524e+02
      vertex   6.420000e+02 -3.807106e+02 8.748964e+02
    endloop
  endfacet
  facet normal -0.000000e+00 -9.063078e-01 -4.226183e-01
    outer loop
      vertex   6.680000e+02 -3.807106e+02 8.748964e+02
      vertex   6.420000e+02 -3.807106e+02 8.748964e+02
      vertex   6.680000e+02 -3.794951e+02 8.722898e+02
    endloop
  endfacet
  facet normal -0.000000e+00 -9.063078e-01 -4.226183e-01
    outer loop
      vertex   6.680000e+02 -3.794951e+02 8.722898e+02
      vertex   6.420000e+02 -3.807106e+02 8.748964e+02
      vertex   6.420000e+02 -3.794951e+02 8.722898e+02
    endloop
  endfacet
  facet normal -0.000000e+00 -9.659258e-01 -2.588190e-01
    outer loop
      vertex   6.680000e+02 -3.794951e+02 8.722898e+02
      vertex   6.420000e+02 -3.794951e+02 8.722898e+02
      vertex   6.680000e+02 -3.787507e+02 8.695116e+02
    endloop
  endfacet
  facet normal -0.000000e+00 -9.659258e-01 -2.588190e-01
    outer loop
      vertex   6.680000e+02 -3.787507e+02 8.695116e+02
      vertex   6.420000e+02 -3.794951e+02 8.722898e+02
      vertex   6.420000e+02 -3.787507e+02 8.695116e+02
    endloop
  endfacet
  facet normal -0.000000e+00 -9.961947e-01 -8.715574e-02
    outer loop
      vertex   6.680000e+02 -3.787507e+02 8.695116e+02
      vertex   6.420000e+02 -3.787507e+02 8.695116e+02
      vertex   6.680000e+02 -3.785000e+02 8.666464e+02
    endloop
  endfacet
  facet normal -0.000000e+00 -9.961947e-01 -8.715574e-02
    outer loop
      vertex   6.680000e+02 -3.785000e+02 8.666464e+02
      vertex   6.420000e+02 -3.787507e+02 8.695116e+02
      vertex   6.420000e+02 -3.785000e+02 8.666464e+02
    endloop
  endfacet
  facet normal 0.000000e+00 -9.961947e-01 8.715574e-02
    outer loop
      vertex   6.680000e+02 -3.785000e+02 8.666464e+02
      vertex   6.420000e+02 -3.785000e+02 8.666464e+02
      vertex   6.680000e+02 -3.787507e+02 8.637812e+02
    endloop
  endfacet
  facet normal 0.000000e+00 -9.961947e-01 8.715574e-02
    outer loop
      vertex   6.680000e+02 -3.787507e+02 8.637812e+02
      vertex   6.420000e+02 -3.785000e+02 8.666464e+02
      vertex   6.420000e+02 -3.787507e+02 8.637812e+02
    endloop
  endfacet
  facet normal 0.000000e+00 -9.659258e-01 2.588190e-01
    outer loop
      vertex   6.680000e+02 -3.787507e+02 8.637812e+02
      vertex   6.420000e+02 -3.787507e+02 8.637812e+02
      vertex   6.680000e+02 -3.794951e+02 8.610031e+02
    endloop
  endfacet
  facet normal 0.000000e+00 -9.659258e-01 2.588190e-01
    outer loop
      vertex   6.680000e+02 -3.794951e+02 8.610031e+02
      vertex   6.420000e+02 -3.787507e+02 8.637812e+02
      vertex   6.420000e+02 -3.794951e+02 8.610031e+02
    endloop
  endfacet
  facet normal 0.000000e+00 -9.063078e-01 4.226183e-01
    outer loop
      vertex   6.680000e+02 -3.794951e+02 8.610031e+02
      vertex   6.420000e+02 -3.794951e+02 8.610031e+02
      vertex   6.680000e+02 -3.807106e+02 8.583964e+02
    endloop
  endfacet
  facet normal 0.000000e+00 -9.063078e-01 4.226183e-01
    outer loop
      vertex   6.680000e+02 -3.807106e+02 8.583964e+02
      vertex   6.420000e+02 -3.794951e+02 8.610031e+02
      vertex   6.420000e+02 -3.807106e+02 8.583964e+02
    endloop
  endfacet
  facet normal 0.000000e+00 -8.191520e-01 5.735764e-01
    outer loop
      vertex   6.680000e+02 -3.807106e+02 8.583964e+02
      vertex   6.420000e+02 -3.807106e+02 8.583964e+02
      vertex   6.680000e+02 -3.823603e+02 8.560404e+02
    endloop
  endfacet
  facet normal 0.000000e+00 -8.191520e-01 5.735764e-01
    outer loop
      vertex   6.680000e+02 -3.823603e+02 8.560404e+02
      vertex   6.420000e+02 -3.807106e+02 8.583964e+02
      vertex   6.420000e+02 -3.823603e+02 8.560404e+02
    endloop
  endfacet
  facet normal 0.000000e+00 -7.071068e-01 7.071068e-01
    outer loop
      vertex   6.680000e+02 -3.823603e+02 8.560404e+02
      vertex   6.420000e+02 -3.823603e+02 8.560404e+02
      vertex   6.680000e+02 -3.843940e+02 8.540067e+02
    endloop
  endfacet
  facet normal 0.000000e+00 -7.071068e-01 7.071068e-01
    outer loop
      vertex   6.680000e+02 -3.843940e+02 8.540067e+02
      vertex   6.420000e+02 -3.823603e+02 8.560404e+02
      vertex   6.420000e+02 -3.843940e+02 8.540067e+02
    endloop
  endfacet
  facet normal 0.000000e+00 -5.735764e-01 8.191520e-01
    outer loop
      vertex   6.680000e+02 -3.843940e+02 8.540067e+02
      vertex   6.420000e+02 -3.843940e+02 8.540067e+02
      vertex   6.680000e+02 -3.867500e+02 8.523570e+02
    endloop
  endfacet
  facet normal 0.000000e+00 -5.735764e-01 8.191520e-01
    outer loop
      vertex   6.680000e+02 -3.867500e+02 8.523570e+02
      vertex   6.420000e+02 -3.843940e+02 8.540067e+02
      vertex   6.420000e+02 -3.867500e+02 8.523570e+02
    endloop
  endfacet
  facet normal 0.000000e+00 -4.226183e-01 9.063078e-01
    outer loop
      vertex   6.680000e+02 -3.867500e+02 8.523570e+02
      vertex   6.420000e+02 -3.867500e+02 8.523570e+02
      vertex   6.680000e+02 -3.893567e+02 8.511415e+02
    endloop
  endfacet
  facet normal 0.000000e+00 -4.226183e-01 9.063078e-01
    outer loop
      vertex   6.680000e+02 -3.893567e+02 8.511415e+02
      vertex   6.420000e+02 -3.867500e+02 8.523570e+02
      vertex   6.420000e+02 -3.893567e+02 8.511415e+02
    endloop
  endfacet
  facet normal 0.000000e+00 -2.588190e-01 9.659258e-01
    outer loop
      vertex   6.680000e+02 -3.893567e+02 8.511415e+02
      vertex   6.420000e+02 -3.893567e+02 8.511415e+02
      vertex   6.680000e+02 -3.921348e+02 8.503971e+02
    endloop
  endfacet
  facet normal 0.000000e+00 -2.588190e-01 9.659258e-01
    outer loop
      vertex   6.680000e+02 -3.921348e+02 8.503971e+02
      vertex   6.420000e+02 -3.893567e+02 8.511415e+02
      vertex   6.420000e+02 -3.921348e+02 8.503971e+02
    endloop
  endfacet
  facet normal 0.000000e+00 -8.715574e-02 9.961947e-01
    outer loop
      vertex   6.680000e+02 -3.921348e+02 8.503971e+02
      vertex   6.420000e+02 -3.921348e+02 8.503971e+02
      vertex   6.680000e+02 -3.950000e+02 8.501464e+02
    endloop
  endfacet
  facet normal 0.000000e+00 -8.715574e-02 9.961947e-01
    outer loop
      vertex   6.680000e+02 -3.950000e+02 8.501464e+02
      vertex   6.420000e+02 -3.921348e+02 8.503971e+02
      vertex   6.420000e+02 -3.950000e+02 8.501464e+02
    endloop
  endfacet
  facet normal 0.000000e+00 8.715574e-02 9.961947e-01
    outer loop
      vertex   6.680000e+02 -3.950000e+02 8.501464e+02
      vertex   6.420000e+02 -3.950000e+02 8.501464e+02
      vertex   6.680000e+02 -3.978652e+02 8.503971e+02
    endloop
  endfacet
  facet normal 0.000000e+00 8.715574e-02 9.961947e-01
    outer loop
      vertex   6.680000e+02 -3.978652e+02 8.503971e+02
      vertex   6.420000e+02 -3.950000e+02 8.501464e+02
      vertex   6.420000e+02 -3.978652e+02 8.503971e+02
    endloop
  endfacet
  facet normal 0.000000e+00 2.588190e-01 9.659258e-01
    outer loop
      vertex   6.680000e+02 -3.978652e+02 8.503971e+02
      vertex   6.420000e+02 -3.978652e+02 8.503971e+02
      vertex   6.680000e+02 -4.006433e+02 8.511415e+02
    endloop
  endfacet
  facet normal 0.000000e+00 2.588190e-01 9.659258e-01
    outer loop
      vertex   6.680000e+02 -4.006433e+02 8.511415e+02
      vertex   6.420000e+02 -3.978652e+02 8.503971e+02
      vertex   6.420000e+02 -4.006433e+02 8.511415e+02
    endloop
  endfacet
  facet normal 0.000000e+00 4.226183e-01 9.063078e-01
    outer loop
      vertex   6.680000e+02 -4.006433e+02 8.511415e+02
      vertex   6.420000e+02 -4.006433e+02 8.511415e+02
      vertex   6.680000e+02 -4.032500e+02 8.523570e+02
    endloop
  endfacet
  facet normal 0.000000e+00 4.226183e-01 9.063078e-01
    outer loop
      vertex   6.680000e+02 -4.032500e+02 8.523570e+02
      vertex   6.420000e+02 -4.006433e+02 8.511415e+02
      vertex   6.420000e+02 -4.032500e+02 8.523570e+02
    endloop
  endfacet
  facet normal 0.000000e+00 5.735764e-01 8.191520e-01
    outer loop
      vertex   6.680000e+02 -4.032500e+02 8.523570e+02
      vertex   6.420000e+02 -4.032500e+02 8.523570e+02
      vertex   6.680000e+02 -4.056060e+02 8.540067e+02
    endloop
  endfacet
  facet normal 0.000000e+00 5.735764e-01 8.191520e-01
    outer loop
      vertex   6.680000e+02 -4.056060e+02 8.540067e+02
      vertex   6.420000e+02 -4.032500e+02 8.523570e+02
      vertex   6.420000e+02 -4.056060e+02 8.540067e+02
    endloop
  endfacet
  facet normal 0.000000e+00 7.071068e-01 7.071068e-01
    outer loop
      vertex   6.680000e+02 -4.056060e+02 8.540067e+02
      vertex   6.420000e+02 -4.056060e+02 8.540067e+02
      vertex   6.680000e+02 -4.076397e+02 8.560404e+02
    endloop
  endfacet
  facet normal 0.000000e+00 7.071068e-01 7.071068e-01
    outer loop
      vertex   6.680000e+02 -4.076397e+02 8.560404e+02
      vertex   6.420000e+02 -4.056060e+02 8.540067e+02
      vertex   6.420000e+02 -4.076397e+02 8.560404e+02
    endloop
  endfacet
  facet normal 0.000000e+00 8.191520e-01 5.735764e-01
    outer loop
      vertex   6.680000e+02 -4.076397e+02 8.560404e+02
      vertex   6.420000e+02 -4.076397e+02 8.560404e+02
      vertex   6.680000e+02 -4.092894e+02 8.583964e+02
    endloop
  endfacet
  facet normal 0.000000e+00 8.191520e-01 5.735764e-01
    outer loop
      vertex   6.680000e+02 -4.092894e+02 8.583964e+02
      vertex   6.420000e+02 -4.076397e+02 8.560404e+02
      vertex   6.420000e+02 -4.092894e+02 8.583964e+02
    endloop
  endfacet
  facet normal 0.000000e+00 9.063078e-01 4.226183e-01
    outer loop
      vertex   6.680000e+02 -4.092894e+02 8.583964e+02
      vertex   6.420000e+02 -4.092894e+02 8.583964e+02
      vertex   6.680000e+02 -4.105049e+02 8.610031e+02
    endloop
  endfacet
  facet normal 0.000000e+00 9.063078e-01 4.226183e-01
    outer loop
      vertex   6.680000e+02 -4.105049e+02 8.610031e+02
      vertex   6.420000e+02 -4.092894e+02 8.583964e+02
      vertex   6.420000e+02 -4.105049e+02 8.610031e+02
    endloop
  endfacet
  facet normal 0.000000e+00 9.659258e-01 2.588190e-01
    outer loop
      vertex   6.680000e+02 -4.105049e+02 8.610031e+02
      vertex   6.420000e+02 -4.105049e+02 8.610031e+02
      vertex   6.680000e+02 -4.112493e+02 8.637812e+02
    endloop
  endfacet
  facet normal 0.000000e+00 9.659258e-01 2.588190e-01
    outer loop
      vertex   6.680000e+02 -4.112493e+02 8.637812e+02
      vertex   6.420000e+02 -4.105049e+02 8.610031e+02
      vertex   6.420000e+02 -4.112493e+02 8.637812e+02
    endloop
  endfacet
  facet normal -1.776357e-15 0.000000e+00 -1.000000e+00
    outer loop
      vertex   7.000000e+02 2.990000e+02 5.895216e+01
      vertex   6.680000e+02 -2.990000e+02 5.895216e+01
      vertex   6.680000e+02 2.990000e+02 5.895216e+01
    endloop
  endfacet
  facet normal 2.732857e-15 0.000000e+00 -1.000000e+00
    outer loop
      vertex   6.680000e+02 2.990000e+02 5.895216e+01
      vertex   6.680000e+02 -2.990000e+02 5.895216e+01
      vertex   6.420000e+02 -4.500000e+02 5.895216e+01
    endloop
  endfacet
  facet normal 2.732857e-15 0.000000e+00 -1.000000e+00
    outer loop
      vertex   6.680000e+02 2.990000e+02 5.895216e+01
      vertex   6.420000e+02 -4.500000e+02 5.895216e+01
      vertex   6.420000e+02 4.500000e+02 5.895216e+01
    endloop
  endfacet
  facet normal -1.776357e-15 -0.000000e+00 -1.000000e+00
    outer loop
      vertex   7.000000e+02 2.990000e+02 5.895216e+01
      vertex   7.000000e+02 -2.990000e+02 5.895216e+01
      vertex   6.680000e+02 -2.990000e+02 5.895216e+01
    endloop
  endfacet
  facet normal 2.732857e-15 0.000000e+00 -1.000000e+00
    outer loop
      vertex   6.680000e+02 -2.990000e+02 5.895216e+01
      vertex   6.680000e+02 -4.500000e+02 5.895216e+01
      vertex   6.420000e+02 -4.500000e+02 5.895216e+01
    endloop
  endfacet
  facet normal 2.732857e-15 0.000000e+00 -1.000000e+00
    outer loop
      vertex   6.420000e+02 4.500000e+02 5.895216e+01
      vertex   6.680000e+02 4.500000e+02 5.895216e+01
      vertex   6.680000e+02 2.990000e+02 5.895216e+01
    endloop
  endfacet
  facet normal -1.000000e+00 0.000000e+00 0.000000e+00
    outer loop
      vertex   6.420000e+02 2.532591e+02 2.081828e+02
      vertex   6.420000e+02 -2.505546e+02 2.105546e+02
      vertex   6.420000e+02 2.505546e+02 2.105546e+02
    endloop
  endfacet
  facet normal -1.000000e+00 -0.000000e+00 0.000000e+00
    outer loop
      vertex   6.420000e+02 2.505546e+02 2.105546e+02
      vertex   6.420000e+02 -2.505546e+02 2.105546e+02
      vertex   6.420000e+02 2.458293e+00 3.075157e+02
    endloop
  endfacet
  facet normal -1.000000e+00 0.000000e+00 0.000000e+00
    outer loop
      vertex   6.420000e+02 2.505546e+02 2.105546e+02
      vertex   6.420000e+02 2.458293e+00 3.075157e+02
      vertex   6.420000e+02 1.905546e+02 2.705546e+02
    endloop
  endfacet
  facet normal -1.000000e+00 0.000000e+00 0.000000e+00
    outer loop
      vertex   6.420000e+02 1.905546e+02 2.705546e+02
      vertex   6.420000e+02 2.458293e+00 3.075157e+02
      vertex   6.420000e+02 1.881828e+02 2.732591e+02
    endloop
  endfacet
  facet normal -1.000000e+00 0.000000e+00 0.000000e+00
    outer loop
      vertex   6.420000e+02 1.881828e+02 2.732591e+02
      vertex   6.420000e+02 2.458293e+00 3.075157e+02
      vertex   6.420000e+02 1.861843e+02 2.762500e+02
    endloop
  endfacet
  facet normal -1.000000e+00 0.000000e+00 0.000000e+00
    outer loop
      vertex   6.420000e+02 1.861843e+02 2.762500e+02
      vertex   6.420000e+02 2.458293e+00 3.075157e+02
      vertex   6.420000e+02 1.845933e+02 2.794762e+02
    endloop
  endfacet
  facet normal -1.000000e+00 0.000000e+00 0.000000e+00
    outer loop
      vertex   6.420000e+02 1.845933e+02 2.794762e+02
      vertex   6.420000e+02 2.458293e+00 3.075157e+02
      vertex   6.420000e+02 1.834370e+02 2.828825e+02
    endloop
  endfacet
  facet normal -1.000000e+00 0.000000e+00 0.000000e+00
    outer loop
      vertex   6.420000e+02 1.834370e+02 2.828825e+02
      vertex   6.420000e+02 2.458293e+00 3.075157e+02
      vertex   6.420000e+02 1.827353e+02 2.864105e+02
    endloop
  endfacet
  facet normal -1.000000e+00 0.000000e+00 0.000000e+00
    outer loop
      vertex   6.420000e+02 1.827353e+02 2.864105e+02
      vertex   6.420000e+02 2.458293e+00 3.075157e+02
      vertex   6.420000e+02 1.825000e+02 2.900000e+02
    endloop
  endfacet
  facet normal -1.000000e+00 0.000000e+00 0.000000e+00
    outer loop
      vertex   6.420000e+02 1.825000e+02 2.900000e+02
      vertex   6.420000e+02 2.458293e+00 3.075157e+02
      vertex   6.420000e+02 1.827353e+02 2.935895e+02
    endloop
  endfacet
  facet normal -1.000000e+00 0.000000e+00 0.000000e+00
    outer loop
      vertex   6.420000e+02 1.827353e+02 2.935895e+02
      vertex   6.420000e+02 2.458293e+00 3.075157e+02
      vertex   6.420000e+02 1.834370e+02 2.971175e+02
    endloop
  endfacet
  facet normal -1.000000e+00 0.000000e+00 0.000000e+00
    outer loop
      vertex   6.420000e+02 1.834370e+02 2.971175e+02
      vertex   6.420000e+02 2.458293e+00 3.075157e+02
      vertex   6.420000e+02 1.845933e+02 3.005238e+02
    endloop
  endfacet
  facet normal -1.000000e+00 0.000000e+00 0.000000e+00
    outer loop
      vertex   6.420000e+02 1.845933e+02 3.005238e+02
      vertex   6.420000e+02 2.458293e+00 3.075157e+02
      vertex   6.420000e+02 1.861843e+02 3.037500e+02
    endloop
  endfacet
  facet normal -1.000000e+00 0.000000e+00 0.000000e+00
    outer loop
      vertex   6.420000e+02 1.861843e+02 3.037500e+02
      vertex   6.420000e+02 2.458293e+00 3.075157e+02
      vertex   6.420000e+02 1.881828e+02 3.067409e+02
    endloop
  endfacet
  facet normal -1.000000e+00 0.000000e+00 0.000000e+00
    outer loop
      vertex   6.420000e+02 1.881828e+02 3.067409e+02
      vertex   6.420000e+02 2.458293e+00 3.075157e+02
      vertex   6.420000e+02 1.228345e+01 3.078923e+02
    endloop
  endfacet
  facet normal -1.000000e+00 0.000000e+00 0.000000e+00
    outer loop
      vertex   6.420000e+02 1.881828e+02 3.067409e+02
      vertex   6.420000e+02 1.228345e+01 3.078923e+02
      vertex   6.420000e+02 2.207656e+01 3.087701e+02
    endloop
  endfacet
  facet normal -1.000000e+00 0.000000e+00 -0.000000e+00
    outer loop
      vertex   6.420000e+02 -2.505546e+02 2.105546e+02
      vertex   6.420000e+02 2.532591e+02 2.081828e+02
      vertex   6.420000e+02 -2.532591e+02 2.081828e+02
    endloop
  endfacet
  facet normal -1.000000e+00 0.000000e+00 0.000000e+00
    outer loop
      vertex   6.420000e+02 -2.532591e+02 2.081828e+02
      vertex   6.420000e+02 2.532591e+02 2.081828e+02
      vertex   6.420000e+02 2.562500e+02 2.061843e+02
    endloop
  endfacet
  facet normal -1.000000e+00 0.000000e+00 -0.000000e+00
    outer loop
      vertex   6.420000e+02 -2.532591e+02 2.081828e+02
      vertex   6.420000e+02 2.562500e+02 2.061843e+02
      vertex   6.420000e+02 -2.562500e+02 2.061843e+02
    endloop
  endfacet
  facet normal -1.000000e+00 0.000000e+00 0.000000e+00
    outer loop
      vertex   6.420000e+02 -2.562500e+02 2.061843e+02
      vertex   6.420000e+02 2.562500e+02 2.061843e+02
      vertex   6.420000e+02 2.594762e+02 2.045933e+02
    endloop
  endfacet
  facet normal -1.000000e+00 0.000000e+00 -0.000000e+00
    outer loop
      vertex   6.420000e+02 -2.562500e+02 2.061843e+02
      vertex   6.420000e+02 2.594762e+02 2.045933e+02
      vertex   6.420000e+02 -2.594762e+02 2.045933e+02
    endloop
  endfacet
  facet normal -1.000000e+00 0.000000e+00 0.000000e+00
    outer loop
      vertex   6.420000e+02 -2.594762e+02 2.045933e+02
      vertex   6.420000e+02 2.594762e+02 2.045933e+02
      vertex   6.420000e+02 2.628825e+02 2.034370e+02
    endloop
  endfacet
  facet normal -1.000000e+00 0.000000e+00 -0.000000e+00
    outer loop
      vertex   6.420000e+02 -2.594762e+02 2.045933e+02
      vertex   6.420000e+02 2.628825e+02 2.034370e+02
      vertex   6.420000e+02 -2.628825e+02 2.034370e+02
    endloop
  endfacet
  facet normal -1.000000e+00 0.000000e+00 0.000000e+00
    outer loop
      vertex   6.420000e+02 -2.628825e+02 2.034370e+02
      vertex   6.420000e+02 2.628825e+02 2.034370e+02
      vertex   6.420000e+02 2.664105e+02 2.027353e+02
    endloop
  endfacet
  facet normal -1.000000e+00 0.000000e+00 -0.000000e+00
    outer loop
      vertex   6.420000e+02 -2.628825e+02 2.034370e+02
      vertex   6.420000e+02 2.664105e+02 2.027353e+02
      vertex   6.420000e+02 -2.664105e+02 2.027353e+02
    endloop
  endfacet
  facet normal -1.000000e+00 0.000000e+00 0.000000e+00
    outer loop
      vertex   6.420000e+02 -2.664105e+02 2.027353e+02
      vertex   6.420000e+02 2.664105e+02 2.027353e+02
      vertex   6.420000e+02 2.700000e+02 2.025000e+02
    endloop
  endfacet
  facet normal -1.000000e+00 0.000000e+00 -0.000000e+00
    outer loop
      vertex   6.420000e+02 -2.664105e+02 2.027353e+02
      vertex   6.420000e+02 2.700000e+02 2.025000e+02
      vertex   6.420000e+02 -2.700000e+02 2.025000e+02
    endloop
  endfacet
  facet normal -1.000000e+00 0.000000e+00 -0.000000e+00
    outer loop
      vertex   6.420000e+02 -2.700000e+02 2.025000e+02
      vertex   6.420000e+02 2.700000e+02 2.025000e+02
      vertex   6.420000e+02 -4.500000e+02 5.895216e+01
    endloop
  endfacet
  facet normal -1.000000e+00 -0.000000e+00 0.000000e+00
    outer loop
      vertex   6.420000e+02 -2.700000e+02 2.025000e+02
      vertex   6.420000e+02 -4.500000e+02 5.895216e+01
      vertex   6.420000e+02 -2.735895e+02 2.027353e+02
    endloop
  endfacet
  facet normal -1.000000e+00 -0.000000e+00 0.000000e+00
    outer loop
      vertex   6.420000e+02 -2.735895e+02 2.027353e+02
      vertex   6.420000e+02 -4.500000e+02 5.895216e+01
      vertex   6.420000e+02 -2.771175e+02 2.034370e+02
    endloop
  endfacet
  facet normal -1.000000e+00 -0.000000e+00 0.000000e+00
    outer loop
      vertex   6.420000e+02 -2.771175e+02 2.034370e+02
      vertex   6.420000e+02 -4.500000e+02 5.895216e+01
      vertex   6.420000e+02 -2.805238e+02 2.045933e+02
    endloop
  endfacet
  facet normal -1.000000e+00 -0.000000e+00 0.000000e+00
    outer loop
      vertex   6.420000e+02 -2.805238e+02 2.045933e+02
      vertex   6.420000e+02 -4.500000e+02 5.895216e+01
      vertex   6.420000e+02 -2.837500e+02 2.061843e+02
    endloop
  endfacet
  facet normal -1.000000e+00 -0.000000e+00 0.000000e+00
    outer loop
      vertex   6.420000e+02 -2.837500e+02 2.061843e+02
      vertex   6.420000e+02 -4.500000e+02 5.895216e+01
      vertex   6.420000e+02 -2.867409e+02 2.081828e+02
    endloop
  endfacet
  facet normal -1.000000e+00 -0.000000e+00 0.000000e+00
    outer loop
      vertex   6.420000e+02 -2.867409e+02 2.081828e+02
      vertex   6.420000e+02 -4.500000e+02 5.895216e+01
      vertex   6.420000e+02 -2.894454e+02 2.105546e+02
    endloop
  endfacet
  facet normal -1.000000e+00 -0.000000e+00 0.000000e+00
    outer loop
      vertex   6.420000e+02 -2.894454e+02 2.105546e+02
      vertex   6.420000e+02 -4.500000e+02 5.895216e+01
      vertex   6.420000e+02 -2.918172e+02 2.132591e+02
    endloop
  endfacet
  facet normal -1.000000e+00 -0.000000e+00 0.000000e+00
    outer loop
      vertex   6.420000e+02 -2.918172e+02 2.132591e+02
      vertex   6.420000e+02 -4.500000e+02 5.895216e+01
      vertex   6.420000e+02 -2.938157e+02 2.162500e+02
    endloop
  endfacet
  facet normal -1.000000e+00 -0.000000e+00 0.000000e+00
    outer loop
      vertex   6.420000e+02 -2.938157e+02 2.162500e+02
      vertex   6.420000e+02 -4.500000e+02 5.895216e+01
      vertex   6.420000e+02 -2.954067e+02 2.194762e+02
    endloop
  endfacet
  facet normal -1.000000e+00 -0.000000e+00 0.000000e+00
    outer loop
      vertex   6.420000e+02 -2.954067e+02 2.194762e+02
      vertex   6.420000e+02 -4.500000e+02 5.895216e+01
      vertex   6.420000e+02 -2.965630e+02 2.228825e+02
    endloop
  endfacet
  facet normal -1.000000e+00 -0.000000e+00 0.000000e+00
    outer loop
      vertex   6.420000e+02 -2.965630e+02 2.228825e+02
      vertex   6.420000e+02 -4.500000e+02 5.895216e+01
      vertex   6.420000e+02 -2.972647e+02 2.264105e+02
    endloop
  endfacet
  facet normal -1.000000e+00 -0.000000e+00 0.000000e+00
    outer loop
      vertex   6.420000e+02 -2.972647e+02 2.264105e+02
      vertex   6.420000e+02 -4.500000e+02 5.895216e+01
      vertex   6.420000e+02 -2.975000e+02 2.300000e+02
    endloop
  endfacet
  facet normal -1.000000e+00 -0.000000e+00 0.000000e+00
    outer loop
      vertex   6.420000e+02 -2.975000e+02 2.300000e+02
      vertex   6.420000e+02 -4.500000e+02 5.895216e+01
      vertex   6.420000e+02 -2.972647e+02 2.335895e+02
    endloop
  endfacet
  facet normal -1.000000e+00 -0.000000e+00 0.000000e+00
    outer loop
      vertex   6.420000e+02 -2.972647e+02 2.335895e+02
      vertex   6.420000e+02 -4.500000e+02 5.895216e+01
      vertex   6.420000e+02 -2.965630e+02 2.371175e+02
    endloop
  endfacet
  facet normal -1.000000e+00 -0.000000e+00 0.000000e+00
    outer loop
      vertex   6.420000e+02 -2.965630e+02 2.371175e+02
      vertex   6.420000e+02 -4.500000e+02 5.895216e+01
      vertex   6.420000e+02 -2.954067e+02 2.405238e+02
    endloop
  endfacet
  facet normal -1.000000e+00 -0.000000e+00 0.000000e+00
    outer loop
      vertex   6.420000e+02 -2.954067e+02 2.405238e+02
      vertex   6.420000e+02 -4.500000e+02 5.895216e+01
      vertex   6.420000e+02 -2.938157e+02 2.437500e+02
    endloop
  endfacet
  facet normal -1.000000e+00 -0.000000e+00 0.000000e+00
    outer loop
      vertex   6.420000e+02 -2.938157e+02 2.437500e+02
      vertex   6.420000e+02 -4.500000e+02 5.895216e+01
      vertex   6.420000e+02 -4.056060e+02 8.540067e+02
    endloop
  endfacet
  facet normal -1.000000e+00 0.000000e+00 0.000000e+00
    outer loop
      vertex   6.420000e+02 -2.938157e+02 2.437500e+02
      vertex   6.420000e+02 -4.056060e+02 8.540067e+02
      vertex   6.420000e+02 -2.918172e+02 2.467409e+02
    endloop
  endfacet
  facet normal -1.000000e+00 0.000000e+00 0.000000e+00
    outer loop
      vertex   6.420000e+02 -2.918172e+02 2.467409e+02
      vertex   6.420000e+02 -4.056060e+02 8.540067e+02
      vertex   6.420000e+02 -4.032500e+02 8.523570e+02
    endloop
  endfacet
  facet normal -1.000000e+00 0.000000e+00 0.000000e+00
    outer loop
      vertex   6.420000e+02 -2.918172e+02 2.467409e+02
      vertex   6.420000e+02 -4.032500e+02 8.523570e+02
      vertex   6.420000e+02 -2.918172e+02 7.532591e+02
    endloop
  endfacet
  facet normal -1.000000e+00 0.000000e+00 0.000000e+00
    outer loop
      vertex   6.420000e+02 -2.918172e+02 7.532591e+02
      vertex   6.420000e+02 -4.032500e+02 8.523570e+02
      vertex   6.420000e+02 -2.938157e+02 7.562500e+02
    endloop
  endfacet
  facet normal -1.000000e+00 0.000000e+00 0.000000e+00
    outer loop
      vertex   6.420000e+02 -2.938157e+02 7.562500e+02
      vertex   6.420000e+02 -4.032500e+02 8.523570e+02
      vertex   6.420000e+02 -4.006433e+02 8.511415e+02
    endloop
  endfacet
  facet normal -1.000000e+00 0.000000e+00 0.000000e+00
    outer loop
      vertex   6.420000e+02 -2.938157e+02 7.562500e+02
      vertex   6.420000e+02 -4.006433e+02 8.511415e+02
      vertex   6.420000e+02 -2.954067e+02 7.594762e+02
    endloop
  endfacet
  facet normal -1.000000e+00 0.000000e+00 0.000000e+00
    outer loop
      vertex   6.420000e+02 -2.954067e+02 7.594762e+02
      vertex   6.420000e+02 -4.006433e+02 8.511415e+02
      vertex   6.420000e+02 -3.978652e+02 8.503971e+02
    endloop
  endfacet
  facet normal -1.000000e+00 0.000000e+00 0.000000e+00
    outer loop
      vertex   6.420000e+02 -2.954067e+02 7.594762e+02
      vertex   6.420000e+02 -3.978652e+02 8.503971e+02
      vertex   6.420000e+02 -2.965630e+02 7.628825e+02
    endloop
  endfacet
  facet normal -1.000000e+00 0.000000e+00 0.000000e+00
    outer loop
      vertex   6.420000e+02 -2.965630e+02 7.628825e+02
      vertex   6.420000e+02 -3.978652e+02 8.503971e+02
      vertex   6.420000e+02 -3.950000e+02 8.501464e+02
    endloop
  endfacet
  facet normal -1.000000e+00 0.000000e+00 0.000000e+00
    outer loop
      vertex   6.420000e+02 -2.965630e+02 7.628825e+02
      vertex   6.420000e+02 -3.950000e+02 8.501464e+02
      vertex   6.420000e+02 -2.972647e+02 7.664105e+02
    endloop
  endfacet
  facet normal -1.000000e+00 0.000000e+00 0.000000e+00
    outer loop
      vertex   6.420000e+02 -2.972647e+02 7.664105e+02
      vertex   6.420000e+02 -3.950000e+02 8.501464e+02
      vertex   6.420000e+02 -2.975000e+02 7.700000e+02
    endloop
  endfacet
  facet normal -1.000000e+00 0.000000e+00 0.000000e+00
    outer loop
      vertex   6.420000e+02 -2.975000e+02 7.700000e+02
      vertex   6.420000e+02 -3.950000e+02 8.501464e+02
      vertex   6.420000e+02 -3.921348e+02 8.503971e+02
    endloop
  endfacet
  facet normal -1.000000e+00 0.000000e+00 0.000000e+00
    outer loop
      vertex   6.420000e+02 -2.975000e+02 7.700000e+02
      vertex   6.420000e+02 -3.921348e+02 8.503971e+02
      vertex   6.420000e+02 -2.972647e+02 7.735895e+02
    endloop
  endfacet
  facet normal -1.000000e+00 0.000000e+00 0.000000e+00
    outer loop
      vertex   6.420000e+02 -2.972647e+02 7.735895e+02
      vertex   6.420000e+02 -3.921348e+02 8.503971e+02
      vertex   6.420000e+02 -3.893567e+02 8.511415e+02
    endloop
  endfacet
  facet normal -1.000000e+00 0.000000e+00 0.000000e+00
    outer loop
      vertex   6.420000e+02 -2.972647e+02 7.735895e+02
      vertex   6.420000e+02 -3.893567e+02 8.511415e+02
      vertex   6.420000e+02 -2.965630e+02 7.771175e+02
    endloop
  endfacet
  facet normal -1.000000e+00 0.000000e+00 0.000000e+00
    outer loop
      vertex   6.420000e+02 -2.965630e+02 7.771175e+02
      vertex   6.420000e+02 -3.893567e+02 8.511415e+02
      vertex   6.420000e+02 -3.867500e+02 8.523570e+02
    endloop
  endfacet
  facet normal -1.000000e+00 0.000000e+00 0.000000e+00
    outer loop
      vertex   6.420000e+02 -2.965630e+02 7.771175e+02
      vertex   6.420000e+02 -3.867500e+02 8.523570e+02
      vertex   6.420000e+02 -2.954067e+02 7.805238e+02
    endloop
  endfacet
  facet normal -1.000000e+00 0.000000e+00 0.000000e+00
    outer loop
      vertex   6.420000e+02 -2.954067e+02 7.805238e+02
      vertex   6.420000e+02 -3.867500e+02 8.523570e+02
      vertex   6.420000e+02 -3.843940e+02 8.540067e+02
    endloop
  endfacet
  facet normal -1.000000e+00 0.000000e+00 0.000000e+00
    outer loop
      vertex   6.420000e+02 -2.954067e+02 7.805238e+02
      vertex   6.420000e+02 -3.843940e+02 8.540067e+02
      vertex   6.420000e+02 -2.938157e+02 7.837500e+02
    endloop
  endfacet
  facet normal -1.000000e+00 0.000000e+00 0.000000e+00
    outer loop
      vertex   6.420000e+02 -2.938157e+02 7.837500e+02
      vertex   6.420000e+02 -3.843940e+02 8.540067e+02
      vertex   6.420000e+02 -3.823603e+02 8.560404e+02
    endloop
  endfacet
  facet normal -1.000000e+00 0.000000e+00 0.000000e+00
    outer loop
      vertex   6.420000e+02 -2.938157e+02 7.837500e+02
      vertex   6.420000e+02 -3.823603e+02 8.560404e+02
      vertex   6.420000e+02 -2.918172e+02 7.867409e+02
    endloop
  endfacet
  facet normal -1.000000e+00 0.000000e+00 0.000000e+00
    outer loop
      vertex   6.420000e+02 -2.918172e+02 7.867409e+02
      vertex   6.420000e+02 -3.823603e+02 8.560404e+02
      vertex   6.420000e+02 -3.807106e+02 8.583964e+02
    endloop
  endfacet
  facet normal -1.000000e+00 0.000000e+00 0.000000e+00
    outer loop
      vertex   6.420000e+02 -2.918172e+02 7.867409e+02
      vertex   6.420000e+02 -3.807106e+02 8.583964e+02
      vertex   6.420000e+02 -2.894454e+02 7.894454e+02
    endloop
  endfacet
  facet normal -1.000000e+00 0.000000e+00 0.000000e+00
    outer loop
      vertex   6.420000e+02 -2.894454e+02 7.894454e+02
      vertex   6.420000e+02 -3.807106e+02 8.583964e+02
      vertex   6.420000e+02 -2.867409e+02 7.918172e+02
    endloop
  endfacet
  facet normal -1.000000e+00 0.000000e+00 0.000000e+00
    outer loop
      vertex   6.420000e+02 -2.867409e+02 7.918172e+02
      vertex   6.420000e+02 -3.807106e+02 8.583964e+02
      vertex   6.420000e+02 -3.794951e+02 8.610031e+02
    endloop
  endfacet
  facet normal -1.000000e+00 0.000000e+00 0.000000e+00
    outer loop
      vertex   6.420000e+02 -2.867409e+02 7.918172e+02
      vertex   6.420000e+02 -3.794951e+02 8.610031e+02
      vertex   6.420000e+02 -2.837500e+02 7.938157e+02
    endloop
  endfacet
  facet normal -1.000000e+00 0.000000e+00 0.000000e+00
    outer loop
      vertex   6.420000e+02 -2.837500e+02 7.938157e+02
      vertex   6.420000e+02 -3.794951e+02 8.610031e+02
      vertex   6.420000e+02 -3.787507e+02 8.637812e+02
    endloop
  endfacet
  facet normal -1.000000e+00 0.000000e+00 0.000000e+00
    outer loop
      vertex   6.420000e+02 -2.837500e+02 7.938157e+02
      vertex   6.420000e+02 -3.787507e+02 8.637812e+02
      vertex   6.420000e+02 -2.805238e+02 7.954067e+02
    endloop
  endfacet
  facet normal -1.000000e+00 0.000000e+00 0.000000e+00
    outer loop
      vertex   6.420000e+02 -2.805238e+02 7.954067e+02
      vertex   6.420000e+02 -3.787507e+02 8.637812e+02
      vertex   6.420000e+02 -3.785000e+02 8.666464e+02
    endloop
  endfacet
  facet normal -1.000000e+00 0.000000e+00 0.000000e+00
    outer loop
      vertex   6.420000e+02 -2.805238e+02 7.954067e+02
      vertex   6.420000e+02 -3.785000e+02 8.666464e+02
      vertex   6.420000e+02 -2.771175e+02 7.965630e+02
    endloop
  endfacet
  facet normal -1.000000e+00 0.000000e+00 0.000000e+00
    outer loop
      vertex   6.420000e+02 -2.771175e+02 7.965630e+02
      vertex   6.420000e+02 -3.785000e+02 8.666464e+02
      vertex   6.420000e+02 -3.787507e+02 8.695116e+02
    endloop
  endfacet
  facet normal -1.000000e+00 0.000000e+00 0.000000e+00
    outer loop
      vertex   6.420000e+02 -2.771175e+02 7.965630e+02
      vertex   6.420000e+02 -3.787507e+02 8.695116e+02
      vertex   6.420000e+02 -2.735895e+02 7.972647e+02
    endloop
  endfacet
  facet normal -1.000000e+00 0.000000e+00 0.000000e+00
    outer loop
      vertex   6.420000e+02 -2.735895e+02 7.972647e+02
      vertex   6.420000e+02 -3.787507e+02 8.695116e+02
      vertex   6.420000e+02 -3.794951e+02 8.722898e+02
    endloop
  endfacet
  facet normal -1.000000e+00 0.000000e+00 0.000000e+00
    outer loop
      vertex   6.420000e+02 -2.735895e+02 7.972647e+02
      vertex   6.420000e+02 -3.794951e+02 8.722898e+02
      vertex   6.420000e+02 -2.700000e+02 7.975000e+02
    endloop
  endfacet
  facet normal -1.000000e+00 0.000000e+00 0.000000e+00
    outer loop
      vertex   6.420000e+02 -2.700000e+02 7.975000e+02
      vertex   6.420000e+02 -3.794951e+02 8.722898e+02
      vertex   6.420000e+02 -2.664105e+02 7.972647e+02
    endloop
  endfacet
  facet normal -1.000000e+00 0.000000e+00 0.000000e+00
    outer loop
      vertex   6.420000e+02 -2.664105e+02 7.972647e+02
      vertex   6.420000e+02 -3.794951e+02 8.722898e+02
      vertex   6.420000e+02 -3.807106e+02 8.748964e+02
    endloop
  endfacet
  facet normal -1.000000e+00 0.000000e+00 0.000000e+00
    outer loop
      vertex   6.420000e+02 -2.664105e+02 7.972647e+02
      vertex   6.420000e+02 -3.807106e+02 8.748964e+02
      vertex   6.420000e+02 -2.628825e+02 7.965630e+02
    endloop
  endfacet
  facet normal -1.000000e+00 0.000000e+00 0.000000e+00
    outer loop
      vertex   6.420000e+02 -2.628825e+02 7.965630e+02
      vertex   6.420000e+02 -3.807106e+02 8.748964e+02
      vertex   6.420000e+02 -3.823603e+02 8.772524e+02
    endloop
  endfacet
  facet normal -1.000000e+00 0.000000e+00 0.000000e+00
    outer loop
      vertex   6.420000e+02 -2.628825e+02 7.965630e+02
      vertex   6.420000e+02 -3.823603e+02 8.772524e+02
      vertex   6.420000e+02 -2.594762e+02 7.954067e+02
    endloop
  endfacet
  facet normal -1.000000e+00 0.000000e+00 0.000000e+00
    outer loop
      vertex   6.420000e+02 -2.594762e+02 7.954067e+02
      vertex   6.420000e+02 -3.823603e+02 8.772524e+02
      vertex   6.420000e+02 -3.843940e+02 8.792862e+02
    endloop
  endfacet
  facet normal -1.000000e+00 -1.206720e-16 -1.797112e-16
    outer loop
      vertex   6.420000e+02 -2.594762e+02 7.954067e+02
      vertex   6.420000e+02 -3.843940e+02 8.792862e+02
      vertex   6.420000e+02 4.500000e+02 9.516181e+02
    endloop
  endfacet
  facet normal -1.000000e+00 -1.263187e-16 -1.145728e-16
    outer loop
      vertex   6.420000e+02 4.500000e+02 9.516181e+02
      vertex   6.420000e+02 -3.843940e+02 8.792862e+02
      vertex   6.420000e+02 -4.500000e+02 9.516181e+02
    endloop
  endfacet
  facet normal -1.000000e+00 0.000000e+00 0.000000e+00
    outer loop
      vertex   6.420000e+02 -4.500000e+02 9.516181e+02
      vertex   6.420000e+02 -3.843940e+02 8.792862e+02
      vertex   6.420000e+02 -3.867500e+02 8.809359e+02
    endloop
  endfacet
  facet normal -1.000000e+00 0.000000e+00 0.000000e+00
    outer loop
      vertex   6.420000e+02 -4.500000e+02 9.516181e+02
      vertex   6.420000e+02 -3.867500e+02 8.809359e+02
      vertex   6.420000e+02 -3.893567e+02 8.821514e+02
    endloop
  endfacet
  facet normal -1.000000e+00 0.000000e+00 0.000000e+00
    outer loop
      vertex   6.420000e+02 -4.500000e+02 5.895216e+01
      vertex   6.420000e+02 2.700000e+02 2.025000e+02
      vertex   6.420000e+02 4.500000e+02 5.895216e+01
    endloop
  endfacet
  facet normal -1.000000e+00 0.000000e+00 0.000000e+00
    outer loop
      vertex   6.420000e+02 4.500000e+02 5.895216e+01
      vertex   6.420000e+02 2.700000e+02 2.025000e+02
      vertex   6.420000e+02 2.735895e+02 2.027353e+02
    endloop
  endfacet
  facet normal -1.000000e+00 0.000000e+00 0.000000e+00
    outer loop
      vertex   6.420000e+02 4.500000e+02 5.895216e+01
      vertex   6.420000e+02 2.735895e+02 2.027353e+02
      vertex   6.420000e+02 2.771175e+02 2.034370e+02
    endloop
  endfacet
  facet normal -1.000000e+00 0.000000e+00 0.000000e+00
    outer loop
      vertex   6.420000e+02 2.771175e+02 2.034370e+02
      vertex   6.420000e+02 2.805238e+02 2.045933e+02
      vertex   6.420000e+02 4.500000e+02 5.895216e+01
    endloop
  endfacet
  facet normal -1.000000e+00 0.000000e+00 0.000000e+00
    outer loop
      vertex   6.420000e+02 4.500000e+02 5.895216e+01
      vertex   6.420000e+02 2.805238e+02 2.045933e+02
      vertex   6.420000e+02 2.837500e+02 2.061843e+02
    endloop
  endfacet
  facet normal -1.000000e+00 0.000000e+00 0.000000e+00
    outer loop
      vertex   6.420000e+02 4.500000e+02 5.895216e+01
      vertex   6.420000e+02 2.837500e+02 2.061843e+02
      vertex   6.420000e+02 2.867409e+02 2.081828e+02
    endloop
  endfacet
  facet normal -1.000000e+00 0.000000e+00 0.000000e+00
    outer loop
      vertex   6.420000e+02 2.867409e+02 2.081828e+02
      vertex   6.420000e+02 2.894454e+02 2.105546e+02
      vertex   6.420000e+02 4.500000e+02 5.895216e+01
    endloop
  endfacet
  facet normal -1.000000e+00 0.000000e+00 0.000000e+00
    outer loop
      vertex   6.420000e+02 4.500000e+02 5.895216e+01
      vertex   6.420000e+02 2.894454e+02 2.105546e+02
      vertex   6.420000e+02 2.918172e+02 2.132591e+02
    endloop
  endfacet
  facet normal -1.000000e+00 0.000000e+00 0.000000e+00
    outer loop
      vertex   6.420000e+02 4.500000e+02 5.895216e+01
      vertex   6.420000e+02 2.918172e+02 2.132591e+02
      vertex   6.420000e+02 2.938157e+02 2.162500e+02
    endloop
  endfacet
  facet normal -1.000000e+00 0.000000e+00 0.000000e+00
    outer loop
      vertex   6.420000e+02 2.938157e+02 2.162500e+02
      vertex   6.420000e+02 2.954067e+02 2.194762e+02
      vertex   6.420000e+02 4.500000e+02 5.895216e+01
    endloop
  endfacet
  facet normal -1.000000e+00 0.000000e+00 0.000000e+00
    outer loop
      vertex   6.420000e+02 4.500000e+02 5.895216e+01
      vertex   6.420000e+02 2.954067e+02 2.194762e+02
      vertex   6.420000e+02 2.965630e+02 2.228825e+02
    endloop
  endfacet
  facet normal -1.000000e+00 0.000000e+00 0.000000e+00
    outer loop
      vertex   6.420000e+02 4.500000e+02 5.895216e+01
      vertex   6.420000e+02 2.965630e+02 2.228825e+02
      vertex   6.420000e+02 2.972647e+02 2.264105e+02
    endloop
  endfacet
  facet normal -1.000000e+00 0.000000e+00 0.000000e+00
    outer loop
      vertex   6.420000e+02 2.972647e+02 2.264105e+02
      vertex   6.420000e+02 2.975000e+02 2.300000e+02
      vertex   6.420000e+02 4.500000e+02 5.895216e+01
    endloop
  endfacet
  facet normal -1.000000e+00 0.000000e+00 0.000000e+00
    outer loop
      vertex   6.420000e+02 4.500000e+02 5.895216e+01
      vertex   6.420000e+02 2.975000e+02 2.300000e+02
      vertex   6.420000e+02 2.972647e+02 2.335895e+02
    endloop
  endfacet
  facet normal -1.000000e+00 0.000000e+00 0.000000e+00
    outer loop
      vertex   6.420000e+02 4.500000e+02 5.895216e+01
      vertex   6.420000e+02 2.972647e+02 2.335895e+02
      vertex   6.420000e+02 2.965630e+02 2.371175e+02
    endloop
  endfacet
  facet normal -1.000000e+00 0.000000e+00 0.000000e+00
    outer loop
      vertex   6.420000e+02 2.965630e+02 2.371175e+02
      vertex   6.420000e+02 2.954067e+02 2.405238e+02
      vertex   6.420000e+02 4.500000e+02 5.895216e+01
    endloop
  endfacet
  facet normal -1.000000e+00 0.000000e+00 0.000000e+00
    outer loop
      vertex   6.420000e+02 4.500000e+02 5.895216e+01
      vertex   6.420000e+02 2.954067e+02 2.405238e+02
      vertex   6.420000e+02 2.938157e+02 2.437500e+02
    endloop
  endfacet
  facet normal -1.000000e+00 0.000000e+00 0.000000e+00
    outer loop
      vertex   6.420000e+02 4.500000e+02 5.895216e+01
      vertex   6.420000e+02 2.938157e+02 2.437500e+02
      vertex   6.420000e+02 4.056060e+02 8.540067e+02
    endloop
  endfacet
  facet normal -1.000000e+00 0.000000e+00 0.000000e+00
    outer loop
      vertex   6.420000e+02 4.056060e+02 8.540067e+02
      vertex   6.420000e+02 2.938157e+02 2.437500e+02
      vertex   6.420000e+02 2.918172e+02 2.467409e+02
    endloop
  endfacet
  facet normal -1.000000e+00 0.000000e+00 0.000000e+00
    outer loop
      vertex   6.420000e+02 4.056060e+02 8.540067e+02
      vertex   6.420000e+02 2.918172e+02 2.467409e+02
      vertex   6.420000e+02 4.032500e+02 8.523570e+02
    endloop
  endfacet
  facet normal -1.000000e+00 0.000000e+00 0.000000e+00
    outer loop
      vertex   6.420000e+02 4.032500e+02 8.523570e+02
      vertex   6.420000e+02 2.918172e+02 2.467409e+02
      vertex   6.420000e+02 2.918172e+02 7.532591e+02
    endloop
  endfacet
  facet normal -1.000000e+00 0.000000e+00 0.000000e+00
    outer loop
      vertex   6.420000e+02 4.032500e+02 8.523570e+02
      vertex   6.420000e+02 2.918172e+02 7.532591e+02
      vertex   6.420000e+02 2.938157e+02 7.562500e+02
    endloop
  endfacet
  facet normal -1.000000e+00 0.000000e+00 0.000000e+00
    outer loop
      vertex   6.420000e+02 2.918172e+02 2.467409e+02
      vertex   6.420000e+02 2.894454e+02 2.494454e+02
      vertex   6.420000e+02 2.918172e+02 7.532591e+02
    endloop
  endfacet
  facet normal -1.000000e+00 0.000000e+00 0.000000e+00
    outer loop
      vertex   6.420000e+02 2.918172e+02 7.532591e+02
      vertex   6.420000e+02 2.894454e+02 2.494454e+02
      vertex   6.420000e+02 2.894454e+02 7.505546e+02
    endloop
  endfacet
  facet normal -1.000000e+00 0.000000e+00 -0.000000e+00
    outer loop
      vertex   6.420000e+02 2.894454e+02 7.505546e+02
      vertex   6.420000e+02 2.894454e+02 2.494454e+02
      vertex   6.420000e+02 1.924372e+02 4.950838e+02
    endloop
  endfacet
  facet normal -1.000000e+00 0.000000e+00 0.000000e+00
    outer loop
      vertex   6.420000e+02 2.894454e+02 7.505546e+02
      vertex   6.420000e+02 1.924372e+02 4.950838e+02
      vertex   6.420000e+02 1.924372e+02 5.049162e+02
    endloop
  endfacet
  facet normal -1.000000e+00 0.000000e+00 0.000000e+00
    outer loop
      vertex   6.420000e+02 2.294454e+02 3.094454e+02
      vertex   6.420000e+02 1.909324e+02 4.754832e+02
      vertex   6.420000e+02 2.894454e+02 2.494454e+02
    endloop
  endfacet
  facet normal -1.000000e+00 0.000000e+00 0.000000e+00
    outer loop
      vertex   6.420000e+02 2.894454e+02 2.494454e+02
      vertex   6.420000e+02 1.909324e+02 4.754832e+02
      vertex   6.420000e+02 1.919352e+02 4.852643e+02
    endloop
  endfacet
  facet normal -1.000000e+00 0.000000e+00 0.000000e+00
    outer loop
      vertex   6.420000e+02 2.894454e+02 2.494454e+02
      vertex   6.420000e+02 1.919352e+02 4.852643e+02
      vertex   6.420000e+02 1.924372e+02 4.950838e+02
    endloop
  endfacet
  facet normal -1.000000e+00 0.000000e+00 0.000000e+00
    outer loop
      vertex   6.420000e+02 2.267409e+02 3.118172e+02
      vertex   6.420000e+02 1.849523e+02 4.466248e+02
      vertex   6.420000e+02 2.294454e+02 3.094454e+02
    endloop
  endfacet
  facet normal -1.000000e+00 0.000000e+00 0.000000e+00
    outer loop
      vertex   6.420000e+02 2.294454e+02 3.094454e+02
      vertex   6.420000e+02 1.849523e+02 4.466248e+02
      vertex   6.420000e+02 1.874364e+02 4.561382e+02
    endloop
  endfacet
  facet normal -1.000000e+00 0.000000e+00 0.000000e+00
    outer loop
      vertex   6.420000e+02 2.294454e+02 3.094454e+02
      vertex   6.420000e+02 1.874364e+02 4.561382e+02
      vertex   6.420000e+02 1.894315e+02 4.657660e+02
    endloop
  endfacet
  facet normal -1.000000e+00 0.000000e+00 -0.000000e+00
    outer loop
      vertex   6.420000e+02 1.849523e+02 4.466248e+02
      vertex   6.420000e+02 2.267409e+02 3.118172e+02
      vertex   6.420000e+02 1.819856e+02 4.372507e+02
    endloop
  endfacet
  facet normal -1.000000e+00 0.000000e+00 0.000000e+00
    outer loop
      vertex   6.420000e+02 1.819856e+02 4.372507e+02
      vertex   6.420000e+02 2.267409e+02 3.118172e+02
      vertex   6.420000e+02 2.237500e+02 3.138157e+02
    endloop
  endfacet
  facet normal -1.000000e+00 0.000000e+00 -0.000000e+00
    outer loop
      vertex   6.420000e+02 1.819856e+02 4.372507e+02
      vertex   6.420000e+02 2.237500e+02 3.138157e+02
      vertex   6.420000e+02 1.785442e+02 4.280402e+02
    endloop
  endfacet
  facet normal -1.000000e+00 0.000000e+00 0.000000e+00
    outer loop
      vertex   6.420000e+02 1.785442e+02 4.280402e+02
      vertex   6.420000e+02 2.237500e+02 3.138157e+02
      vertex   6.420000e+02 2.205238e+02 3.154067e+02
    endloop
  endfacet
  facet normal -1.000000e+00 0.000000e+00 -0.000000e+00
    outer loop
      vertex   6.420000e+02 1.785442e+02 4.280402e+02
      vertex   6.420000e+02 2.205238e+02 3.154067e+02
      vertex   6.420000e+02 1.746370e+02 4.190175e+02
    endloop
  endfacet
  facet normal -1.000000e+00 0.000000e+00 0.000000e+00
    outer loop
      vertex   6.420000e+02 1.746370e+02 4.190175e+02
      vertex   6.420000e+02 2.205238e+02 3.154067e+02
      vertex   6.420000e+02 2.171175e+02 3.165630e+02
    endloop
  endfacet
  facet normal -1.000000e+00 0.000000e+00 -0.000000e+00
    outer loop
      vertex   6.420000e+02 1.746370e+02 4.190175e+02
      vertex   6.420000e+02 2.171175e+02 3.165630e+02
      vertex   6.420000e+02 1.702742e+02 4.102061e+02
    endloop
  endfacet
  facet normal -1.000000e+00 0.000000e+00 0.000000e+00
    outer loop
      vertex   6.420000e+02 1.702742e+02 4.102061e+02
      vertex   6.420000e+02 2.171175e+02 3.165630e+02
      vertex   6.420000e+02 2.135895e+02 3.172647e+02
    endloop
  endfacet
  facet normal -1.000000e+00 0.000000e+00 -0.000000e+00
    outer loop
      vertex   6.420000e+02 1.702742e+02 4.102061e+02
      vertex   6.420000e+02 2.135895e+02 3.172647e+02
      vertex   6.420000e+02 1.654671e+02 4.016289e+02
    endloop
  endfacet
  facet normal -1.000000e+00 0.000000e+00 0.000000e+00
    outer loop
      vertex   6.420000e+02 1.654671e+02 4.016289e+02
      vertex   6.420000e+02 2.135895e+02 3.172647e+02
      vertex   6.420000e+02 2.100000e+02 3.175000e+02
    endloop
  endfacet
  facet normal -1.000000e+00 0.000000e+00 -0.000000e+00
    outer loop
      vertex   6.420000e+02 1.654671e+02 4.016289e+02
      vertex   6.420000e+02 2.100000e+02 3.175000e+02
      vertex   6.420000e+02 1.602284e+02 3.933084e+02
    endloop
  endfacet
  facet normal -1.000000e+00 0.000000e+00 0.000000e+00
    outer loop
      vertex   6.420000e+02 1.602284e+02 3.933084e+02
      vertex   6.420000e+02 2.100000e+02 3.175000e+02
      vertex   6.420000e+02 2.064105e+02 3.172647e+02
    endloop
  endfacet
  facet normal -1.000000e+00 0.000000e+00 -0.000000e+00
    outer loop
      vertex   6.420000e+02 1.602284e+02 3.933084e+02
      vertex   6.420000e+02 2.064105e+02 3.172647e+02
      vertex   6.420000e+02 1.545717e+02 3.852662e+02
    endloop
  endfacet
  facet normal -1.000000e+00 0.000000e+00 0.000000e+00
    outer loop
      vertex   6.420000e+02 1.545717e+02 3.852662e+02
      vertex   6.420000e+02 2.064105e+02 3.172647e+02
      vertex   6.420000e+02 2.028825e+02 3.165630e+02
    endloop
  endfacet
  facet normal -1.000000e+00 0.000000e+00 0.000000e+00
    outer loop
      vertex   6.420000e+02 1.545717e+02 3.852662e+02
      vertex   6.420000e+02 2.028825e+02 3.165630e+02
      vertex   6.420000e+02 1.994762e+02 3.154067e+02
    endloop
  endfacet
  facet normal -1.000000e+00 0.000000e+00 -0.000000e+00
    outer loop
      vertex   6.420000e+02 1.545717e+02 3.852662e+02
      vertex   6.420000e+02 1.994762e+02 3.154067e+02
      vertex   6.420000e+02 1.485117e+02 3.775233e+02
    endloop
  endfacet
  facet normal -1.000000e+00 0.000000e+00 0.000000e+00
    outer loop
      vertex   6.420000e+02 1.485117e+02 3.775233e+02
      vertex   6.420000e+02 1.994762e+02 3.154067e+02
      vertex   6.420000e+02 1.962500e+02 3.138157e+02
    endloop
  endfacet
  facet normal -1.000000e+00 0.000000e+00 -0.000000e+00
    outer loop
      vertex   6.420000e+02 1.485117e+02 3.775233e+02
      vertex   6.420000e+02 1.962500e+02 3.138157e+02
      vertex   6.420000e+02 1.420642e+02 3.701000e+02
    endloop
  endfacet
  facet normal -1.000000e+00 0.000000e+00 0.000000e+00
    outer loop
      vertex   6.420000e+02 1.420642e+02 3.701000e+02
      vertex   6.420000e+02 1.962500e+02 3.138157e+02
      vertex   6.420000e+02 1.932591e+02 3.118172e+02
    endloop
  endfacet
  facet normal -1.000000e+00 0.000000e+00 -0.000000e+00
    outer loop
      vertex   6.420000e+02 1.420642e+02 3.701000e+02
      vertex   6.420000e+02 1.932591e+02 3.118172e+02
      vertex   6.420000e+02 1.352461e+02 3.630156e+02
    endloop
  endfacet
  facet normal -1.000000e+00 0.000000e+00 0.000000e+00
    outer loop
      vertex   6.420000e+02 1.352461e+02 3.630156e+02
      vertex   6.420000e+02 1.932591e+02 3.118172e+02
      vertex   6.420000e+02 1.905546e+02 3.094454e+02
    endloop
  endfacet
  facet normal -1.000000e+00 0.000000e+00 0.000000e+00
    outer loop
      vertex   6.420000e+02 1.352461e+02 3.630156e+02
      vertex   6.420000e+02 1.905546e+02 3.094454e+02
      vertex   6.420000e+02 1.881828e+02 3.067409e+02
    endloop
  endfacet
  facet normal -1.000000e+00 0.000000e+00 0.000000e+00
    outer loop
      vertex   6.420000e+02 4.032500e+02 8.523570e+02
      vertex   6.420000e+02 2.938157e+02 7.562500e+02
      vertex   6.420000e+02 4.006433e+02 8.511415e+02
    endloop
  endfacet
  facet normal -1.000000e+00 0.000000e+00 0.000000e+00
    outer loop
      vertex   6.420000e+02 4.006433e+02 8.511415e+02
      vertex   6.420000e+02 2.938157e+02 7.562500e+02
      vertex   6.420000e+02 2.954067e+02 7.594762e+02
    endloop
  endfacet
  facet normal -1.000000e+00 0.000000e+00 0.000000e+00
    outer loop
      vertex   6.420000e+02 4.006433e+02 8.511415e+02
      vertex   6.420000e+02 2.954067e+02 7.594762e+02
      vertex   6.420000e+02 3.978652e+02 8.503971e+02
    endloop
  endfacet
  facet normal -1.000000e+00 0.000000e+00 0.000000e+00
    outer loop
      vertex   6.420000e+02 3.978652e+02 8.503971e+02
      vertex   6.420000e+02 2.954067e+02 7.594762e+02
      vertex   6.420000e+02 2.965630e+02 7.628825e+02
    endloop
  endfacet
  facet normal -1.000000e+00 0.000000e+00 0.000000e+00
    outer loop
      vertex   6.420000e+02 3.978652e+02 8.503971e+02
      vertex   6.420000e+02 2.965630e+02 7.628825e+02
      vertex   6.420000e+02 3.950000e+02 8.501464e+02
    endloop
  endfacet
  facet normal -1.000000e+00 0.000000e+00 0.000000e+00
    outer loop
      vertex   6.420000e+02 3.950000e+02 8.501464e+02
      vertex   6.420000e+02 2.965630e+02 7.628825e+02
      vertex   6.420000e+02 2.972647e+02 7.664105e+02
    endloop
  endfacet
  facet normal -1.000000e+00 0.000000e+00 0.000000e+00
    outer loop
      vertex   6.420000e+02 3.950000e+02 8.501464e+02
      vertex   6.420000e+02 2.972647e+02 7.664105e+02
      vertex   6.420000e+02 2.975000e+02 7.700000e+02
    endloop
  endfacet
  facet normal -1.000000e+00 -0.000000e+00 0.000000e+00
    outer loop
      vertex   6.420000e+02 3.950000e+02 8.501464e+02
      vertex   6.420000e+02 2.975000e+02 7.700000e+02
      vertex   6.420000e+02 3.921348e+02 8.503971e+02
    endloop
  endfacet
  facet normal -1.000000e+00 0.000000e+00 0.000000e+00
    outer loop
      vertex   6.420000e+02 3.921348e+02 8.503971e+02
      vertex   6.420000e+02 2.975000e+02 7.700000e+02
      vertex   6.420000e+02 2.972647e+02 7.735895e+02
    endloop
  endfacet
  facet normal -1.000000e+00 -0.000000e+00 0.000000e+00
    outer loop
      vertex   6.420000e+02 3.921348e+02 8.503971e+02
      vertex   6.420000e+02 2.972647e+02 7.735895e+02
      vertex   6.420000e+02 3.893567e+02 8.511415e+02
    endloop
  endfacet
  facet normal -1.000000e+00 0.000000e+00 0.000000e+00
    outer loop
      vertex   6.420000e+02 3.893567e+02 8.511415e+02
      vertex   6.420000e+02 2.972647e+02 7.735895e+02
      vertex   6.420000e+02 2.965630e+02 7.771175e+02
    endloop
  endfacet
  facet normal -1.000000e+00 -0.000000e+00 0.000000e+00
    outer loop
      vertex   6.420000e+02 3.893567e+02 8.511415e+02
      vertex   6.420000e+02 2.965630e+02 7.771175e+02
      vertex   6.420000e+02 3.867500e+02 8.523570e+02
    endloop
  endfacet
  facet normal -1.000000e+00 0.000000e+00 0.000000e+00
    outer loop
      vertex   6.420000e+02 3.867500e+02 8.523570e+02
      vertex   6.420000e+02 2.965630e+02 7.771175e+02
      vertex   6.420000e+02 2.954067e+02 7.805238e+02
    endloop
  endfacet
  facet normal -1.000000e+00 -0.000000e+00 0.000000e+00
    outer loop
      vertex   6.420000e+02 3.867500e+02 8.523570e+02
      vertex   6.420000e+02 2.954067e+02 7.805238e+02
      vertex   6.420000e+02 3.843940e+02 8.540067e+02
    endloop
  endfacet
  facet normal -1.000000e+00 0.000000e+00 0.000000e+00
    outer loop
      vertex   6.420000e+02 3.843940e+02 8.540067e+02
      vertex   6.420000e+02 2.954067e+02 7.805238e+02
      vertex   6.420000e+02 2.938157e+02 7.837500e+02
    endloop
  endfacet
  facet normal -1.000000e+00 -0.000000e+00 0.000000e+00
    outer loop
      vertex   6.420000e+02 3.843940e+02 8.540067e+02
      vertex   6.420000e+02 2.938157e+02 7.837500e+02
      vertex   6.420000e+02 3.823603e+02 8.560404e+02
    endloop
  endfacet
  facet normal -1.000000e+00 0.000000e+00 0.000000e+00
    outer loop
      vertex   6.420000e+02 3.823603e+02 8.560404e+02
      vertex   6.420000e+02 2.938157e+02 7.837500e+02
      vertex   6.420000e+02 2.918172e+02 7.867409e+02
    endloop
  endfacet
  facet normal -1.000000e+00 -0.000000e+00 0.000000e+00
    outer loop
      vertex   6.420000e+02 3.823603e+02 8.560404e+02
      vertex   6.420000e+02 2.918172e+02 7.867409e+02
      vertex   6.420000e+02 3.807106e+02 8.583964e+02
    endloop
  endfacet
  facet normal -1.000000e+00 0.000000e+00 0.000000e+00
    outer loop
      vertex   6.420000e+02 3.807106e+02 8.583964e+02
      vertex   6.420000e+02 2.918172e+02 7.867409e+02
      vertex   6.420000e+02 2.894454e+02 7.894454e+02
    endloop
  endfacet
  facet normal -1.000000e+00 0.000000e+00 0.000000e+00
    outer loop
      vertex   6.420000e+02 3.807106e+02 8.583964e+02
      vertex   6.420000e+02 2.894454e+02 7.894454e+02
      vertex   6.420000e+02 2.867409e+02 7.918172e+02
    endloop
  endfacet
  facet normal -1.000000e+00 -0.000000e+00 0.000000e+00
    outer loop
      vertex   6.420000e+02 3.807106e+02 8.583964e+02
      vertex   6.420000e+02 2.867409e+02 7.918172e+02
      vertex   6.420000e+02 3.794951e+02 8.610031e+02
    endloop
  endfacet
  facet normal -1.000000e+00 0.000000e+00 0.000000e+00
    outer loop
      vertex   6.420000e+02 3.794951e+02 8.610031e+02
      vertex   6.420000e+02 2.867409e+02 7.918172e+02
      vertex   6.420000e+02 2.837500e+02 7.938157e+02
    endloop
  endfacet
  facet normal -1.000000e+00 -0.000000e+00 0.000000e+00
    outer loop
      vertex   6.420000e+02 3.794951e+02 8.610031e+02
      vertex   6.420000e+02 2.837500e+02 7.938157e+02
      vertex   6.420000e+02 3.787507e+02 8.637812e+02
    endloop
  endfacet
  facet normal -1.000000e+00 0.000000e+00 0.000000e+00
    outer loop
      vertex   6.420000e+02 3.787507e+02 8.637812e+02
      vertex   6.420000e+02 2.837500e+02 7.938157e+02
      vertex   6.420000e+02 2.805238e+02 7.954067e+02
    endloop
  endfacet
  facet normal -1.000000e+00 -0.000000e+00 0.000000e+00
    outer loop
      vertex   6.420000e+02 3.787507e+02 8.637812e+02
      vertex   6.420000e+02 2.805238e+02 7.954067e+02
      vertex   6.420000e+02 3.785000e+02 8.666464e+02
    endloop
  endfacet
  facet normal -1.000000e+00 0.000000e+00 0.000000e+00
    outer loop
      vertex   6.420000e+02 3.785000e+02 8.666464e+02
      vertex   6.420000e+02 2.805238e+02 7.954067e+02
      vertex   6.420000e+02 2.771175e+02 7.965630e+02
    endloop
  endfacet
  facet normal -1.000000e+00 -0.000000e+00 0.000000e+00
    outer loop
      vertex   6.420000e+02 3.785000e+02 8.666464e+02
      vertex   6.420000e+02 2.771175e+02 7.965630e+02
      vertex   6.420000e+02 3.787507e+02 8.695116e+02
    endloop
  endfacet
  facet normal -1.000000e+00 0.000000e+00 0.000000e+00
    outer loop
      vertex   6.420000e+02 3.787507e+02 8.695116e+02
      vertex   6.420000e+02 2.771175e+02 7.965630e+02
      vertex   6.420000e+02 2.735895e+02 7.972647e+02
    endloop
  endfacet
  facet normal -1.000000e+00 -0.000000e+00 0.000000e+00
    outer loop
      vertex   6.420000e+02 3.787507e+02 8.695116e+02
      vertex   6.420000e+02 2.735895e+02 7.972647e+02
      vertex   6.420000e+02 3.794951e+02 8.722898e+02
    endloop
  endfacet
  facet normal -1.000000e+00 0.000000e+00 0.000000e+00
    outer loop
      vertex   6.420000e+02 3.794951e+02 8.722898e+02
      vertex   6.420000e+02 2.735895e+02 7.972647e+02
      vertex   6.420000e+02 2.700000e+02 7.975000e+02
    endloop
  endfacet
  facet normal -1.000000e+00 0.000000e+00 0.000000e+00
    outer loop
      vertex   6.420000e+02 3.794951e+02 8.722898e+02
      vertex   6.420000e+02 2.700000e+02 7.975000e+02
      vertex   6.420000e+02 2.664105e+02 7.972647e+02
    endloop
  endfacet
  facet normal -1.000000e+00 -0.000000e+00 0.000000e+00
    outer loop
      vertex   6.420000e+02 3.794951e+02 8.722898e+02
      vertex   6.420000e+02 2.664105e+02 7.972647e+02
      vertex   6.420000e+02 3.807106e+02 8.748964e+02
    endloop
  endfacet
  facet normal -1.000000e+00 0.000000e+00 0.000000e+00
    outer loop
      vertex   6.420000e+02 3.807106e+02 8.748964e+02
      vertex   6.420000e+02 2.664105e+02 7.972647e+02
      vertex   6.420000e+02 2.628825e+02 7.965630e+02
    endloop
  endfacet
  facet normal -1.000000e+00 -0.000000e+00 0.000000e+00
    outer loop
      vertex   6.420000e+02 3.807106e+02 8.748964e+02
      vertex   6.420000e+02 2.628825e+02 7.965630e+02
      vertex   6.420000e+02 3.823603e+02 8.772524e+02
    endloop
  endfacet
  facet normal -1.000000e+00 0.000000e+00 0.000000e+00
    outer loop
      vertex   6.420000e+02 3.823603e+02 8.772524e+02
      vertex   6.420000e+02 2.628825e+02 7.965630e+02
      vertex   6.420000e+02 2.594762e+02 7.954067e+02
    endloop
  endfacet
  facet normal -1.000000e+00 -0.000000e+00 0.000000e+00
    outer loop
      vertex   6.420000e+02 3.823603e+02 8.772524e+02
      vertex   6.420000e+02 2.594762e+02 7.954067e+02
      vertex   6.420000e+02 3.843940e+02 8.792862e+02
    endloop
  endfacet
  facet normal -1.000000e+00 0.000000e+00 0.000000e+00
    outer loop
      vertex   6.420000e+02 3.843940e+02 8.792862e+02
      vertex   6.420000e+02 2.594762e+02 7.954067e+02
      vertex   6.420000e+02 -2.594762e+02 7.954067e+02
    endloop
  endfacet
  facet normal -1.000000e+00 2.321925e-16 -1.782341e-15
    outer loop
      vertex   6.420000e+02 3.843940e+02 8.792862e+02
      vertex   6.420000e+02 -2.594762e+02 7.954067e+02
      vertex   6.420000e+02 4.500000e+02 9.516181e+02
    endloop
  endfacet
  facet normal -1.000000e+00 0.000000e+00 0.000000e+00
    outer loop
      vertex   6.420000e+02 2.594762e+02 7.954067e+02
      vertex   6.420000e+02 2.562500e+02 7.938157e+02
      vertex   6.420000e+02 -2.594762e+02 7.954067e+02
    endloop
  endfacet
  facet normal -1.000000e+00 0.000000e+00 0.000000e+00
    outer loop
      vertex   6.420000e+02 -2.594762e+02 7.954067e+02
      vertex   6.420000e+02 2.562500e+02 7.938157e+02
      vertex   6.420000e+02 -2.562500e+02 7.938157e+02
    endloop
  endfacet
  facet normal -1.000000e+00 0.000000e+00 0.000000e+00
    outer loop
      vertex   6.420000e+02 -2.562500e+02 7.938157e+02
      vertex   6.420000e+02 2.562500e+02 7.938157e+02
      vertex   6.420000e+02 2.532591e+02 7.918172e+02
    endloop
  endfacet
  facet normal -1.000000e+00 0.000000e+00 0.000000e+00
    outer loop
      vertex   6.420000e+02 -2.562500e+02 7.938157e+02
      vertex   6.420000e+02 2.532591e+02 7.918172e+02
      vertex   6.420000e+02 -2.532591e+02 7.918172e+02
    endloop
  endfacet
  facet normal -1.000000e+00 0.000000e+00 0.000000e+00
    outer loop
      vertex   6.420000e+02 -2.532591e+02 7.918172e+02
      vertex   6.420000e+02 2.532591e+02 7.918172e+02
      vertex   6.420000e+02 2.505546e+02 7.894454e+02
    endloop
  endfacet
  facet normal -1.000000e+00 0.000000e+00 0.000000e+00
    outer loop
      vertex   6.420000e+02 -2.532591e+02 7.918172e+02
      vertex   6.420000e+02 2.505546e+02 7.894454e+02
      vertex   6.420000e+02 -2.505546e+02 7.894454e+02
    endloop
  endfacet
  facet normal -1.000000e+00 0.000000e+00 0.000000e+00
    outer loop
      vertex   6.420000e+02 -2.505546e+02 7.894454e+02
      vertex   6.420000e+02 2.505546e+02 7.894454e+02
      vertex   6.420000e+02 2.458293e+00 6.924843e+02
    endloop
  endfacet
  facet normal -1.000000e+00 0.000000e+00 0.000000e+00
    outer loop
      vertex   6.420000e+02 -2.505546e+02 7.894454e+02
      vertex   6.420000e+02 2.458293e+00 6.924843e+02
      vertex   6.420000e+02 -7.373276e+00 6.923587e+02
    endloop
  endfacet
  facet normal -1.000000e+00 -0.000000e+00 0.000000e+00
    outer loop
      vertex   6.420000e+02 1.905546e+02 7.294454e+02
      vertex   6.420000e+02 2.207656e+01 6.912299e+02
      vertex   6.420000e+02 2.505546e+02 7.894454e+02
    endloop
  endfacet
  facet normal -1.000000e+00 0.000000e+00 0.000000e+00
    outer loop
      vertex   6.420000e+02 2.505546e+02 7.894454e+02
      vertex   6.420000e+02 2.207656e+01 6.912299e+02
      vertex   6.420000e+02 1.228345e+01 6.921077e+02
    endloop
  endfacet
  facet normal -1.000000e+00 0.000000e+00 0.000000e+00
    outer loop
      vertex   6.420000e+02 2.505546e+02 7.894454e+02
      vertex   6.420000e+02 1.228345e+01 6.921077e+02
      vertex   6.420000e+02 2.458293e+00 6.924843e+02
    endloop
  endfacet
  facet normal -1.000000e+00 -0.000000e+00 0.000000e+00
    outer loop
      vertex   6.420000e+02 1.881828e+02 7.267409e+02
      vertex   6.420000e+02 5.100894e+01 6.856188e+02
      vertex   6.420000e+02 1.905546e+02 7.294454e+02
    endloop
  endfacet
  facet normal -1.000000e+00 0.000000e+00 0.000000e+00
    outer loop
      vertex   6.420000e+02 1.905546e+02 7.294454e+02
      vertex   6.420000e+02 5.100894e+01 6.856188e+02
      vertex   6.420000e+02 4.146459e+01 6.879812e+02
    endloop
  endfacet
  facet normal -1.000000e+00 0.000000e+00 0.000000e+00
    outer loop
      vertex   6.420000e+02 1.905546e+02 7.294454e+02
      vertex   6.420000e+02 4.146459e+01 6.879812e+02
      vertex   6.420000e+02 3.181207e+01 6.898532e+02
    endloop
  endfacet
  facet normal -1.000000e+00 0.000000e+00 0.000000e+00
    outer loop
      vertex   6.420000e+02 5.100894e+01 6.856188e+02
      vertex   6.420000e+02 1.881828e+02 7.267409e+02
      vertex   6.420000e+02 6.042021e+01 6.827721e+02
    endloop
  endfacet
  facet normal -1.000000e+00 0.000000e+00 0.000000e+00
    outer loop
      vertex   6.420000e+02 6.042021e+01 6.827721e+02
      vertex   6.420000e+02 1.881828e+02 7.267409e+02
      vertex   6.420000e+02 1.861843e+02 7.237500e+02
    endloop
  endfacet
  facet normal -1.000000e+00 0.000000e+00 0.000000e+00
    outer loop
      vertex   6.420000e+02 6.042021e+01 6.827721e+02
      vertex   6.420000e+02 1.861843e+02 7.237500e+02
      vertex   6.420000e+02 6.967385e+01 6.794486e+02
    endloop
  endfacet
  facet normal -1.000000e+00 0.000000e+00 0.000000e+00
    outer loop
      vertex   6.420000e+02 6.967385e+01 6.794486e+02
      vertex   6.420000e+02 1.861843e+02 7.237500e+02
      vertex   6.420000e+02 1.845933e+02 7.205238e+02
    endloop
  endfacet
  facet normal -1.000000e+00 0.000000e+00 0.000000e+00
    outer loop
      vertex   6.420000e+02 6.967385e+01 6.794486e+02
      vertex   6.420000e+02 1.845933e+02 7.205238e+02
      vertex   6.420000e+02 7.874571e+01 6.756569e+02
    endloop
  endfacet
  facet normal -1.000000e+00 0.000000e+00 0.000000e+00
    outer loop
      vertex   6.420000e+02 7.874571e+01 6.756569e+02
      vertex   6.420000e+02 1.845933e+02 7.205238e+02
      vertex   6.420000e+02 1.834370e+02 7.171175e+02
    endloop
  endfacet
  facet normal -1.000000e+00 0.000000e+00 0.000000e+00
    outer loop
      vertex   6.420000e+02 7.874571e+01 6.756569e+02
      vertex   6.420000e+02 1.834370e+02 7.171175e+02
      vertex   6.420000e+02 8.761214e+01 6.714070e+02
    endloop
  endfacet
  facet normal -1.000000e+00 0.000000e+00 0.000000e+00
    outer loop
      vertex   6.420000e+02 8.761214e+01 6.714070e+02
      vertex   6.420000e+02 1.834370e+02 7.171175e+02
      vertex   6.420000e+02 1.827353e+02 7.135895e+02
    endloop
  endfacet
  facet normal -1.000000e+00 0.000000e+00 0.000000e+00
    outer loop
      vertex   6.420000e+02 8.761214e+01 6.714070e+02
      vertex   6.420000e+02 1.827353e+02 7.135895e+02
      vertex   6.420000e+02 1.825000e+02 7.100000e+02
    endloop
  endfacet
  facet normal -1.000000e+00 0.000000e+00 -0.000000e+00
    outer loop
      vertex   6.420000e+02 1.825000e+02 7.100000e+02
      vertex   6.420000e+02 1.827353e+02 7.064105e+02
      vertex   6.420000e+02 8.761214e+01 6.714070e+02
    endloop
  endfacet
  facet normal -1.000000e+00 0.000000e+00 0.000000e+00
    outer loop
      vertex   6.420000e+02 8.761214e+01 6.714070e+02
      vertex   6.420000e+02 1.827353e+02 7.064105e+02
      vertex   6.420000e+02 1.834370e+02 7.028825e+02
    endloop
  endfacet
  facet normal -1.000000e+00 0.000000e+00 0.000000e+00
    outer loop
      vertex   6.420000e+02 8.761214e+01 6.714070e+02
      vertex   6.420000e+02 1.834370e+02 7.028825e+02
      vertex   6.420000e+02 1.845933e+02 6.994762e+02
    endloop
  endfacet
  facet normal -1.000000e+00 0.000000e+00 -0.000000e+00
    outer loop
      vertex   6.420000e+02 1.845933e+02 6.994762e+02
      vertex   6.420000e+02 1.861843e+02 6.962500e+02
      vertex   6.420000e+02 8.761214e+01 6.714070e+02
    endloop
  endfacet
  facet normal -1.000000e+00 0.000000e+00 0.000000e+00
    outer loop
      vertex   6.420000e+02 8.761214e+01 6.714070e+02
      vertex   6.420000e+02 1.861843e+02 6.962500e+02
      vertex   6.420000e+02 1.881828e+02 6.932591e+02
    endloop
  endfacet
  facet normal -1.000000e+00 0.000000e+00 0.000000e+00
    outer loop
      vertex   6.420000e+02 8.761214e+01 6.714070e+02
      vertex   6.420000e+02 1.881828e+02 6.932591e+02
      vertex   6.420000e+02 1.905546e+02 6.905546e+02
    endloop
  endfacet
  facet normal -1.000000e+00 0.000000e+00 -0.000000e+00
    outer loop
      vertex   6.420000e+02 1.905546e+02 6.905546e+02
      vertex   6.420000e+02 1.932591e+02 6.881828e+02
      vertex   6.420000e+02 8.761214e+01 6.714070e+02
    endloop
  endfacet
  facet normal -1.000000e+00 0.000000e+00 0.000000e+00
    outer loop
      vertex   6.420000e+02 8.761214e+01 6.714070e+02
      vertex   6.420000e+02 1.932591e+02 6.881828e+02
      vertex   6.420000e+02 1.962500e+02 6.861843e+02
    endloop
  endfacet
  facet normal -1.000000e+00 0.000000e+00 0.000000e+00
    outer loop
      vertex   6.420000e+02 8.761214e+01 6.714070e+02
      vertex   6.420000e+02 1.962500e+02 6.861843e+02
      vertex   6.420000e+02 1.994762e+02 6.845933e+02
    endloop
  endfacet
  facet normal -1.000000e+00 -0.000000e+00 0.000000e+00
    outer loop
      vertex   6.420000e+02 2.028825e+02 6.834370e+02
      vertex   6.420000e+02 1.352461e+02 6.369844e+02
      vertex   6.420000e+02 1.994762e+02 6.845933e+02
    endloop
  endfacet
  facet normal -1.000000e+00 0.000000e+00 0.000000e+00
    outer loop
      vertex   6.420000e+02 1.994762e+02 6.845933e+02
      vertex   6.420000e+02 1.352461e+02 6.369844e+02
      vertex   6.420000e+02 1.280752e+02 6.437115e+02
    endloop
  endfacet
  facet normal -1.000000e+00 0.000000e+00 0.000000e+00
    outer loop
      vertex   6.420000e+02 1.994762e+02 6.845933e+02
      vertex   6.420000e+02 1.280752e+02 6.437115e+02
      vertex   6.420000e+02 1.205701e+02 6.500636e+02
    endloop
  endfacet
  facet normal -1.000000e+00 -0.000000e+00 0.000000e+00
    outer loop
      vertex   6.420000e+02 2.064105e+02 6.827353e+02
      vertex   6.420000e+02 1.545717e+02 6.147338e+02
      vertex   6.420000e+02 2.028825e+02 6.834370e+02
    endloop
  endfacet
  facet normal -1.000000e+00 0.000000e+00 0.000000e+00
    outer loop
      vertex   6.420000e+02 2.028825e+02 6.834370e+02
      vertex   6.420000e+02 1.545717e+02 6.147338e+02
      vertex   6.420000e+02 1.485117e+02 6.224767e+02
    endloop
  endfacet
  facet normal -1.000000e+00 0.000000e+00 0.000000e+00
    outer loop
      vertex   6.420000e+02 2.028825e+02 6.834370e+02
      vertex   6.420000e+02 1.485117e+02 6.224767e+02
      vertex   6.420000e+02 1.420642e+02 6.299000e+02
    endloop
  endfacet
  facet normal -1.000000e+00 0.000000e+00 0.000000e+00
    outer loop
      vertex   6.420000e+02 1.545717e+02 6.147338e+02
      vertex   6.420000e+02 2.064105e+02 6.827353e+02
      vertex   6.420000e+02 1.602284e+02 6.066916e+02
    endloop
  endfacet
  facet normal -1.000000e+00 0.000000e+00 0.000000e+00
    outer loop
      vertex   6.420000e+02 1.602284e+02 6.066916e+02
      vertex   6.420000e+02 2.064105e+02 6.827353e+02
      vertex   6.420000e+02 2.100000e+02 6.825000e+02
    endloop
  endfacet
  facet normal -1.000000e+00 0.000000e+00 0.000000e+00
    outer loop
      vertex   6.420000e+02 1.602284e+02 6.066916e+02
      vertex   6.420000e+02 2.100000e+02 6.825000e+02
      vertex   6.420000e+02 1.654671e+02 5.983711e+02
    endloop
  endfacet
  facet normal -1.000000e+00 0.000000e+00 0.000000e+00
    outer loop
      vertex   6.420000e+02 1.654671e+02 5.983711e+02
      vertex   6.420000e+02 2.100000e+02 6.825000e+02
      vertex   6.420000e+02 2.135895e+02 6.827353e+02
    endloop
  endfacet
  facet normal -1.000000e+00 0.000000e+00 0.000000e+00
    outer loop
      vertex   6.420000e+02 1.654671e+02 5.983711e+02
      vertex   6.420000e+02 2.135895e+02 6.827353e+02
      vertex   6.420000e+02 1.702742e+02 5.897939e+02
    endloop
  endfacet
  facet normal -1.000000e+00 0.000000e+00 0.000000e+00
    outer loop
      vertex   6.420000e+02 1.702742e+02 5.897939e+02
      vertex   6.420000e+02 2.135895e+02 6.827353e+02
      vertex   6.420000e+02 2.171175e+02 6.834370e+02
    endloop
  endfacet
  facet normal -1.000000e+00 0.000000e+00 0.000000e+00
    outer loop
      vertex   6.420000e+02 1.702742e+02 5.897939e+02
      vertex   6.420000e+02 2.171175e+02 6.834370e+02
      vertex   6.420000e+02 1.746370e+02 5.809825e+02
    endloop
  endfacet
  facet normal -1.000000e+00 0.000000e+00 0.000000e+00
    outer loop
      vertex   6.420000e+02 1.746370e+02 5.809825e+02
      vertex   6.420000e+02 2.171175e+02 6.834370e+02
      vertex   6.420000e+02 2.205238e+02 6.845933e+02
    endloop
  endfacet
  facet normal -1.000000e+00 0.000000e+00 0.000000e+00
    outer loop
      vertex   6.420000e+02 1.746370e+02 5.809825e+02
      vertex   6.420000e+02 2.205238e+02 6.845933e+02
      vertex   6.420000e+02 1.785442e+02 5.719598e+02
    endloop
  endfacet
  facet normal -1.000000e+00 0.000000e+00 0.000000e+00
    outer loop
      vertex   6.420000e+02 1.785442e+02 5.719598e+02
      vertex   6.420000e+02 2.205238e+02 6.845933e+02
      vertex   6.420000e+02 2.237500e+02 6.861843e+02
    endloop
  endfacet
  facet normal -1.000000e+00 0.000000e+00 0.000000e+00
    outer loop
      vertex   6.420000e+02 1.785442e+02 5.719598e+02
      vertex   6.420000e+02 2.237500e+02 6.861843e+02
      vertex   6.420000e+02 1.819856e+02 5.627493e+02
    endloop
  endfacet
  facet normal -1.000000e+00 0.000000e+00 0.000000e+00
    outer loop
      vertex   6.420000e+02 1.819856e+02 5.627493e+02
      vertex   6.420000e+02 2.237500e+02 6.861843e+02
      vertex   6.420000e+02 2.267409e+02 6.881828e+02
    endloop
  endfacet
  facet normal -1.000000e+00 0.000000e+00 0.000000e+00
    outer loop
      vertex   6.420000e+02 1.819856e+02 5.627493e+02
      vertex   6.420000e+02 2.267409e+02 6.881828e+02
      vertex   6.420000e+02 1.849523e+02 5.533752e+02
    endloop
  endfacet
  facet normal -1.000000e+00 0.000000e+00 0.000000e+00
    outer loop
      vertex   6.420000e+02 1.849523e+02 5.533752e+02
      vertex   6.420000e+02 2.267409e+02 6.881828e+02
      vertex   6.420000e+02 2.294454e+02 6.905546e+02
    endloop
  endfacet
  facet normal -1.000000e+00 0.000000e+00 0.000000e+00
    outer loop
      vertex   6.420000e+02 1.849523e+02 5.533752e+02
      vertex   6.420000e+02 2.294454e+02 6.905546e+02
      vertex   6.420000e+02 1.874364e+02 5.438618e+02
    endloop
  endfacet
  facet normal -1.000000e+00 0.000000e+00 0.000000e+00
    outer loop
      vertex   6.420000e+02 1.874364e+02 5.438618e+02
      vertex   6.420000e+02 2.294454e+02 6.905546e+02
      vertex   6.420000e+02 1.894315e+02 5.342340e+02
    endloop
  endfacet
  facet normal -1.000000e+00 0.000000e+00 0.000000e+00
    outer loop
      vertex   6.420000e+02 1.894315e+02 5.342340e+02
      vertex   6.420000e+02 2.294454e+02 6.905546e+02
      vertex   6.420000e+02 1.909324e+02 5.245168e+02
    endloop
  endfacet
  facet normal -1.000000e+00 0.000000e+00 0.000000e+00
    outer loop
      vertex   6.420000e+02 1.909324e+02 5.245168e+02
      vertex   6.420000e+02 2.294454e+02 6.905546e+02
      vertex   6.420000e+02 2.894454e+02 7.505546e+02
    endloop
  endfacet
  facet normal -1.000000e+00 0.000000e+00 0.000000e+00
    outer loop
      vertex   6.420000e+02 1.909324e+02 5.245168e+02
      vertex   6.420000e+02 2.894454e+02 7.505546e+02
      vertex   6.420000e+02 1.919352e+02 5.147357e+02
    endloop
  endfacet
  facet normal -1.000000e+00 0.000000e+00 0.000000e+00
    outer loop
      vertex   6.420000e+02 1.919352e+02 5.147357e+02
      vertex   6.420000e+02 2.894454e+02 7.505546e+02
      vertex   6.420000e+02 1.924372e+02 5.049162e+02
    endloop
  endfacet
  facet normal -1.000000e+00 0.000000e+00 0.000000e+00
    outer loop
      vertex   6.420000e+02 -2.918172e+02 2.467409e+02
      vertex   6.420000e+02 -2.894454e+02 7.505546e+02
      vertex   6.420000e+02 -2.894454e+02 2.494454e+02
    endloop
  endfacet
  facet normal -1.000000e+00 0.000000e+00 0.000000e+00
    outer loop
      vertex   6.420000e+02 -2.894454e+02 2.494454e+02
      vertex   6.420000e+02 -2.894454e+02 7.505546e+02
      vertex   6.420000e+02 -1.925000e+02 5.000000e+02
    endloop
  endfacet
  facet normal -1.000000e+00 0.000000e+00 0.000000e+00
    outer loop
      vertex   6.420000e+02 -2.894454e+02 2.494454e+02
      vertex   6.420000e+02 -1.925000e+02 5.000000e+02
      vertex   6.420000e+02 -1.922489e+02 4.901708e+02
    endloop
  endfacet
  facet normal -1.000000e+00 0.000000e+00 -0.000000e+00
    outer loop
      vertex   6.420000e+02 -1.905546e+02 2.705546e+02
      vertex   6.420000e+02 -2.695311e+01 3.093963e+02
      vertex   6.420000e+02 -2.505546e+02 2.105546e+02
    endloop
  endfacet
  facet normal -1.000000e+00 0.000000e+00 0.000000e+00
    outer loop
      vertex   6.420000e+02 -2.505546e+02 2.105546e+02
      vertex   6.420000e+02 -2.695311e+01 3.093963e+02
      vertex   6.420000e+02 -1.718561e+01 3.082687e+02
    endloop
  endfacet
  facet normal -1.000000e+00 0.000000e+00 0.000000e+00
    outer loop
      vertex   6.420000e+02 -2.505546e+02 2.105546e+02
      vertex   6.420000e+02 -1.718561e+01 3.082687e+02
      vertex   6.420000e+02 -7.373276e+00 3.076413e+02
    endloop
  endfacet
  facet normal -1.000000e+00 0.000000e+00 -0.000000e+00
    outer loop
      vertex   6.420000e+02 -1.881828e+02 2.732591e+02
      vertex   6.420000e+02 -4.625185e+01 3.131390e+02
      vertex   6.420000e+02 -1.905546e+02 2.705546e+02
    endloop
  endfacet
  facet normal -1.000000e+00 0.000000e+00 0.000000e+00
    outer loop
      vertex   6.420000e+02 -1.905546e+02 2.705546e+02
      vertex   6.420000e+02 -4.625185e+01 3.131390e+02
      vertex   6.420000e+02 -3.665029e+01 3.110211e+02
    endloop
  endfacet
  facet normal -1.000000e+00 0.000000e+00 0.000000e+00
    outer loop
      vertex   6.420000e+02 -1.905546e+02 2.705546e+02
      vertex   6.420000e+02 -3.665029e+01 3.110211e+02
      vertex   6.420000e+02 -2.695311e+01 3.093963e+02
    endloop
  endfacet
  facet normal -1.000000e+00 0.000000e+00 -0.000000e+00
    outer loop
      vertex   6.420000e+02 -1.861843e+02 2.762500e+02
      vertex   6.420000e+02 -6.506825e+01 3.188305e+02
      vertex   6.420000e+02 -1.881828e+02 2.732591e+02
    endloop
  endfacet
  facet normal -1.000000e+00 0.000000e+00 0.000000e+00
    outer loop
      vertex   6.420000e+02 -1.881828e+02 2.732591e+02
      vertex   6.420000e+02 -6.506825e+01 3.188305e+02
      vertex   6.420000e+02 -5.573275e+01 3.157444e+02
    endloop
  endfacet
  facet normal -1.000000e+00 0.000000e+00 0.000000e+00
    outer loop
      vertex   6.420000e+02 -1.881828e+02 2.732591e+02
      vertex   6.420000e+02 -5.573275e+01 3.157444e+02
      vertex   6.420000e+02 -4.625185e+01 3.131390e+02
    endloop
  endfacet
  facet normal -1.000000e+00 -0.000000e+00 0.000000e+00
    outer loop
      vertex   6.420000e+02 -6.506825e+01 3.188305e+02
      vertex   6.420000e+02 -1.861843e+02 2.762500e+02
      vertex   6.420000e+02 -7.423399e+01 3.223893e+02
    endloop
  endfacet
  facet normal -1.000000e+00 0.000000e+00 0.000000e+00
    outer loop
      vertex   6.420000e+02 -7.423399e+01 3.223893e+02
      vertex   6.420000e+02 -1.861843e+02 2.762500e+02
      vertex   6.420000e+02 -1.845933e+02 2.794762e+02
    endloop
  endfacet
  facet normal -1.000000e+00 -0.000000e+00 0.000000e+00
    outer loop
      vertex   6.420000e+02 -7.423399e+01 3.223893e+02
      vertex   6.420000e+02 -1.845933e+02 2.794762e+02
      vertex   6.420000e+02 -8.320607e+01 3.264114e+02
    endloop
  endfacet
  facet normal -1.000000e+00 0.000000e+00 0.000000e+00
    outer loop
      vertex   6.420000e+02 -8.320607e+01 3.264114e+02
      vertex   6.420000e+02 -1.845933e+02 2.794762e+02
      vertex   6.420000e+02 -1.834370e+02 2.828825e+02
    endloop
  endfacet
  facet normal -1.000000e+00 -0.000000e+00 0.000000e+00
    outer loop
      vertex   6.420000e+02 -8.320607e+01 3.264114e+02
      vertex   6.420000e+02 -1.834370e+02 2.828825e+02
      vertex   6.420000e+02 -9.196107e+01 3.308864e+02
    endloop
  endfacet
  facet normal -1.000000e+00 0.000000e+00 0.000000e+00
    outer loop
      vertex   6.420000e+02 -9.196107e+01 3.308864e+02
      vertex   6.420000e+02 -1.834370e+02 2.828825e+02
      vertex   6.420000e+02 -1.827353e+02 2.864105e+02
    endloop
  endfacet
  facet normal -1.000000e+00 -0.000000e+00 0.000000e+00
    outer loop
      vertex   6.420000e+02 -9.196107e+01 3.308864e+02
      vertex   6.420000e+02 -1.827353e+02 2.864105e+02
      vertex   6.420000e+02 -1.004761e+02 3.358026e+02
    endloop
  endfacet
  facet normal -1.000000e+00 0.000000e+00 0.000000e+00
    outer loop
      vertex   6.420000e+02 -1.004761e+02 3.358026e+02
      vertex   6.420000e+02 -1.827353e+02 2.864105e+02
      vertex   6.420000e+02 -1.825000e+02 2.900000e+02
    endloop
  endfacet
  facet normal -1.000000e+00 0.000000e+00 0.000000e+00
    outer loop
      vertex   6.420000e+02 -1.004761e+02 3.358026e+02
      vertex   6.420000e+02 -1.825000e+02 2.900000e+02
      vertex   6.420000e+02 -1.827353e+02 2.935895e+02
    endloop
  endfacet
  facet normal -1.000000e+00 -0.000000e+00 0.000000e+00
    outer loop
      vertex   6.420000e+02 -1.004761e+02 3.358026e+02
      vertex   6.420000e+02 -1.827353e+02 2.935895e+02
      vertex   6.420000e+02 -1.087291e+02 3.411471e+02
    endloop
  endfacet
  facet normal -1.000000e+00 0.000000e+00 0.000000e+00
    outer loop
      vertex   6.420000e+02 -1.087291e+02 3.411471e+02
      vertex   6.420000e+02 -1.827353e+02 2.935895e+02
      vertex   6.420000e+02 -1.834370e+02 2.971175e+02
    endloop
  endfacet
  facet normal -1.000000e+00 -0.000000e+00 0.000000e+00
    outer loop
      vertex   6.420000e+02 -1.087291e+02 3.411471e+02
      vertex   6.420000e+02 -1.834370e+02 2.971175e+02
      vertex   6.420000e+02 -1.166984e+02 3.469061e+02
    endloop
  endfacet
  facet normal -1.000000e+00 0.000000e+00 0.000000e+00
    outer loop
      vertex   6.420000e+02 -1.166984e+02 3.469061e+02
      vertex   6.420000e+02 -1.834370e+02 2.971175e+02
      vertex   6.420000e+02 -1.845933e+02 3.005238e+02
    endloop
  endfacet
  facet normal -1.000000e+00 -0.000000e+00 0.000000e+00
    outer loop
      vertex   6.420000e+02 -1.166984e+02 3.469061e+02
      vertex   6.420000e+02 -1.845933e+02 3.005238e+02
      vertex   6.420000e+02 -1.243632e+02 3.530645e+02
    endloop
  endfacet
  facet normal -1.000000e+00 0.000000e+00 0.000000e+00
    outer loop
      vertex   6.420000e+02 -1.243632e+02 3.530645e+02
      vertex   6.420000e+02 -1.845933e+02 3.005238e+02
      vertex   6.420000e+02 -1.861843e+02 3.037500e+02
    endloop
  endfacet
  facet normal -1.000000e+00 0.000000e+00 0.000000e+00
    outer loop
      vertex   6.420000e+02 -1.243632e+02 3.530645e+02
      vertex   6.420000e+02 -1.861843e+02 3.037500e+02
      vertex   6.420000e+02 -1.881828e+02 3.067409e+02
    endloop
  endfacet
  facet normal -1.000000e+00 -0.000000e+00 0.000000e+00
    outer loop
      vertex   6.420000e+02 -1.243632e+02 3.530645e+02
      vertex   6.420000e+02 -1.881828e+02 3.067409e+02
      vertex   6.420000e+02 -1.317036e+02 3.596062e+02
    endloop
  endfacet
  facet normal -1.000000e+00 0.000000e+00 0.000000e+00
    outer loop
      vertex   6.420000e+02 -1.317036e+02 3.596062e+02
      vertex   6.420000e+02 -1.881828e+02 3.067409e+02
      vertex   6.420000e+02 -1.905546e+02 3.094454e+02
    endloop
  endfacet
  facet normal -1.000000e+00 -0.000000e+00 0.000000e+00
    outer loop
      vertex   6.420000e+02 -1.317036e+02 3.596062e+02
      vertex   6.420000e+02 -1.905546e+02 3.094454e+02
      vertex   6.420000e+02 -1.387004e+02 3.665142e+02
    endloop
  endfacet
  facet normal -1.000000e+00 0.000000e+00 0.000000e+00
    outer loop
      vertex   6.420000e+02 -1.387004e+02 3.665142e+02
      vertex   6.420000e+02 -1.905546e+02 3.094454e+02
      vertex   6.420000e+02 -1.932591e+02 3.118172e+02
    endloop
  endfacet
  facet normal -1.000000e+00 -0.000000e+00 0.000000e+00
    outer loop
      vertex   6.420000e+02 -1.387004e+02 3.665142e+02
      vertex   6.420000e+02 -1.932591e+02 3.118172e+02
      vertex   6.420000e+02 -1.453353e+02 3.737705e+02
    endloop
  endfacet
  facet normal -1.000000e+00 0.000000e+00 0.000000e+00
    outer loop
      vertex   6.420000e+02 -1.453353e+02 3.737705e+02
      vertex   6.420000e+02 -1.932591e+02 3.118172e+02
      vertex   6.420000e+02 -1.962500e+02 3.138157e+02
    endloop
  endfacet
  facet normal -1.000000e+00 0.000000e+00 0.000000e+00
    outer loop
      vertex   6.420000e+02 -1.453353e+02 3.737705e+02
      vertex   6.420000e+02 -1.962500e+02 3.138157e+02
      vertex   6.420000e+02 -1.994762e+02 3.154067e+02
    endloop
  endfacet
  facet normal -1.000000e+00 -0.000000e+00 0.000000e+00
    outer loop
      vertex   6.420000e+02 -1.453353e+02 3.737705e+02
      vertex   6.420000e+02 -1.994762e+02 3.154067e+02
      vertex   6.420000e+02 -1.515911e+02 3.813561e+02
    endloop
  endfacet
  facet normal -1.000000e+00 0.000000e+00 0.000000e+00
    outer loop
      vertex   6.420000e+02 -1.515911e+02 3.813561e+02
      vertex   6.420000e+02 -1.994762e+02 3.154067e+02
      vertex   6.420000e+02 -2.028825e+02 3.165630e+02
    endloop
  endfacet
  facet normal -1.000000e+00 -0.000000e+00 0.000000e+00
    outer loop
      vertex   6.420000e+02 -1.515911e+02 3.813561e+02
      vertex   6.420000e+02 -2.028825e+02 3.165630e+02
      vertex   6.420000e+02 -1.574514e+02 3.892512e+02
    endloop
  endfacet
  facet normal -1.000000e+00 0.000000e+00 0.000000e+00
    outer loop
      vertex   6.420000e+02 -1.574514e+02 3.892512e+02
      vertex   6.420000e+02 -2.028825e+02 3.165630e+02
      vertex   6.420000e+02 -2.064105e+02 3.172647e+02
    endloop
  endfacet
  facet normal -1.000000e+00 -0.000000e+00 0.000000e+00
    outer loop
      vertex   6.420000e+02 -1.574514e+02 3.892512e+02
      vertex   6.420000e+02 -2.064105e+02 3.172647e+02
      vertex   6.420000e+02 -1.629009e+02 3.974352e+02
    endloop
  endfacet
  facet normal -1.000000e+00 0.000000e+00 0.000000e+00
    outer loop
      vertex   6.420000e+02 -1.629009e+02 3.974352e+02
      vertex   6.420000e+02 -2.064105e+02 3.172647e+02
      vertex   6.420000e+02 -2.100000e+02 3.175000e+02
    endloop
  endfacet
  facet normal -1.000000e+00 -0.000000e+00 0.000000e+00
    outer loop
      vertex   6.420000e+02 -1.629009e+02 3.974352e+02
      vertex   6.420000e+02 -2.100000e+02 3.175000e+02
      vertex   6.420000e+02 -1.679254e+02 4.058868e+02
    endloop
  endfacet
  facet normal -1.000000e+00 0.000000e+00 0.000000e+00
    outer loop
      vertex   6.420000e+02 -1.679254e+02 4.058868e+02
      vertex   6.420000e+02 -2.100000e+02 3.175000e+02
      vertex   6.420000e+02 -2.135895e+02 3.172647e+02
    endloop
  endfacet
  facet normal -1.000000e+00 -0.000000e+00 0.000000e+00
    outer loop
      vertex   6.420000e+02 -1.679254e+02 4.058868e+02
      vertex   6.420000e+02 -2.135895e+02 3.172647e+02
      vertex   6.420000e+02 -1.725119e+02 4.145839e+02
    endloop
  endfacet
  facet normal -1.000000e+00 0.000000e+00 0.000000e+00
    outer loop
      vertex   6.420000e+02 -1.725119e+02 4.145839e+02
      vertex   6.420000e+02 -2.135895e+02 3.172647e+02
      vertex   6.420000e+02 -2.171175e+02 3.165630e+02
    endloop
  endfacet
  facet normal -1.000000e+00 0.000000e+00 0.000000e+00
    outer loop
      vertex   6.420000e+02 -1.725119e+02 4.145839e+02
      vertex   6.420000e+02 -2.171175e+02 3.165630e+02
      vertex   6.420000e+02 -2.205238e+02 3.154067e+02
    endloop
  endfacet
  facet normal -1.000000e+00 0.000000e+00 0.000000e+00
    outer loop
      vertex   6.420000e+02 -2.237500e+02 3.138157e+02
      vertex   6.420000e+02 -1.803237e+02 4.326235e+02
      vertex   6.420000e+02 -2.205238e+02 3.154067e+02
    endloop
  endfacet
  facet normal -1.000000e+00 0.000000e+00 0.000000e+00
    outer loop
      vertex   6.420000e+02 -2.205238e+02 3.154067e+02
      vertex   6.420000e+02 -1.803237e+02 4.326235e+02
      vertex   6.420000e+02 -1.766482e+02 4.235039e+02
    endloop
  endfacet
  facet normal -1.000000e+00 0.000000e+00 0.000000e+00
    outer loop
      vertex   6.420000e+02 -2.205238e+02 3.154067e+02
      vertex   6.420000e+02 -1.766482e+02 4.235039e+02
      vertex   6.420000e+02 -1.725119e+02 4.145839e+02
    endloop
  endfacet
  facet normal -1.000000e+00 -0.000000e+00 0.000000e+00
    outer loop
      vertex   6.420000e+02 -1.803237e+02 4.326235e+02
      vertex   6.420000e+02 -2.237500e+02 3.138157e+02
      vertex   6.420000e+02 -1.835288e+02 4.419188e+02
    endloop
  endfacet
  facet normal -1.000000e+00 0.000000e+00 0.000000e+00
    outer loop
      vertex   6.420000e+02 -1.835288e+02 4.419188e+02
      vertex   6.420000e+02 -2.237500e+02 3.138157e+02
      vertex   6.420000e+02 -2.267409e+02 3.118172e+02
    endloop
  endfacet
  facet normal -1.000000e+00 -0.000000e+00 0.000000e+00
    outer loop
      vertex   6.420000e+02 -1.835288e+02 4.419188e+02
      vertex   6.420000e+02 -2.267409e+02 3.118172e+02
      vertex   6.420000e+02 -1.862551e+02 4.513656e+02
    endloop
  endfacet
  facet normal -1.000000e+00 0.000000e+00 0.000000e+00
    outer loop
      vertex   6.420000e+02 -1.862551e+02 4.513656e+02
      vertex   6.420000e+02 -2.267409e+02 3.118172e+02
      vertex   6.420000e+02 -2.294454e+02 3.094454e+02
    endloop
  endfacet
  facet normal -1.000000e+00 -0.000000e+00 0.000000e+00
    outer loop
      vertex   6.420000e+02 -1.862551e+02 4.513656e+02
      vertex   6.420000e+02 -2.294454e+02 3.094454e+02
      vertex   6.420000e+02 -1.884954e+02 4.609394e+02
    endloop
  endfacet
  facet normal -1.000000e+00 -0.000000e+00 0.000000e+00
    outer loop
      vertex   6.420000e+02 -1.884954e+02 4.609394e+02
      vertex   6.420000e+02 -2.294454e+02 3.094454e+02
      vertex   6.420000e+02 -1.902440e+02 4.706150e+02
    endloop
  endfacet
  facet normal -1.000000e+00 0.000000e+00 0.000000e+00
    outer loop
      vertex   6.420000e+02 -1.902440e+02 4.706150e+02
      vertex   6.420000e+02 -2.294454e+02 3.094454e+02
      vertex   6.420000e+02 -2.894454e+02 2.494454e+02
    endloop
  endfacet
  facet normal -1.000000e+00 -0.000000e+00 0.000000e+00
    outer loop
      vertex   6.420000e+02 -1.902440e+02 4.706150e+02
      vertex   6.420000e+02 -2.894454e+02 2.494454e+02
      vertex   6.420000e+02 -1.914962e+02 4.803673e+02
    endloop
  endfacet
  facet normal -1.000000e+00 -0.000000e+00 0.000000e+00
    outer loop
      vertex   6.420000e+02 -1.914962e+02 4.803673e+02
      vertex   6.420000e+02 -2.894454e+02 2.494454e+02
      vertex   6.420000e+02 -1.922489e+02 4.901708e+02
    endloop
  endfacet
  facet normal -1.000000e+00 -0.000000e+00 -0.000000e+00
    outer loop
      vertex   6.420000e+02 -2.294454e+02 6.905546e+02
      vertex   6.420000e+02 -1.902440e+02 5.293850e+02
      vertex   6.420000e+02 -2.894454e+02 7.505546e+02
    endloop
  endfacet
  facet normal -1.000000e+00 0.000000e+00 0.000000e+00
    outer loop
      vertex   6.420000e+02 -2.894454e+02 7.505546e+02
      vertex   6.420000e+02 -1.902440e+02 5.293850e+02
      vertex   6.420000e+02 -1.914962e+02 5.196327e+02
    endloop
  endfacet
  facet normal -1.000000e+00 0.000000e+00 0.000000e+00
    outer loop
      vertex   6.420000e+02 -2.894454e+02 7.505546e+02
      vertex   6.420000e+02 -1.914962e+02 5.196327e+02
      vertex   6.420000e+02 -1.922489e+02 5.098292e+02
    endloop
  endfacet
  facet normal -1.000000e+00 -0.000000e+00 -0.000000e+00
    outer loop
      vertex   6.420000e+02 -2.267409e+02 6.881828e+02
      vertex   6.420000e+02 -1.862551e+02 5.486344e+02
      vertex   6.420000e+02 -2.294454e+02 6.905546e+02
    endloop
  endfacet
  facet normal -1.000000e+00 0.000000e+00 0.000000e+00
    outer loop
      vertex   6.420000e+02 -2.294454e+02 6.905546e+02
      vertex   6.420000e+02 -1.862551e+02 5.486344e+02
      vertex   6.420000e+02 -1.884954e+02 5.390606e+02
    endloop
  endfacet
  facet normal -1.000000e+00 0.000000e+00 0.000000e+00
    outer loop
      vertex   6.420000e+02 -2.294454e+02 6.905546e+02
      vertex   6.420000e+02 -1.884954e+02 5.390606e+02
      vertex   6.420000e+02 -1.902440e+02 5.293850e+02
    endloop
  endfacet
  facet normal -1.000000e+00 0.000000e+00 0.000000e+00
    outer loop
      vertex   6.420000e+02 -1.862551e+02 5.486344e+02
      vertex   6.420000e+02 -2.267409e+02 6.881828e+02
      vertex   6.420000e+02 -1.835288e+02 5.580812e+02
    endloop
  endfacet
  facet normal -1.000000e+00 0.000000e+00 0.000000e+00
    outer loop
      vertex   6.420000e+02 -1.835288e+02 5.580812e+02
      vertex   6.420000e+02 -2.267409e+02 6.881828e+02
      vertex   6.420000e+02 -2.237500e+02 6.861843e+02
    endloop
  endfacet
  facet normal -1.000000e+00 0.000000e+00 0.000000e+00
    outer loop
      vertex   6.420000e+02 -1.835288e+02 5.580812e+02
      vertex   6.420000e+02 -2.237500e+02 6.861843e+02
      vertex   6.420000e+02 -1.803237e+02 5.673765e+02
    endloop
  endfacet
  facet normal -1.000000e+00 0.000000e+00 0.000000e+00
    outer loop
      vertex   6.420000e+02 -1.803237e+02 5.673765e+02
      vertex   6.420000e+02 -2.237500e+02 6.861843e+02
      vertex   6.420000e+02 -2.205238e+02 6.845933e+02
    endloop
  endfacet
  facet normal -1.000000e+00 0.000000e+00 0.000000e+00
    outer loop
      vertex   6.420000e+02 -1.803237e+02 5.673765e+02
      vertex   6.420000e+02 -2.205238e+02 6.845933e+02
      vertex   6.420000e+02 -1.766482e+02 5.764961e+02
    endloop
  endfacet
  facet normal -1.000000e+00 0.000000e+00 0.000000e+00
    outer loop
      vertex   6.420000e+02 -1.766482e+02 5.764961e+02
      vertex   6.420000e+02 -2.205238e+02 6.845933e+02
      vertex   6.420000e+02 -1.725119e+02 5.854161e+02
    endloop
  endfacet
  facet normal -1.000000e+00 0.000000e+00 0.000000e+00
    outer loop
      vertex   6.420000e+02 -1.725119e+02 5.854161e+02
      vertex   6.420000e+02 -2.205238e+02 6.845933e+02
      vertex   6.420000e+02 -2.171175e+02 6.834370e+02
    endloop
  endfacet
  facet normal -1.000000e+00 0.000000e+00 0.000000e+00
    outer loop
      vertex   6.420000e+02 -1.725119e+02 5.854161e+02
      vertex   6.420000e+02 -2.171175e+02 6.834370e+02
      vertex   6.420000e+02 -2.135895e+02 6.827353e+02
    endloop
  endfacet
  facet normal -1.000000e+00 0.000000e+00 0.000000e+00
    outer loop
      vertex   6.420000e+02 -1.725119e+02 5.854161e+02
      vertex   6.420000e+02 -2.135895e+02 6.827353e+02
      vertex   6.420000e+02 -1.679254e+02 5.941132e+02
    endloop
  endfacet
  facet normal -1.000000e+00 0.000000e+00 0.000000e+00
    outer loop
      vertex   6.420000e+02 -1.679254e+02 5.941132e+02
      vertex   6.420000e+02 -2.135895e+02 6.827353e+02
      vertex   6.420000e+02 -2.100000e+02 6.825000e+02
    endloop
  endfacet
  facet normal -1.000000e+00 0.000000e+00 0.000000e+00
    outer loop
      vertex   6.420000e+02 -1.679254e+02 5.941132e+02
      vertex   6.420000e+02 -2.100000e+02 6.825000e+02
      vertex   6.420000e+02 -1.629009e+02 6.025648e+02
    endloop
  endfacet
  facet normal -1.000000e+00 0.000000e+00 0.000000e+00
    outer loop
      vertex   6.420000e+02 -1.629009e+02 6.025648e+02
      vertex   6.420000e+02 -2.100000e+02 6.825000e+02
      vertex   6.420000e+02 -2.064105e+02 6.827353e+02
    endloop
  endfacet
  facet normal -1.000000e+00 0.000000e+00 0.000000e+00
    outer loop
      vertex   6.420000e+02 -1.629009e+02 6.025648e+02
      vertex   6.420000e+02 -2.064105e+02 6.827353e+02
      vertex   6.420000e+02 -1.574514e+02 6.107488e+02
    endloop
  endfacet
  facet normal -1.000000e+00 0.000000e+00 0.000000e+00
    outer loop
      vertex   6.420000e+02 -1.574514e+02 6.107488e+02
      vertex   6.420000e+02 -2.064105e+02 6.827353e+02
      vertex   6.420000e+02 -2.028825e+02 6.834370e+02
    endloop
  endfacet
  facet normal -1.000000e+00 0.000000e+00 0.000000e+00
    outer loop
      vertex   6.420000e+02 -1.574514e+02 6.107488e+02
      vertex   6.420000e+02 -2.028825e+02 6.834370e+02
      vertex   6.420000e+02 -1.515911e+02 6.186439e+02
    endloop
  endfacet
  facet normal -1.000000e+00 0.000000e+00 0.000000e+00
    outer loop
      vertex   6.420000e+02 -1.515911e+02 6.186439e+02
      vertex   6.420000e+02 -2.028825e+02 6.834370e+02
      vertex   6.420000e+02 -1.994762e+02 6.845933e+02
    endloop
  endfacet
  facet normal -1.000000e+00 0.000000e+00 0.000000e+00
    outer loop
      vertex   6.420000e+02 -1.515911e+02 6.186439e+02
      vertex   6.420000e+02 -1.994762e+02 6.845933e+02
      vertex   6.420000e+02 -1.453353e+02 6.262295e+02
    endloop
  endfacet
  facet normal -1.000000e+00 0.000000e+00 0.000000e+00
    outer loop
      vertex   6.420000e+02 -1.453353e+02 6.262295e+02
      vertex   6.420000e+02 -1.994762e+02 6.845933e+02
      vertex   6.420000e+02 -1.962500e+02 6.861843e+02
    endloop
  endfacet
  facet normal -1.000000e+00 0.000000e+00 0.000000e+00
    outer loop
      vertex   6.420000e+02 -1.453353e+02 6.262295e+02
      vertex   6.420000e+02 -1.962500e+02 6.861843e+02
      vertex   6.420000e+02 -1.932591e+02 6.881828e+02
    endloop
  endfacet
  facet normal -1.000000e+00 0.000000e+00 0.000000e+00
    outer loop
      vertex   6.420000e+02 -1.453353e+02 6.262295e+02
      vertex   6.420000e+02 -1.932591e+02 6.881828e+02
      vertex   6.420000e+02 -1.387004e+02 6.334858e+02
    endloop
  endfacet
  facet normal -1.000000e+00 0.000000e+00 0.000000e+00
    outer loop
      vertex   6.420000e+02 -1.387004e+02 6.334858e+02
      vertex   6.420000e+02 -1.932591e+02 6.881828e+02
      vertex   6.420000e+02 -1.905546e+02 6.905546e+02
    endloop
  endfacet
  facet normal -1.000000e+00 0.000000e+00 0.000000e+00
    outer loop
      vertex   6.420000e+02 -1.387004e+02 6.334858e+02
      vertex   6.420000e+02 -1.905546e+02 6.905546e+02
      vertex   6.420000e+02 -1.317036e+02 6.403938e+02
    endloop
  endfacet
  facet normal -1.000000e+00 0.000000e+00 0.000000e+00
    outer loop
      vertex   6.420000e+02 -1.317036e+02 6.403938e+02
      vertex   6.420000e+02 -1.905546e+02 6.905546e+02
      vertex   6.420000e+02 -1.881828e+02 6.932591e+02
    endloop
  endfacet
  facet normal -1.000000e+00 0.000000e+00 0.000000e+00
    outer loop
      vertex   6.420000e+02 -1.317036e+02 6.403938e+02
      vertex   6.420000e+02 -1.881828e+02 6.932591e+02
      vertex   6.420000e+02 -1.243632e+02 6.469355e+02
    endloop
  endfacet
  facet normal -1.000000e+00 0.000000e+00 0.000000e+00
    outer loop
      vertex   6.420000e+02 -1.243632e+02 6.469355e+02
      vertex   6.420000e+02 -1.881828e+02 6.932591e+02
      vertex   6.420000e+02 -1.861843e+02 6.962500e+02
    endloop
  endfacet
  facet normal -1.000000e+00 0.000000e+00 0.000000e+00
    outer loop
      vertex   6.420000e+02 -1.243632e+02 6.469355e+02
      vertex   6.420000e+02 -1.861843e+02 6.962500e+02
      vertex   6.420000e+02 -1.845933e+02 6.994762e+02
    endloop
  endfacet
  facet normal -1.000000e+00 0.000000e+00 0.000000e+00
    outer loop
      vertex   6.420000e+02 -1.243632e+02 6.469355e+02
      vertex   6.420000e+02 -1.845933e+02 6.994762e+02
      vertex   6.420000e+02 -1.166984e+02 6.530939e+02
    endloop
  endfacet
  facet normal -1.000000e+00 0.000000e+00 0.000000e+00
    outer loop
      vertex   6.420000e+02 -1.166984e+02 6.530939e+02
      vertex   6.420000e+02 -1.845933e+02 6.994762e+02
      vertex   6.420000e+02 -1.834370e+02 7.028825e+02
    endloop
  endfacet
  facet normal -1.000000e+00 0.000000e+00 0.000000e+00
    outer loop
      vertex   6.420000e+02 -1.166984e+02 6.530939e+02
      vertex   6.420000e+02 -1.834370e+02 7.028825e+02
      vertex   6.420000e+02 -1.087291e+02 6.588529e+02
    endloop
  endfacet
  facet normal -1.000000e+00 0.000000e+00 0.000000e+00
    outer loop
      vertex   6.420000e+02 -1.087291e+02 6.588529e+02
      vertex   6.420000e+02 -1.834370e+02 7.028825e+02
      vertex   6.420000e+02 -1.827353e+02 7.064105e+02
    endloop
  endfacet
  facet normal -1.000000e+00 0.000000e+00 0.000000e+00
    outer loop
      vertex   6.420000e+02 -1.087291e+02 6.588529e+02
      vertex   6.420000e+02 -1.827353e+02 7.064105e+02
      vertex   6.420000e+02 -1.004761e+02 6.641974e+02
    endloop
  endfacet
  facet normal -1.000000e+00 0.000000e+00 0.000000e+00
    outer loop
      vertex   6.420000e+02 -1.004761e+02 6.641974e+02
      vertex   6.420000e+02 -1.827353e+02 7.064105e+02
      vertex   6.420000e+02 -1.825000e+02 7.100000e+02
    endloop
  endfacet
  facet normal -1.000000e+00 0.000000e+00 0.000000e+00
    outer loop
      vertex   6.420000e+02 -1.004761e+02 6.641974e+02
      vertex   6.420000e+02 -1.825000e+02 7.100000e+02
      vertex   6.420000e+02 -1.827353e+02 7.135895e+02
    endloop
  endfacet
  facet normal -1.000000e+00 0.000000e+00 0.000000e+00
    outer loop
      vertex   6.420000e+02 -1.004761e+02 6.641974e+02
      vertex   6.420000e+02 -1.827353e+02 7.135895e+02
      vertex   6.420000e+02 -9.196107e+01 6.691136e+02
    endloop
  endfacet
  facet normal -1.000000e+00 0.000000e+00 0.000000e+00
    outer loop
      vertex   6.420000e+02 -9.196107e+01 6.691136e+02
      vertex   6.420000e+02 -1.827353e+02 7.135895e+02
      vertex   6.420000e+02 -1.834370e+02 7.171175e+02
    endloop
  endfacet
  facet normal -1.000000e+00 0.000000e+00 0.000000e+00
    outer loop
      vertex   6.420000e+02 -9.196107e+01 6.691136e+02
      vertex   6.420000e+02 -1.834370e+02 7.171175e+02
      vertex   6.420000e+02 -8.320607e+01 6.735886e+02
    endloop
  endfacet
  facet normal -1.000000e+00 0.000000e+00 0.000000e+00
    outer loop
      vertex   6.420000e+02 -8.320607e+01 6.735886e+02
      vertex   6.420000e+02 -1.834370e+02 7.171175e+02
      vertex   6.420000e+02 -1.845933e+02 7.205238e+02
    endloop
  endfacet
  facet normal -1.000000e+00 0.000000e+00 0.000000e+00
    outer loop
      vertex   6.420000e+02 -8.320607e+01 6.735886e+02
      vertex   6.420000e+02 -1.845933e+02 7.205238e+02
      vertex   6.420000e+02 -7.423399e+01 6.776107e+02
    endloop
  endfacet
  facet normal -1.000000e+00 0.000000e+00 0.000000e+00
    outer loop
      vertex   6.420000e+02 -7.423399e+01 6.776107e+02
      vertex   6.420000e+02 -1.845933e+02 7.205238e+02
      vertex   6.420000e+02 -1.861843e+02 7.237500e+02
    endloop
  endfacet
  facet normal -1.000000e+00 0.000000e+00 0.000000e+00
    outer loop
      vertex   6.420000e+02 -7.423399e+01 6.776107e+02
      vertex   6.420000e+02 -1.861843e+02 7.237500e+02
      vertex   6.420000e+02 -6.506825e+01 6.811695e+02
    endloop
  endfacet
  facet normal -1.000000e+00 0.000000e+00 0.000000e+00
    outer loop
      vertex   6.420000e+02 -6.506825e+01 6.811695e+02
      vertex   6.420000e+02 -1.861843e+02 7.237500e+02
      vertex   6.420000e+02 -1.881828e+02 7.267409e+02
    endloop
  endfacet
  facet normal -1.000000e+00 0.000000e+00 0.000000e+00
    outer loop
      vertex   6.420000e+02 -6.506825e+01 6.811695e+02
      vertex   6.420000e+02 -1.881828e+02 7.267409e+02
      vertex   6.420000e+02 -5.573275e+01 6.842556e+02
    endloop
  endfacet
  facet normal -1.000000e+00 0.000000e+00 0.000000e+00
    outer loop
      vertex   6.420000e+02 -5.573275e+01 6.842556e+02
      vertex   6.420000e+02 -1.881828e+02 7.267409e+02
      vertex   6.420000e+02 -4.625185e+01 6.868610e+02
    endloop
  endfacet
  facet normal -1.000000e+00 0.000000e+00 0.000000e+00
    outer loop
      vertex   6.420000e+02 -4.625185e+01 6.868610e+02
      vertex   6.420000e+02 -1.881828e+02 7.267409e+02
      vertex   6.420000e+02 -1.905546e+02 7.294454e+02
    endloop
  endfacet
  facet normal -1.000000e+00 0.000000e+00 0.000000e+00
    outer loop
      vertex   6.420000e+02 -4.625185e+01 6.868610e+02
      vertex   6.420000e+02 -1.905546e+02 7.294454e+02
      vertex   6.420000e+02 -3.665029e+01 6.889789e+02
    endloop
  endfacet
  facet normal -1.000000e+00 0.000000e+00 0.000000e+00
    outer loop
      vertex   6.420000e+02 -3.665029e+01 6.889789e+02
      vertex   6.420000e+02 -1.905546e+02 7.294454e+02
      vertex   6.420000e+02 -2.695311e+01 6.906037e+02
    endloop
  endfacet
  facet normal -1.000000e+00 0.000000e+00 0.000000e+00
    outer loop
      vertex   6.420000e+02 -2.695311e+01 6.906037e+02
      vertex   6.420000e+02 -1.905546e+02 7.294454e+02
      vertex   6.420000e+02 -2.505546e+02 7.894454e+02
    endloop
  endfacet
  facet normal -1.000000e+00 0.000000e+00 0.000000e+00
    outer loop
      vertex   6.420000e+02 -2.695311e+01 6.906037e+02
      vertex   6.420000e+02 -2.505546e+02 7.894454e+02
      vertex   6.420000e+02 -1.718561e+01 6.917313e+02
    endloop
  endfacet
  facet normal -1.000000e+00 0.000000e+00 0.000000e+00
    outer loop
      vertex   6.420000e+02 -1.718561e+01 6.917313e+02
      vertex   6.420000e+02 -2.505546e+02 7.894454e+02
      vertex   6.420000e+02 -7.373276e+00 6.923587e+02
    endloop
  endfacet
  facet normal -1.000000e+00 0.000000e+00 0.000000e+00
    outer loop
      vertex   6.420000e+02 -2.918172e+02 7.532591e+02
      vertex   6.420000e+02 -2.894454e+02 7.505546e+02
      vertex   6.420000e+02 -2.918172e+02 2.467409e+02
    endloop
  endfacet
  facet normal -1.000000e+00 0.000000e+00 -0.000000e+00
    outer loop
      vertex   6.420000e+02 -7.373276e+00 3.076413e+02
      vertex   6.420000e+02 2.458293e+00 3.075157e+02
      vertex   6.420000e+02 -2.505546e+02 2.105546e+02
    endloop
  endfacet
  facet normal -1.000000e+00 0.000000e+00 0.000000e+00
    outer loop
      vertex   6.420000e+02 2.207656e+01 3.087701e+02
      vertex   6.420000e+02 3.181207e+01 3.101468e+02
      vertex   6.420000e+02 1.881828e+02 3.067409e+02
    endloop
  endfacet
  facet normal -1.000000e+00 0.000000e+00 0.000000e+00
    outer loop
      vertex   6.420000e+02 1.881828e+02 3.067409e+02
      vertex   6.420000e+02 3.181207e+01 3.101468e+02
      vertex   6.420000e+02 4.146459e+01 3.120188e+02
    endloop
  endfacet
  facet normal -1.000000e+00 0.000000e+00 0.000000e+00
    outer loop
      vertex   6.420000e+02 1.881828e+02 3.067409e+02
      vertex   6.420000e+02 4.146459e+01 3.120188e+02
      vertex   6.420000e+02 5.100894e+01 3.143812e+02
    endloop
  endfacet
  facet normal -1.000000e+00 0.000000e+00 0.000000e+00
    outer loop
      vertex   6.420000e+02 5.100894e+01 3.143812e+02
      vertex   6.420000e+02 6.042021e+01 3.172279e+02
      vertex   6.420000e+02 1.881828e+02 3.067409e+02
    endloop
  endfacet
  facet normal -1.000000e+00 0.000000e+00 0.000000e+00
    outer loop
      vertex   6.420000e+02 1.881828e+02 3.067409e+02
      vertex   6.420000e+02 6.042021e+01 3.172279e+02
      vertex   6.420000e+02 6.967385e+01 3.205514e+02
    endloop
  endfacet
  facet normal -1.000000e+00 0.000000e+00 0.000000e+00
    outer loop
      vertex   6.420000e+02 1.881828e+02 3.067409e+02
      vertex   6.420000e+02 6.967385e+01 3.205514e+02
      vertex   6.420000e+02 7.874571e+01 3.243431e+02
    endloop
  endfacet
  facet normal -1.000000e+00 0.000000e+00 0.000000e+00
    outer loop
      vertex   6.420000e+02 7.874571e+01 3.243431e+02
      vertex   6.420000e+02 8.761214e+01 3.285930e+02
      vertex   6.420000e+02 1.881828e+02 3.067409e+02
    endloop
  endfacet
  facet normal -1.000000e+00 0.000000e+00 0.000000e+00
    outer loop
      vertex   6.420000e+02 1.881828e+02 3.067409e+02
      vertex   6.420000e+02 8.761214e+01 3.285930e+02
      vertex   6.420000e+02 9.625000e+01 3.332901e+02
    endloop
  endfacet
  facet normal -1.000000e+00 0.000000e+00 0.000000e+00
    outer loop
      vertex   6.420000e+02 1.881828e+02 3.067409e+02
      vertex   6.420000e+02 9.625000e+01 3.332901e+02
      vertex   6.420000e+02 1.046368e+02 3.384222e+02
    endloop
  endfacet
  facet normal -1.000000e+00 0.000000e+00 0.000000e+00
    outer loop
      vertex   6.420000e+02 1.046368e+02 3.384222e+02
      vertex   6.420000e+02 1.127505e+02 3.439757e+02
      vertex   6.420000e+02 1.881828e+02 3.067409e+02
    endloop
  endfacet
  facet normal -1.000000e+00 0.000000e+00 0.000000e+00
    outer loop
      vertex   6.420000e+02 1.881828e+02 3.067409e+02
      vertex   6.420000e+02 1.127505e+02 3.439757e+02
      vertex   6.420000e+02 1.205701e+02 3.499364e+02
    endloop
  endfacet
  facet normal -1.000000e+00 0.000000e+00 0.000000e+00
    outer loop
      vertex   6.420000e+02 1.881828e+02 3.067409e+02
      vertex   6.420000e+02 1.205701e+02 3.499364e+02
      vertex   6.420000e+02 1.280752e+02 3.562885e+02
    endloop
  endfacet
  facet normal -1.000000e+00 0.000000e+00 0.000000e+00
    outer loop
      vertex   6.420000e+02 1.280752e+02 3.562885e+02
      vertex   6.420000e+02 1.352461e+02 3.630156e+02
      vertex   6.420000e+02 1.881828e+02 3.067409e+02
    endloop
  endfacet
  facet normal -1.000000e+00 0.000000e+00 0.000000e+00
    outer loop
      vertex   6.420000e+02 1.894315e+02 4.657660e+02
      vertex   6.420000e+02 1.909324e+02 4.754832e+02
      vertex   6.420000e+02 2.294454e+02 3.094454e+02
    endloop
  endfacet
  facet normal -1.000000e+00 0.000000e+00 0.000000e+00
    outer loop
      vertex   6.420000e+02 1.420642e+02 6.299000e+02
      vertex   6.420000e+02 1.352461e+02 6.369844e+02
      vertex   6.420000e+02 2.028825e+02 6.834370e+02
    endloop
  endfacet
  facet normal -1.000000e+00 0.000000e+00 0.000000e+00
    outer loop
      vertex   6.420000e+02 1.205701e+02 6.500636e+02
      vertex   6.420000e+02 1.127505e+02 6.560243e+02
      vertex   6.420000e+02 1.994762e+02 6.845933e+02
    endloop
  endfacet
  facet normal -1.000000e+00 0.000000e+00 0.000000e+00
    outer loop
      vertex   6.420000e+02 1.994762e+02 6.845933e+02
      vertex   6.420000e+02 1.127505e+02 6.560243e+02
      vertex   6.420000e+02 1.046368e+02 6.615778e+02
    endloop
  endfacet
  facet normal -1.000000e+00 0.000000e+00 0.000000e+00
    outer loop
      vertex   6.420000e+02 1.994762e+02 6.845933e+02
      vertex   6.420000e+02 1.046368e+02 6.615778e+02
      vertex   6.420000e+02 9.625000e+01 6.667099e+02
    endloop
  endfacet
  facet normal -1.000000e+00 0.000000e+00 0.000000e+00
    outer loop
      vertex   6.420000e+02 9.625000e+01 6.667099e+02
      vertex   6.420000e+02 8.761214e+01 6.714070e+02
      vertex   6.420000e+02 1.994762e+02 6.845933e+02
    endloop
  endfacet
  facet normal -1.000000e+00 0.000000e+00 0.000000e+00
    outer loop
      vertex   6.420000e+02 3.181207e+01 6.898532e+02
      vertex   6.420000e+02 2.207656e+01 6.912299e+02
      vertex   6.420000e+02 1.905546e+02 7.294454e+02
    endloop
  endfacet
  facet normal -1.000000e+00 -0.000000e+00 0.000000e+00
    outer loop
      vertex   6.420000e+02 -1.922489e+02 5.098292e+02
      vertex   6.420000e+02 -1.925000e+02 5.000000e+02
      vertex   6.420000e+02 -2.894454e+02 7.505546e+02
    endloop
  endfacet
  facet normal -1.000000e+00 -2.586308e-15 -1.273565e-16
    outer loop
      vertex   6.420000e+02 4.500000e+02 5.895216e+01
      vertex   6.420000e+02 4.105049e+02 8.610031e+02
      vertex   6.420000e+02 4.500000e+02 9.516181e+02
    endloop
  endfacet
  facet normal -1.000000e+00 -7.472088e-15 2.002140e-15
    outer loop
      vertex   6.420000e+02 4.500000e+02 9.516181e+02
      vertex   6.420000e+02 4.105049e+02 8.610031e+02
      vertex   6.420000e+02 4.112493e+02 8.637812e+02
    endloop
  endfacet
  facet normal -1.000000e+00 -3.659532e-15 3.201676e-16
    outer loop
      vertex   6.420000e+02 4.500000e+02 9.516181e+02
      vertex   6.420000e+02 4.112493e+02 8.637812e+02
      vertex   6.420000e+02 4.115000e+02 8.666464e+02
    endloop
  endfacet
  facet normal -1.000000e+00 0.000000e+00 0.000000e+00
    outer loop
      vertex   6.420000e+02 -4.500000e+02 9.516181e+02
      vertex   6.420000e+02 -4.105049e+02 8.610031e+02
      vertex   6.420000e+02 -4.500000e+02 5.895216e+01
    endloop
  endfacet
  facet normal -1.000000e+00 0.000000e+00 0.000000e+00
    outer loop
      vertex   6.420000e+02 -4.500000e+02 5.895216e+01
      vertex   6.420000e+02 -4.105049e+02 8.610031e+02
      vertex   6.420000e+02 -4.092894e+02 8.583964e+02
    endloop
  endfacet
  facet normal -1.000000e+00 0.000000e+00 0.000000e+00
    outer loop
      vertex   6.420000e+02 -4.500000e+02 5.895216e+01
      vertex   6.420000e+02 -4.092894e+02 8.583964e+02
      vertex   6.420000e+02 -4.076397e+02 8.560404e+02
    endloop
  endfacet
  facet normal -1.000000e+00 -2.475001e-15 -2.165345e-16
    outer loop
      vertex   6.420000e+02 4.115000e+02 8.666464e+02
      vertex   6.420000e+02 4.112493e+02 8.695116e+02
      vertex   6.420000e+02 4.500000e+02 9.516181e+02
    endloop
  endfacet
  facet normal -1.000000e+00 -1.871357e-15 -5.014285e-16
    outer loop
      vertex   6.420000e+02 4.500000e+02 9.516181e+02
      vertex   6.420000e+02 4.112493e+02 8.695116e+02
      vertex   6.420000e+02 4.105049e+02 8.722898e+02
    endloop
  endfacet
  facet normal -1.000000e+00 -1.486366e-15 -6.931037e-16
    outer loop
      vertex   6.420000e+02 4.500000e+02 9.516181e+02
      vertex   6.420000e+02 4.105049e+02 8.722898e+02
      vertex   6.420000e+02 4.092894e+02 8.748964e+02
    endloop
  endfacet
  facet normal -1.000000e+00 -1.203906e-15 -8.429843e-16
    outer loop
      vertex   6.420000e+02 4.092894e+02 8.748964e+02
      vertex   6.420000e+02 4.076397e+02 8.772524e+02
      vertex   6.420000e+02 4.500000e+02 9.516181e+02
    endloop
  endfacet
  facet normal -1.000000e+00 -9.739642e-16 -9.739642e-16
    outer loop
      vertex   6.420000e+02 4.500000e+02 9.516181e+02
      vertex   6.420000e+02 4.076397e+02 8.772524e+02
      vertex   6.420000e+02 4.056060e+02 8.792862e+02
    endloop
  endfacet
  facet normal -1.000000e+00 -7.697425e-16 -1.099306e-15
    outer loop
      vertex   6.420000e+02 4.500000e+02 9.516181e+02
      vertex   6.420000e+02 4.056060e+02 8.792862e+02
      vertex   6.420000e+02 4.032500e+02 8.809359e+02
    endloop
  endfacet
  facet normal -1.000000e+00 -5.732250e-16 -1.229285e-15
    outer loop
      vertex   6.420000e+02 4.032500e+02 8.809359e+02
      vertex   6.420000e+02 4.006433e+02 8.821514e+02
      vertex   6.420000e+02 4.500000e+02 9.516181e+02
    endloop
  endfacet
  facet normal -1.000000e+00 -3.683837e-16 -1.374827e-15
    outer loop
      vertex   6.420000e+02 4.500000e+02 9.516181e+02
      vertex   6.420000e+02 4.006433e+02 8.821514e+02
      vertex   6.420000e+02 3.978652e+02 8.828958e+02
    endloop
  endfacet
  facet normal -1.000000e+00 -1.357237e-16 -1.551329e-15
    outer loop
      vertex   6.420000e+02 4.500000e+02 9.516181e+02
      vertex   6.420000e+02 3.978652e+02 8.828958e+02
      vertex   6.420000e+02 3.950000e+02 8.831464e+02
    endloop
  endfacet
  facet normal -1.000000e+00 1.562418e-16 -1.785851e-15
    outer loop
      vertex   6.420000e+02 3.950000e+02 8.831464e+02
      vertex   6.420000e+02 3.921348e+02 8.828958e+02
      vertex   6.420000e+02 4.500000e+02 9.516181e+02
    endloop
  endfacet
  facet normal -1.000000e+00 5.724128e-16 -2.136274e-15
    outer loop
      vertex   6.420000e+02 4.500000e+02 9.516181e+02
      vertex   6.420000e+02 3.921348e+02 8.828958e+02
      vertex   6.420000e+02 3.893567e+02 8.821514e+02
    endloop
  endfacet
  facet normal -1.000000e+00 1.287092e-15 -2.760177e-15
    outer loop
      vertex   6.420000e+02 4.500000e+02 9.516181e+02
      vertex   6.420000e+02 3.893567e+02 8.821514e+02
      vertex   6.420000e+02 3.867500e+02 8.809359e+02
    endloop
  endfacet
  facet normal -1.000000e+00 3.015995e-15 -4.307287e-15
    outer loop
      vertex   6.420000e+02 3.867500e+02 8.809359e+02
      vertex   6.420000e+02 3.843940e+02 8.792862e+02
      vertex   6.420000e+02 4.500000e+02 9.516181e+02
    endloop
  endfacet
  facet normal -1.000000e+00 0.000000e+00 0.000000e+00
    outer loop
      vertex   6.420000e+02 4.056060e+02 8.540067e+02
      vertex   6.420000e+02 4.076397e+02 8.560404e+02
      vertex   6.420000e+02 4.500000e+02 5.895216e+01
    endloop
  endfacet
  facet normal -1.000000e+00 0.000000e+00 0.000000e+00
    outer loop
      vertex   6.420000e+02 4.500000e+02 5.895216e+01
      vertex   6.420000e+02 4.076397e+02 8.560404e+02
      vertex   6.420000e+02 4.092894e+02 8.583964e+02
    endloop
  endfacet
  facet normal -1.000000e+00 0.000000e+00 0.000000e+00
    outer loop
      vertex   6.420000e+02 4.500000e+02 5.895216e+01
      vertex   6.420000e+02 4.092894e+02 8.583964e+02
      vertex   6.420000e+02 4.105049e+02 8.610031e+02
    endloop
  endfacet
  facet normal -1.000000e+00 -0.000000e+00 0.000000e+00
    outer loop
      vertex   6.420000e+02 -4.112493e+02 8.695116e+02
      vertex   6.420000e+02 -4.115000e+02 8.666464e+02
      vertex   6.420000e+02 -4.500000e+02 9.516181e+02
    endloop
  endfacet
  facet normal -1.000000e+00 0.000000e+00 0.000000e+00
    outer loop
      vertex   6.420000e+02 -4.500000e+02 9.516181e+02
      vertex   6.420000e+02 -4.115000e+02 8.666464e+02
      vertex   6.420000e+02 -4.112493e+02 8.637812e+02
    endloop
  endfacet
  facet normal -1.000000e+00 0.000000e+00 0.000000e+00
    outer loop
      vertex   6.420000e+02 -4.500000e+02 9.516181e+02
      vertex   6.420000e+02 -4.112493e+02 8.637812e+02
      vertex   6.420000e+02 -4.105049e+02 8.610031e+02
    endloop
  endfacet
  facet normal -1.000000e+00 0.000000e+00 -0.000000e+00
    outer loop
      vertex   6.420000e+02 -4.076397e+02 8.560404e+02
      vertex   6.420000e+02 -4.056060e+02 8.540067e+02
      vertex   6.420000e+02 -4.500000e+02 5.895216e+01
    endloop
  endfacet
  facet normal -1.000000e+00 0.000000e+00 0.000000e+00
    outer loop
      vertex   6.420000e+02 -3.893567e+02 8.821514e+02
      vertex   6.420000e+02 -3.921348e+02 8.828958e+02
      vertex   6.420000e+02 -4.500000e+02 9.516181e+02
    endloop
  endfacet
  facet normal -1.000000e+00 0.000000e+00 0.000000e+00
    outer loop
      vertex   6.420000e+02 -4.500000e+02 9.516181e+02
      vertex   6.420000e+02 -3.921348e+02 8.828958e+02
      vertex   6.420000e+02 -3.950000e+02 8.831464e+02
    endloop
  endfacet
  facet normal -1.000000e+00 0.000000e+00 0.000000e+00
    outer loop
      vertex   6.420000e+02 -4.500000e+02 9.516181e+02
      vertex   6.420000e+02 -3.950000e+02 8.831464e+02
      vertex   6.420000e+02 -3.978652e+02 8.828958e+02
    endloop
  endfacet
  facet normal -1.000000e+00 -0.000000e+00 0.000000e+00
    outer loop
      vertex   6.420000e+02 -3.978652e+02 8.828958e+02
      vertex   6.420000e+02 -4.006433e+02 8.821514e+02
      vertex   6.420000e+02 -4.500000e+02 9.516181e+02
    endloop
  endfacet
  facet normal -1.000000e+00 0.000000e+00 0.000000e+00
    outer loop
      vertex   6.420000e+02 -4.500000e+02 9.516181e+02
      vertex   6.420000e+02 -4.006433e+02 8.821514e+02
      vertex   6.420000e+02 -4.032500e+02 8.809359e+02
    endloop
  endfacet
  facet normal -1.000000e+00 0.000000e+00 0.000000e+00
    outer loop
      vertex   6.420000e+02 -4.500000e+02 9.516181e+02
      vertex   6.420000e+02 -4.032500e+02 8.809359e+02
      vertex   6.420000e+02 -4.056060e+02 8.792862e+02
    endloop
  endfacet
  facet normal -1.000000e+00 -0.000000e+00 0.000000e+00
    outer loop
      vertex   6.420000e+02 -4.056060e+02 8.792862e+02
      vertex   6.420000e+02 -4.076397e+02 8.772524e+02
      vertex   6.420000e+02 -4.500000e+02 9.516181e+02
    endloop
  endfacet
  facet normal -1.000000e+00 0.000000e+00 0.000000e+00
    outer loop
      vertex   6.420000e+02 -4.500000e+02 9.516181e+02
      vertex   6.420000e+02 -4.076397e+02 8.772524e+02
      vertex   6.420000e+02 -4.092894e+02 8.748964e+02
    endloop
  endfacet
  facet normal -1.000000e+00 0.000000e+00 0.000000e+00
    outer loop
      vertex   6.420000e+02 -4.500000e+02 9.516181e+02
      vertex   6.420000e+02 -4.092894e+02 8.748964e+02
      vertex   6.420000e+02 -4.105049e+02 8.722898e+02
    endloop
  endfacet
  facet normal -1.000000e+00 -0.000000e+00 0.000000e+00
    outer loop
      vertex   6.420000e+02 -4.105049e+02 8.722898e+02
      vertex   6.420000e+02 -4.112493e+02 8.695116e+02
      vertex   6.420000e+02 -4.500000e+02 9.516181e+02
    endloop
  endfacet
endsolid
